2022-12-19T15:59:30.3182848,0.00890254224987264
2022-12-19T15:59:30.3358720,0.0457484385540046
2022-12-19T15:59:30.3362176,-0.0427475055261936
2022-12-19T15:59:30.3363712,0.0681191622809339
2022-12-19T15:59:30.3365376,-0.00425670595325207
2022-12-19T15:59:30.3366528,-0.0239955777923602
2022-12-19T15:59:30.3368320,0.0526570443320408
2022-12-19T15:59:30.3370240,-0.00623059316224477
2022-12-19T15:59:30.3495552,0.0329181708663548
2022-12-19T15:59:30.3499648,-0.0216927094397817
2022-12-19T15:59:30.3501312,0.0427876075277508
2022-12-19T15:59:30.3502464,-0.0108363299615074
2022-12-19T15:59:30.3503488,-0.0147841043367125
2022-12-19T15:59:30.3504512,0.0299573398957038
2022-12-19T15:59:30.3505664,-0.0420895431579843
2022-12-19T15:59:30.3506688,0.0128503167595087
2022-12-19T15:59:30.3507712,0.0154821664451246
2022-12-19T15:59:30.3659264,-0.0335360323156458
2022-12-19T15:59:30.3662592,-0.0233376154066791
2022-12-19T15:59:30.3665280,0.0158111476565318
2022-12-19T15:59:30.3668224,-0.000637912722236303
2022-12-19T15:59:30.3670528,-0.00688855556400039
2022-12-19T15:59:30.3672704,-0.0299172392358072
2022-12-19T15:59:30.3674112,0.0299573398957038
2022-12-19T15:59:30.3840512,-0.0305752016153402
2022-12-19T15:59:30.3845632,-0.00688855556400039
2022-12-19T15:59:30.3848064,0.0480513071388821
2022-12-19T15:59:30.3849216,-0.0555777715845434
2022-12-19T15:59:30.3850368,0.0608815751119031
2022-12-19T15:59:30.3851392,-0.0085334615656746
2022-12-19T15:59:30.3852544,-0.02596946494571
2022-12-19T15:59:30.3853824,0.0467353822322834
2022-12-19T15:59:30.3978240,-0.0039277247512097
2022-12-19T15:59:30.3982848,0.0279834525890402
2022-12-19T15:59:30.3984896,-0.018731878689657
2022-12-19T15:59:30.3986048,0.0424586263034057
2022-12-19T15:59:30.3987200,-0.0161000291234987
2022-12-19T15:59:30.3988224,-0.0266274273289295
2022-12-19T15:59:30.3989248,0.0503541757315581
2022-12-19T15:59:30.3990528,-0.0463662985404424
2022-12-19T15:59:30.3991552,0.00133597450261574
2022-12-19T15:59:30.4156544,-0.00294078114415022
2022-12-19T15:59:30.4159616,-0.0210347470519443
2022-12-19T15:59:30.4161280,-0.017415953907813
2022-12-19T15:59:30.4162432,0.0210748470603906
2022-12-19T15:59:30.4163712,-0.00655957436320019
2022-12-19T15:59:30.4164736,0.00988948587516988
2022-12-19T15:59:30.4166016,-0.0351809382548961
2022-12-19T15:59:30.4310656,0.0325891896467616
2022-12-19T15:59:30.4314496,-0.0450503738101221
2022-12-19T15:59:30.4317568,-0.00590161196113415
2022-12-19T15:59:30.4320256,0.0263385465044908
2022-12-19T15:59:30.4321536,-0.0450503738101221
2022-12-19T15:59:30.4323072,0.057920744019646
2022-12-19T15:59:30.4324224,-0.0147841043367125
2022-12-19T15:59:30.4325248,-0.0302462204256504
2022-12-19T15:59:30.4326272,0.0398267765143575
2022-12-19T15:59:30.4510976,-0.0078754991654702
2022-12-19T15:59:30.4515200,0.0362079830709829
2022-12-19T15:59:30.4517248,-0.0230086342136077
2022-12-19T15:59:30.4518784,0.0279834525890402
2022-12-19T15:59:30.4520320,-0.0223506718270028
2022-12-19T15:59:30.4521856,-0.0131391983497513
2022-12-19T15:59:30.4523136,0.0552888941707336
2022-12-19T15:59:30.4524544,-0.0305752016153402
2022-12-19T15:59:30.4656128,0.00857356104175289
2022-12-19T15:59:30.4659200,0.00627069258928915
2022-12-19T15:59:30.4660864,-0.0256404837538696
2022-12-19T15:59:30.4662016,-0.0289302956653566
2022-12-19T15:59:30.4663168,0.0158111476565318
2022-12-19T15:59:30.4664320,-0.00294078114415022
2022-12-19T15:59:30.4665472,-0.016429010319809
2022-12-19T15:59:30.4666496,-0.0364968630035403
2022-12-19T15:59:30.4667520,0.00396782414447519
2022-12-19T15:59:30.4668544,-0.039457693679041
2022-12-19T15:59:30.4811904,-0.0170869727119661
2022-12-19T15:59:30.4815104,0.0450904761026137
2022-12-19T15:59:30.4816512,-0.0631443386389618
2022-12-19T15:59:30.4817536,0.0151531852338741
2022-12-19T15:59:30.4818688,-0.00491466835687079
2022-12-19T15:59:30.4819840,-0.0318911263725649
2022-12-19T15:59:30.4820992,0.125361899922675
2022-12-19T15:59:30.4942336,-0.0134681795474529
2022-12-19T15:59:30.4945408,0.0470643634586944
2022-12-19T15:59:30.4947968,-0.0318911263725649
2022-12-19T15:59:30.4949504,0.0358790018498081
2022-12-19T15:59:30.4950656,-0.00919142396525881
2022-12-19T15:59:30.4951680,-0.0177449351035055
2022-12-19T15:59:30.4952832,0.0559468566320032
2022-12-19T15:59:30.5036416,-0.0289302956653566
2022-12-19T15:59:30.5039488,0.00265189932229863
2022-12-19T15:59:30.5041408,0.00725763621083642
2022-12-19T15:59:30.5042688,-0.02596946494571
2022-12-19T15:59:30.5043712,-0.0371548253769442
2022-12-19T15:59:30.5044992,0.0240356779927391
2022-12-19T15:59:30.5046016,-0.00655957436320019
2022-12-19T15:59:30.5153792,-0.0167579915159647
2022-12-19T15:59:30.5156864,-0.0378127877497363
2022-12-19T15:59:30.5158528,0.0108764295018745
2022-12-19T15:59:30.5159680,-0.0341939946918055
2022-12-19T15:59:30.5160960,0.005941711382419
2022-12-19T15:59:30.5253504,0.0299573398957038
2022-12-19T15:59:30.5256704,-0.0417605619736507
2022-12-19T15:59:30.5258496,0.0677901810442935
2022-12-19T15:59:30.5259648,-0.0101783675634727
2022-12-19T15:59:30.5260672,-0.0276143709026059
2022-12-19T15:59:30.5367936,0.0763436932492061
2022-12-19T15:59:30.5370880,0.00462578655649906
2022-12-19T15:59:30.5373312,0.0144952228118434
2022-12-19T15:59:30.5374848,-0.0177449351035055
2022-12-19T15:59:30.5376256,0.0394977952914403
2022-12-19T15:59:30.5494656,-0.016429010319809
2022-12-19T15:59:30.5496960,-0.016429010319809
2022-12-19T15:59:30.5498240,0.0519990818739629
2022-12-19T15:59:30.5499392,-0.0332070511273362
2022-12-19T15:59:30.5500544,0.0164691100798168
2022-12-19T15:59:30.5501696,0.0105474482928166
2022-12-19T15:59:30.5644288,-0.0151130855336409
2022-12-19T15:59:30.5646464,-0.0312331639942593
2022-12-19T15:59:30.5647616,0.0207458658464715
2022-12-19T15:59:30.5648768,0.00166495570730275
2022-12-19T15:59:30.5649792,-0.0078754991654702
2022-12-19T15:59:30.5650816,-0.027943352093524
2022-12-19T15:59:30.5742720,0.0167980912916946
2022-12-19T15:59:30.5745792,-0.0430764867100695
2022-12-19T15:59:30.5747840,-0.0111653111602924
2022-12-19T15:59:30.5749120,0.0457484385540046
2022-12-19T15:59:30.5750144,-0.0450503738101221
2022-12-19T15:59:30.5751296,0.0500251945035551
2022-12-19T15:59:30.5752576,-0.0134681795474529
2022-12-19T15:59:30.5753728,-0.0348519570673523
2022-12-19T15:59:30.5856896,0.0592366689479383
2022-12-19T15:59:30.5859584,-0.0055726307598683
2022-12-19T15:59:30.5860864,0.0431165887522547
2022-12-19T15:59:30.5862528,-0.0180739162990437
2022-12-19T15:59:30.5865088,0.0556178754012885
2022-12-19T15:59:30.5997952,-0.0161000291234987
2022-12-19T15:59:30.6001280,-0.0157710479270339
2022-12-19T15:59:30.6003200,0.0362079830709829
2022-12-19T15:59:30.6004480,-0.0470242609046887
2022-12-19T15:59:30.6005504,0.00298088052760892
2022-12-19T15:59:30.6006656,0.0214038282744669
2022-12-19T15:59:30.6144512,-0.0170869727119661
2022-12-19T15:59:30.6149120,-0.0289302956653566
2022-12-19T15:59:30.6152064,0.0105474482928166
2022-12-19T15:59:30.6153728,-0.0111653111602924
2022-12-19T15:59:30.6155008,-0.0249825213697274
2022-12-19T15:59:30.6156032,-0.0397866748644434
2022-12-19T15:59:30.6157184,0.00462578655649906
2022-12-19T15:59:30.6262528,-0.0289302956653566
2022-12-19T15:59:30.6265728,0.00166495570730275
2022-12-19T15:59:30.6267392,0.0329181708663548
2022-12-19T15:59:30.6268544,-0.0325490887502571
2022-12-19T15:59:30.6269824,0.0470643634586944
2022-12-19T15:59:30.6270848,-0.00655957436320019
2022-12-19T15:59:30.6272000,-0.0302462204256504
2022-12-19T15:59:30.6358656,0.0783175806965698
2022-12-19T15:59:30.6361472,0.00363884293869718
2022-12-19T15:59:30.6362880,0.0352210394079334
2022-12-19T15:59:30.6364032,-0.00590161196113415
2022-12-19T15:59:30.6365184,0.0467353822322834
2022-12-19T15:59:30.6366336,0.00462578655649906
2022-12-19T15:59:30.6480896,-0.0358389006295243
2022-12-19T15:59:30.6483968,0.0378528891792314
2022-12-19T15:59:30.6485888,-0.0427475055261936
2022-12-19T15:59:30.6487040,-0.00162485633256119
2022-12-19T15:59:30.6488192,0.0167980912916946
2022-12-19T15:59:30.6599552,-0.0124812359538841
2022-12-19T15:59:30.6603008,-0.0338650135038022
2022-12-19T15:59:30.6605312,0.0108764295018745
2022-12-19T15:59:30.6606464,-0.000308931518483477
2022-12-19T15:59:30.6607616,-0.0154420667304147
2022-12-19T15:59:30.6608640,-0.0180739162990437
2022-12-19T15:59:30.6719616,0.00791559862598218
2022-12-19T15:59:30.6724864,-0.00984938636422307
2022-12-19T15:59:30.6728192,0.00232291811714419
2022-12-19T15:59:30.6729856,0.0408137201840608
2022-12-19T15:59:30.6731008,-0.0582096210038585
2022-12-19T15:59:30.6732160,0.0668032373353356
2022-12-19T15:59:30.6846720,-0.0124812359538841
2022-12-19T15:59:30.6849920,-0.0266274273289295
2022-12-19T15:59:30.6852096,0.0737118433284146
2022-12-19T15:59:30.6853504,-0.0151130855336409
2022-12-19T15:59:30.6854656,0.0421296450792193
2022-12-19T15:59:30.6855808,-0.0101783675634727
2022-12-19T15:59:30.6946944,0.0339051145260825
2022-12-19T15:59:30.6950144,-0.0193898410796531
2022-12-19T15:59:30.6952576,-0.0253115025618754
2022-12-19T15:59:30.6954240,0.0441035324267193
2022-12-19T15:59:30.6955392,-0.0420895431579843
2022-12-19T15:59:30.6956800,0.00857356104175289
2022-12-19T15:59:30.7063680,0.011205410711089
2022-12-19T15:59:30.7066624,-0.0216927094397817
2022-12-19T15:59:30.7068544,-0.0256404837538696
2022-12-19T15:59:30.7069952,0.0181140161407747
2022-12-19T15:59:30.7071104,-0.000308931518483477
2022-12-19T15:59:30.7165312,-0.0118232735573979
2022-12-19T15:59:30.7167616,-0.0167579915159647
2022-12-19T15:59:30.7168896,0.0033098617330751
2022-12-19T15:59:30.7170048,-0.0397866748644434
2022-12-19T15:59:30.7171200,0.00956050466658112
2022-12-19T15:59:30.7172352,0.0398267765143575
2022-12-19T15:59:30.7310976,-0.0536038845136896
2022-12-19T15:59:30.7314176,0.06055259387879
2022-12-19T15:59:30.7316096,-0.00655957436320019
2022-12-19T15:59:30.7317632,-0.0312331639942593
2022-12-19T15:59:30.7319168,0.0858841492986537
2022-12-19T15:59:30.7427712,-0.018731878689657
2022-12-19T15:59:30.7431040,0.0253516028556522
2022-12-19T15:59:30.7432704,-0.00721753676464547
2022-12-19T15:59:30.7433856,0.030944283551166
2022-12-19T15:59:30.7434880,-0.0114942923589225
2022-12-19T15:59:30.7436160,-0.0351809382548961
2022-12-19T15:59:30.7437312,0.0529860255613189
2022-12-19T15:59:30.7524224,-0.0542618468712477
2022-12-19T15:59:30.7528064,0.005941711382419
2022-12-19T15:59:30.7530496,0.00758661741833119
2022-12-19T15:59:30.7532160,-0.0216927094397817
2022-12-19T15:59:30.7533696,-0.014126141942392
2022-12-19T15:59:30.7535104,0.0233777155622271
2022-12-19T15:59:30.7642112,0.00857356104175289
2022-12-19T15:59:30.7645312,-0.000308931518483477
2022-12-19T15:59:30.7647872,-0.0075465179651354
2022-12-19T15:59:30.7649536,0.00495476776274499
2022-12-19T15:59:30.7650688,-0.0193898410796531
2022-12-19T15:59:30.7741312,0.0033098617330751
2022-12-19T15:59:30.7743488,0.0506831569597203
2022-12-19T15:59:30.7744896,-0.0503140727167894
2022-12-19T15:59:30.7746048,0.0592366689479383
2022-12-19T15:59:30.7747200,-0.0210347470519443
2022-12-19T15:59:30.7748224,-0.0411025996045257
2022-12-19T15:59:30.7867648,0.068448143517735
2022-12-19T15:59:30.7870592,-0.0147841043367125
2022-12-19T15:59:30.7873024,0.0335761333060152
2022-12-19T15:59:30.7874688,-0.00984938636422307
2022-12-19T15:59:30.7875968,0.0345630769666917
2022-12-19T15:59:30.7985664,-0.0121522547557184
2022-12-19T15:59:30.7989632,-0.0262984461373967
2022-12-19T15:59:30.7991552,0.0621975000459563
2022-12-19T15:59:30.7992960,-0.0332070511273362
2022-12-19T15:59:30.7994240,-0.00162485633256119
2022-12-19T15:59:30.7995264,0.000349030889489121
2022-12-19T15:59:30.8145024,-0.0384707501219167
2022-12-19T15:59:30.8148096,-0.0151130855336409
2022-12-19T15:59:30.8149760,0.00528374896914695
2022-12-19T15:59:30.8150912,-0.00984938636422307
2022-12-19T15:59:30.8152192,0.00857356104175289
2022-12-19T15:59:30.8153216,-0.0131391983497513
2022-12-19T15:59:30.8243456,0.00100699329808449
2022-12-19T15:59:30.8246528,-0.0147841043367125
2022-12-19T15:59:30.8248448,-0.0055726307598683
2022-12-19T15:59:30.8249600,0.0431165887522547
2022-12-19T15:59:30.8250624,-0.0562357339402814
2022-12-19T15:59:30.8251776,0.0868710930356683
2022-12-19T15:59:30.8252800,-0.000966893925833531
2022-12-19T15:59:30.8253824,-0.0325490887502571
2022-12-19T15:59:30.8347008,0.0789755431803149
2022-12-19T15:59:30.8349568,-0.018731878689657
2022-12-19T15:59:30.8350848,0.0371949267354569
2022-12-19T15:59:30.8352256,-0.0312331639942593
2022-12-19T15:59:30.8353408,0.0283124338064231
2022-12-19T15:59:30.8462464,-0.0272853897115341
2022-12-19T15:59:30.8465664,-0.0239955777923602
2022-12-19T15:59:30.8467584,0.0809494306354247
2022-12-19T15:59:30.8468864,-0.0272853897115341
2022-12-19T15:59:30.8469888,-0.00984938636422307
2022-12-19T15:59:30.8562816,0.0355500206287917
2022-12-19T15:59:30.8567808,-0.0128102171518951
2022-12-19T15:59:30.8571392,0.0197589222056571
2022-12-19T15:59:30.8573824,-0.0384707501219167
2022-12-19T15:59:30.8575232,0.00528374896914695
2022-12-19T15:59:30.8576384,-0.0216927094397817
2022-12-19T15:59:30.8693632,-0.0193898410796531
2022-12-19T15:59:30.8696320,0.0115343919204599
2022-12-19T15:59:30.8698368,-0.0276143709026059
2022-12-19T15:59:30.8700160,0.0187719785662566
2022-12-19T15:59:30.8702080,0.0414716826313227
2022-12-19T15:59:30.8803072,-0.0463662985404424
2022-12-19T15:59:30.8805504,0.0552888941707336
2022-12-19T15:59:30.8807808,-0.0200478034690322
2022-12-19T15:59:30.8809472,-0.0417605619736507
2022-12-19T15:59:30.8810752,0.0901609055029155
2022-12-19T15:59:30.8811904,-0.0299172392358072
2022-12-19T15:59:30.8917504,0.0394977952914403
2022-12-19T15:59:30.8921216,0.00396782414447519
2022-12-19T15:59:30.8923904,0.0319312272080495
2022-12-19T15:59:30.8925568,-0.0269564085203087
2022-12-19T15:59:30.8926720,-0.0262984461373967
2022-12-19T15:59:30.8927744,0.069106105991819
2022-12-19T15:59:30.9024384,-0.0621573951146631
2022-12-19T15:59:30.9026176,0.0230487343472071
2022-12-19T15:59:30.9027456,0.0240356779927391
2022-12-19T15:59:30.9028608,-0.0325490887502571
2022-12-19T15:59:30.9029632,-0.0210347470519443
2022-12-19T15:59:30.9030784,0.00890254224987264
2022-12-19T15:59:30.9199616,-0.00162485633256119
2022-12-19T15:59:30.9203456,-0.00623059316224477
2022-12-19T15:59:30.9205888,-0.0147841043367125
2022-12-19T15:59:30.9207680,0.00495476776274499
2022-12-19T15:59:30.9209088,-0.0315621451834888
2022-12-19T15:59:30.9302912,0.00528374896914695
2022-12-19T15:59:30.9304576,0.0467353822322834
2022-12-19T15:59:30.9305856,-0.0529459221555245
2022-12-19T15:59:30.9306880,0.0483802883659295
2022-12-19T15:59:30.9308160,-0.0075465179651354
2022-12-19T15:59:30.9309184,-0.0493271291747564
2022-12-19T15:59:30.9310208,0.0717379558945845
2022-12-19T15:59:30.9311360,-0.00655957436320019
2022-12-19T15:59:30.9312384,0.0312732647699692
2022-12-19T15:59:30.9444864,-0.00359874354901193
2022-12-19T15:59:30.9448192,0.0256805840717742
2022-12-19T15:59:30.9449728,-0.0302462204256504
2022-12-19T15:59:30.9450880,-0.02596946494571
2022-12-19T15:59:30.9452160,0.0628554625139439
2022-12-19T15:59:30.9601024,-0.0506430538971631
2022-12-19T15:59:30.9603584,0.00791559862598218
2022-12-19T15:59:30.9605248,-0.0522879597967521
2022-12-19T15:59:30.9606784,-0.0407736184197342
2022-12-19T15:59:30.9608064,-0.000308931518483477
2022-12-19T15:59:30.9609472,0.000678012093708949
2022-12-19T15:59:30.9610752,-0.00524364955844718
2022-12-19T15:59:30.9701504,-0.000637912722236303
2022-12-19T15:59:30.9705216,-0.04044463723479
2022-12-19T15:59:30.9707648,0.071408974656176
2022-12-19T15:59:30.9709056,-0.0401156560496931
2022-12-19T15:59:30.9710336,0.00462578655649906
2022-12-19T15:59:30.9711488,0.0513411194165228
2022-12-19T15:59:30.9712640,-0.0634733198134259
2022-12-19T15:59:30.9713664,0.0549599129403384
2022-12-19T15:59:30.9797248,-0.000966893925833531
2022-12-19T15:59:30.9799296,-0.0364968630035403
2022-12-19T15:59:30.9801472,0.0881870180206221
2022-12-19T15:59:30.9802752,-0.0184028974944275
2022-12-19T15:59:30.9803904,0.0378528891792314
2022-12-19T15:59:30.9896064,-0.00359874354901193
2022-12-19T15:59:30.9897728,0.0240356779927391
2022-12-19T15:59:30.9899008,-0.0114942923589225
2022-12-19T15:59:30.9900032,-0.0226796530203822
2022-12-19T15:59:30.9901184,0.0506831569597203
2022-12-19T15:59:30.9995264,-0.0618284139395945
2022-12-19T15:59:30.9997568,2.00496854250026E-05
2022-12-19T15:59:30.9999232,0.0141662416010631
2022-12-19T15:59:31.0000384,-0.0480112044499164
2022-12-19T15:59:31.0099328,-0.00261179994148619
2022-12-19T15:59:31.0101632,0.00133597450261574
2022-12-19T15:59:31.0103168,-0.00721753676464547
2022-12-19T15:59:31.0104832,0.00232291811714419
2022-12-19T15:59:31.0106752,-0.016429010319809
2022-12-19T15:59:31.0231296,-0.00359874354901193
2022-12-19T15:59:31.0233984,-0.0121522547557184
2022-12-19T15:59:31.0235776,-0.00129587512927513
2022-12-19T15:59:31.0237184,0.0575917627879726
2022-12-19T15:59:31.0238720,-0.0489981479937746
2022-12-19T15:59:31.0240256,0.0418006638551917
2022-12-19T15:59:31.0329216,0.00166495570730275
2022-12-19T15:59:31.0330880,-0.0223506718270028
2022-12-19T15:59:31.0332032,0.0733828620890405
2022-12-19T15:59:31.0333184,-0.0286013144748993
2022-12-19T15:59:31.0334208,0.0174560537159208
2022-12-19T15:59:31.0335360,0.00462578655649906
2022-12-19T15:59:31.0469248,0.0237066967774044
2022-12-19T15:59:31.0472960,-0.0184028974944275
2022-12-19T15:59:31.0475008,-0.0351809382548961
2022-12-19T15:59:31.0476544,0.0539729692501105
2022-12-19T15:59:31.0478080,-0.0766325666683836
2022-12-19T15:59:31.0619648,-0.00129587512927513
2022-12-19T15:59:31.0622464,0.00133597450261574
2022-12-19T15:59:31.0624640,-0.0286013144748993
2022-12-19T15:59:31.0626560,-0.0111653111602924
2022-12-19T15:59:31.0628480,0.0033098617330751
2022-12-19T15:59:31.0630400,0.005941711382419
2022-12-19T15:59:31.0632320,0.010218467083915
2022-12-19T15:59:31.0724992,0.000678012093708949
2022-12-19T15:59:31.0727424,-0.00359874354901193
2022-12-19T15:59:31.0729728,-0.00458568715513909
2022-12-19T15:59:31.0731264,0.0200879034191048
2022-12-19T15:59:31.0732928,0.0339051145260825
2022-12-19T15:59:31.0734336,-0.039457693679041
2022-12-19T15:59:31.0735488,0.0506831569597203
2022-12-19T15:59:31.0736512,-0.00228281873866669
2022-12-19T15:59:31.0829312,-0.0351809382548961
2022-12-19T15:59:31.0831104,0.0753567495277009
2022-12-19T15:59:31.0832128,-0.0266274273289295
2022-12-19T15:59:31.0833408,0.027654471371815
2022-12-19T15:59:31.0834432,-0.00820448036564994
2022-12-19T15:59:31.0969984,0.0144952228118434
2022-12-19T15:59:31.0971776,-0.000637912722236303
2022-12-19T15:59:31.0972928,-0.0220216906334693
2022-12-19T15:59:31.0973952,0.0427876075277508
2022-12-19T15:59:31.0975104,-0.0677500750677222
2022-12-19T15:59:31.1122432,-0.00294078114415022
2022-12-19T15:59:31.1126016,0.0121923543396712
2022-12-19T15:59:31.1128320,-0.0443924114440477
2022-12-19T15:59:31.1130496,-0.00162485633256119
2022-12-19T15:59:31.1132544,0.0158111476565318
2022-12-19T15:59:31.1134592,-0.000966893925833531
2022-12-19T15:59:31.1136384,-0.00425670595325207
2022-12-19T15:59:31.1316352,-0.014126141942392
2022-12-19T15:59:31.1319296,0.00265189932229863
2022-12-19T15:59:31.1322496,-0.0239955777923602
2022-12-19T15:59:31.1324928,-0.0137971607449997
2022-12-19T15:59:31.1326848,0.0418006638551917
2022-12-19T15:59:31.1328000,-0.0470242609046887
2022-12-19T15:59:31.1329152,0.0427876075277508
2022-12-19T15:59:31.1330304,-0.00195383753569171
2022-12-19T15:59:31.1429632,-0.0213637282459401
2022-12-19T15:59:31.1431424,0.0793045244224296
2022-12-19T15:59:31.1432576,-0.0249825213697274
2022-12-19T15:59:31.1433600,0.0431165887522547
2022-12-19T15:59:31.1434752,0.000678012093708949
2022-12-19T15:59:31.1435904,0.0227197531323445
2022-12-19T15:59:31.1437056,-0.00721753676464547
2022-12-19T15:59:31.1438208,-0.0190608598847322
2022-12-19T15:59:31.1439232,0.0602236126458371
2022-12-19T15:59:31.1440256,-0.059854526886008
2022-12-19T15:59:31.1526528,-0.00491466835687079
2022-12-19T15:59:31.1530240,0.00890254224987264
2022-12-19T15:59:31.1532928,-0.0318911263725649
2022-12-19T15:59:31.1535616,-0.0134681795474529
2022-12-19T15:59:31.1538048,-0.0118232735573979
2022-12-19T15:59:31.1628416,0.00265189932229863
2022-12-19T15:59:31.1630336,-0.0193898410796531
2022-12-19T15:59:31.1631616,0.011205410711089
2022-12-19T15:59:31.1632768,-0.0075465179651354
2022-12-19T15:59:31.1634176,-0.0184028974944275
2022-12-19T15:59:31.1821952,-0.00261179994148619
2022-12-19T15:59:31.1827456,0.0467353822322834
2022-12-19T15:59:31.1831040,-0.0529459221555245
2022-12-19T15:59:31.1834112,0.0727248996107753
2022-12-19T15:59:31.1836288,0.0141662416010631
2022-12-19T15:59:31.1977088,-0.0378127877497363
2022-12-19T15:59:31.1979264,0.0845682243182341
2022-12-19T15:59:31.1980672,-0.0203767846634904
2022-12-19T15:59:31.1981824,0.0427876075277508
2022-12-19T15:59:31.1983104,-0.00359874354901193
2022-12-19T15:59:31.1985536,0.0227197531323445
2022-12-19T15:59:31.1987968,-0.0239955777923602
2022-12-19T15:59:31.1989504,-0.0154420667304147
2022-12-19T15:59:31.1990656,0.0717379558945845
2022-12-19T15:59:31.1991808,-0.0638023009877389
2022-12-19T15:59:31.2145280,-0.0108363299615074
2022-12-19T15:59:31.2148608,0.00890254224987264
2022-12-19T15:59:31.2150656,-0.0559067527624882
2022-12-19T15:59:31.2152960,-0.00294078114415022
2022-12-19T15:59:31.2155008,0.0151531852338741
2022-12-19T15:59:31.2156928,-0.00688855556400039
2022-12-19T15:59:31.2159488,-0.000966893925833531
2022-12-19T15:59:31.2161408,0.00462578655649906
2022-12-19T15:59:31.2249856,-0.0216927094397817
2022-12-19T15:59:31.2252800,-0.0203767846634904
2022-12-19T15:59:31.2254720,-0.0118232735573979
2022-12-19T15:59:31.2255872,0.0431165887522547
2022-12-19T15:59:31.2256896,-0.0473532420865835
2022-12-19T15:59:31.2258048,0.0533150067907566
2022-12-19T15:59:31.2259072,0.0322602084273265
2022-12-19T15:59:31.2260096,-0.014126141942392
2022-12-19T15:59:31.2353792,0.0983854367420544
2022-12-19T15:59:31.2358912,0.0121923543396712
2022-12-19T15:59:31.2361600,0.0204168846327095
2022-12-19T15:59:31.2364160,0.00988948587516988
2022-12-19T15:59:31.2367104,0.0167980912916946
2022-12-19T15:59:31.2484480,-0.0216927094397817
2022-12-19T15:59:31.2487936,-0.00261179994148619
2022-12-19T15:59:31.2491392,0.0556178754012885
2022-12-19T15:59:31.2494464,-0.0555777715845434
2022-12-19T15:59:31.2497920,0.0256805840717742
2022-12-19T15:59:31.2500992,0.0138372603904395
2022-12-19T15:59:31.2647040,-0.0562357339402814
2022-12-19T15:59:31.2650880,-0.00919142396525881
2022-12-19T15:59:31.2652928,-0.00129587512927513
2022-12-19T15:59:31.2654208,-0.0207057658577945
2022-12-19T15:59:31.2655232,0.00725763621083642
2022-12-19T15:59:31.2656384,-0.000308931518483477
2022-12-19T15:59:31.2760832,-0.00984938636422307
2022-12-19T15:59:31.2763264,-0.0315621451834888
2022-12-19T15:59:31.2764928,0.00495476776274499
2022-12-19T15:59:31.2766336,0.0365369642923159
2022-12-19T15:59:31.2767744,-0.0286013144748993
2022-12-19T15:59:31.2769152,0.0365369642923159
2022-12-19T15:59:31.2770432,0.00692865500349785
2022-12-19T15:59:31.2771968,-0.04044463723479
2022-12-19T15:59:31.2859776,0.0891739617610392
2022-12-19T15:59:31.2862464,-0.0299172392358072
2022-12-19T15:59:31.2864000,0.0319312272080495
2022-12-19T15:59:31.2865280,0.0214038282744669
2022-12-19T15:59:31.2866304,0.00988948587516988
2022-12-19T15:59:31.2867712,-0.00195383753569171
2022-12-19T15:59:31.2981632,-0.0318911263725649
2022-12-19T15:59:31.2984448,0.06252648127987
2022-12-19T15:59:31.2986496,-0.0651182256834811
2022-12-19T15:59:31.2988288,0.0135082791799726
2022-12-19T15:59:31.2990336,0.00495476776274499
2022-12-19T15:59:31.3076992,-0.0532749033346829
2022-12-19T15:59:31.3079680,-0.00524364955844718
2022-12-19T15:59:31.3081344,0.00100699329808449
2022-12-19T15:59:31.3082752,-0.00952040516481843
2022-12-19T15:59:31.3084288,0.0108764295018745
2022-12-19T15:59:31.3085568,-0.000637912722236303
2022-12-19T15:59:31.3193344,-0.0295882580458106
2022-12-19T15:59:31.3198080,-0.0246535401774255
2022-12-19T15:59:31.3202048,0.00495476776274499
2022-12-19T15:59:31.3203840,0.0312732647699692
2022-12-19T15:59:31.3205120,-0.0368258441903187
2022-12-19T15:59:31.3304064,0.0516701006451631
2022-12-19T15:59:31.3308416,0.010218467083915
2022-12-19T15:59:31.3311616,-0.0272853897115341
2022-12-19T15:59:31.3313152,0.0737118433284146
2022-12-19T15:59:31.3314304,-0.016429010319809
2022-12-19T15:59:31.3315456,0.0312732647699692
2022-12-19T15:59:31.3422080,0.00100699329808449
2022-12-19T15:59:31.3425664,0.00232291811714419
2022-12-19T15:59:31.3428352,-0.00721753676464547
2022-12-19T15:59:31.3430144,-0.0193898410796531
2022-12-19T15:59:31.3431552,0.0444325136518585
2022-12-19T15:59:31.3539200,-0.0618284139395945
2022-12-19T15:59:31.3541120,0.0256805840717742
2022-12-19T15:59:31.3542400,0.00988948587516988
2022-12-19T15:59:31.3543552,-0.0529459221555245
2022-12-19T15:59:31.3544576,-0.0118232735573979
2022-12-19T15:59:31.3545728,0.00133597450261574
2022-12-19T15:59:31.3634304,2.00496854250026E-05
2022-12-19T15:59:31.3638400,-0.0200478034690322
2022-12-19T15:59:31.3641856,0.0033098617330751
2022-12-19T15:59:31.3644544,-0.014126141942392
2022-12-19T15:59:31.3647232,-0.0111653111602924
2022-12-19T15:59:31.3649792,0.0154821664451246
2022-12-19T15:59:31.3772160,0.0329181708663548
2022-12-19T15:59:31.3775232,-0.0216927094397817
2022-12-19T15:59:31.3777152,0.0529860255613189
2022-12-19T15:59:31.3778304,-0.00590161196113415
2022-12-19T15:59:31.3779584,-0.014126141942392
2022-12-19T15:59:31.3867520,0.0842392430735338
2022-12-19T15:59:31.3870720,-0.038141768935903
2022-12-19T15:59:31.3872384,0.0332471520861059
2022-12-19T15:59:31.3873536,0.0141662416010631
2022-12-19T15:59:31.3874688,-0.0118232735573979
2022-12-19T15:59:31.3875840,-0.0151130855336409
2022-12-19T15:59:31.3985536,-0.0246535401774255
2022-12-19T15:59:31.3987840,0.043774551201739
2022-12-19T15:59:31.3989120,-0.0628153574643467
2022-12-19T15:59:31.3990272,0.0128503167595087
2022-12-19T15:59:31.3991424,0.0260095652880537
2022-12-19T15:59:31.4115840,-0.0345229758796555
2022-12-19T15:59:31.4118144,0.00495476776274499
2022-12-19T15:59:31.4119424,-0.0111653111602924
2022-12-19T15:59:31.4120704,-0.0111653111602924
2022-12-19T15:59:31.4121728,-0.00261179994148619
2022-12-19T15:59:31.4122880,0.00659967379631543
2022-12-19T15:59:31.4214912,-0.0246535401774255
2022-12-19T15:59:31.4218624,-0.00294078114415022
2022-12-19T15:59:31.4220416,0.00298088052760892
2022-12-19T15:59:31.4221696,0.0464064010060314
2022-12-19T15:59:31.4222848,-0.0351809382548961
2022-12-19T15:59:31.4224128,0.0559468566320032
2022-12-19T15:59:31.4340096,0.0187719785662566
2022-12-19T15:59:31.4343168,-0.0355099194422867
2022-12-19T15:59:31.4344704,0.0766726744900302
2022-12-19T15:59:31.4345856,-0.0345229758796555
2022-12-19T15:59:31.4347008,0.0260095652880537
2022-12-19T15:59:31.4348160,0.0197589222056571
2022-12-19T15:59:31.4481408,-0.00919142396525881
2022-12-19T15:59:31.4484480,-0.0170869727119661
2022-12-19T15:59:31.4486272,-0.0332070511273362
2022-12-19T15:59:31.4487424,0.0503541757315581
2022-12-19T15:59:31.4488576,-0.0509720350773848
2022-12-19T15:59:31.4489600,0.0230487343472071
2022-12-19T15:59:31.4581376,0.0115343919204599
2022-12-19T15:59:31.4583808,-0.0549198092281989
2022-12-19T15:59:31.4585088,-0.0101783675634727
2022-12-19T15:59:31.4586240,-0.00458568715513909
2022-12-19T15:59:31.4587264,-0.0085334615656746
2022-12-19T15:59:31.4588416,0.00528374896914695
2022-12-19T15:59:31.4589440,0.0105474482928166
2022-12-19T15:59:31.4698624,-0.0137971607449997
2022-12-19T15:59:31.4701568,-0.0223506718270028
2022-12-19T15:59:31.4703360,0.000349030889489121
2022-12-19T15:59:31.4704512,0.0204168846327095
2022-12-19T15:59:31.4705664,-0.0243245589849698
2022-12-19T15:59:31.4816256,0.0516701006451631
2022-12-19T15:59:31.4819584,0.0135082791799726
2022-12-19T15:59:31.4821248,-0.0361678818166088
2022-12-19T15:59:31.4822656,0.0674611998078136
2022-12-19T15:59:31.4823808,-0.0480112044499164
2022-12-19T15:59:31.4824960,0.0348920581872335
2022-12-19T15:59:31.4935296,0.0154821664451246
2022-12-19T15:59:31.4937344,-0.00590161196113415
2022-12-19T15:59:31.4938624,-0.00886244276554422
2022-12-19T15:59:31.4939648,-0.014126141942392
2022-12-19T15:59:31.4940800,0.0585787064834723
2022-12-19T15:59:31.4941824,-0.0493271291747564
2022-12-19T15:59:31.5031680,0.011205410711089
2022-12-19T15:59:31.5034624,0.0283124338064231
2022-12-19T15:59:31.5037056,-0.0562357339402814
2022-12-19T15:59:31.5038848,0.0108764295018745
2022-12-19T15:59:31.5040000,-0.00886244276554422
2022-12-19T15:59:31.5150848,-0.0108363299615074
2022-12-19T15:59:31.5154048,0.000678012093708949
2022-12-19T15:59:31.5156992,0.0250226216396877
2022-12-19T15:59:31.5158784,-0.0105073487625675
2022-12-19T15:59:31.5159936,-0.00491466835687079
2022-12-19T15:59:31.5316864,0.00923152345814872
2022-12-19T15:59:31.5320320,0.0329181708663548
2022-12-19T15:59:31.5321984,-0.0207057658577945
2022-12-19T15:59:31.5323392,0.0477223259119937
2022-12-19T15:59:31.5324544,0.0131792979696624
2022-12-19T15:59:31.5326720,-0.0249825213697274
2022-12-19T15:59:31.5425920,0.0927927554883916
2022-12-19T15:59:31.5428224,-0.0473532420865835
2022-12-19T15:59:31.5429504,0.0371949267354569
2022-12-19T15:59:31.5430656,0.0260095652880537
2022-12-19T15:59:31.5431808,-0.0230086342136077
2022-12-19T15:59:31.5432960,-0.0128102171518951
2022-12-19T15:59:31.5434368,-0.0134681795474529
2022-12-19T15:59:31.5435520,0.0477223259119937
2022-12-19T15:59:31.5436544,-0.0427475055261936
2022-12-19T15:59:31.5540736,0.0141662416010631
2022-12-19T15:59:31.5543808,0.0237066967774044
2022-12-19T15:59:31.5545600,-0.0578806398269743
2022-12-19T15:59:31.5546752,0.0141662416010631
2022-12-19T15:59:31.5547776,-0.0105073487625675
2022-12-19T15:59:31.5661952,-0.00491466835687079
2022-12-19T15:59:31.5664256,-0.00228281873866669
2022-12-19T15:59:31.5665408,0.00923152345814872
2022-12-19T15:59:31.5666560,-0.0180739162990437
2022-12-19T15:59:31.5667712,-0.0108363299615074
2022-12-19T15:59:31.5668736,-0.0039277247512097
2022-12-19T15:59:31.5815424,0.0135082791799726
2022-12-19T15:59:31.5818752,-0.0101783675634727
2022-12-19T15:59:31.5822720,0.0434455699769174
2022-12-19T15:59:31.5825408,-0.00886244276554422
2022-12-19T15:59:31.5827584,-0.0305752016153402
2022-12-19T15:59:31.5829632,0.06252648127987
2022-12-19T15:59:31.5980288,-0.0358389006295243
2022-12-19T15:59:31.5983360,0.0358790018498081
2022-12-19T15:59:31.5985280,0.0167980912916946
2022-12-19T15:59:31.5986432,-0.0131391983497513
2022-12-19T15:59:31.5987456,0.00199393691214557
2022-12-19T15:59:31.5988608,-0.0272853897115341
2022-12-19T15:59:31.5989760,0.0299573398957038
2022-12-19T15:59:31.5990912,-0.0266274273289295
2022-12-19T15:59:31.6080128,0.010218467083915
2022-12-19T15:59:31.6084608,0.0339051145260825
2022-12-19T15:59:31.6086656,-0.0305752016153402
2022-12-19T15:59:31.6088448,0.0184429973534371
2022-12-19T15:59:31.6089728,0.0513411194165228
2022-12-19T15:59:31.6091008,0.0246936404238808
2022-12-19T15:59:31.6092160,0.0316022459889304
2022-12-19T15:59:31.6093440,0.0184429973534371
2022-12-19T15:59:31.6192128,-0.0519589786171381
2022-12-19T15:59:31.6195456,-0.00228281873866669
2022-12-19T15:59:31.6198144,-0.0210347470519443
2022-12-19T15:59:31.6201216,0.0223907719176392
2022-12-19T15:59:31.6202880,-0.016429010319809
2022-12-19T15:59:31.6321280,0.0483802883659295
2022-12-19T15:59:31.6324352,0.0171270725037292
2022-12-19T15:59:31.6326272,0.0105474482928166
2022-12-19T15:59:31.6327424,0.0572627815564591
2022-12-19T15:59:31.6328704,-0.0345229758796555
2022-12-19T15:59:31.6438528,0.028970396241662
2022-12-19T15:59:31.6440832,0.0200879034191048
2022-12-19T15:59:31.6442112,-0.0134681795474529
2022-12-19T15:59:31.6443264,-0.0144551231396295
2022-12-19T15:59:31.6444288,-0.0276143709026059
2022-12-19T15:59:31.6445440,0.043774551201739
2022-12-19T15:59:31.6446592,-0.0503140727167894
2022-12-19T15:59:31.6533632,0.0256805840717742
2022-12-19T15:59:31.6537344,0.0243646592082312
2022-12-19T15:59:31.6539776,-0.0371548253769442
2022-12-19T15:59:31.6542464,0.0121923543396712
2022-12-19T15:59:31.6544256,-0.0118232735573979
2022-12-19T15:59:31.6545664,-0.0137971607449997
2022-12-19T15:59:31.6645120,-0.0124812359538841
2022-12-19T15:59:31.6647168,0.0138372603904395
2022-12-19T15:59:31.6648448,-0.0216927094397817
2022-12-19T15:59:31.6649472,-0.0111653111602924
2022-12-19T15:59:31.6650624,0.0161401288680959
2022-12-19T15:59:31.6808576,0.0365369642923159
2022-12-19T15:59:31.6811904,-0.00162485633256119
2022-12-19T15:59:31.6813824,0.0477223259119937
2022-12-19T15:59:31.6815232,0.0273254901547475
2022-12-19T15:59:31.6816640,-0.0322201075614877
2022-12-19T15:59:31.6939136,0.0717379558945845
2022-12-19T15:59:31.6942208,-0.039457693679041
2022-12-19T15:59:31.6943744,0.0227197531323445
2022-12-19T15:59:31.6944896,0.0082445798337894
2022-12-19T15:59:31.6946176,-0.0299172392358072
2022-12-19T15:59:31.6947200,0.000678012093708949
2022-12-19T15:59:31.6948224,-0.0476822232683261
2022-12-19T15:59:31.6949248,0.0414716826313227
2022-12-19T15:59:31.7034752,-0.039457693679041
2022-12-19T15:59:31.7037696,0.0240356779927391
2022-12-19T15:59:31.7039232,0.0197589222056571
2022-12-19T15:59:31.7040384,-0.0414315807891646
2022-12-19T15:59:31.7041664,2.00496854250026E-05
2022-12-19T15:59:31.7042688,-0.00952040516481843
2022-12-19T15:59:31.7044096,-0.0039277247512097
2022-12-19T15:59:31.7138944,-0.00425670595325207
2022-12-19T15:59:31.7140992,0.0253516028556522
2022-12-19T15:59:31.7142400,-0.0332070511273362
2022-12-19T15:59:31.7143424,-0.00458568715513909
2022-12-19T15:59:31.7237632,0.0299573398957038
2022-12-19T15:59:31.7240704,0.0279834525890402
2022-12-19T15:59:31.7243264,-0.0203767846634904
2022-12-19T15:59:31.7244928,0.0523280631029221
2022-12-19T15:59:31.7246080,0.0167980912916946
2022-12-19T15:59:31.7359488,-0.0407736184197342
2022-12-19T15:59:31.7364992,0.069106105991819
2022-12-19T15:59:31.7368192,-0.0470242609046887
2022-12-19T15:59:31.7370240,0.0269965089378377
2022-12-19T15:59:31.7371648,0.0194299409923665
2022-12-19T15:59:31.7372800,-0.0325490887502571
2022-12-19T15:59:31.7490560,0.0144952228118434
2022-12-19T15:59:31.7493632,-0.0368258441903187
2022-12-19T15:59:31.7495552,0.0358790018498081
2022-12-19T15:59:31.7496832,-0.0674210938952199
2022-12-19T15:59:31.7497984,0.028970396241662
2022-12-19T15:59:31.7499136,0.0125213355495117
2022-12-19T15:59:31.7590016,-0.055248790406447
2022-12-19T15:59:31.7593088,0.00627069258928915
2022-12-19T15:59:31.7594880,-0.0121522547557184
2022-12-19T15:59:31.7596160,-0.00623059316224477
2022-12-19T15:59:31.7597312,0.00429680535040913
2022-12-19T15:59:31.7598464,0.00199393691214557
2022-12-19T15:59:31.7690880,-0.00491466835687079
2022-12-19T15:59:31.7694208,-0.0161000291234987
2022-12-19T15:59:31.7696000,0.0174560537159208
2022-12-19T15:59:31.7697664,0.0398267765143575
2022-12-19T15:59:31.7698944,-0.00952040516481843
2022-12-19T15:59:31.7813888,0.0510121381880419
2022-12-19T15:59:31.7816960,0.0243646592082312
2022-12-19T15:59:31.7818752,-0.0318911263725649
2022-12-19T15:59:31.7820032,0.0618685188122028
2022-12-19T15:59:31.7821184,-0.0568936962954132
2022-12-19T15:59:31.7907456,0.0250226216396877
2022-12-19T15:59:31.7911040,0.0246936404238808
2022-12-19T15:59:31.7913728,-0.0345229758796555
2022-12-19T15:59:31.7915392,0.0115343919204599
2022-12-19T15:59:31.7916544,-0.0434054678937928
2022-12-19T15:59:31.7917696,0.0200879034191048
2022-12-19T15:59:31.8044416,-0.039457693679041
2022-12-19T15:59:31.8047488,0.0135082791799726
2022-12-19T15:59:31.8049024,0.0164691100798168
2022-12-19T15:59:31.8050304,-0.0397866748644434
2022-12-19T15:59:31.8051456,0.010218467083915
2022-12-19T15:59:31.8140288,-0.0055726307598683
2022-12-19T15:59:31.8142080,-0.00425670595325207
2022-12-19T15:59:31.8144128,-0.00623059316224477
2022-12-19T15:59:31.8145408,0.0200879034191048
2022-12-19T15:59:31.8146560,-0.00655957436320019
2022-12-19T15:59:31.8147712,0.000678012093708949
2022-12-19T15:59:31.8149120,0.0128503167595087
2022-12-19T15:59:31.8265600,0.0329181708663548
2022-12-19T15:59:31.8269824,-0.0207057658577945
2022-12-19T15:59:31.8272512,0.0523280631029221
2022-12-19T15:59:31.8275328,0.0286414150239637
2022-12-19T15:59:31.8277248,-0.0348519570673523
2022-12-19T15:59:31.8380160,0.0812784118785083
2022-12-19T15:59:31.8384384,-0.0578806398269743
2022-12-19T15:59:31.8386304,0.0233777155622271
2022-12-19T15:59:31.8387456,0.019100959779233
2022-12-19T15:59:31.8389376,-0.0318911263725649
2022-12-19T15:59:31.8392576,0.00495476776274499
2022-12-19T15:59:31.8475264,-0.0351809382548961
2022-12-19T15:59:31.8477824,0.011205410711089
2022-12-19T15:59:31.8479616,-0.0499850915362638
2022-12-19T15:59:31.8481024,0.0164691100798168
2022-12-19T15:59:31.8482304,0.0148242040227804
2022-12-19T15:59:31.8483840,-0.0697239620995714
2022-12-19T15:59:31.8616320,0.00298088052760892
2022-12-19T15:59:31.8621696,-0.00326976234665881
2022-12-19T15:59:31.8626432,-0.014126141942392
2022-12-19T15:59:31.8628352,-0.00952040516481843
2022-12-19T15:59:31.8738176,0.0125213355495117
2022-12-19T15:59:31.8741760,-0.0137971607449997
2022-12-19T15:59:31.8744576,0.0033098617330751
2022-12-19T15:59:31.8756608,0.0187719785662566
2022-12-19T15:59:31.8759168,0.0214038282744669
2022-12-19T15:59:31.8761216,-0.00952040516481843
2022-12-19T15:59:31.8763520,0.0493672320480272
2022-12-19T15:59:31.8765312,0.00923152345814872
2022-12-19T15:59:31.8862080,-0.0463662985404424
2022-12-19T15:59:31.8865152,0.0677901810442935
2022-12-19T15:59:31.8866688,-0.0618284139395945
2022-12-19T15:59:31.8867712,0.0292993774595181
2022-12-19T15:59:31.8868992,0.0161401288680959
2022-12-19T15:59:31.8870400,-0.0503140727167894
2022-12-19T15:59:31.8871424,0.005941711382419
2022-12-19T15:59:31.9013248,-0.0384707501219167
2022-12-19T15:59:31.9015040,0.0253516028556522
2022-12-19T15:59:31.9017856,-0.0463662985404424
2022-12-19T15:59:31.9021440,0.0184429973534371
2022-12-19T15:59:31.9023744,0.0161401288680959
2022-12-19T15:59:31.9197440,-0.0654472068570392
2022-12-19T15:59:31.9201152,0.00988948587516988
2022-12-19T15:59:31.9204352,0.00166495570730275
2022-12-19T15:59:31.9206656,-0.0161000291234987
2022-12-19T15:59:31.9208960,-0.0200478034690322
2022-12-19T15:59:31.9211264,0.0105474482928166
2022-12-19T15:59:31.9214336,-0.0276143709026059
2022-12-19T15:59:31.9328384,-0.00458568715513909
2022-12-19T15:59:31.9332480,0.00462578655649906
2022-12-19T15:59:31.9335424,0.0316022459889304
2022-12-19T15:59:31.9338496,-0.00984938636422307
2022-12-19T15:59:31.9341568,0.0424586263034057
2022-12-19T15:59:31.9344128,0.00758661741833119
2022-12-19T15:59:31.9346176,-0.0318911263725649
2022-12-19T15:59:31.9348736,0.0875290555278212
2022-12-19T15:59:31.9350912,-0.0624863762895804
2022-12-19T15:59:31.9352448,0.0312732647699692
2022-12-19T15:59:31.9472000,0.0194299409923665
2022-12-19T15:59:31.9474176,-0.0325490887502571
2022-12-19T15:59:31.9475328,0.0154821664451246
2022-12-19T15:59:31.9476480,-0.0289302956653566
2022-12-19T15:59:31.9477504,0.0352210394079334
2022-12-19T15:59:31.9478528,-0.0588675833571724
2022-12-19T15:59:31.9479808,0.00956050466658112
2022-12-19T15:59:31.9661056,0.0220617907030912
2022-12-19T15:59:31.9663744,-0.0651182256834811
2022-12-19T15:59:31.9665024,0.037523907957265
2022-12-19T15:59:31.9666176,0.000349030889489121
2022-12-19T15:59:31.9667200,0.0138372603904395
2022-12-19T15:59:31.9668352,0.000678012093708949
2022-12-19T15:59:31.9816064,0.00298088052760892
2022-12-19T15:59:31.9820672,-0.0105073487625675
2022-12-19T15:59:31.9823232,-0.00228281873866669
2022-12-19T15:59:31.9825024,0.0223907719176392
2022-12-19T15:59:31.9826560,0.028970396241662
2022-12-19T15:59:31.9828096,-0.0121522547557184
2022-12-19T15:59:31.9829760,0.0549599129403384
2022-12-19T15:59:31.9831168,0.0230487343472071
2022-12-19T15:59:31.9832448,-0.0559067527624882
2022-12-19T15:59:31.9833856,0.06055259387879
2022-12-19T15:59:31.9984896,-0.0453793549929307
2022-12-19T15:59:31.9988480,0.0125213355495117
2022-12-19T15:59:31.9990400,0.0414716826313227
2022-12-19T15:59:31.9991936,-0.0749876608246784
2022-12-19T15:59:31.9993216,-0.0108363299615074
2022-12-19T15:59:31.9994368,-0.0325490887502571
2022-12-19T15:59:31.9995776,0.0292993774595181
2022-12-19T15:59:31.9997056,-0.0397866748644434
2022-12-19T15:59:32.0143360,-0.00425670595325207
2022-12-19T15:59:32.0145792,0.010218467083915
2022-12-19T15:59:32.0147584,-0.0585386021805911
2022-12-19T15:59:32.0149120,0.0125213355495117
2022-12-19T15:59:32.0150784,0.00627069258928915
2022-12-19T15:59:32.0152576,-0.0121522547557184
2022-12-19T15:59:32.0153728,0.00396782414447519
2022-12-19T15:59:32.0154752,0.005941711382419
2022-12-19T15:59:32.0242432,-0.0078754991654702
2022-12-19T15:59:32.0244736,-0.0039277247512097
2022-12-19T15:59:32.0246528,0.0250226216396877
2022-12-19T15:59:32.0247936,0.0194299409923665
2022-12-19T15:59:32.0248960,-0.0039277247512097
2022-12-19T15:59:32.0249984,0.0408137201840608
2022-12-19T15:59:32.0251008,0.0233777155622271
2022-12-19T15:59:32.0252160,-0.0368258441903187
2022-12-19T15:59:32.0360064,0.0760147120085432
2022-12-19T15:59:32.0362752,-0.0562357339402814
2022-12-19T15:59:32.0364416,0.0121923543396712
2022-12-19T15:59:32.0365952,0.0167980912916946
2022-12-19T15:59:32.0367360,-0.0457083361755869
2022-12-19T15:59:32.0501120,0.0177850349282693
2022-12-19T15:59:32.0503808,-0.0328780699388733
2022-12-19T15:59:32.0505216,0.0207458658464715
2022-12-19T15:59:32.0506624,-0.0397866748644434
2022-12-19T15:59:32.0507904,0.0128503167595087
2022-12-19T15:59:32.0509056,0.019100959779233
2022-12-19T15:59:32.0647168,-0.0651182256834811
2022-12-19T15:59:32.0649344,0.00956050466658112
2022-12-19T15:59:32.0650880,0.0181140161407747
2022-12-19T15:59:32.0652032,0.00363884293869718
2022-12-19T15:59:32.0653312,0.00462578655649906
2022-12-19T15:59:32.0654336,0.00133597450261574
2022-12-19T15:59:32.0655488,0.00495476776274499
2022-12-19T15:59:32.0746240,0.000678012093708949
2022-12-19T15:59:32.0749440,0.005941711382419
2022-12-19T15:59:32.0752000,-0.123018909927118
2022-12-19T15:59:32.0753792,-0.0246535401774255
2022-12-19T15:59:32.0754944,0.0441035324267193
2022-12-19T15:59:32.0756224,0.0227197531323445
2022-12-19T15:59:32.0757760,-0.04044463723479
2022-12-19T15:59:32.0865280,0.0717379558945845
2022-12-19T15:59:32.0868736,-0.0631443386389618
2022-12-19T15:59:32.0870144,0.190500193659212
2022-12-19T15:59:32.0871424,-0.00590161196113415
2022-12-19T15:59:32.0872448,-0.0618284139395945
2022-12-19T15:59:32.0987904,0.0480513071388821
2022-12-19T15:59:32.0990208,-0.0480112044499164
2022-12-19T15:59:32.0991488,0.0108764295018745
2022-12-19T15:59:32.0992640,-0.0200478034690322
2022-12-19T15:59:32.0993920,0.0243646592082312
2022-12-19T15:59:32.0995072,0.0296283586775321
2022-12-19T15:59:32.1106560,-0.0493271291747564
2022-12-19T15:59:32.1110912,0.0118633731299873
2022-12-19T15:59:32.1112448,0.00659967379631543
2022-12-19T15:59:32.1113600,-0.00261179994148619
2022-12-19T15:59:32.1114880,0.00725763621083642
2022-12-19T15:59:32.1116032,-0.00129587512927513
2022-12-19T15:59:32.1220608,0.0125213355495117
2022-12-19T15:59:32.1223680,-0.0105073487625675
2022-12-19T15:59:32.1225600,0.0141662416010631
2022-12-19T15:59:32.1226880,0.0200879034191048
2022-12-19T15:59:32.1228032,-0.00195383753569171
2022-12-19T15:59:32.1229184,0.0368659455138072
2022-12-19T15:59:32.1338240,0.0260095652880537
2022-12-19T15:59:32.1340672,-0.0450503738101221
2022-12-19T15:59:32.1342080,0.0658162936278223
2022-12-19T15:59:32.1343360,-0.0499850915362638
2022-12-19T15:59:32.1344640,0.0171270725037292
2022-12-19T15:59:32.1345792,0.0371949267354569
2022-12-19T15:59:32.1485184,-0.0749876608246784
2022-12-19T15:59:32.1488768,0.0161401288680959
2022-12-19T15:59:32.1490944,-0.0226796530203822
2022-12-19T15:59:32.1492352,0.0184429973534371
2022-12-19T15:59:32.1493632,-0.0200478034690322
2022-12-19T15:59:32.1494912,0.0263385465044908
2022-12-19T15:59:32.1585152,0.0260095652880537
2022-12-19T15:59:32.1589120,-0.0605124892378086
2022-12-19T15:59:32.1591936,0.0144952228118434
2022-12-19T15:59:32.1593728,0.000678012093708949
2022-12-19T15:59:32.1595520,-0.00886244276554422
2022-12-19T15:59:32.1597056,0.0138372603904395
2022-12-19T15:59:32.1598720,0.0144952228118434
2022-12-19T15:59:32.1712256,0.00133597450261574
2022-12-19T15:59:32.1715968,-0.00721753676464547
2022-12-19T15:59:32.1717760,0.00791559862598218
2022-12-19T15:59:32.1719296,0.0299573398957038
2022-12-19T15:59:32.1720704,-0.00458568715513909
2022-12-19T15:59:32.1828608,0.0256805840717742
2022-12-19T15:59:32.1832320,0.00923152345814872
2022-12-19T15:59:32.1834368,-0.0499850915362638
2022-12-19T15:59:32.1835520,0.0671322185714943
2022-12-19T15:59:32.1836672,-0.0509720350773848
2022-12-19T15:59:32.1837696,0.0246936404238808
2022-12-19T15:59:32.1962880,0.0332471520861059
2022-12-19T15:59:32.1966080,-0.0513010162574545
2022-12-19T15:59:32.1967616,0.0348920581872335
2022-12-19T15:59:32.1968768,-0.0427475055261936
2022-12-19T15:59:32.1969920,0.00956050466658112
2022-12-19T15:59:32.1970944,-0.0358389006295243
2022-12-19T15:59:32.2059520,0.0144952228118434
2022-12-19T15:59:32.2061824,0.0243646592082312
2022-12-19T15:59:32.2063104,-0.0624863762895804
2022-12-19T15:59:32.2064256,0.0158111476565318
2022-12-19T15:59:32.2065280,0.00166495570730275
2022-12-19T15:59:32.2066432,-0.0151130855336409
2022-12-19T15:59:32.2067456,0.0171270725037292
2022-12-19T15:59:32.2161792,-0.00458568715513909
2022-12-19T15:59:32.2164096,-0.0137971607449997
2022-12-19T15:59:32.2165504,-0.0085334615656746
2022-12-19T15:59:32.2166656,0.0121923543396712
2022-12-19T15:59:32.2167680,0.0128503167595087
2022-12-19T15:59:32.2318720,0.00298088052760892
2022-12-19T15:59:32.2322304,0.00988948587516988
2022-12-19T15:59:32.2324992,-0.00294078114415022
2022-12-19T15:59:32.2327040,-0.064789244509772
2022-12-19T15:59:32.2328704,0.0608815751119031
2022-12-19T15:59:32.2440320,-0.0476822232683261
2022-12-19T15:59:32.2443904,0.0223907719176392
2022-12-19T15:59:32.2445824,0.0171270725037292
2022-12-19T15:59:32.2447360,-0.0684080374122746
2022-12-19T15:59:32.2448896,0.0158111476565318
2022-12-19T15:59:32.2450176,-0.0371548253769442
2022-12-19T15:59:32.2451328,0.0115343919204599
2022-12-19T15:59:32.2452608,-0.0236665965995966
2022-12-19T15:59:32.2535936,0.0144952228118434
2022-12-19T15:59:32.2539136,0.0200879034191048
2022-12-19T15:59:32.2541184,-0.0585386021805911
2022-12-19T15:59:32.2543232,0.0325891896467616
2022-12-19T15:59:32.2545152,-0.00425670595325207
2022-12-19T15:59:32.2547072,-0.00721753676464547
2022-12-19T15:59:32.2670208,0.0187719785662566
2022-12-19T15:59:32.2673024,0.00890254224987264
2022-12-19T15:59:32.2674304,-0.00919142396525881
2022-12-19T15:59:32.2675456,-0.00919142396525881
2022-12-19T15:59:32.2676608,0.0237066967774044
2022-12-19T15:59:32.2817024,0.0125213355495117
2022-12-19T15:59:32.2820608,-0.00326976234665881
2022-12-19T15:59:32.2824192,0.0302863211140333
2022-12-19T15:59:32.2827008,0.0161401288680959
2022-12-19T15:59:32.2829184,-0.0460373173580908
2022-12-19T15:59:32.2830848,0.0753567495277009
2022-12-19T15:59:32.2939904,-0.0499850915362638
2022-12-19T15:59:32.2942592,0.00988948587516988
2022-12-19T15:59:32.2945024,0.0408137201840608
2022-12-19T15:59:32.2947072,-0.0628153574643467
2022-12-19T15:59:32.2949760,0.0388398328460813
2022-12-19T15:59:32.2952832,-0.0411025996045257
2022-12-19T15:59:32.2955776,0.0240356779927391
2022-12-19T15:59:32.2958464,-0.0200478034690322
2022-12-19T15:59:32.3088256,0.0187719785662566
2022-12-19T15:59:32.3091072,0.0329181708663548
2022-12-19T15:59:32.3093376,-0.0562357339402814
2022-12-19T15:59:32.3095424,0.0322602084273265
2022-12-19T15:59:32.3097600,0.0125213355495117
2022-12-19T15:59:32.3099648,-0.00491466835687079
2022-12-19T15:59:32.3206144,0.0121923543396712
2022-12-19T15:59:32.3208960,0.00232291811714419
2022-12-19T15:59:32.3210880,-0.00655957436320019
2022-12-19T15:59:32.3212160,0.00232291811714419
2022-12-19T15:59:32.3213312,-0.0128102171518951
2022-12-19T15:59:32.3214464,0.0161401288680959
2022-12-19T15:59:32.3215616,-0.00162485633256119
2022-12-19T15:59:32.3323392,0.0427876075277508
2022-12-19T15:59:32.3326464,0.0207458658464715
2022-12-19T15:59:32.3328512,-0.0424185243421653
2022-12-19T15:59:32.3329792,0.0434455699769174
2022-12-19T15:59:32.3330816,-0.0545908280497991
2022-12-19T15:59:32.3331968,0.0312732647699692
2022-12-19T15:59:32.3421952,0.0316022459889304
2022-12-19T15:59:32.3425024,-0.0684080374122746
2022-12-19T15:59:32.3426944,0.0148242040227804
2022-12-19T15:59:32.3428096,-0.0345229758796555
2022-12-19T15:59:32.3429376,0.0200879034191048
2022-12-19T15:59:32.3430400,-0.0460373173580908
2022-12-19T15:59:32.3524736,0.0138372603904395
2022-12-19T15:59:32.3528832,0.0263385465044908
2022-12-19T15:59:32.3531136,-0.0568936962954132
2022-12-19T15:59:32.3533824,0.0322602084273265
2022-12-19T15:59:32.3536896,-0.00162485633256119
2022-12-19T15:59:32.3656448,-0.0078754991654702
2022-12-19T15:59:32.3660416,0.0237066967774044
2022-12-19T15:59:32.3662464,0.00363884293869718
2022-12-19T15:59:32.3663744,2.00496854250026E-05
2022-12-19T15:59:32.3664768,0.00561273017570495
2022-12-19T15:59:32.3815680,0.0121923543396712
2022-12-19T15:59:32.3818752,0.00100699329808449
2022-12-19T15:59:32.3820416,-0.0200478034690322
2022-12-19T15:59:32.3821824,0.0355500206287917
2022-12-19T15:59:32.3822976,0.0204168846327095
2022-12-19T15:59:32.3824000,-0.0522879597967521
2022-12-19T15:59:32.3933568,0.0447614948771567
2022-12-19T15:59:32.3936640,-0.0822252465089318
2022-12-19T15:59:32.3938432,0.00758661741833119
2022-12-19T15:59:32.3939712,0.0470643634586944
2022-12-19T15:59:32.3940864,-0.0795933971775991
2022-12-19T15:59:32.3942016,0.027654471371815
2022-12-19T15:59:32.3943040,-0.0295882580458106
2022-12-19T15:59:32.3944064,-0.0121522547557184
2022-12-19T15:59:32.4029952,-0.0114942923589225
2022-12-19T15:59:32.4033280,0.0227197531323445
2022-12-19T15:59:32.4036608,0.107596911850713
2022-12-19T15:59:32.4038912,-0.0753166419937198
2022-12-19T15:59:32.4040576,0.0490382508205021
2022-12-19T15:59:32.4041984,0.00133597450261574
2022-12-19T15:59:32.4156160,-0.0039277247512097
2022-12-19T15:59:32.4159360,0.0266675277210854
2022-12-19T15:59:32.4161024,0.00627069258928915
2022-12-19T15:59:32.4162560,0.00659967379631543
2022-12-19T15:59:32.4163840,0.0131792979696624
2022-12-19T15:59:32.4288128,0.0171270725037292
2022-12-19T15:59:32.4290688,0.00791559862598218
2022-12-19T15:59:32.4291968,-0.000637912722236303
2022-12-19T15:59:32.4292992,0.028970396241662
2022-12-19T15:59:32.4294144,0.00988948587516988
2022-12-19T15:59:32.4295296,-0.0496561103555861
2022-12-19T15:59:32.4406784,0.0602236126458371
2022-12-19T15:59:32.4409856,-0.0483401856313546
2022-12-19T15:59:32.4412672,0.00462578655649906
2022-12-19T15:59:32.4414336,0.0348920581872335
2022-12-19T15:59:32.4415488,-0.0687370185843248
2022-12-19T15:59:32.4416512,0.0316022459889304
2022-12-19T15:59:32.4417792,-0.018731878689657
2022-12-19T15:59:32.4528000,0.00298088052760892
2022-12-19T15:59:32.4531328,-0.0137971607449997
2022-12-19T15:59:32.4533120,0.0164691100798168
2022-12-19T15:59:32.4534784,0.0210748470603906
2022-12-19T15:59:32.4537344,-0.0509720350773848
2022-12-19T15:59:32.4539136,0.0362079830709829
2022-12-19T15:59:32.4654080,-0.014126141942392
2022-12-19T15:59:32.4657024,-0.00984938636422307
2022-12-19T15:59:32.4658688,0.00956050466658112
2022-12-19T15:59:32.4659840,0.00462578655649906
2022-12-19T15:59:32.4660992,-0.00359874354901193
2022-12-19T15:59:32.4662272,0.00363884293869718
2022-12-19T15:59:32.4753408,0.0141662416010631
2022-12-19T15:59:32.4755712,-0.0039277247512097
2022-12-19T15:59:32.4756864,-0.0075465179651354
2022-12-19T15:59:32.4758016,0.0197589222056571
2022-12-19T15:59:32.4759040,0.010218467083915
2022-12-19T15:59:32.4760192,-0.0450503738101221
2022-12-19T15:59:32.4855680,0.0589076877156253
2022-12-19T15:59:32.4860544,-0.0414315807891646
2022-12-19T15:59:32.4863360,0.0118633731299873
2022-12-19T15:59:32.4865408,0.037523907957265
2022-12-19T15:59:32.4867712,-0.0766325666683836
2022-12-19T15:59:32.4987904,0.019100959779233
2022-12-19T15:59:32.4990976,-0.0351809382548961
2022-12-19T15:59:32.4993536,-0.00162485633256119
2022-12-19T15:59:32.4995328,-0.0286013144748993
2022-12-19T15:59:32.4996480,0.0207458658464715
2022-12-19T15:59:32.4997632,0.0292993774595181
2022-12-19T15:59:32.5087232,-0.0397866748644434
2022-12-19T15:59:32.5090304,0.0556178754012885
2022-12-19T15:59:32.5092224,0.00166495570730275
2022-12-19T15:59:32.5093376,-0.00655957436320019
2022-12-19T15:59:32.5094656,0.0286414150239637
2022-12-19T15:59:32.5095680,0.00561273017570495
2022-12-19T15:59:32.5201408,0.00396782414447519
2022-12-19T15:59:32.5204352,-0.0131391983497513
2022-12-19T15:59:32.5206016,0.0319312272080495
2022-12-19T15:59:32.5207424,-0.00688855556400039
2022-12-19T15:59:32.5208832,0.010218467083915
2022-12-19T15:59:32.5305600,0.0296283586775321
2022-12-19T15:59:32.5308672,-0.00294078114415022
2022-12-19T15:59:32.5310592,-0.0568936962954132
2022-12-19T15:59:32.5312128,0.0500251945035551
2022-12-19T15:59:32.5313152,-0.0424185243421653
2022-12-19T15:59:32.5314432,0.0227197531323445
2022-12-19T15:59:32.5403648,0.0286414150239637
2022-12-19T15:59:32.5406976,-0.0489981479937746
2022-12-19T15:59:32.5409408,0.0312732647699692
2022-12-19T15:59:32.5411200,-0.0345229758796555
2022-12-19T15:59:32.5412480,-0.00162485633256119
2022-12-19T15:59:32.5505408,-0.0055726307598683
2022-12-19T15:59:32.5508608,0.034234095746308
2022-12-19T15:59:32.5511296,0.0260095652880537
2022-12-19T15:59:32.5513216,-0.0269564085203087
2022-12-19T15:59:32.5514496,0.0556178754012885
2022-12-19T15:59:32.5650304,-0.0039277247512097
2022-12-19T15:59:32.5653504,-0.0147841043367125
2022-12-19T15:59:32.5655424,0.0161401288680959
2022-12-19T15:59:32.5656576,0.000349030889489121
2022-12-19T15:59:32.5657728,-0.00261179994148619
2022-12-19T15:59:32.5771776,0.00298088052760892
2022-12-19T15:59:32.5774720,0.0243646592082312
2022-12-19T15:59:32.5776640,-0.00886244276554422
2022-12-19T15:59:32.5778048,0.000349030889489121
2022-12-19T15:59:32.5779200,0.0237066967774044
2022-12-19T15:59:32.5780224,0.0227197531323445
2022-12-19T15:59:32.5781376,-0.0529459221555245
2022-12-19T15:59:32.5888128,0.0404847389606678
2022-12-19T15:59:32.5891584,-0.0509720350773848
2022-12-19T15:59:32.5894144,0.0181140161407747
2022-12-19T15:59:32.5896192,0.0358790018498081
2022-12-19T15:59:32.5897344,-0.0657761880304464
2022-12-19T15:59:32.5898624,0.0302863211140333
2022-12-19T15:59:32.6003712,-0.0391287124934857
2022-12-19T15:59:32.6005888,-0.000966893925833531
2022-12-19T15:59:32.6007168,-0.0055726307598683
2022-12-19T15:59:32.6008320,0.0273254901547475
2022-12-19T15:59:32.6009344,0.0240356779927391
2022-12-19T15:59:32.6010496,-0.0483401856313546
2022-12-19T15:59:32.6151552,0.0575917627879726
2022-12-19T15:59:32.6154112,-0.00326976234665881
2022-12-19T15:59:32.6155392,-0.016429010319809
2022-12-19T15:59:32.6156416,0.00857356104175289
2022-12-19T15:59:32.6157440,0.0033098617330751
2022-12-19T15:59:32.6158592,-0.00491466835687079
2022-12-19T15:59:32.6273536,0.00298088052760892
2022-12-19T15:59:32.6276736,0.0194299409923665
2022-12-19T15:59:32.6278912,-0.00425670595325207
2022-12-19T15:59:32.6280832,0.0118633731299873
2022-12-19T15:59:32.6283392,0.0230487343472071
2022-12-19T15:59:32.6285952,-0.0039277247512097
2022-12-19T15:59:32.6288128,-0.0545908280497991
2022-12-19T15:59:32.6369792,0.0526570443320408
2022-12-19T15:59:32.6372224,-0.0585386021805911
2022-12-19T15:59:32.6373888,0.00133597450261574
2022-12-19T15:59:32.6375424,0.037523907957265
2022-12-19T15:59:32.6376704,-0.0674210938952199
2022-12-19T15:59:32.6378112,0.034234095746308
2022-12-19T15:59:32.6379392,-0.0170869727119661
2022-12-19T15:59:32.6476544,0.00528374896914695
2022-12-19T15:59:32.6478336,-0.0075465179651354
2022-12-19T15:59:32.6480000,0.0263385465044908
2022-12-19T15:59:32.6481280,0.0194299409923665
2022-12-19T15:59:32.6578432,-0.0341939946918055
2022-12-19T15:59:32.6580608,0.0500251945035551
2022-12-19T15:59:32.6582400,0.0033098617330751
2022-12-19T15:59:32.6584192,-0.0114942923589225
2022-12-19T15:59:32.6585984,0.0398267765143575
2022-12-19T15:59:32.6676608,-0.0055726307598683
2022-12-19T15:59:32.6677632,0.0082445798337894
2022-12-19T15:59:32.6678272,-0.00129587512927513
2022-12-19T15:59:32.6679040,0.00956050466658112
2022-12-19T15:59:32.6679680,0.00100699329808449
2022-12-19T15:59:32.6680320,0.0082445798337894
2022-12-19T15:59:32.6776320,0.0243646592082312
2022-12-19T15:59:32.6776960,0.00298088052760892
2022-12-19T15:59:32.6777344,-0.0407736184197342
2022-12-19T15:59:32.6777600,0.0516701006451631
2022-12-19T15:59:32.6975232,-0.0519589786171381
2022-12-19T15:59:32.6977664,0.005941711382419
2022-12-19T15:59:32.6978816,0.0296283586775321
2022-12-19T15:59:32.6979712,-0.0651182256834811
2022-12-19T15:59:32.6980480,0.0404847389606678
2022-12-19T15:59:32.7105920,-0.0378127877497363
2022-12-19T15:59:32.7108224,-0.00491466835687079
2022-12-19T15:59:32.7109376,-0.0197188222744198
2022-12-19T15:59:32.7110528,0.0250226216396877
2022-12-19T15:59:32.7111680,0.0227197531323445
2022-12-19T15:59:32.7112832,-0.0407736184197342
2022-12-19T15:59:32.7113856,0.0687771247546967
2022-12-19T15:59:32.7114880,-0.0207057658577945
2022-12-19T15:59:32.7115904,-0.0220216906334693
2022-12-19T15:59:32.7117056,0.0329181708663548
2022-12-19T15:59:32.7201280,2.00496854250026E-05
2022-12-19T15:59:32.7204352,2.00496854250026E-05
2022-12-19T15:59:32.7205632,0.00758661741833119
2022-12-19T15:59:32.7206656,0.0250226216396877
2022-12-19T15:59:32.7207808,-0.00491466835687079
2022-12-19T15:59:32.7208832,0.00791559862598218
2022-12-19T15:59:32.7209984,0.0207458658464715
2022-12-19T15:59:32.7322752,0.0131792979696624
2022-12-19T15:59:32.7326336,-0.0364968630035403
2022-12-19T15:59:32.7329152,0.0431165887522547
2022-12-19T15:59:32.7330816,-0.0536038845136896
2022-12-19T15:59:32.7332096,0.00298088052760892
2022-12-19T15:59:32.7443328,0.0421296450792193
2022-12-19T15:59:32.7445504,-0.0591965645336023
2022-12-19T15:59:32.7446656,0.0365369642923159
2022-12-19T15:59:32.7448064,-0.0305752016153402
2022-12-19T15:59:32.7449216,-0.00491466835687079
2022-12-19T15:59:32.7450368,-0.0970293988195284
2022-12-19T15:59:32.7571072,0.00133597450261574
2022-12-19T15:59:32.7573504,0.0181140161407747
2022-12-19T15:59:32.7574656,-0.0312331639942593
2022-12-19T15:59:32.7575808,0.0615395375786094
2022-12-19T15:59:32.7577088,-0.039457693679041
2022-12-19T15:59:32.7578112,-0.0137971607449997
2022-12-19T15:59:32.7690368,0.0266675277210854
2022-12-19T15:59:32.7693696,0.0200879034191048
2022-12-19T15:59:32.7695488,-0.000308931518483477
2022-12-19T15:59:32.7696640,0.0207458658464715
2022-12-19T15:59:32.7697920,0.0135082791799726
2022-12-19T15:59:32.7699328,-0.00524364955844718
2022-12-19T15:59:32.7829888,0.0207458658464715
2022-12-19T15:59:32.7832832,0.0167980912916946
2022-12-19T15:59:32.7835392,-0.0299172392358072
2022-12-19T15:59:32.7837184,-0.0424185243421653
2022-12-19T15:59:32.7838464,0.0645003686867174
2022-12-19T15:59:32.7839616,-0.0861730204879722
2022-12-19T15:59:32.7929984,0.0365369642923159
2022-12-19T15:59:32.7932672,0.0181140161407747
2022-12-19T15:59:32.7933952,-0.0641312821619009
2022-12-19T15:59:32.7935104,0.034234095746308
2022-12-19T15:59:32.7936128,-0.02596946494571
2022-12-19T15:59:32.7937152,0.010218467083915
2022-12-19T15:59:32.7938432,-0.00623059316224477
2022-12-19T15:59:32.8047744,0.0197589222056571
2022-12-19T15:59:32.8051072,0.0385108516236395
2022-12-19T15:59:32.8052608,-0.0361678818166088
2022-12-19T15:59:32.8053888,0.0447614948771567
2022-12-19T15:59:32.8054912,-0.0256404837538696
2022-12-19T15:59:32.8170240,-0.0111653111602924
2022-12-19T15:59:32.8172416,0.0339051145260825
2022-12-19T15:59:32.8173568,-0.00984938636422307
2022-12-19T15:59:32.8174720,-0.018731878689657
2022-12-19T15:59:32.8175744,0.00923152345814872
2022-12-19T15:59:32.8176896,0.00725763621083642
2022-12-19T15:59:32.8319488,-0.0108363299615074
2022-12-19T15:59:32.8322816,0.0144952228118434
2022-12-19T15:59:32.8324608,0.0348920581872335
2022-12-19T15:59:32.8325760,0.0131792979696624
2022-12-19T15:59:32.8326784,-0.0516299974373722
2022-12-19T15:59:32.8327936,0.0464064010060314
2022-12-19T15:59:32.8417920,-0.0506430538971631
2022-12-19T15:59:32.8420992,0.00166495570730275
2022-12-19T15:59:32.8423680,0.0549599129403384
2022-12-19T15:59:32.8425472,-0.0641312821619009
2022-12-19T15:59:32.8426752,0.0332471520861059
2022-12-19T15:59:32.8427776,-0.0378127877497363
2022-12-19T15:59:32.8428800,-0.0055726307598683
2022-12-19T15:59:32.8429824,-0.0157710479270339
2022-12-19T15:59:32.8519296,0.0243646592082312
2022-12-19T15:59:32.8522624,0.0487092695931362
2022-12-19T15:59:32.8524544,-0.0335360323156458
2022-12-19T15:59:32.8525824,0.0552888941707336
2022-12-19T15:59:32.8526976,-0.0108363299615074
2022-12-19T15:59:32.8656512,-0.0210347470519443
2022-12-19T15:59:32.8660224,0.0418006638551917
2022-12-19T15:59:32.8662528,-0.00952040516481843
2022-12-19T15:59:32.8663808,-0.0075465179651354
2022-12-19T15:59:32.8665088,0.00923152345814872
2022-12-19T15:59:32.8772224,0.0131792979696624
2022-12-19T15:59:32.8777088,-0.00195383753569171
2022-12-19T15:59:32.8779904,0.0233777155622271
2022-12-19T15:59:32.8781312,0.019100959779233
2022-12-19T15:59:32.8783616,0.0177850349282693
2022-12-19T15:59:32.8785792,-0.0305752016153402
2022-12-19T15:59:32.8875008,0.0391688140686815
2022-12-19T15:59:32.8877824,-0.0476822232683261
2022-12-19T15:59:32.8879488,-0.00688855556400039
2022-12-19T15:59:32.8880640,0.0391688140686815
2022-12-19T15:59:32.8881664,-0.0605124892378086
2022-12-19T15:59:32.8883200,0.0513411194165228
2022-12-19T15:59:32.8884480,-0.0364968630035403
2022-12-19T15:59:32.8991488,0.000349030889489121
2022-12-19T15:59:32.8994560,-0.000637912722236303
2022-12-19T15:59:32.8996480,0.0125213355495117
2022-12-19T15:59:32.8997632,0.0467353822322834
2022-12-19T15:59:32.9091456,-0.0420895431579843
2022-12-19T15:59:32.9094656,0.0585787064834723
2022-12-19T15:59:32.9096320,-0.0075465179651354
2022-12-19T15:59:32.9097472,-0.00195383753569171
2022-12-19T15:59:32.9098496,0.037523907957265
2022-12-19T15:59:32.9099648,-0.00524364955844718
2022-12-19T15:59:32.9205888,0.00265189932229863
2022-12-19T15:59:32.9208704,0.0151531852338741
2022-12-19T15:59:32.9210240,-0.00984938636422307
2022-12-19T15:59:32.9211648,-0.0121522547557184
2022-12-19T15:59:32.9213056,0.00232291811714419
2022-12-19T15:59:32.9323008,0.0141662416010631
2022-12-19T15:59:32.9325312,0.00659967379631543
2022-12-19T15:59:32.9326464,-0.0216927094397817
2022-12-19T15:59:32.9327616,0.0345630769666917
2022-12-19T15:59:32.9328768,-0.0634733198134259
2022-12-19T15:59:32.9329920,0.00561273017570495
2022-12-19T15:59:32.9480576,0.0549599129403384
2022-12-19T15:59:32.9483776,-0.0601835080619839
2022-12-19T15:59:32.9486848,0.0460774197799385
2022-12-19T15:59:32.9488640,-0.0170869727119661
2022-12-19T15:59:32.9490048,0.00988948587516988
2022-12-19T15:59:32.9491328,0.00100699329808449
2022-12-19T15:59:32.9573888,0.0266675277210854
2022-12-19T15:59:32.9576832,0.0250226216396877
2022-12-19T15:59:32.9578368,-0.0371548253769442
2022-12-19T15:59:32.9579520,0.0500251945035551
2022-12-19T15:59:32.9580672,-0.018731878689657
2022-12-19T15:59:32.9581824,-0.0190608598847322
2022-12-19T15:59:32.9582848,0.0661452748634996
2022-12-19T15:59:32.9583872,-0.00820448036564994
2022-12-19T15:59:32.9671936,-0.00590161196113415
2022-12-19T15:59:32.9674240,0.00298088052760892
2022-12-19T15:59:32.9676032,-0.000637912722236303
2022-12-19T15:59:32.9677696,-0.00886244276554422
2022-12-19T15:59:32.9806848,0.0283124338064231
2022-12-19T15:59:32.9810432,0.00528374896914695
2022-12-19T15:59:32.9813120,-0.000637912722236303
2022-12-19T15:59:32.9816192,-0.0328780699388733
2022-12-19T15:59:32.9818624,0.0329181708663548
2022-12-19T15:59:32.9902848,-0.0516299974373722
2022-12-19T15:59:32.9904640,-0.0039277247512097
2022-12-19T15:59:32.9905792,0.0450904761026137
2022-12-19T15:59:32.9906944,-0.0608414704134819
2022-12-19T15:59:32.9908096,0.0431165887522547
2022-12-19T15:59:32.9909248,-0.0223506718270028
2022-12-19T15:59:32.9910400,0.011205410711089
2022-12-19T15:59:33.0020608,0.00199393691214557
2022-12-19T15:59:33.0024576,0.00791559862598218
2022-12-19T15:59:33.0028032,0.0227197531323445
2022-12-19T15:59:33.0030976,-0.0572226774727517
2022-12-19T15:59:33.0033408,0.0519990818739629
2022-12-19T15:59:33.0157056,-0.0134681795474529
2022-12-19T15:59:33.0159488,-0.0193898410796531
2022-12-19T15:59:33.0161280,0.0487092695931362
2022-12-19T15:59:33.0163072,-0.00261179994148619
2022-12-19T15:59:33.0164864,0.00528374896914695
2022-12-19T15:59:33.0166528,0.0164691100798168
2022-12-19T15:59:33.0313600,-0.00590161196113415
2022-12-19T15:59:33.0316416,-0.0108363299615074
2022-12-19T15:59:33.0319104,0.00956050466658112
2022-12-19T15:59:33.0321920,0.0148242040227804
2022-12-19T15:59:33.0323328,2.00496854250026E-05
2022-12-19T15:59:33.0324608,-0.0309041828048764
2022-12-19T15:59:33.0325760,0.0457484385540046
2022-12-19T15:59:33.0431872,-0.0457083361755869
2022-12-19T15:59:33.0433664,-0.00886244276554422
2022-12-19T15:59:33.0434816,0.0500251945035551
2022-12-19T15:59:33.0435840,-0.0766325666683836
2022-12-19T15:59:33.0436992,0.0519990818739629
2022-12-19T15:59:33.0438144,-0.0210347470519443
2022-12-19T15:59:33.0439424,0.00298088052760892
2022-12-19T15:59:33.0533376,0.00692865500349785
2022-12-19T15:59:33.0536960,0.0167980912916946
2022-12-19T15:59:33.0539904,0.034234095746308
2022-12-19T15:59:33.0542720,-0.0361678818166088
2022-12-19T15:59:33.0545024,0.0493672320480272
2022-12-19T15:59:33.0546560,-0.00688855556400039
2022-12-19T15:59:33.0636800,-0.0302462204256504
2022-12-19T15:59:33.0639232,0.0628554625139439
2022-12-19T15:59:33.0640768,-0.0167579915159647
2022-12-19T15:59:33.0642304,-0.0101783675634727
2022-12-19T15:59:33.0643584,0.00659967379631543
2022-12-19T15:59:33.0645248,-0.00623059316224477
2022-12-19T15:59:33.0738176,-0.0216927094397817
2022-12-19T15:59:33.0740608,0.011205410711089
2022-12-19T15:59:33.0742272,0.0138372603904395
2022-12-19T15:59:33.0743680,0.0125213355495117
2022-12-19T15:59:33.0868480,-0.0351809382548961
2022-12-19T15:59:33.0873088,0.0457484385540046
2022-12-19T15:59:33.0876288,-0.0391287124934857
2022-12-19T15:59:33.0878720,2.00496854250026E-05
2022-12-19T15:59:33.0881792,0.0529860255613189
2022-12-19T15:59:33.0971904,-0.0848570958306845
2022-12-19T15:59:33.0974208,0.0444325136518585
2022-12-19T15:59:33.0975744,-0.0184028974944275
2022-12-19T15:59:33.0976768,0.00100699329808449
2022-12-19T15:59:33.0977920,0.030944283551166
2022-12-19T15:59:33.0978944,0.0138372603904395
2022-12-19T15:59:33.0980096,0.0217328094887004
2022-12-19T15:59:33.1067392,-0.027943352093524
2022-12-19T15:59:33.1070208,0.0388398328460813
2022-12-19T15:59:33.1072000,-0.0078754991654702
2022-12-19T15:59:33.1073536,-0.0124812359538841
2022-12-19T15:59:33.1075200,0.0595656501804112
2022-12-19T15:59:33.1187712,-0.00425670595325207
2022-12-19T15:59:33.1189376,0.00495476776274499
2022-12-19T15:59:33.1190656,0.0108764295018745
2022-12-19T15:59:33.1192064,0.00561273017570495
2022-12-19T15:59:33.1193472,-0.00886244276554422
2022-12-19T15:59:33.1283200,0.0128503167595087
2022-12-19T15:59:33.1285888,0.0227197531323445
2022-12-19T15:59:33.1287808,0.00100699329808449
2022-12-19T15:59:33.1289472,-0.0450503738101221
2022-12-19T15:59:33.1290880,0.0197589222056571
2022-12-19T15:59:33.1292928,-0.0588675833571724
2022-12-19T15:59:33.1382016,-0.00688855556400039
2022-12-19T15:59:33.1384320,0.0246936404238808
2022-12-19T15:59:33.1386112,-0.0713688679553041
2022-12-19T15:59:33.1387776,0.0391688140686815
2022-12-19T15:59:33.1388928,-0.0161000291234987
2022-12-19T15:59:33.1488896,0.00298088052760892
2022-12-19T15:59:33.1490048,0.0329181708663548
2022-12-19T15:59:33.1490688,-0.0184028974944275
2022-12-19T15:59:33.1491456,0.0381818704013563
2022-12-19T15:59:33.1492224,-0.0345229758796555
2022-12-19T15:59:33.1588736,0.0362079830709829
2022-12-19T15:59:33.1590528,-0.0111653111602924
2022-12-19T15:59:33.1591680,-0.0545908280497991
2022-12-19T15:59:33.1592704,0.0592366689479383
2022-12-19T15:59:33.1593600,0.00890254224987264
2022-12-19T15:59:33.1688704,0.0325891896467616
2022-12-19T15:59:33.1690368,0.0645003686867174
2022-12-19T15:59:33.1691392,0.0345630769666917
2022-12-19T15:59:33.1692672,0.0483802883659295
2022-12-19T15:59:33.1694080,0.0197589222056571
2022-12-19T15:59:33.1785600,-0.0121522547557184
2022-12-19T15:59:33.1787264,0.0516701006451631
2022-12-19T15:59:33.1788288,-0.0292592768556604
2022-12-19T15:59:33.1789056,0.0194299409923665
2022-12-19T15:59:33.1789824,-0.0262984461373967
2022-12-19T15:59:33.1897984,-0.0272853897115341
2022-12-19T15:59:33.1899520,0.0503541757315581
2022-12-19T15:59:33.1900544,-0.0874889451428695
2022-12-19T15:59:33.1901440,-0.160193778656867
2022-12-19T15:59:33.1902464,-0.0220216906334693
2022-12-19T15:59:33.2041344,0.00627069258928915
2022-12-19T15:59:33.2044032,0.0335761333060152
2022-12-19T15:59:33.2045312,0.00857356104175289
2022-12-19T15:59:33.2046336,0.0223907719176392
2022-12-19T15:59:33.2047616,-0.0256404837538696
2022-12-19T15:59:33.2162048,0.0612105563451762
2022-12-19T15:59:33.2164352,-0.00655957436320019
2022-12-19T15:59:33.2165760,-0.0121522547557184
2022-12-19T15:59:33.2166912,0.0914768304943551
2022-12-19T15:59:33.2168192,-0.0055726307598683
2022-12-19T15:59:33.2169344,-0.017415953907813
2022-12-19T15:59:33.2170368,0.0240356779927391
2022-12-19T15:59:33.2171648,-0.0039277247512097
2022-12-19T15:59:33.2283136,-0.0105073487625675
2022-12-19T15:59:33.2286208,0.0121923543396712
2022-12-19T15:59:33.2288000,0.0105474482928166
2022-12-19T15:59:33.2289152,0.00758661741833119
2022-12-19T15:59:33.2290304,-0.0318911263725649
2022-12-19T15:59:33.2291456,0.00396782414447519
2022-12-19T15:59:33.2379776,-0.0476822232683261
2022-12-19T15:59:33.2383104,-0.0157710479270339
2022-12-19T15:59:33.2385280,0.037523907957265
2022-12-19T15:59:33.2387584,-0.0809093218444637
2022-12-19T15:59:33.2389376,0.0562758378628775
2022-12-19T15:59:33.2390400,-0.0371548253769442
2022-12-19T15:59:33.2509568,0.00166495570730275
2022-12-19T15:59:33.2513792,0.0243646592082312
2022-12-19T15:59:33.2516480,0.00199393691214557
2022-12-19T15:59:33.2518144,0.0322602084273265
2022-12-19T15:59:33.2519552,-0.0213637282459401
2022-12-19T15:59:33.2606592,0.06055259387879
2022-12-19T15:59:33.2612864,0.000349030889489121
2022-12-19T15:59:33.2617216,-0.0147841043367125
2022-12-19T15:59:33.2621184,0.0707510121798415
2022-12-19T15:59:33.2622848,-0.0170869727119661
2022-12-19T15:59:33.2624128,-0.0075465179651354
2022-12-19T15:59:33.2700288,0.0187719785662566
2022-12-19T15:59:33.2702720,-0.00919142396525881
2022-12-19T15:59:33.2705024,-0.0256404837538696
2022-12-19T15:59:33.2707328,0.00627069258928915
2022-12-19T15:59:33.2709120,0.0240356779927391
2022-12-19T15:59:33.2883456,-0.00294078114415022
2022-12-19T15:59:33.2886784,-0.0213637282459401
2022-12-19T15:59:33.2888448,0.0194299409923665
2022-12-19T15:59:33.2889600,-0.0605124892378086
2022-12-19T15:59:33.2891136,-0.00261179994148619
2022-12-19T15:59:33.3003008,0.0493672320480272
2022-12-19T15:59:33.3007744,-0.0838701523361491
2022-12-19T15:59:33.3010688,0.0401557577374334
2022-12-19T15:59:33.3013248,-0.0161000291234987
2022-12-19T15:59:33.3016192,-0.0161000291234987
2022-12-19T15:59:33.3017856,0.0470643634586944
2022-12-19T15:59:33.3018880,-0.00820448036564994
2022-12-19T15:59:33.3021568,0.0371949267354569
2022-12-19T15:59:33.3022720,-0.0463662985404424
2022-12-19T15:59:33.3152768,0.0457484385540046
2022-12-19T15:59:33.3155840,-0.0253115025618754
2022-12-19T15:59:33.3157760,-0.0170869727119661
2022-12-19T15:59:33.3159040,0.0566048190939116
2022-12-19T15:59:33.3160064,-0.0269564085203087
2022-12-19T15:59:33.3161344,-0.00820448036564994
2022-12-19T15:59:33.3251840,0.00627069258928915
2022-12-19T15:59:33.3254144,-0.0055726307598683
2022-12-19T15:59:33.3255424,-0.0207057658577945
2022-12-19T15:59:33.3256448,0.0131792979696624
2022-12-19T15:59:33.3257600,0.0167980912916946
2022-12-19T15:59:33.3258752,0.0197589222056571
2022-12-19T15:59:33.3260032,-0.0085334615656746
2022-12-19T15:59:33.3366272,0.0210748470603906
2022-12-19T15:59:33.3371008,-0.0447213926271611
2022-12-19T15:59:33.3373696,-0.0101783675634727
2022-12-19T15:59:33.3377152,0.0500251945035551
2022-12-19T15:59:33.3378560,-0.061170451589004
2022-12-19T15:59:33.3496832,0.0552888941707336
2022-12-19T15:59:33.3499008,-0.0193898410796531
2022-12-19T15:59:33.3500160,-0.00820448036564994
2022-12-19T15:59:33.3501184,0.0121923543396712
2022-12-19T15:59:33.3502336,0.00298088052760892
2022-12-19T15:59:33.3503488,0.0158111476565318
2022-12-19T15:59:33.3658112,-0.0292592768556604
2022-12-19T15:59:33.3662720,0.0296283586775321
2022-12-19T15:59:33.3665664,-0.0371548253769442
2022-12-19T15:59:33.3668224,-0.0358389006295243
2022-12-19T15:59:33.3670528,0.0539729692501105
2022-12-19T15:59:33.3673088,-0.0286013144748993
2022-12-19T15:59:33.3821696,-0.00326976234665881
2022-12-19T15:59:33.3824896,-0.0055726307598683
2022-12-19T15:59:33.3827456,-0.0233376154066791
2022-12-19T15:59:33.3829376,-0.0161000291234987
2022-12-19T15:59:33.3830656,-0.00228281873866669
2022-12-19T15:59:33.3831936,0.010218467083915
2022-12-19T15:59:33.3832960,0.0131792979696624
2022-12-19T15:59:33.3833984,-0.017415953907813
2022-12-19T15:59:33.3835008,0.0177850349282693
2022-12-19T15:59:33.3940224,-0.0177449351035055
2022-12-19T15:59:33.3942528,0.0138372603904395
2022-12-19T15:59:33.3943680,0.0612105563451762
2022-12-19T15:59:33.3944832,-0.0730137738072749
2022-12-19T15:59:33.3945856,0.0631844437481781
2022-12-19T15:59:33.3947008,-0.0190608598847322
2022-12-19T15:59:33.3948160,-0.0282723332842885
2022-12-19T15:59:33.3949184,0.0266675277210854
2022-12-19T15:59:33.4036224,-0.00952040516481843
2022-12-19T15:59:33.4039808,0.0230487343472071
2022-12-19T15:59:33.4042368,-0.0230086342136077
2022-12-19T15:59:33.4044032,0.0161401288680959
2022-12-19T15:59:33.4045568,-0.0239955777923602
2022-12-19T15:59:33.4046848,-0.0256404837538696
2022-12-19T15:59:33.4167296,0.0483802883659295
2022-12-19T15:59:33.4170368,-0.0210347470519443
2022-12-19T15:59:33.4172288,-0.0151130855336409
2022-12-19T15:59:33.4173568,0.0164691100798168
2022-12-19T15:59:33.4174720,-0.0266274273289295
2022-12-19T15:59:33.4321920,-0.0114942923589225
2022-12-19T15:59:33.4324224,0.0082445798337894
2022-12-19T15:59:33.4325376,0.0158111476565318
2022-12-19T15:59:33.4326528,0.0200879034191048
2022-12-19T15:59:33.4327552,-0.0193898410796531
2022-12-19T15:59:33.4328704,0.00363884293869718
2022-12-19T15:59:33.4442368,-0.0309041828048764
2022-12-19T15:59:33.4445312,-0.0151130855336409
2022-12-19T15:59:33.4446720,0.06252648127987
2022-12-19T15:59:33.4447872,-0.0684080374122746
2022-12-19T15:59:33.4448896,0.0559468566320032
2022-12-19T15:59:33.4450048,-0.0318911263725649
2022-12-19T15:59:33.4451456,-0.0147841043367125
2022-12-19T15:59:33.4452608,0.0316022459889304
2022-12-19T15:59:33.4561024,-0.0118232735573979
2022-12-19T15:59:33.4564096,0.0348920581872335
2022-12-19T15:59:33.4566016,-0.00952040516481843
2022-12-19T15:59:33.4567296,0.0348920581872335
2022-12-19T15:59:33.4568448,-0.00195383753569171
2022-12-19T15:59:33.4569856,-0.0266274273289295
2022-12-19T15:59:33.4678912,0.0549599129403384
2022-12-19T15:59:33.4681088,-0.0177449351035055
2022-12-19T15:59:33.4682368,0.00462578655649906
2022-12-19T15:59:33.4683392,-0.00162485633256119
2022-12-19T15:59:33.4684544,-0.0193898410796531
2022-12-19T15:59:33.4685568,-0.0207057658577945
2022-12-19T15:59:33.4824064,0.00429680535040913
2022-12-19T15:59:33.4827776,0.00363884293869718
2022-12-19T15:59:33.4829824,-0.018731878689657
2022-12-19T15:59:33.4831616,-0.00655957436320019
2022-12-19T15:59:33.4833280,0.0207458658464715
2022-12-19T15:59:33.4940544,-0.0559067527624882
2022-12-19T15:59:33.4944256,-0.0216927094397817
2022-12-19T15:59:33.4946432,0.0345630769666917
2022-12-19T15:59:33.4947840,-0.0664341503768083
2022-12-19T15:59:33.4949120,0.0552888941707336
2022-12-19T15:59:33.4950400,-0.0101783675634727
2022-12-19T15:59:33.4951680,-0.0151130855336409
2022-12-19T15:59:33.4952832,0.0266675277210854
2022-12-19T15:59:33.5036416,-0.00623059316224477
2022-12-19T15:59:33.5040128,0.0269965089378377
2022-12-19T15:59:33.5042560,-0.0075465179651354
2022-12-19T15:59:33.5044096,0.0473933446852645
2022-12-19T15:59:33.5045504,-0.0200478034690322
2022-12-19T15:59:33.5046784,-0.0233376154066791
2022-12-19T15:59:33.5160320,0.0566048190939116
2022-12-19T15:59:33.5163392,-0.0184028974944275
2022-12-19T15:59:33.5166080,-0.000637912722236303
2022-12-19T15:59:33.5167744,0.00166495570730275
2022-12-19T15:59:33.5168896,-0.0203767846634904
2022-12-19T15:59:33.5259264,-0.0371548253769442
2022-12-19T15:59:33.5261440,-0.00919142396525881
2022-12-19T15:59:33.5262720,0.00627069258928915
2022-12-19T15:59:33.5263744,-0.0075465179651354
2022-12-19T15:59:33.5264896,-0.0170869727119661
2022-12-19T15:59:33.5266176,0.00627069258928915
2022-12-19T15:59:33.5360512,-0.0424185243421653
2022-12-19T15:59:33.5363840,-0.0210347470519443
2022-12-19T15:59:33.5365760,0.0316022459889304
2022-12-19T15:59:33.5366912,-0.0493271291747564
2022-12-19T15:59:33.5480192,0.0674611998078136
2022-12-19T15:59:33.5483776,-0.0588675833571724
2022-12-19T15:59:33.5486720,-0.0180739162990437
2022-12-19T15:59:33.5488512,0.0539729692501105
2022-12-19T15:59:33.5489664,-0.0170869727119661
2022-12-19T15:59:33.5491200,0.0194299409923665
2022-12-19T15:59:33.5600256,-0.02596946494571
2022-12-19T15:59:33.5603456,-0.0167579915159647
2022-12-19T15:59:33.5606016,-0.0197188222744198
2022-12-19T15:59:33.5607808,0.000349030889489121
2022-12-19T15:59:33.5609088,0.0825943368524585
2022-12-19T15:59:33.5610240,-0.0466952797226417
2022-12-19T15:59:33.5715072,-0.0039277247512097
2022-12-19T15:59:33.5718144,0.0559468566320032
2022-12-19T15:59:33.5720576,-0.0332070511273362
2022-12-19T15:59:33.5722624,-0.0101783675634727
2022-12-19T15:59:33.5724032,0.0187719785662566
2022-12-19T15:59:33.5725184,0.019100959779233
2022-12-19T15:59:33.5832320,-0.0105073487625675
2022-12-19T15:59:33.5835392,-0.0137971607449997
2022-12-19T15:59:33.5837184,0.0154821664451246
2022-12-19T15:59:33.5838464,-0.0361678818166088
2022-12-19T15:59:33.5839488,-0.0075465179651354
2022-12-19T15:59:33.5932544,0.0398267765143575
2022-12-19T15:59:33.5935488,-0.0710398867844586
2022-12-19T15:59:33.5937152,0.0500251945035551
2022-12-19T15:59:33.5938432,-0.0230086342136077
2022-12-19T15:59:33.5939456,-0.0338650135038022
2022-12-19T15:59:33.5940736,0.0253516028556522
2022-12-19T15:59:33.6029568,-0.0269564085203087
2022-12-19T15:59:33.6032896,0.0450904761026137
2022-12-19T15:59:33.6034560,-0.000637912722236303
2022-12-19T15:59:33.6035840,0.0204168846327095
2022-12-19T15:59:33.6037248,-0.0111653111602924
2022-12-19T15:59:33.6173952,-0.0151130855336409
2022-12-19T15:59:33.6177408,0.0618685188122028
2022-12-19T15:59:33.6179200,-0.0239955777923602
2022-12-19T15:59:33.6180736,0.00100699329808449
2022-12-19T15:59:33.6182144,0.0144952228118434
2022-12-19T15:59:33.6321920,-0.014126141942392
2022-12-19T15:59:33.6324992,-0.0216927094397817
2022-12-19T15:59:33.6326912,0.0177850349282693
2022-12-19T15:59:33.6328064,-0.0111653111602924
2022-12-19T15:59:33.6329216,-0.0282723332842885
2022-12-19T15:59:33.6330368,-0.0108363299615074
2022-12-19T15:59:33.6331392,0.00956050466658112
2022-12-19T15:59:33.6421120,-0.0401156560496931
2022-12-19T15:59:33.6424064,-0.00820448036564994
2022-12-19T15:59:33.6425728,0.030944283551166
2022-12-19T15:59:33.6426880,-0.0565647151179231
2022-12-19T15:59:33.6427904,0.0516701006451631
2022-12-19T15:59:33.6429056,-0.0167579915159647
2022-12-19T15:59:33.6430080,-0.017415953907813
2022-12-19T15:59:33.6431488,0.0447614948771567
2022-12-19T15:59:33.6522752,-0.000308931518483477
2022-12-19T15:59:33.6524928,0.043774551201739
2022-12-19T15:59:33.6526208,-0.0114942923589225
2022-12-19T15:59:33.6527616,0.0450904761026137
2022-12-19T15:59:33.6528640,-0.018731878689657
2022-12-19T15:59:33.6663808,-0.0118232735573979
2022-12-19T15:59:33.6667392,0.0533150067907566
2022-12-19T15:59:33.6670336,-0.0236665965995966
2022-12-19T15:59:33.6672384,0.0033098617330751
2022-12-19T15:59:33.6673664,-0.00655957436320019
2022-12-19T15:59:33.6825856,-0.00984938636422307
2022-12-19T15:59:33.6833024,-0.0157710479270339
2022-12-19T15:59:33.6836992,0.00561273017570495
2022-12-19T15:59:33.6840832,0.00659967379631543
2022-12-19T15:59:33.6843520,-0.0289302956653566
2022-12-19T15:59:33.6846208,-0.0121522547557184
2022-12-19T15:59:33.6849920,0.00363884293869718
2022-12-19T15:59:33.6991360,-0.0256404837538696
2022-12-19T15:59:33.6994432,-0.0039277247512097
2022-12-19T15:59:33.6996096,0.0651583311569491
2022-12-19T15:59:33.6997248,-0.0470242609046887
2022-12-19T15:59:33.6998400,0.0496962132757115
2022-12-19T15:59:33.6999424,-0.017415953907813
2022-12-19T15:59:33.7000576,-0.0216927094397817
2022-12-19T15:59:33.7001600,0.0464064010060314
2022-12-19T15:59:33.7002624,-0.0131391983497513
2022-12-19T15:59:33.7090304,0.0256805840717742
2022-12-19T15:59:33.7093376,-0.0151130855336409
2022-12-19T15:59:33.7094912,0.0243646592082312
2022-12-19T15:59:33.7096192,-0.0325490887502571
2022-12-19T15:59:33.7097344,-0.0161000291234987
2022-12-19T15:59:33.7098496,0.0562758378628775
2022-12-19T15:59:33.7099648,-0.0328780699388733
2022-12-19T15:59:33.7204736,-0.00919142396525881
2022-12-19T15:59:33.7207680,0.019100959779233
2022-12-19T15:59:33.7208960,-0.0111653111602924
2022-12-19T15:59:33.7210112,-0.00162485633256119
2022-12-19T15:59:33.7211136,0.0223907719176392
2022-12-19T15:59:33.7326720,0.00133597450261574
2022-12-19T15:59:33.7329152,-0.0108363299615074
2022-12-19T15:59:33.7330560,-0.0236665965995966
2022-12-19T15:59:33.7331712,0.00199393691214557
2022-12-19T15:59:33.7332736,-0.0184028974944275
2022-12-19T15:59:33.7333888,-0.00984938636422307
2022-12-19T15:59:33.7435904,0.0536439880203538
2022-12-19T15:59:33.7438080,-0.0499850915362638
2022-12-19T15:59:33.7439488,0.0460774197799385
2022-12-19T15:59:33.7440512,-0.0417605619736507
2022-12-19T15:59:33.7441664,-0.0177449351035055
2022-12-19T15:59:33.7442688,0.0519990818739629
2022-12-19T15:59:33.7532416,-0.00655957436320019
2022-12-19T15:59:33.7536000,0.0418006638551917
2022-12-19T15:59:33.7537792,-0.0085334615656746
2022-12-19T15:59:33.7539200,0.0339051145260825
2022-12-19T15:59:33.7540224,-0.0282723332842885
2022-12-19T15:59:33.7664128,-0.0055726307598683
2022-12-19T15:59:33.7667200,0.0582497252514792
2022-12-19T15:59:33.7669120,-0.0276143709026059
2022-12-19T15:59:33.7670400,-0.0078754991654702
2022-12-19T15:59:33.7671680,0.011205410711089
2022-12-19T15:59:33.7782272,-0.00886244276554422
2022-12-19T15:59:33.7784448,-0.00590161196113415
2022-12-19T15:59:33.7785728,0.00133597450261574
2022-12-19T15:59:33.7786880,-0.0085334615656746
2022-12-19T15:59:33.7787904,-0.0111653111602924
2022-12-19T15:59:33.7789184,-0.00886244276554422
2022-12-19T15:59:33.7790208,0.0148242040227804
2022-12-19T15:59:33.7877504,-0.0256404837538696
2022-12-19T15:59:33.7880320,0.00857356104175289
2022-12-19T15:59:33.7882752,0.0401557577374334
2022-12-19T15:59:33.7884544,-0.0795933971775991
2022-12-19T15:59:33.7885696,0.06055259387879
2022-12-19T15:59:33.7886976,-0.0137971607449997
2022-12-19T15:59:33.7996288,-0.0305752016153402
2022-12-19T15:59:33.8000000,0.0460774197799385
2022-12-19T15:59:33.8001792,0.00166495570730275
2022-12-19T15:59:33.8002944,0.0292993774595181
2022-12-19T15:59:33.8157056,-0.0157710479270339
2022-12-19T15:59:33.8159360,0.0177850349282693
2022-12-19T15:59:33.8160512,-0.0272853897115341
2022-12-19T15:59:33.8161664,-0.0184028974944275
2022-12-19T15:59:33.8162816,0.0473933446852645
2022-12-19T15:59:33.8163840,-0.0322201075614877
2022-12-19T15:59:33.8256128,0.00857356104175289
2022-12-19T15:59:33.8259328,0.0177850349282693
2022-12-19T15:59:33.8261120,-0.0167579915159647
2022-12-19T15:59:33.8262528,-0.0233376154066791
2022-12-19T15:59:33.8263680,0.00758661741833119
2022-12-19T15:59:33.8264832,0.000349030889489121
2022-12-19T15:59:33.8265984,-0.0262984461373967
2022-12-19T15:59:33.8267008,-0.00820448036564994
2022-12-19T15:59:33.8369920,0.00988948587516988
2022-12-19T15:59:33.8374016,-0.0128102171518951
2022-12-19T15:59:33.8376704,0.00561273017570495
2022-12-19T15:59:33.8377984,0.0513411194165228
2022-12-19T15:59:33.8379264,-0.0595255457098809
2022-12-19T15:59:33.8499968,0.0569338003251055
2022-12-19T15:59:33.8503552,-0.0144551231396295
2022-12-19T15:59:33.8505344,-0.0338650135038022
2022-12-19T15:59:33.8506496,0.0408137201840608
2022-12-19T15:59:33.8507520,-0.0226796530203822
2022-12-19T15:59:33.8508672,0.0332471520861059
2022-12-19T15:59:33.8623360,-0.0121522547557184
2022-12-19T15:59:33.8626688,0.034234095746308
2022-12-19T15:59:33.8628608,-0.0124812359538841
2022-12-19T15:59:33.8629888,-0.0256404837538696
2022-12-19T15:59:33.8631040,0.0546309317101028
2022-12-19T15:59:33.8632192,-0.0236665965995966
2022-12-19T15:59:33.8633344,0.00561273017570495
2022-12-19T15:59:33.8740096,0.0273254901547475
2022-12-19T15:59:33.8744704,-0.0249825213697274
2022-12-19T15:59:33.8748288,-0.0332070511273362
2022-12-19T15:59:33.8750080,0.0158111476565318
2022-12-19T15:59:33.8751360,0.005941711382419
2022-12-19T15:59:33.8752512,-0.0216927094397817
2022-12-19T15:59:33.8843008,-0.0157710479270339
2022-12-19T15:59:33.8846976,0.00232291811714419
2022-12-19T15:59:33.8850048,-0.0315621451834888
2022-12-19T15:59:33.8852608,-0.0134681795474529
2022-12-19T15:59:33.8854528,0.037523907957265
2022-12-19T15:59:33.8857984,-0.0651182256834811
2022-12-19T15:59:33.8940288,0.0467353822322834
2022-12-19T15:59:33.8942592,-0.0161000291234987
2022-12-19T15:59:33.8943872,-0.0292592768556604
2022-12-19T15:59:33.8945024,0.0572627815564591
2022-12-19T15:59:33.8946048,-0.0151130855336409
2022-12-19T15:59:33.9038208,0.0174560537159208
2022-12-19T15:59:33.9038976,-0.0318911263725649
2022-12-19T15:59:33.9039488,0.0220617907030912
2022-12-19T15:59:33.9039872,-0.016429010319809
2022-12-19T15:59:33.9178368,-0.0177449351035055
2022-12-19T15:59:33.9182976,0.0704220309419155
2022-12-19T15:59:33.9185664,-0.0411025996045257
2022-12-19T15:59:33.9187072,0.00133597450261574
2022-12-19T15:59:33.9188224,0.00956050466658112
2022-12-19T15:59:33.9319552,-0.0312331639942593
2022-12-19T15:59:33.9322624,-0.0239955777923602
2022-12-19T15:59:33.9324416,0.0125213355495117
2022-12-19T15:59:33.9325824,0.000349030889489121
2022-12-19T15:59:33.9327488,-0.0207057658577945
2022-12-19T15:59:33.9329536,-0.0220216906334693
2022-12-19T15:59:33.9330688,0.00166495570730275
2022-12-19T15:59:33.9331840,-0.0230086342136077
2022-12-19T15:59:33.9435392,0.00725763621083642
2022-12-19T15:59:33.9438592,0.0332471520861059
2022-12-19T15:59:33.9440512,-0.0608414704134819
2022-12-19T15:59:33.9441792,0.06252648127987
2022-12-19T15:59:33.9442944,0.00363884293869718
2022-12-19T15:59:33.9443968,-0.0358389006295243
2022-12-19T15:59:33.9444992,0.0664742560993373
2022-12-19T15:59:33.9532032,-0.0226796530203822
2022-12-19T15:59:33.9534592,0.0398267765143575
2022-12-19T15:59:33.9536128,0.0269965089378377
2022-12-19T15:59:33.9537408,0.0296283586775321
2022-12-19T15:59:33.9538560,-0.0447213926271611
2022-12-19T15:59:33.9664128,-0.0151130855336409
2022-12-19T15:59:33.9667328,0.0592366689479383
2022-12-19T15:59:33.9668608,-0.0161000291234987
2022-12-19T15:59:33.9669760,-0.0364968630035403
2022-12-19T15:59:33.9670784,0.121743106017318
2022-12-19T15:59:33.9786112,-0.0256404837538696
2022-12-19T15:59:33.9789312,-0.0364968630035403
2022-12-19T15:59:33.9791232,0.00627069258928915
2022-12-19T15:59:33.9792512,-0.00162485633256119
2022-12-19T15:59:33.9793664,-0.0105073487625675
2022-12-19T15:59:33.9794816,-0.0233376154066791
2022-12-19T15:59:33.9795968,0.0181140161407747
2022-12-19T15:59:33.9903104,-0.0226796530203822
2022-12-19T15:59:33.9907328,0.00528374896914695
2022-12-19T15:59:33.9909120,0.034234095746308
2022-12-19T15:59:33.9910528,-0.0608414704134819
2022-12-19T15:59:33.9911680,0.0523280631029221
2022-12-19T15:59:33.9912704,-0.00425670595325207
2022-12-19T15:59:34.0029824,-0.0364968630035403
2022-12-19T15:59:34.0033152,0.0677901810442935
2022-12-19T15:59:34.0035328,-0.017415953907813
2022-12-19T15:59:34.0036608,0.0263385465044908
2022-12-19T15:59:34.0037888,0.00725763621083642
2022-12-19T15:59:34.0038912,0.00232291811714419
2022-12-19T15:59:34.0165376,-0.0078754991654702
2022-12-19T15:59:34.0170496,-0.0233376154066791
2022-12-19T15:59:34.0173440,0.0427876075277508
2022-12-19T15:59:34.0176128,-0.0335360323156458
2022-12-19T15:59:34.0178688,0.00659967379631543
2022-12-19T15:59:34.0181248,0.011205410711089
2022-12-19T15:59:34.0320256,-0.0295882580458106
2022-12-19T15:59:34.0322432,-0.0167579915159647
2022-12-19T15:59:34.0323712,0.0194299409923665
2022-12-19T15:59:34.0324992,0.0118633731299873
2022-12-19T15:59:34.0326144,-0.0131391983497513
2022-12-19T15:59:34.0327168,-0.00458568715513909
2022-12-19T15:59:34.0328320,2.00496854250026E-05
2022-12-19T15:59:34.0420864,-0.0262984461373967
2022-12-19T15:59:34.0423936,-0.00425670595325207
2022-12-19T15:59:34.0426496,0.0365369642923159
2022-12-19T15:59:34.0428288,-0.0591965645336023
2022-12-19T15:59:34.0429440,0.06252648127987
2022-12-19T15:59:34.0430592,-0.000966893925833531
2022-12-19T15:59:34.0431616,-0.0483401856313546
2022-12-19T15:59:34.0432768,0.0786465619383617
2022-12-19T15:59:34.0522624,-0.0108363299615074
2022-12-19T15:59:34.0526336,0.0394977952914403
2022-12-19T15:59:34.0529280,-0.0161000291234987
2022-12-19T15:59:34.0531072,0.019100959779233
2022-12-19T15:59:34.0532480,-0.00820448036564994
2022-12-19T15:59:34.0661504,-0.0322201075614877
2022-12-19T15:59:34.0663680,0.0503541757315581
2022-12-19T15:59:34.0664960,-0.0391287124934857
2022-12-19T15:59:34.0666112,0.0230487343472071
2022-12-19T15:59:34.0667136,0.0151531852338741
2022-12-19T15:59:34.0761088,-0.0355099194422867
2022-12-19T15:59:34.0763392,-0.0239955777923602
2022-12-19T15:59:34.0764800,0.0250226216396877
2022-12-19T15:59:34.0766080,-0.00162485633256119
2022-12-19T15:59:34.0767232,-0.0147841043367125
2022-12-19T15:59:34.0768512,-0.00919142396525881
2022-12-19T15:59:34.0887040,0.0105474482928166
2022-12-19T15:59:34.0890112,-0.0137971607449997
2022-12-19T15:59:34.0891904,-0.00524364955844718
2022-12-19T15:59:34.0893184,0.0296283586775321
2022-12-19T15:59:34.0894336,-0.0562357339402814
2022-12-19T15:59:34.0895744,0.06252648127987
2022-12-19T15:59:34.1003520,-0.00688855556400039
2022-12-19T15:59:34.1006592,-0.0289302956653566
2022-12-19T15:59:34.1008256,0.0760147120085432
2022-12-19T15:59:34.1009408,-0.0239955777923602
2022-12-19T15:59:34.1010560,0.0404847389606678
2022-12-19T15:59:34.1011584,-0.0318911263725649
2022-12-19T15:59:34.1157248,0.0161401288680959
2022-12-19T15:59:34.1159808,-0.00195383753569171
2022-12-19T15:59:34.1161088,-0.0309041828048764
2022-12-19T15:59:34.1162112,0.06055259387879
2022-12-19T15:59:34.1163264,-0.0355099194422867
2022-12-19T15:59:34.1164416,0.0184429973534371
2022-12-19T15:59:34.1256064,0.00659967379631543
2022-12-19T15:59:34.1259264,-0.0378127877497363
2022-12-19T15:59:34.1260928,-0.0118232735573979
2022-12-19T15:59:34.1262080,0.0181140161407747
2022-12-19T15:59:34.1263360,0.0121923543396712
2022-12-19T15:59:34.1264512,-0.00129587512927513
2022-12-19T15:59:34.1265792,-0.0105073487625675
2022-12-19T15:59:34.1364864,0.00627069258928915
2022-12-19T15:59:34.1368320,-0.0286013144748993
2022-12-19T15:59:34.1370112,0.0135082791799726
2022-12-19T15:59:34.1371392,0.0394977952914403
2022-12-19T15:59:34.1372928,-0.0578806398269743
2022-12-19T15:59:34.1475840,0.0562758378628775
2022-12-19T15:59:34.1479424,-0.0114942923589225
2022-12-19T15:59:34.1481728,-0.0440634302607818
2022-12-19T15:59:34.1483008,0.0908188679983108
2022-12-19T15:59:34.1484160,-0.0114942923589225
2022-12-19T15:59:34.1485184,0.0263385465044908
2022-12-19T15:59:34.1573376,-0.00688855556400039
2022-12-19T15:59:34.1576448,0.0223907719176392
2022-12-19T15:59:34.1578368,-0.00820448036564994
2022-12-19T15:59:34.1579648,-0.0246535401774255
2022-12-19T15:59:34.1580800,0.0549599129403384
2022-12-19T15:59:34.1692416,-0.0463662985404424
2022-12-19T15:59:34.1696384,0.0144952228118434
2022-12-19T15:59:34.1698560,0.0121923543396712
2022-12-19T15:59:34.1700096,-0.0299172392358072
2022-12-19T15:59:34.1701888,-0.0154420667304147
2022-12-19T15:59:34.1844352,0.0214038282744669
2022-12-19T15:59:34.1847552,0.00100699329808449
2022-12-19T15:59:34.1849216,-0.0134681795474529
2022-12-19T15:59:34.1850240,-0.0124812359538841
2022-12-19T15:59:34.1851392,-0.00623059316224477
2022-12-19T15:59:34.1852416,-0.0108363299615074
2022-12-19T15:59:34.1993984,0.00100699329808449
2022-12-19T15:59:34.1998848,0.0381818704013563
2022-12-19T15:59:34.2001536,-0.0565647151179231
2022-12-19T15:59:34.2003328,0.0615395375786094
2022-12-19T15:59:34.2005120,0.00166495570730275
2022-12-19T15:59:34.2007680,-0.0430764867100695
2022-12-19T15:59:34.2011264,0.0783175806965698
2022-12-19T15:59:34.2013952,0.00100699329808449
2022-12-19T15:59:34.2095360,0.0477223259119937
2022-12-19T15:59:34.2098048,-0.0111653111602924
2022-12-19T15:59:34.2100224,0.0246936404238808
2022-12-19T15:59:34.2102528,-0.0203767846634904
2022-12-19T15:59:34.2104832,-0.0256404837538696
2022-12-19T15:59:34.2107008,0.0477223259119937
2022-12-19T15:59:34.2108672,-0.0480112044499164
2022-12-19T15:59:34.2109952,0.0237066967774044
2022-12-19T15:59:34.2229760,0.00659967379631543
2022-12-19T15:59:34.2235136,-0.0368258441903187
2022-12-19T15:59:34.2238848,-0.0190608598847322
2022-12-19T15:59:34.2240640,0.00758661741833119
2022-12-19T15:59:34.2241792,-0.00326976234665881
2022-12-19T15:59:34.2355840,-0.000637912722236303
2022-12-19T15:59:34.2361984,-0.00984938636422307
2022-12-19T15:59:34.2364544,-0.0161000291234987
2022-12-19T15:59:34.2365824,-0.0200478034690322
2022-12-19T15:59:34.2366976,0.00791559862598218
2022-12-19T15:59:34.2368128,0.0421296450792193
2022-12-19T15:59:34.2505600,-0.0351809382548961
2022-12-19T15:59:34.2509952,0.0681191622809339
2022-12-19T15:59:34.2513024,-0.000966893925833531
2022-12-19T15:59:34.2515072,-0.0361678818166088
2022-12-19T15:59:34.2517632,0.0829233180963501
2022-12-19T15:59:34.2519808,-0.0262984461373967
2022-12-19T15:59:34.2521984,0.0401557577374334
2022-12-19T15:59:34.2686592,-0.0236665965995966
2022-12-19T15:59:34.2688640,0.0108764295018745
2022-12-19T15:59:34.2689792,-0.00919142396525881
2022-12-19T15:59:34.2691072,-0.0220216906334693
2022-12-19T15:59:34.2693504,0.0401557577374334
2022-12-19T15:59:34.2695808,-0.0503140727167894
2022-12-19T15:59:34.2697600,0.0184429973534371
2022-12-19T15:59:34.2699392,0.00199393691214557
2022-12-19T15:59:34.2701184,-0.039457693679041
2022-12-19T15:59:34.2703360,-0.014126141942392
2022-12-19T15:59:34.2705664,0.0108764295018745
2022-12-19T15:59:34.2709376,-0.00294078114415022
2022-12-19T15:59:34.2828032,0.00166495570730275
2022-12-19T15:59:34.2831360,-0.0134681795474529
2022-12-19T15:59:34.2833152,-0.000966893925833531
2022-12-19T15:59:34.2834304,-0.0269564085203087
2022-12-19T15:59:34.2835456,0.00298088052760892
2022-12-19T15:59:34.2992000,0.0427876075277508
2022-12-19T15:59:34.2995584,-0.0555777715845434
2022-12-19T15:59:34.2997376,0.0631844437481781
2022-12-19T15:59:34.2998528,0.0108764295018745
2022-12-19T15:59:34.2999552,-0.0516299974373722
2022-12-19T15:59:34.3000576,0.0888449805140714
2022-12-19T15:59:34.3111296,-0.0266274273289295
2022-12-19T15:59:34.3114496,0.0210748470603906
2022-12-19T15:59:34.3116160,0.00363884293869718
2022-12-19T15:59:34.3118080,0.0108764295018745
2022-12-19T15:59:34.3121024,-0.0190608598847322
2022-12-19T15:59:34.3123712,-0.0167579915159647
2022-12-19T15:59:34.3125376,-0.210527890030475
2022-12-19T15:59:34.3126528,-0.055248790406447
2022-12-19T15:59:34.3248896,0.00528374896914695
2022-12-19T15:59:34.3252096,0.0135082791799726
2022-12-19T15:59:34.3253760,-0.0345229758796555
2022-12-19T15:59:34.3254912,-0.017415953907813
2022-12-19T15:59:34.3256064,-0.0085334615656746
2022-12-19T15:59:34.3257216,2.00496854250026E-05
2022-12-19T15:59:34.3350016,0.00396782414447519
2022-12-19T15:59:34.3353216,0.00133597450261574
2022-12-19T15:59:34.3355776,-0.000308931518483477
2022-12-19T15:59:34.3357568,-0.00655957436320019
2022-12-19T15:59:34.3358848,-0.00195383753569171
2022-12-19T15:59:34.3359872,0.0388398328460813
2022-12-19T15:59:34.3360896,-0.0368258441903187
2022-12-19T15:59:34.3499392,0.0598946314130441
2022-12-19T15:59:34.3502464,0.0118633731299873
2022-12-19T15:59:34.3505024,-0.0591965645336023
2022-12-19T15:59:34.3506816,0.0848972055630962
2022-12-19T15:59:34.3508096,-0.0210347470519443
2022-12-19T15:59:34.3618048,0.0378528891792314
2022-12-19T15:59:34.3622144,0.00627069258928915
2022-12-19T15:59:34.3624320,0.0319312272080495
2022-12-19T15:59:34.3626368,-0.018731878689657
2022-12-19T15:59:34.3628032,-0.0230086342136077
2022-12-19T15:59:34.3629184,0.0589076877156253
2022-12-19T15:59:34.3630336,-0.0763035854999428
2022-12-19T15:59:34.3631488,0.0266675277210854
2022-12-19T15:59:34.3733248,0.0184429973534371
2022-12-19T15:59:34.3736320,-0.0536038845136896
2022-12-19T15:59:34.3737984,0.0743698058076459
2022-12-19T15:59:34.3739136,0.0167980912916946
2022-12-19T15:59:34.3740288,-0.0243245589849698
2022-12-19T15:59:34.3741312,2.00496854250026E-05
2022-12-19T15:59:34.3853440,-0.0101783675634727
2022-12-19T15:59:34.3856640,-0.0078754991654702
2022-12-19T15:59:34.3858432,-0.0197188222744198
2022-12-19T15:59:34.3859712,0.00857356104175289
2022-12-19T15:59:34.3860864,0.0348920581872335
2022-12-19T15:59:34.3993088,-0.0341939946918055
2022-12-19T15:59:34.3996288,0.0681191622809339
2022-12-19T15:59:34.3997824,0.0033098617330751
2022-12-19T15:59:34.3998976,-0.0391287124934857
2022-12-19T15:59:34.4000128,0.106280986827356
2022-12-19T15:59:34.4001280,-0.0226796530203822
2022-12-19T15:59:34.4091520,0.0358790018498081
2022-12-19T15:59:34.4093696,0.00791559862598218
2022-12-19T15:59:34.4094976,0.019100959779233
2022-12-19T15:59:34.4096000,-0.0105073487625675
2022-12-19T15:59:34.4097280,-0.027943352093524
2022-12-19T15:59:34.4098304,0.0552888941707336
2022-12-19T15:59:34.4099456,-0.0730137738072749
2022-12-19T15:59:34.4194048,0.00627069258928915
2022-12-19T15:59:34.4197376,0.000349030889489121
2022-12-19T15:59:34.4198784,-0.066763131549763
2022-12-19T15:59:34.4200064,-0.0193898410796531
2022-12-19T15:59:34.4201344,0.00758661741833119
2022-12-19T15:59:34.4333696,0.005941711382419
2022-12-19T15:59:34.4336768,0.00923152345814872
2022-12-19T15:59:34.4339328,-0.00359874354901193
2022-12-19T15:59:34.4340864,-0.00886244276554422
2022-12-19T15:59:34.4342016,2.00496854250026E-05
2022-12-19T15:59:34.4433408,0.00363884293869718
2022-12-19T15:59:34.4436480,0.0503541757315581
2022-12-19T15:59:34.4439040,-0.0289302956653566
2022-12-19T15:59:34.4440960,0.0506831569597203
2022-12-19T15:59:34.4442240,-0.0124812359538841
2022-12-19T15:59:34.4443264,-0.0335360323156458
2022-12-19T15:59:34.4444288,0.0868710930356683
2022-12-19T15:59:34.4566272,-0.0134681795474529
2022-12-19T15:59:34.4568576,0.0381818704013563
2022-12-19T15:59:34.4569728,0.00692865500349785
2022-12-19T15:59:34.4570880,0.00988948587516988
2022-12-19T15:59:34.4572032,-0.00688855556400039
2022-12-19T15:59:34.4686848,-0.0236665965995966
2022-12-19T15:59:34.4689024,0.0503541757315581
2022-12-19T15:59:34.4690304,-0.064460263335912
2022-12-19T15:59:34.4691584,0.0220617907030912
2022-12-19T15:59:34.4692608,0.00725763621083642
2022-12-19T15:59:34.4693888,-0.0513010162574545
2022-12-19T15:59:34.4694912,-0.0114942923589225
2022-12-19T15:59:34.4835072,0.00265189932229863
2022-12-19T15:59:34.4839936,-0.00129587512927513
2022-12-19T15:59:34.4843520,0.00396782414447519
2022-12-19T15:59:34.4846720,0.00363884293869718
2022-12-19T15:59:34.4848384,0.00627069258928915
2022-12-19T15:59:34.4849536,-0.00458568715513909
2022-12-19T15:59:34.4983936,0.00528374896914695
2022-12-19T15:59:34.4985728,0.0348920581872335
2022-12-19T15:59:34.4987008,-0.0269564085203087
2022-12-19T15:59:34.4988160,0.0615395375786094
2022-12-19T15:59:34.4989312,0.0194299409923665
2022-12-19T15:59:34.4990336,-0.0378127877497363
2022-12-19T15:59:34.4991360,0.0927927554883916
2022-12-19T15:59:34.4992384,-0.018731878689657
2022-12-19T15:59:34.5084032,0.0414716826313227
2022-12-19T15:59:34.5086464,0.00956050466658112
2022-12-19T15:59:34.5088256,0.0194299409923665
2022-12-19T15:59:34.5089536,-0.014126141942392
2022-12-19T15:59:34.5090688,-0.0220216906334693
2022-12-19T15:59:34.5091712,0.06055259387879
2022-12-19T15:59:34.5092736,-0.0805803406779723
2022-12-19T15:59:34.5184256,0.0135082791799726
2022-12-19T15:59:34.5186688,0.00100699329808449
2022-12-19T15:59:34.5188224,-0.0536038845136896
2022-12-19T15:59:34.5189376,-0.00919142396525881
2022-12-19T15:59:34.5191808,0.00890254224987264
2022-12-19T15:59:34.5321600,-0.00491466835687079
2022-12-19T15:59:34.5323904,0.0151531852338741
2022-12-19T15:59:34.5325696,-0.00359874354901193
2022-12-19T15:59:34.5327744,0.00166495570730275
2022-12-19T15:59:34.5329024,-0.0144551231396295
2022-12-19T15:59:34.5487744,0.000678012093708949
2022-12-19T15:59:34.5491200,0.0391688140686815
2022-12-19T15:59:34.5494272,-0.0216927094397817
2022-12-19T15:59:34.5496192,0.0546309317101028
2022-12-19T15:59:34.5497600,0.0151531852338741
2022-12-19T15:59:34.5498752,-0.0503140727167894
2022-12-19T15:59:34.5500160,0.101346268013035
2022-12-19T15:59:34.5608064,-0.0128102171518951
2022-12-19T15:59:34.5610240,0.0125213355495117
2022-12-19T15:59:34.5611392,-0.0266274273289295
2022-12-19T15:59:34.5612544,0.0171270725037292
2022-12-19T15:59:34.5613824,-0.00623059316224477
2022-12-19T15:59:34.5614848,-0.0345229758796555
2022-12-19T15:59:34.5616000,0.0470643634586944
2022-12-19T15:59:34.5617024,-0.0799223783445401
2022-12-19T15:59:34.5704192,0.00725763621083642
2022-12-19T15:59:34.5707520,0.0118633731299873
2022-12-19T15:59:34.5709056,-0.0608414704134819
2022-12-19T15:59:34.5710848,-0.0207057658577945
2022-12-19T15:59:34.5713408,0.005941711382419
2022-12-19T15:59:34.5715200,-0.00458568715513909
2022-12-19T15:59:34.5832832,0.00890254224987264
2022-12-19T15:59:34.5835904,0.000678012093708949
2022-12-19T15:59:34.5837696,0.00923152345814872
2022-12-19T15:59:34.5838848,0.00199393691214557
2022-12-19T15:59:34.5840000,2.00496854250026E-05
2022-12-19T15:59:34.5932416,0.0177850349282693
2022-12-19T15:59:34.5935488,-0.0197188222744198
2022-12-19T15:59:34.5937408,0.0628554625139439
2022-12-19T15:59:34.5938688,0.0121923543396712
2022-12-19T15:59:34.5939968,-0.0539328656925445
2022-12-19T15:59:34.5941120,0.0743698058076459
2022-12-19T15:59:34.6033152,-0.0397866748644434
2022-12-19T15:59:34.6037760,0.0253516028556522
2022-12-19T15:59:34.6041088,-0.00524364955844718
2022-12-19T15:59:34.6043776,-0.00195383753569171
2022-12-19T15:59:34.6047744,-0.00425670595325207
2022-12-19T15:59:34.6226816,-0.0220216906334693
2022-12-19T15:59:34.6230016,0.0434455699769174
2022-12-19T15:59:34.6231936,-0.0766325666683836
2022-12-19T15:59:34.6233216,0.0237066967774044
2022-12-19T15:59:34.6234368,0.00298088052760892
2022-12-19T15:59:34.6235520,-0.0536038845136896
2022-12-19T15:59:34.6343680,-0.00162485633256119
2022-12-19T15:59:34.6346752,0.0115343919204599
2022-12-19T15:59:34.6349312,-0.00359874354901193
2022-12-19T15:59:34.6351360,0.0164691100798168
2022-12-19T15:59:34.6352640,0.0187719785662566
2022-12-19T15:59:34.6353792,0.00133597450261574
2022-12-19T15:59:34.6354816,-0.0108363299615074
2022-12-19T15:59:34.6355968,-0.00162485633256119
2022-12-19T15:59:34.6356992,0.0283124338064231
2022-12-19T15:59:34.6493952,-0.0151130855336409
2022-12-19T15:59:34.6497024,0.0368659455138072
2022-12-19T15:59:34.6499712,0.00462578655649906
2022-12-19T15:59:34.6501248,-0.0414315807891646
2022-12-19T15:59:34.6502400,0.0806204493925027
2022-12-19T15:59:34.6503424,-0.0292592768556604
2022-12-19T15:59:34.6593280,0.0246936404238808
2022-12-19T15:59:34.6596480,-0.00359874354901193
2022-12-19T15:59:34.6598400,0.00462578655649906
2022-12-19T15:59:34.6599552,-0.00326976234665881
2022-12-19T15:59:34.6600704,-0.0364968630035403
2022-12-19T15:59:34.6601856,0.0411427014076124
2022-12-19T15:59:34.6603008,-0.0651182256834811
2022-12-19T15:59:34.6706432,0.0256805840717742
2022-12-19T15:59:34.6710656,0.0260095652880537
2022-12-19T15:59:34.6712960,-0.0499850915362638
2022-12-19T15:59:34.6714240,2.00496854250026E-05
2022-12-19T15:59:34.6715264,0.019100959779233
2022-12-19T15:59:34.6839552,-0.00228281873866669
2022-12-19T15:59:34.6842112,-0.00524364955844718
2022-12-19T15:59:34.6843520,0.00692865500349785
2022-12-19T15:59:34.6844928,-0.0134681795474529
2022-12-19T15:59:34.6847360,-0.0180739162990437
2022-12-19T15:59:34.6850304,0.0177850349282693
2022-12-19T15:59:34.6993920,0.028970396241662
2022-12-19T15:59:34.6996992,-0.0137971607449997
2022-12-19T15:59:34.6999552,0.0467353822322834
2022-12-19T15:59:34.7001344,0.00659967379631543
2022-12-19T15:59:34.7002624,-0.0427475055261936
2022-12-19T15:59:34.7003648,0.0858841492986537
2022-12-19T15:59:34.7004672,-0.0470242609046887
2022-12-19T15:59:34.7092864,0.0306153023325207
2022-12-19T15:59:34.7095296,0.0181140161407747
2022-12-19T15:59:34.7096704,-0.00655957436320019
2022-12-19T15:59:34.7097856,-0.0111653111602924
2022-12-19T15:59:34.7099008,-0.0236665965995966
2022-12-19T15:59:34.7100032,0.0480513071388821
2022-12-19T15:59:34.7101184,-0.0618284139395945
2022-12-19T15:59:34.7207168,0.0273254901547475
2022-12-19T15:59:34.7209984,0.00396782414447519
2022-12-19T15:59:34.7211392,-0.0684080374122746
2022-12-19T15:59:34.7212800,-0.0154420667304147
2022-12-19T15:59:34.7214208,0.0105474482928166
2022-12-19T15:59:34.7335168,-0.00886244276554422
2022-12-19T15:59:34.7338240,-0.00655957436320019
2022-12-19T15:59:34.7340032,0.00363884293869718
2022-12-19T15:59:34.7341184,-0.00162485633256119
2022-12-19T15:59:34.7342208,-0.0101783675634727
2022-12-19T15:59:34.7343232,0.0161401288680959
2022-12-19T15:59:34.7452672,0.0460774197799385
2022-12-19T15:59:34.7455872,-0.000637912722236303
2022-12-19T15:59:34.7457408,0.0615395375786094
2022-12-19T15:59:34.7458560,0.00627069258928915
2022-12-19T15:59:34.7459584,-0.0348519570673523
2022-12-19T15:59:34.7460736,0.0760147120085432
2022-12-19T15:59:34.7548416,-0.0384707501219167
2022-12-19T15:59:34.7551360,0.0273254901547475
2022-12-19T15:59:34.7554176,0.005941711382419
2022-12-19T15:59:34.7556736,-0.00721753676464547
2022-12-19T15:59:34.7558016,-0.0161000291234987
2022-12-19T15:59:34.7559168,-0.0299172392358072
2022-12-19T15:59:34.7684224,0.034234095746308
2022-12-19T15:59:34.7687296,-0.0605124892378086
2022-12-19T15:59:34.7688960,0.0158111476565318
2022-12-19T15:59:34.7690112,0.0210748470603906
2022-12-19T15:59:34.7691520,-0.0450503738101221
2022-12-19T15:59:34.7831680,0.028970396241662
2022-12-19T15:59:34.7835008,0.0418006638551917
2022-12-19T15:59:34.7837824,-0.0595255457098809
2022-12-19T15:59:34.7839616,-0.0480112044499164
2022-12-19T15:59:34.7840768,-0.00195383753569171
2022-12-19T15:59:34.7841920,-0.0276143709026059
2022-12-19T15:59:34.7842944,-0.0312331639942593
2022-12-19T15:59:34.7948544,-0.000637912722236303
2022-12-19T15:59:34.7951744,0.0378528891792314
2022-12-19T15:59:34.7953664,-0.00129587512927513
2022-12-19T15:59:34.7954944,0.0362079830709829
2022-12-19T15:59:34.7955968,0.00857356104175289
2022-12-19T15:59:34.7956992,-0.0325490887502571
2022-12-19T15:59:34.7958144,0.068448143517735
2022-12-19T15:59:34.8044544,-0.0256404837538696
2022-12-19T15:59:34.8047616,0.0279834525890402
2022-12-19T15:59:34.8049536,0.0223907719176392
2022-12-19T15:59:34.8050816,0.000678012093708949
2022-12-19T15:59:34.8051968,-0.00129587512927513
2022-12-19T15:59:34.8052992,-0.0378127877497363
2022-12-19T15:59:34.8164736,0.0388398328460813
2022-12-19T15:59:34.8167424,-0.0407736184197342
2022-12-19T15:59:34.8168704,0.0286414150239637
2022-12-19T15:59:34.8169856,0.00429680535040913
2022-12-19T15:59:34.8171008,-0.0532749033346829
2022-12-19T15:59:34.8284800,0.010218467083915
2022-12-19T15:59:34.8286976,0.011205410711089
2022-12-19T15:59:34.8288128,0.00627069258928915
2022-12-19T15:59:34.8289280,-0.0055726307598683
2022-12-19T15:59:34.8290432,0.0082445798337894
2022-12-19T15:59:34.8291456,-0.0108363299615074
2022-12-19T15:59:34.8401664,-0.0121522547557184
2022-12-19T15:59:34.8404608,0.00890254224987264
2022-12-19T15:59:34.8406272,0.0325891896467616
2022-12-19T15:59:34.8407680,-0.02596946494571
2022-12-19T15:59:34.8409472,0.0467353822322834
2022-12-19T15:59:34.8410880,0.0144952228118434
2022-12-19T15:59:34.8529536,-0.0299172392358072
2022-12-19T15:59:34.8532736,0.090489886750532
2022-12-19T15:59:34.8534784,-0.0358389006295243
2022-12-19T15:59:34.8536064,0.0312732647699692
2022-12-19T15:59:34.8537216,0.0154821664451246
2022-12-19T15:59:34.8538368,0.000678012093708949
2022-12-19T15:59:34.8661632,-0.0223506718270028
2022-12-19T15:59:34.8667392,-0.0322201075614877
2022-12-19T15:59:34.8670848,0.0250226216396877
2022-12-19T15:59:34.8672384,-0.0562357339402814
2022-12-19T15:59:34.8673536,0.0306153023325207
2022-12-19T15:59:34.8674688,0.0144952228118434
2022-12-19T15:59:34.8820992,-0.0305752016153402
2022-12-19T15:59:34.8824192,-0.000637912722236303
2022-12-19T15:59:34.8826880,0.00495476776274499
2022-12-19T15:59:34.8829312,-0.0137971607449997
2022-12-19T15:59:34.8832000,-0.00129587512927513
2022-12-19T15:59:34.8833536,0.00923152345814872
2022-12-19T15:59:34.8834688,-0.00294078114415022
2022-12-19T15:59:34.8988288,0.00199393691214557
2022-12-19T15:59:34.8991104,0.00528374896914695
2022-12-19T15:59:34.8992640,0.0243646592082312
2022-12-19T15:59:34.8994048,-0.0161000291234987
2022-12-19T15:59:34.8995456,0.0477223259119937
2022-12-19T15:59:34.8996864,0.00166495570730275
2022-12-19T15:59:34.8998656,-0.0272853897115341
2022-12-19T15:59:34.8999936,0.0628554625139439
2022-12-19T15:59:34.9101568,-0.0411025996045257
2022-12-19T15:59:34.9104128,0.0233777155622271
2022-12-19T15:59:34.9105792,0.0131792979696624
2022-12-19T15:59:34.9107072,0.000349030889489121
2022-12-19T15:59:34.9108096,0.0115343919204599
2022-12-19T15:59:34.9109248,-0.0318911263725649
2022-12-19T15:59:34.9110272,0.0210748470603906
2022-12-19T15:59:34.9111424,-0.0549198092281989
2022-12-19T15:59:34.9202304,0.0250226216396877
2022-12-19T15:59:34.9205504,0.0246936404238808
2022-12-19T15:59:34.9207424,-0.0493271291747564
2022-12-19T15:59:34.9208576,0.0115343919204599
2022-12-19T15:59:34.9210880,-0.0055726307598683
2022-12-19T15:59:34.9212800,-0.000308931518483477
2022-12-19T15:59:34.9331072,-0.0039277247512097
2022-12-19T15:59:34.9334528,0.010218467083915
2022-12-19T15:59:34.9337472,-0.0108363299615074
2022-12-19T15:59:34.9339520,-0.00425670595325207
2022-12-19T15:59:34.9340800,0.0108764295018745
2022-12-19T15:59:34.9430272,0.0296283586775321
2022-12-19T15:59:34.9433472,-0.00952040516481843
2022-12-19T15:59:34.9435264,0.0496962132757115
2022-12-19T15:59:34.9436416,0.00265189932229863
2022-12-19T15:59:34.9437568,-0.0239955777923602
2022-12-19T15:59:34.9438720,0.0740408245679497
2022-12-19T15:59:34.9525248,-0.0522879597967521
2022-12-19T15:59:34.9528192,0.0283124338064231
2022-12-19T15:59:34.9530880,0.0184429973534371
2022-12-19T15:59:34.9533440,-0.0128102171518951
2022-12-19T15:59:34.9535104,0.000349030889489121
2022-12-19T15:59:34.9624576,-0.0374838065634167
2022-12-19T15:59:34.9627392,0.0319312272080495
2022-12-19T15:59:34.9629696,-0.0526169409762142
2022-12-19T15:59:34.9632128,0.0322602084273265
2022-12-19T15:59:34.9633664,0.0164691100798168
2022-12-19T15:59:34.9745152,-0.0420895431579843
2022-12-19T15:59:34.9747840,0.010218467083915
2022-12-19T15:59:34.9750016,-0.00886244276554422
2022-12-19T15:59:34.9751552,2.00496854250026E-05
2022-12-19T15:59:34.9753088,-0.00491466835687079
2022-12-19T15:59:34.9854592,0.011205410711089
2022-12-19T15:59:34.9857536,-0.00688855556400039
2022-12-19T15:59:34.9859072,-0.00458568715513909
2022-12-19T15:59:34.9861248,0.0118633731299873
2022-12-19T15:59:34.9863552,0.0355500206287917
2022-12-19T15:59:34.9865344,-0.0075465179651354
2022-12-19T15:59:34.9950464,0.0447614948771567
2022-12-19T15:59:34.9953024,0.010218467083915
2022-12-19T15:59:34.9954560,-0.0463662985404424
2022-12-19T15:59:34.9956096,0.0763436932492061
2022-12-19T15:59:34.9957504,-0.0536038845136896
2022-12-19T15:59:35.0095232,0.0204168846327095
2022-12-19T15:59:35.0097024,0.0233777155622271
2022-12-19T15:59:35.0098304,-0.0262984461373967
2022-12-19T15:59:35.0099456,0.00495476776274499
2022-12-19T15:59:35.0100480,-0.0305752016153402
2022-12-19T15:59:35.0213760,0.0371949267354569
2022-12-19T15:59:35.0217472,-0.0582096210038585
2022-12-19T15:59:35.0220416,0.028970396241662
2022-12-19T15:59:35.0223104,0.0164691100798168
2022-12-19T15:59:35.0224512,-0.0384707501219167
2022-12-19T15:59:35.0225920,0.00890254224987264
2022-12-19T15:59:35.0226944,-0.00294078114415022
2022-12-19T15:59:35.0323840,-0.00491466835687079
2022-12-19T15:59:35.0326272,-0.0075465179651354
2022-12-19T15:59:35.0327808,0.0118633731299873
2022-12-19T15:59:35.0328960,-0.0124812359538841
2022-12-19T15:59:35.0330112,-0.0101783675634727
2022-12-19T15:59:35.0331264,0.00462578655649906
2022-12-19T15:59:35.0423936,0.0454194573282296
2022-12-19T15:59:35.0425728,-0.0105073487625675
2022-12-19T15:59:35.0427008,0.0543019504800269
2022-12-19T15:59:35.0427776,-0.00162485633256119
2022-12-19T15:59:35.0428544,-0.0348519570673523
2022-12-19T15:59:35.0429184,0.0730538808498274
2022-12-19T15:59:35.0518272,-0.0457083361755869
2022-12-19T15:59:35.0519424,0.0283124338064231
2022-12-19T15:59:35.0520192,0.0194299409923665
2022-12-19T15:59:35.0520960,-0.0289302956653566
2022-12-19T15:59:35.0618112,0.00298088052760892
2022-12-19T15:59:35.0620416,-0.0256404837538696
2022-12-19T15:59:35.0621952,0.0362079830709829
2022-12-19T15:59:35.0623360,-0.0447213926271611
2022-12-19T15:59:35.0624768,0.0144952228118434
2022-12-19T15:59:35.0720384,0.0161401288680959
2022-12-19T15:59:35.0722048,-0.0614994327643749
2022-12-19T15:59:35.0723584,0.0187719785662566
2022-12-19T15:59:35.0724992,-0.0039277247512097
2022-12-19T15:59:35.0726016,-0.00655957436320019
2022-12-19T15:59:35.0833408,0.00561273017570495
2022-12-19T15:59:35.0834560,0.00988948587516988
2022-12-19T15:59:35.0835328,-0.0170869727119661
2022-12-19T15:59:35.0835968,2.00496854250026E-05
2022-12-19T15:59:35.0836736,0.00890254224987264
2022-12-19T15:59:35.0929920,0.034234095746308
2022-12-19T15:59:35.0932096,-0.0180739162990437
2022-12-19T15:59:35.0933632,0.037523907957265
2022-12-19T15:59:35.0935040,0.0158111476565318
2022-12-19T15:59:35.0935936,-0.0443924114440477
2022-12-19T15:59:35.0936704,0.064829349921753
2022-12-19T15:59:35.1028864,-0.0539328656925445
2022-12-19T15:59:35.1030400,0.0233777155622271
2022-12-19T15:59:35.1031424,0.0217328094887004
2022-12-19T15:59:35.1032192,-0.0299172392358072
2022-12-19T15:59:35.1032960,-0.0114942923589225
2022-12-19T15:59:35.1142272,-0.0368258441903187
2022-12-19T15:59:35.1143808,0.0401557577374334
2022-12-19T15:59:35.1144832,-0.0578806398269743
2022-12-19T15:59:35.1145728,0.0164691100798168
2022-12-19T15:59:35.1146624,0.0240356779927391
2022-12-19T15:59:35.1241984,-0.0361678818166088
2022-12-19T15:59:35.1243392,0.0194299409923665
2022-12-19T15:59:35.1244416,0.010218467083915
2022-12-19T15:59:35.1245312,-0.0114942923589225
2022-12-19T15:59:35.1246208,-0.0078754991654702
2022-12-19T15:59:35.1399296,0.0131792979696624
2022-12-19T15:59:35.1401856,-0.00294078114415022
2022-12-19T15:59:35.1403904,-0.0085334615656746
2022-12-19T15:59:35.1405440,-0.00491466835687079
2022-12-19T15:59:35.1407104,0.0214038282744669
2022-12-19T15:59:35.1503872,-0.0128102171518951
2022-12-19T15:59:35.1506176,0.0414716826313227
2022-12-19T15:59:35.1507840,0.0187719785662566
2022-12-19T15:59:35.1508992,-0.0460373173580908
2022-12-19T15:59:35.1509888,0.0743698058076459
2022-12-19T15:59:35.1510784,-0.0476822232683261
2022-12-19T15:59:35.1511680,0.0253516028556522
2022-12-19T15:59:35.1512576,0.019100959779233
2022-12-19T15:59:35.1607936,-0.0223506718270028
2022-12-19T15:59:35.1609600,0.0115343919204599
2022-12-19T15:59:35.1611264,-0.0184028974944275
2022-12-19T15:59:35.1612672,0.0401557577374334
2022-12-19T15:59:35.1613696,-0.0522879597967521
2022-12-19T15:59:35.1614336,0.0237066967774044
2022-12-19T15:59:35.1706624,0.0227197531323445
2022-12-19T15:59:35.1708416,-0.0460373173580908
2022-12-19T15:59:35.1709952,0.0171270725037292
2022-12-19T15:59:35.1710848,-0.0055726307598683
2022-12-19T15:59:35.1711616,-0.00129587512927513
2022-12-19T15:59:35.1833216,0.0210748470603906
2022-12-19T15:59:35.1836544,0.0299573398957038
2022-12-19T15:59:35.1838592,-0.0786064536758771
2022-12-19T15:59:35.1840896,-0.0256404837538696
2022-12-19T15:59:35.1842944,0.123716993599588
2022-12-19T15:59:35.1993088,0.064829349921753
2022-12-19T15:59:35.1995904,-0.0335360323156458
2022-12-19T15:59:35.1997312,0.00429680535040913
2022-12-19T15:59:35.1998464,-0.0078754991654702
2022-12-19T15:59:35.1999360,-0.0414315807891646
2022-12-19T15:59:35.2000384,0.101346268013035
2022-12-19T15:59:35.2111616,-0.0601835080619839
2022-12-19T15:59:35.2113920,0.0184429973534371
2022-12-19T15:59:35.2115456,0.0214038282744669
2022-12-19T15:59:35.2116608,-0.0246535401774255
2022-12-19T15:59:35.2117632,-0.00195383753569171
2022-12-19T15:59:35.2118656,-0.0437344490773635
2022-12-19T15:59:35.2119808,0.0329181708663548
2022-12-19T15:59:35.2120960,-0.0489981479937746
2022-12-19T15:59:35.2227968,0.0164691100798168
2022-12-19T15:59:35.2231040,0.0214038282744669
2022-12-19T15:59:35.2232960,-0.0499850915362638
2022-12-19T15:59:35.2234240,0.0286414150239637
2022-12-19T15:59:35.2235648,-0.00294078114415022
2022-12-19T15:59:35.2236928,-0.0039277247512097
2022-12-19T15:59:35.2345088,0.00166495570730275
2022-12-19T15:59:35.2348672,0.0237066967774044
2022-12-19T15:59:35.2351104,-0.0200478034690322
2022-12-19T15:59:35.2353280,2.00496854250026E-05
2022-12-19T15:59:35.2355328,0.010218467083915
2022-12-19T15:59:35.2356736,0.0200879034191048
2022-12-19T15:59:35.2507392,-0.0147841043367125
2022-12-19T15:59:35.2511104,0.0418006638551917
2022-12-19T15:59:35.2513280,0.0108764295018745
2022-12-19T15:59:35.2517120,-0.0272853897115341
2022-12-19T15:59:35.2520448,0.0710799934179284
2022-12-19T15:59:35.2523008,-0.0575516586499388
2022-12-19T15:59:35.2665472,0.0325891896467616
2022-12-19T15:59:35.2669312,0.0362079830709829
2022-12-19T15:59:35.2671104,-0.0345229758796555
2022-12-19T15:59:35.2672256,0.0144952228118434
2022-12-19T15:59:35.2673664,-0.0266274273289295
2022-12-19T15:59:35.2674944,0.0312732647699692
2022-12-19T15:59:35.2676224,-0.0420895431579843
2022-12-19T15:59:35.2677248,0.00429680535040913
2022-12-19T15:59:35.2844672,0.011205410711089
2022-12-19T15:59:35.2848256,-0.0460373173580908
2022-12-19T15:59:35.2850048,0.0167980912916946
2022-12-19T15:59:35.2851328,-0.00491466835687079
2022-12-19T15:59:35.2852480,-0.027943352093524
2022-12-19T15:59:35.2853632,0.0082445798337894
2022-12-19T15:59:35.2854784,0.0174560537159208
2022-12-19T15:59:35.2855808,-0.0262984461373967
2022-12-19T15:59:35.2995456,0.005941711382419
2022-12-19T15:59:35.2999296,-0.00129587512927513
2022-12-19T15:59:35.3001856,0.0358790018498081
2022-12-19T15:59:35.3003520,-0.00688855556400039
2022-12-19T15:59:35.3004800,0.0362079830709829
2022-12-19T15:59:35.3005952,0.0105474482928166
2022-12-19T15:59:35.3006976,-0.0427475055261936
2022-12-19T15:59:35.3008384,0.0710799934179284
2022-12-19T15:59:35.3009536,-0.0559067527624882
2022-12-19T15:59:35.3175168,0.0220617907030912
2022-12-19T15:59:35.3177600,0.027654471371815
2022-12-19T15:59:35.3178880,-0.0341939946918055
2022-12-19T15:59:35.3180032,0.00791559862598218
2022-12-19T15:59:35.3181056,-0.0239955777923602
2022-12-19T15:59:35.3182208,0.0339051145260825
2022-12-19T15:59:35.3183488,-0.0473532420865835
2022-12-19T15:59:35.3184512,0.0148242040227804
2022-12-19T15:59:35.3328000,0.0260095652880537
2022-12-19T15:59:35.3331584,-0.0555777715845434
2022-12-19T15:59:35.3334144,0.0325891896467616
2022-12-19T15:59:35.3336320,-0.0207057658577945
2022-12-19T15:59:35.3338496,-0.00688855556400039
2022-12-19T15:59:35.3339648,0.0148242040227804
2022-12-19T15:59:35.3340672,0.00791559862598218
2022-12-19T15:59:35.3341824,-0.0328780699388733
2022-12-19T15:59:35.3512064,-0.00984938636422307
2022-12-19T15:59:35.3514496,0.00495476776274499
2022-12-19T15:59:35.3515776,0.0105474482928166
2022-12-19T15:59:35.3516928,-0.0289302956653566
2022-12-19T15:59:35.3517952,0.0378528891792314
2022-12-19T15:59:35.3519104,0.0115343919204599
2022-12-19T15:59:35.3520128,-0.027943352093524
2022-12-19T15:59:35.3521280,0.0654873123923055
2022-12-19T15:59:35.3661696,-0.0414315807891646
2022-12-19T15:59:35.3665280,0.0233777155622271
2022-12-19T15:59:35.3667712,0.0470643634586944
2022-12-19T15:59:35.3669120,-0.0318911263725649
2022-12-19T15:59:35.3670272,0.0250226216396877
2022-12-19T15:59:35.3671296,-0.0137971607449997
2022-12-19T15:59:35.3672320,0.043774551201739
2022-12-19T15:59:35.3673472,-0.0437344490773635
2022-12-19T15:59:35.3674880,0.0115343919204599
2022-12-19T15:59:35.3842816,0.028970396241662
2022-12-19T15:59:35.3847808,-0.0730137738072749
2022-12-19T15:59:35.3850368,0.0233777155622271
2022-12-19T15:59:35.3852032,-0.00590161196113415
2022-12-19T15:59:35.3853184,-0.00984938636422307
2022-12-19T15:59:35.3854336,0.00692865500349785
2022-12-19T15:59:35.3855360,0.00956050466658112
2022-12-19T15:59:35.3856384,-0.0177449351035055
2022-12-19T15:59:35.3997952,-0.0476822232683261
2022-12-19T15:59:35.4001408,0.00232291811714419
2022-12-19T15:59:35.4004608,0.0115343919204599
2022-12-19T15:59:35.4006528,-0.0216927094397817
2022-12-19T15:59:35.4007936,0.0306153023325207
2022-12-19T15:59:35.4009344,0.0082445798337894
2022-12-19T15:59:35.4010624,-0.0401156560496931
2022-12-19T15:59:35.4012032,0.0763436932492061
2022-12-19T15:59:35.4013440,-0.0483401856313546
2022-12-19T15:59:35.4181632,0.0269965089378377
2022-12-19T15:59:35.4185088,0.0493672320480272
2022-12-19T15:59:35.4187008,-0.0345229758796555
2022-12-19T15:59:35.4188672,0.0378528891792314
2022-12-19T15:59:35.4190208,-0.0256404837538696
2022-12-19T15:59:35.4192384,0.0411427014076124
2022-12-19T15:59:35.4196736,-0.0374838065634167
2022-12-19T15:59:35.4199040,0.005941711382419
2022-12-19T15:59:35.4335744,0.0227197531323445
2022-12-19T15:59:35.4339456,-0.0516299974373722
2022-12-19T15:59:35.4343808,0.0214038282744669
2022-12-19T15:59:35.4346752,-0.00458568715513909
2022-12-19T15:59:35.4349440,-0.0111653111602924
2022-12-19T15:59:35.4351872,0.00396782414447519
2022-12-19T15:59:35.4354432,0.00956050466658112
2022-12-19T15:59:35.4357376,-0.297707879129465
2022-12-19T15:59:35.4359040,-0.000637912722236303
2022-12-19T15:59:35.4460160,0.00988948587516988
2022-12-19T15:59:35.4462848,0.0316022459889304
2022-12-19T15:59:35.4465152,-0.0272853897115341
2022-12-19T15:59:35.4466560,0.0388398328460813
2022-12-19T15:59:35.4467968,-0.00984938636422307
2022-12-19T15:59:35.4469248,-0.0371548253769442
2022-12-19T15:59:35.4470272,0.0746987870475031
2022-12-19T15:59:35.4471424,-0.0545908280497991
2022-12-19T15:59:35.4556160,0.0296283586775321
2022-12-19T15:59:35.4558592,0.0302863211140333
2022-12-19T15:59:35.4560128,-0.0315621451834888
2022-12-19T15:59:35.4561536,0.043774551201739
2022-12-19T15:59:35.4562944,-0.0325490887502571
2022-12-19T15:59:35.4564224,0.0339051145260825
2022-12-19T15:59:35.4653952,-0.0536038845136896
2022-12-19T15:59:35.4656768,0.0108764295018745
2022-12-19T15:59:35.4658688,0.0204168846327095
2022-12-19T15:59:35.4659840,-0.0555777715845434
2022-12-19T15:59:35.4842240,0.0286414150239637
2022-12-19T15:59:35.4844544,-0.00655957436320019
2022-12-19T15:59:35.4845824,-0.00919142396525881
2022-12-19T15:59:35.4846976,2.00496854250026E-05
2022-12-19T15:59:35.4848000,0.0154821664451246
2022-12-19T15:59:35.4972288,-0.0147841043367125
2022-12-19T15:59:35.4975360,-0.00491466835687079
2022-12-19T15:59:35.4977152,0.00890254224987264
2022-12-19T15:59:35.4978688,0.0260095652880537
2022-12-19T15:59:35.4980736,-0.0368258441903187
2022-12-19T15:59:35.4982272,0.0253516028556522
2022-12-19T15:59:35.4983552,0.0118633731299873
2022-12-19T15:59:35.4984960,-0.0262984461373967
2022-12-19T15:59:35.4986240,0.0720669371331538
2022-12-19T15:59:35.5068672,-0.0496561103555861
2022-12-19T15:59:35.5070848,0.0296283586775321
2022-12-19T15:59:35.5072000,0.0401557577374334
2022-12-19T15:59:35.5073152,-0.0628153574643467
2022-12-19T15:59:35.5074176,0.0348920581872335
2022-12-19T15:59:35.5075456,-0.027943352093524
2022-12-19T15:59:35.5076480,0.0348920581872335
2022-12-19T15:59:35.5184384,-0.0427475055261936
2022-12-19T15:59:35.5186688,0.00298088052760892
2022-12-19T15:59:35.5187840,0.010218467083915
2022-12-19T15:59:35.5188992,-0.0384707501219167
2022-12-19T15:59:35.5190016,0.0220617907030912
2022-12-19T15:59:35.5331712,-0.00425670595325207
2022-12-19T15:59:35.5333888,-0.00359874354901193
2022-12-19T15:59:35.5335168,0.000349030889489121
2022-12-19T15:59:35.5336448,0.0299573398957038
2022-12-19T15:59:35.5337472,-0.0239955777923602
2022-12-19T15:59:35.5338624,-0.000637912722236303
2022-12-19T15:59:35.5457280,0.0154821664451246
2022-12-19T15:59:35.5460480,0.019100959779233
2022-12-19T15:59:35.5462144,-0.02596946494571
2022-12-19T15:59:35.5463168,0.0391688140686815
2022-12-19T15:59:35.5464448,0.010218467083915
2022-12-19T15:59:35.5465472,-0.0302462204256504
2022-12-19T15:59:35.5466496,0.0450904761026137
2022-12-19T15:59:35.5576448,-0.0476822232683261
2022-12-19T15:59:35.5579520,0.0483802883659295
2022-12-19T15:59:35.5581312,0.0385108516236395
2022-12-19T15:59:35.5582464,-0.0730137738072749
2022-12-19T15:59:35.5583616,0.0243646592082312
2022-12-19T15:59:35.5584640,-0.0276143709026059
2022-12-19T15:59:35.5677824,0.0332471520861059
2022-12-19T15:59:35.5681536,-0.0325490887502571
2022-12-19T15:59:35.5683712,0.0243646592082312
2022-12-19T15:59:35.5684992,0.0233777155622271
2022-12-19T15:59:35.5686016,-0.0624863762895804
2022-12-19T15:59:35.5687168,0.0286414150239637
2022-12-19T15:59:35.5829376,-0.0184028974944275
2022-12-19T15:59:35.5832448,-0.0075465179651354
2022-12-19T15:59:35.5834112,2.00496854250026E-05
2022-12-19T15:59:35.5835264,0.0167980912916946
2022-12-19T15:59:35.5836416,-0.0384707501219167
2022-12-19T15:59:35.5928448,0.00627069258928915
2022-12-19T15:59:35.5931520,0.0174560537159208
2022-12-19T15:59:35.5934080,0.0292993774595181
2022-12-19T15:59:35.5935744,-0.00688855556400039
2022-12-19T15:59:35.5937024,0.0368659455138072
2022-12-19T15:59:35.5938304,-0.00129587512927513
2022-12-19T15:59:35.5939328,-0.0335360323156458
2022-12-19T15:59:35.5940480,0.0799624869071432
2022-12-19T15:59:35.6029568,-0.0825542276746745
2022-12-19T15:59:35.6033024,-0.00162485633256119
2022-12-19T15:59:35.6034944,-0.0434054678937928
2022-12-19T15:59:35.6036352,-0.0927526437385855
2022-12-19T15:59:35.6037632,0.034234095746308
2022-12-19T15:59:35.6167552,-0.0348519570673523
2022-12-19T15:59:35.6170624,0.0575917627879726
2022-12-19T15:59:35.6172416,-0.00623059316224477
2022-12-19T15:59:35.6173568,0.0181140161407747
2022-12-19T15:59:35.6174720,0.0164691100798168
2022-12-19T15:59:35.6267136,-0.0565647151179231
2022-12-19T15:59:35.6269696,0.0362079830709829
2022-12-19T15:59:35.6270976,-0.0039277247512097
2022-12-19T15:59:35.6272128,-0.0111653111602924
2022-12-19T15:59:35.6273280,-0.00228281873866669
2022-12-19T15:59:35.6274432,0.00495476776274499
2022-12-19T15:59:35.6275712,-0.0124812359538841
2022-12-19T15:59:35.6381312,-0.00458568715513909
2022-12-19T15:59:35.6384000,0.0164691100798168
2022-12-19T15:59:35.6386688,0.0214038282744669
2022-12-19T15:59:35.6388352,-0.00820448036564994
2022-12-19T15:59:35.6389504,0.0467353822322834
2022-12-19T15:59:35.6503808,0.0214038282744669
2022-12-19T15:59:35.6506880,-0.0299172392358072
2022-12-19T15:59:35.6509312,0.0513411194165228
2022-12-19T15:59:35.6510976,-0.0450503738101221
2022-12-19T15:59:35.6512128,0.0125213355495117
2022-12-19T15:59:35.6604800,0.0240356779927391
2022-12-19T15:59:35.6607104,-0.0720268302965437
2022-12-19T15:59:35.6608256,0.0243646592082312
2022-12-19T15:59:35.6609408,-0.027943352093524
2022-12-19T15:59:35.6610432,0.0279834525890402
2022-12-19T15:59:35.6611712,-0.0374838065634167
2022-12-19T15:59:35.6612736,0.0161401288680959
2022-12-19T15:59:35.6704384,0.0204168846327095
2022-12-19T15:59:35.6706560,-0.0542618468712477
2022-12-19T15:59:35.6707840,0.0286414150239637
2022-12-19T15:59:35.6708992,-0.00359874354901193
2022-12-19T15:59:35.6710144,-0.0121522547557184
2022-12-19T15:59:35.6842368,0.00495476776274499
2022-12-19T15:59:35.6848128,0.0131792979696624
2022-12-19T15:59:35.6851584,-0.018731878689657
2022-12-19T15:59:35.6853120,0.0115343919204599
2022-12-19T15:59:35.6854400,0.0125213355495117
2022-12-19T15:59:35.6996992,0.0204168846327095
2022-12-19T15:59:35.7000064,-0.00162485633256119
2022-12-19T15:59:35.7002624,0.0253516028556522
2022-12-19T15:59:35.7004288,0.00725763621083642
2022-12-19T15:59:35.7005696,-0.0332070511273362
2022-12-19T15:59:35.7006848,0.0473933446852645
2022-12-19T15:59:35.7008000,-0.0473532420865835
2022-12-19T15:59:35.7114240,0.0154821664451246
2022-12-19T15:59:35.7116800,0.0302863211140333
2022-12-19T15:59:35.7118080,-0.077948491340646
2022-12-19T15:59:35.7119104,0.0260095652880537
2022-12-19T15:59:35.7120128,-0.0220216906334693
2022-12-19T15:59:35.7121408,0.0256805840717742
2022-12-19T15:59:35.7122432,-0.0568936962954132
2022-12-19T15:59:35.7209856,0.0174560537159208
2022-12-19T15:59:35.7213824,0.0230487343472071
2022-12-19T15:59:35.7215488,-0.0332070511273362
2022-12-19T15:59:35.7216640,0.0411427014076124
2022-12-19T15:59:35.7217664,-0.00623059316224477
2022-12-19T15:59:35.7218816,-0.00886244276554422
2022-12-19T15:59:35.7332608,0.0194299409923665
2022-12-19T15:59:35.7334784,0.019100959779233
2022-12-19T15:59:35.7335936,-0.0128102171518951
2022-12-19T15:59:35.7337088,0.00462578655649906
2022-12-19T15:59:35.7338112,0.00758661741833119
2022-12-19T15:59:35.7465856,0.0141662416010631
2022-12-19T15:59:35.7469312,-0.00491466835687079
2022-12-19T15:59:35.7471104,0.0444325136518585
2022-12-19T15:59:35.7472640,0.0141662416010631
2022-12-19T15:59:35.7474432,-0.0243245589849698
2022-12-19T15:59:35.7475840,0.0450904761026137
2022-12-19T15:59:35.7580672,-0.0443924114440477
2022-12-19T15:59:35.7583744,0.0273254901547475
2022-12-19T15:59:35.7586304,0.0266675277210854
2022-12-19T15:59:35.7587968,-0.0809093218444637
2022-12-19T15:59:35.7589120,0.0269965089378377
2022-12-19T15:59:35.7590400,-0.0272853897115341
2022-12-19T15:59:35.7591680,0.0302863211140333
2022-12-19T15:59:35.7700096,-0.0480112044499164
2022-12-19T15:59:35.7703808,0.011205410711089
2022-12-19T15:59:35.7705344,0.0197589222056571
2022-12-19T15:59:35.7706496,-0.0430764867100695
2022-12-19T15:59:35.7707776,0.0292993774595181
2022-12-19T15:59:35.7709952,-0.0075465179651354
2022-12-19T15:59:35.7834368,-0.00425670595325207
2022-12-19T15:59:35.7837440,0.0174560537159208
2022-12-19T15:59:35.7839104,0.0131792979696624
2022-12-19T15:59:35.7840384,-0.00261179994148619
2022-12-19T15:59:35.7841408,0.011205410711089
2022-12-19T15:59:35.7842560,0.00232291811714419
2022-12-19T15:59:35.7933440,0.0220617907030912
2022-12-19T15:59:35.7936768,0.00725763621083642
2022-12-19T15:59:35.7939328,0.0223907719176392
2022-12-19T15:59:35.7940864,-0.0114942923589225
2022-12-19T15:59:35.7942016,-0.0371548253769442
2022-12-19T15:59:35.7943040,0.0641713874518421
2022-12-19T15:59:35.8035072,-0.070052943271019
2022-12-19T15:59:35.8038400,0.0082445798337894
2022-12-19T15:59:35.8040448,0.0450904761026137
2022-12-19T15:59:35.8041728,-0.077948491340646
2022-12-19T15:59:35.8044160,0.0144952228118434
2022-12-19T15:59:35.8165504,-0.0276143709026059
2022-12-19T15:59:35.8170496,0.0256805840717742
2022-12-19T15:59:35.8173696,-0.0236665965995966
2022-12-19T15:59:35.8175360,0.0141662416010631
2022-12-19T15:59:35.8176512,0.0217328094887004
2022-12-19T15:59:35.8282496,-0.0378127877497363
2022-12-19T15:59:35.8285824,0.0335761333060152
2022-12-19T15:59:35.8287104,-0.0108363299615074
2022-12-19T15:59:35.8288256,-0.00228281873866669
2022-12-19T15:59:35.8289408,0.0266675277210854
2022-12-19T15:59:35.8290560,0.0210748470603906
2022-12-19T15:59:35.8291584,0.00627069258928915
2022-12-19T15:59:35.8402432,0.0125213355495117
2022-12-19T15:59:35.8405504,0.0279834525890402
2022-12-19T15:59:35.8408064,-0.000966893925833531
2022-12-19T15:59:35.8409600,-0.00129587512927513
2022-12-19T15:59:35.8411136,0.0322602084273265
2022-12-19T15:59:35.8412288,-0.000637912722236303
2022-12-19T15:59:35.8531456,-0.0368258441903187
2022-12-19T15:59:35.8535424,0.0381818704013563
2022-12-19T15:59:35.8537728,-0.0651182256834811
2022-12-19T15:59:35.8539264,0.00627069258928915
2022-12-19T15:59:35.8543872,0.0250226216396877
2022-12-19T15:59:35.8546432,-0.0901207944454991
2022-12-19T15:59:35.8630656,0.0200879034191048
2022-12-19T15:59:35.8633344,-0.0371548253769442
2022-12-19T15:59:35.8635008,0.0187719785662566
2022-12-19T15:59:35.8636288,-0.0318911263725649
2022-12-19T15:59:35.8637440,0.0135082791799726
2022-12-19T15:59:35.8638592,0.0240356779927391
2022-12-19T15:59:35.8796544,-0.0417605619736507
2022-12-19T15:59:35.8800256,0.0319312272080495
2022-12-19T15:59:35.8801920,-0.0269564085203087
2022-12-19T15:59:35.8803072,-0.0137971607449997
2022-12-19T15:59:35.8804352,0.00988948587516988
2022-12-19T15:59:35.8926080,0.00495476776274499
2022-12-19T15:59:35.8930688,-0.0157710479270339
2022-12-19T15:59:35.8932864,0.0174560537159208
2022-12-19T15:59:35.8934400,0.0174560537159208
2022-12-19T15:59:35.8935552,0.0115343919204599
2022-12-19T15:59:35.8936832,0.00462578655649906
2022-12-19T15:59:35.8937984,0.0355500206287917
2022-12-19T15:59:35.8939264,0.00528374896914695
2022-12-19T15:59:35.9026048,-0.0216927094397817
2022-12-19T15:59:35.9029760,0.0556178754012885
2022-12-19T15:59:35.9031936,-0.0358389006295243
2022-12-19T15:59:35.9033472,0.0108764295018745
2022-12-19T15:59:35.9034880,0.0355500206287917
2022-12-19T15:59:35.9035904,-0.0832121900057111
2022-12-19T15:59:35.9036928,0.0082445798337894
2022-12-19T15:59:35.9165184,-0.0453793549929307
2022-12-19T15:59:35.9168512,0.0128503167595087
2022-12-19T15:59:35.9171072,-0.0272853897115341
2022-12-19T15:59:35.9172864,2.00496854250026E-05
2022-12-19T15:59:35.9174528,0.0302863211140333
2022-12-19T15:59:35.9283200,-0.0473532420865835
2022-12-19T15:59:35.9286272,0.0480513071388821
2022-12-19T15:59:35.9289088,-0.0332070511273362
2022-12-19T15:59:35.9290880,-0.00129587512927513
2022-12-19T15:59:35.9292032,0.0194299409923665
2022-12-19T15:59:35.9293056,0.0105474482928166
2022-12-19T15:59:35.9294208,-0.00228281873866669
2022-12-19T15:59:35.9380480,-0.000308931518483477
2022-12-19T15:59:35.9383296,0.0154821664451246
2022-12-19T15:59:35.9384832,0.0260095652880537
2022-12-19T15:59:35.9386112,0.0151531852338741
2022-12-19T15:59:35.9388032,0.0296283586775321
2022-12-19T15:59:35.9389312,-0.000308931518483477
2022-12-19T15:59:35.9499392,-0.0312331639942593
2022-12-19T15:59:35.9501824,0.043774551201739
2022-12-19T15:59:35.9502976,-0.0420895431579843
2022-12-19T15:59:35.9504128,0.0217328094887004
2022-12-19T15:59:35.9598208,0.0204168846327095
2022-12-19T15:59:35.9600512,-0.0720268302965437
2022-12-19T15:59:35.9601792,0.0174560537159208
2022-12-19T15:59:35.9602944,-0.0417605619736507
2022-12-19T15:59:35.9604096,0.00232291811714419
2022-12-19T15:59:35.9605376,-0.00655957436320019
2022-12-19T15:59:35.9732352,0.00857356104175289
2022-12-19T15:59:35.9735552,0.0233777155622271
2022-12-19T15:59:35.9738240,-0.0460373173580908
2022-12-19T15:59:35.9740288,0.057920744019646
2022-12-19T15:59:35.9741568,-0.0243245589849698
2022-12-19T15:59:35.9848832,-0.0167579915159647
2022-12-19T15:59:35.9851904,0.0118633731299873
2022-12-19T15:59:35.9854464,0.0105474482928166
2022-12-19T15:59:35.9856000,-0.0230086342136077
2022-12-19T15:59:35.9857152,-0.0039277247512097
2022-12-19T15:59:35.9858176,0.0167980912916946
2022-12-19T15:59:35.9859200,0.0154821664451246
2022-12-19T15:59:35.9997952,0.00100699329808449
2022-12-19T15:59:36.0000512,0.0368659455138072
2022-12-19T15:59:36.0001792,0.0233777155622271
2022-12-19T15:59:36.0002944,-0.0345229758796555
2022-12-19T15:59:36.0003968,0.0345630769666917
2022-12-19T15:59:36.0005120,-0.0466952797226417
2022-12-19T15:59:36.0116352,0.00627069258928915
2022-12-19T15:59:36.0118656,0.0473933446852645
2022-12-19T15:59:36.0120192,-0.0591965645336023
2022-12-19T15:59:36.0121472,0.0115343919204599
2022-12-19T15:59:36.0122624,-0.0345229758796555
2022-12-19T15:59:36.0123776,0.00528374896914695
2022-12-19T15:59:36.0124928,-0.0197188222744198
2022-12-19T15:59:36.0228736,-0.0276143709026059
2022-12-19T15:59:36.0233216,0.0687771247546967
2022-12-19T15:59:36.0235648,-0.144073703063851
2022-12-19T15:59:36.0236928,0.0539729692501105
2022-12-19T15:59:36.0238720,0.027654471371815
2022-12-19T15:59:36.0240000,-0.0328780699388733
2022-12-19T15:59:36.0346112,0.0401557577374334
2022-12-19T15:59:36.0349440,-0.0167579915159647
2022-12-19T15:59:36.0351488,-0.0124812359538841
2022-12-19T15:59:36.0352640,0.0204168846327095
2022-12-19T15:59:36.0353920,0.00692865500349785
2022-12-19T15:59:36.0354944,0.000678012093708949
2022-12-19T15:59:36.0497408,-0.0085334615656746
2022-12-19T15:59:36.0499840,0.0253516028556522
2022-12-19T15:59:36.0500992,-0.00590161196113415
2022-12-19T15:59:36.0502144,-0.0269564085203087
2022-12-19T15:59:36.0503424,0.0414716826313227
2022-12-19T15:59:36.0504960,-0.0391287124934857
2022-12-19T15:59:36.0603392,0.0233777155622271
2022-12-19T15:59:36.0606592,0.0473933446852645
2022-12-19T15:59:36.0608256,-0.0861730204879722
2022-12-19T15:59:36.0609536,0.0223907719176392
2022-12-19T15:59:36.0610688,-0.0213637282459401
2022-12-19T15:59:36.0611840,0.00232291811714419
2022-12-19T15:59:36.0613120,-0.0295882580458106
2022-12-19T15:59:36.0700288,0.0171270725037292
2022-12-19T15:59:36.0703104,0.0227197531323445
2022-12-19T15:59:36.0704896,-0.0358389006295243
2022-12-19T15:59:36.0706432,0.0598946314130441
2022-12-19T15:59:36.0708096,-0.0167579915159647
2022-12-19T15:59:36.0709504,-0.017415953907813
2022-12-19T15:59:36.0831104,0.0115343919204599
2022-12-19T15:59:36.0832896,0.0115343919204599
2022-12-19T15:59:36.0834048,-0.0108363299615074
2022-12-19T15:59:36.0835072,-0.0108363299615074
2022-12-19T15:59:36.0935808,0.0187719785662566
2022-12-19T15:59:36.0938880,-0.00524364955844718
2022-12-19T15:59:36.0940544,0.005941711382419
2022-12-19T15:59:36.0941824,0.0335761333060152
2022-12-19T15:59:36.0942976,0.010218467083915
2022-12-19T15:59:36.0944000,-0.0266274273289295
2022-12-19T15:59:36.0945024,0.0477223259119937
2022-12-19T15:59:36.1037184,-0.0348519570673523
2022-12-19T15:59:36.1040512,0.0233777155622271
2022-12-19T15:59:36.1042560,0.0500251945035551
2022-12-19T15:59:36.1044096,-0.0661051692037028
2022-12-19T15:59:36.1046528,0.0253516028556522
2022-12-19T15:59:36.1166464,-0.0358389006295243
2022-12-19T15:59:36.1168640,0.00363884293869718
2022-12-19T15:59:36.1169792,-0.0216927094397817
2022-12-19T15:59:36.1170944,0.0138372603904395
2022-12-19T15:59:36.1172096,0.0250226216396877
2022-12-19T15:59:36.1296384,-0.0397866748644434
2022-12-19T15:59:36.1298688,0.0612105563451762
2022-12-19T15:59:36.1299968,-0.00524364955844718
2022-12-19T15:59:36.1300992,-0.0170869727119661
2022-12-19T15:59:36.1302144,0.0240356779927391
2022-12-19T15:59:36.1303296,0.019100959779233
2022-12-19T15:59:36.1304320,-0.00261179994148619
2022-12-19T15:59:36.1412736,-0.0055726307598683
2022-12-19T15:59:36.1415808,0.0177850349282693
2022-12-19T15:59:36.1417600,-0.000637912722236303
2022-12-19T15:59:36.1418752,0.0138372603904395
2022-12-19T15:59:36.1419904,0.0243646592082312
2022-12-19T15:59:36.1420928,-0.00655957436320019
2022-12-19T15:59:36.1513600,-0.0358389006295243
2022-12-19T15:59:36.1516544,0.0424586263034057
2022-12-19T15:59:36.1518464,-0.0522879597967521
2022-12-19T15:59:36.1519744,0.0184429973534371
2022-12-19T15:59:36.1520768,0.0299573398957038
2022-12-19T15:59:36.1521792,-0.0697239620995714
2022-12-19T15:59:36.1664896,0.0365369642923159
2022-12-19T15:59:36.1668736,-0.0328780699388733
2022-12-19T15:59:36.1671168,-0.00294078114415022
2022-12-19T15:59:36.1672704,-0.0230086342136077
2022-12-19T15:59:36.1673728,0.00561273017570495
2022-12-19T15:59:36.1762944,0.0286414150239637
2022-12-19T15:59:36.1766144,-0.0374838065634167
2022-12-19T15:59:36.1768064,0.0516701006451631
2022-12-19T15:59:36.1769216,-0.0210347470519443
2022-12-19T15:59:36.1770368,-0.0137971607449997
2022-12-19T15:59:36.1771520,0.0207458658464715
2022-12-19T15:59:36.1772544,0.0108764295018745
2022-12-19T15:59:36.1773568,-0.0078754991654702
2022-12-19T15:59:36.1864960,0.005941711382419
2022-12-19T15:59:36.1867392,0.011205410711089
2022-12-19T15:59:36.1868800,-0.000637912722236303
2022-12-19T15:59:36.1870080,0.00692865500349785
2022-12-19T15:59:36.1871104,0.0243646592082312
2022-12-19T15:59:36.2000768,-0.00162485633256119
2022-12-19T15:59:36.2004224,-0.0387997313077776
2022-12-19T15:59:36.2006400,0.0273254901547475
2022-12-19T15:59:36.2008320,-0.0437344490773635
2022-12-19T15:59:36.2010368,0.00133597450261574
2022-12-19T15:59:36.2119040,0.00791559862598218
2022-12-19T15:59:36.2123520,-0.0822252465089318
2022-12-19T15:59:36.2126464,0.0302863211140333
2022-12-19T15:59:36.2128128,-0.0289302956653566
2022-12-19T15:59:36.2129152,0.000678012093708949
2022-12-19T15:59:36.2130304,-0.0085334615656746
2022-12-19T15:59:36.2131328,0.00561273017570495
2022-12-19T15:59:36.2243456,0.0237066967774044
2022-12-19T15:59:36.2246528,-0.0496561103555861
2022-12-19T15:59:36.2249088,0.0529860255613189
2022-12-19T15:59:36.2251008,-0.0075465179651354
2022-12-19T15:59:36.2252160,-0.0236665965995966
2022-12-19T15:59:36.2253312,0.0237066967774044
2022-12-19T15:59:36.2345344,0.0115343919204599
2022-12-19T15:59:36.2347776,-0.0111653111602924
2022-12-19T15:59:36.2348928,0.00396782414447519
2022-12-19T15:59:36.2350080,0.00396782414447519
2022-12-19T15:59:36.2351232,-0.00491466835687079
2022-12-19T15:59:36.2352384,0.00758661741833119
2022-12-19T15:59:36.2499840,0.0339051145260825
2022-12-19T15:59:36.2503552,0.00232291811714419
2022-12-19T15:59:36.2505984,-0.0371548253769442
2022-12-19T15:59:36.2508544,0.0431165887522547
2022-12-19T15:59:36.2511360,-0.0516299974373722
2022-12-19T15:59:36.2634240,-0.0075465179651354
2022-12-19T15:59:36.2637440,0.0335761333060152
2022-12-19T15:59:36.2639232,-0.0542618468712477
2022-12-19T15:59:36.2640512,0.030944283551166
2022-12-19T15:59:36.2641664,-0.0338650135038022
2022-12-19T15:59:36.2642816,0.005941711382419
2022-12-19T15:59:36.2643840,-0.00326976234665881
2022-12-19T15:59:36.2644992,0.0250226216396877
2022-12-19T15:59:36.2732416,0.0214038282744669
2022-12-19T15:59:36.2735488,-0.0536038845136896
2022-12-19T15:59:36.2737408,0.0549599129403384
2022-12-19T15:59:36.2738560,-0.016429010319809
2022-12-19T15:59:36.2739712,-0.0055726307598683
2022-12-19T15:59:36.2740864,0.0391688140686815
2022-12-19T15:59:36.2849792,0.00133597450261574
2022-12-19T15:59:36.2853120,-0.0200478034690322
2022-12-19T15:59:36.2855680,0.0033098617330751
2022-12-19T15:59:36.2857088,0.00100699329808449
2022-12-19T15:59:36.2858240,-0.00162485633256119
2022-12-19T15:59:36.2998784,0.019100959779233
2022-12-19T15:59:36.3000960,0.0151531852338741
2022-12-19T15:59:36.3002240,-0.00491466835687079
2022-12-19T15:59:36.3003520,-0.0411025996045257
2022-12-19T15:59:36.3004544,0.0431165887522547
2022-12-19T15:59:36.3005696,-0.0460373173580908
2022-12-19T15:59:36.3116928,0.0171270725037292
2022-12-19T15:59:36.3119360,0.0325891896467616
2022-12-19T15:59:36.3120640,-0.0693949809279731
2022-12-19T15:59:36.3121792,0.0447614948771567
2022-12-19T15:59:36.3123200,-0.0220216906334693
2022-12-19T15:59:36.3124352,0.00627069258928915
2022-12-19T15:59:36.3125504,-0.0157710479270339
2022-12-19T15:59:36.3234560,0.019100959779233
2022-12-19T15:59:36.3237632,0.030944283551166
2022-12-19T15:59:36.3239552,-0.0414315807891646
2022-12-19T15:59:36.3240960,0.0668032373353356
2022-12-19T15:59:36.3241984,-0.0216927094397817
2022-12-19T15:59:36.3243520,-0.016429010319809
2022-12-19T15:59:36.3352832,0.0418006638551917
2022-12-19T15:59:36.3356288,0.00100699329808449
2022-12-19T15:59:36.3358208,0.00133597450261574
2022-12-19T15:59:36.3359488,0.0135082791799726
2022-12-19T15:59:36.3360512,-0.00655957436320019
2022-12-19T15:59:36.3361792,-0.0203767846634904
2022-12-19T15:59:36.3499392,0.010218467083915
2022-12-19T15:59:36.3502464,0.0184429973534371
2022-12-19T15:59:36.3505152,0.00396782414447519
2022-12-19T15:59:36.3506944,-0.0499850915362638
2022-12-19T15:59:36.3508224,0.0368659455138072
2022-12-19T15:59:36.3509248,-0.0486691668126406
2022-12-19T15:59:36.3598720,-0.00261179994148619
2022-12-19T15:59:36.3601792,0.0408137201840608
2022-12-19T15:59:36.3603712,-0.0697239620995714
2022-12-19T15:59:36.3604992,0.0470643634586944
2022-12-19T15:59:36.3606016,-0.0384707501219167
2022-12-19T15:59:36.3607040,-0.00458568715513909
2022-12-19T15:59:36.3608192,0.00298088052760892
2022-12-19T15:59:36.3700864,0.0148242040227804
2022-12-19T15:59:36.3703296,0.0210748470603906
2022-12-19T15:59:36.3704576,-0.0434054678937928
2022-12-19T15:59:36.3705728,0.0707510121798415
2022-12-19T15:59:36.3706880,-0.0144551231396295
2022-12-19T15:59:36.3842944,-0.0161000291234987
2022-12-19T15:59:36.3845376,0.0378528891792314
2022-12-19T15:59:36.3846528,-0.0128102171518951
2022-12-19T15:59:36.3847552,-0.0055726307598683
2022-12-19T15:59:36.3848704,0.00265189932229863
2022-12-19T15:59:36.3965056,-0.00623059316224477
2022-12-19T15:59:36.3968896,-0.00458568715513909
2022-12-19T15:59:36.3970688,-0.017415953907813
2022-12-19T15:59:36.3971840,0.0167980912916946
2022-12-19T15:59:36.3972864,0.0121923543396712
2022-12-19T15:59:36.3974016,-0.0562357339402814
2022-12-19T15:59:36.3975552,0.0312732647699692
2022-12-19T15:59:36.4083200,-0.0397866748644434
2022-12-19T15:59:36.4086272,-0.0180739162990437
2022-12-19T15:59:36.4087936,0.0418006638551917
2022-12-19T15:59:36.4089216,-0.0746586796554868
2022-12-19T15:59:36.4090240,0.0292993774595181
2022-12-19T15:59:36.4091392,-0.0266274273289295
2022-12-19T15:59:36.4092544,-0.000637912722236303
2022-12-19T15:59:36.4201344,-0.0039277247512097
2022-12-19T15:59:36.4203776,0.0148242040227804
2022-12-19T15:59:36.4205312,0.0197589222056571
2022-12-19T15:59:36.4206464,-0.0368258441903187
2022-12-19T15:59:36.4207616,0.0645003686867174
2022-12-19T15:59:36.4208768,-0.00162485633256119
2022-12-19T15:59:36.4333696,-0.0200478034690322
2022-12-19T15:59:36.4335872,0.06252648127987
2022-12-19T15:59:36.4337280,0.0144952228118434
2022-12-19T15:59:36.4338432,-0.00721753676464547
2022-12-19T15:59:36.4339456,0.0158111476565318
2022-12-19T15:59:36.4433024,0.0125213355495117
2022-12-19T15:59:36.4436480,0.00298088052760892
2022-12-19T15:59:36.4438528,0.0470643634586944
2022-12-19T15:59:36.4439680,0.06252648127987
2022-12-19T15:59:36.4440832,0.0299573398957038
2022-12-19T15:59:36.4442112,-0.066763131549763
2022-12-19T15:59:36.4443136,0.0171270725037292
2022-12-19T15:59:36.4550016,0.0121923543396712
2022-12-19T15:59:36.4553472,-0.0157710479270339
2022-12-19T15:59:36.4555008,0.034234095746308
2022-12-19T15:59:36.4556416,-0.0624863762895804
2022-12-19T15:59:36.4557568,0.0362079830709829
2022-12-19T15:59:36.4672896,-0.0207057658577945
2022-12-19T15:59:36.4675968,-0.0147841043367125
2022-12-19T15:59:36.4677888,-0.00261179994148619
2022-12-19T15:59:36.4679168,0.0158111476565318
2022-12-19T15:59:36.4680192,0.0246936404238808
2022-12-19T15:59:36.4681344,-0.0309041828048764
2022-12-19T15:59:36.4772992,0.0539729692501105
2022-12-19T15:59:36.4776064,-0.00458568715513909
2022-12-19T15:59:36.4777984,-0.0124812359538841
2022-12-19T15:59:36.4779136,0.0562758378628775
2022-12-19T15:59:36.4780288,-0.00359874354901193
2022-12-19T15:59:36.4781312,0.000349030889489121
2022-12-19T15:59:36.4886656,-0.00655957436320019
2022-12-19T15:59:36.4889472,-0.00886244276554422
2022-12-19T15:59:36.4891264,-0.0220216906334693
2022-12-19T15:59:36.4892416,0.0135082791799726
2022-12-19T15:59:36.4893696,0.0246936404238808
2022-12-19T15:59:36.5017472,0.00396782414447519
2022-12-19T15:59:36.5020032,-0.0368258441903187
2022-12-19T15:59:36.5021312,0.0408137201840608
2022-12-19T15:59:36.5022336,-0.0503140727167894
2022-12-19T15:59:36.5023488,-0.00820448036564994
2022-12-19T15:59:36.5024640,0.0381818704013563
2022-12-19T15:59:36.5165952,-0.0766325666683836
2022-12-19T15:59:36.5168256,0.0635134249825725
2022-12-19T15:59:36.5169536,-0.0269564085203087
2022-12-19T15:59:36.5170688,-0.0085334615656746
2022-12-19T15:59:36.5171712,0.0128503167595087
2022-12-19T15:59:36.5172992,0.00363884293869718
2022-12-19T15:59:36.5289344,0.0243646592082312
2022-12-19T15:59:36.5291520,-0.0368258441903187
2022-12-19T15:59:36.5292672,0.043774551201739
2022-12-19T15:59:36.5293824,-0.00458568715513909
2022-12-19T15:59:36.5294848,-0.0147841043367125
2022-12-19T15:59:36.5296000,0.0717379558945845
2022-12-19T15:59:36.5297152,0.00462578655649906
2022-12-19T15:59:36.5298176,-0.00195383753569171
2022-12-19T15:59:36.5384832,0.00725763621083642
2022-12-19T15:59:36.5387776,-0.00984938636422307
2022-12-19T15:59:36.5390208,-0.0147841043367125
2022-12-19T15:59:36.5391744,0.00988948587516988
2022-12-19T15:59:36.5393024,0.0151531852338741
2022-12-19T15:59:36.5394176,-0.000966893925833531
2022-12-19T15:59:36.5503232,-0.0384707501219167
2022-12-19T15:59:36.5506432,0.0237066967774044
2022-12-19T15:59:36.5508352,-0.0387997313077776
2022-12-19T15:59:36.5509504,-0.297707879129465
2022-12-19T15:59:36.5510784,0.0500251945035551
2022-12-19T15:59:36.5622272,-0.0614994327643749
2022-12-19T15:59:36.5627520,0.0503541757315581
2022-12-19T15:59:36.5630848,-0.0151130855336409
2022-12-19T15:59:36.5632640,-0.0108363299615074
2022-12-19T15:59:36.5633792,0.0158111476565318
2022-12-19T15:59:36.5634944,0.108912836876687
2022-12-19T15:59:36.5741184,0.00298088052760892
2022-12-19T15:59:36.5744384,-0.0239955777923602
2022-12-19T15:59:36.5747072,0.0927927554883916
2022-12-19T15:59:36.5748864,-0.0154420667304147
2022-12-19T15:59:36.5750272,0.0283124338064231
2022-12-19T15:59:36.5751680,0.0677901810442935
2022-12-19T15:59:36.5858816,-0.016429010319809
2022-12-19T15:59:36.5862016,-0.00359874354901193
2022-12-19T15:59:36.5863808,-0.00162485633256119
2022-12-19T15:59:36.5865344,-0.0220216906334693
2022-12-19T15:59:36.5867136,-0.0151130855336409
2022-12-19T15:59:36.5868288,0.0125213355495117
2022-12-19T15:59:36.6008192,0.0220617907030912
2022-12-19T15:59:36.6011264,0.00363884293869718
2022-12-19T15:59:36.6013952,-0.0147841043367125
2022-12-19T15:59:36.6015744,0.0302863211140333
2022-12-19T15:59:36.6016896,-0.0542618468712477
2022-12-19T15:59:36.6126592,-0.0220216906334693
2022-12-19T15:59:36.6128768,0.0434455699769174
2022-12-19T15:59:36.6130048,-0.0654472068570392
2022-12-19T15:59:36.6131200,0.037523907957265
2022-12-19T15:59:36.6132224,-0.0266274273289295
2022-12-19T15:59:36.6133376,-0.00162485633256119
2022-12-19T15:59:36.6134400,0.00363884293869718
2022-12-19T15:59:36.6135552,0.00133597450261574
2022-12-19T15:59:36.6222592,0.0273254901547475
2022-12-19T15:59:36.6225024,-0.0272853897115341
2022-12-19T15:59:36.6226304,0.0411427014076124
2022-12-19T15:59:36.6227328,0.00199393691214557
2022-12-19T15:59:36.6228608,-0.0286013144748993
2022-12-19T15:59:36.6229888,0.0852261868081202
2022-12-19T15:59:36.6340608,0.0082445798337894
2022-12-19T15:59:36.6343936,-0.00919142396525881
2022-12-19T15:59:36.6345216,0.0121923543396712
2022-12-19T15:59:36.6346240,-0.00425670595325207
2022-12-19T15:59:36.6463104,-0.00919142396525881
2022-12-19T15:59:36.6466176,0.0273254901547475
2022-12-19T15:59:36.6467712,0.0174560537159208
2022-12-19T15:59:36.6468992,-0.000308931518483477
2022-12-19T15:59:36.6470016,-0.0256404837538696
2022-12-19T15:59:36.6471040,0.0164691100798168
2022-12-19T15:59:36.6560640,-0.0526169409762142
2022-12-19T15:59:36.6563712,-0.0223506718270028
2022-12-19T15:59:36.6566272,0.0253516028556522
2022-12-19T15:59:36.6567936,-0.0769615478366743
2022-12-19T15:59:36.6569472,0.0487092695931362
2022-12-19T15:59:36.6570624,-0.0332070511273362
2022-12-19T15:59:36.6571648,-0.016429010319809
2022-12-19T15:59:36.6677504,0.0273254901547475
2022-12-19T15:59:36.6679808,0.0121923543396712
2022-12-19T15:59:36.6681088,0.0266675277210854
2022-12-19T15:59:36.6682240,-0.0361678818166088
2022-12-19T15:59:36.6683392,0.0496962132757115
2022-12-19T15:59:36.6801792,-0.0167579915159647
2022-12-19T15:59:36.6804608,-0.0193898410796531
2022-12-19T15:59:36.6806144,0.068448143517735
2022-12-19T15:59:36.6807424,-0.0075465179651354
2022-12-19T15:59:36.6808576,0.0128503167595087
2022-12-19T15:59:36.6927104,-0.00326976234665881
2022-12-19T15:59:36.6930560,-0.00655957436320019
2022-12-19T15:59:36.6932992,-0.0272853897115341
2022-12-19T15:59:36.6934656,0.0184429973534371
2022-12-19T15:59:36.6935808,0.0158111476565318
2022-12-19T15:59:36.6936960,0.00528374896914695
2022-12-19T15:59:36.7040640,-0.027943352093524
2022-12-19T15:59:36.7043968,0.0250226216396877
2022-12-19T15:59:36.7046144,-0.0516299974373722
2022-12-19T15:59:36.7047424,-0.0216927094397817
2022-12-19T15:59:36.7048832,0.0348920581872335
2022-12-19T15:59:36.7049856,-0.070052943271019
2022-12-19T15:59:36.7051008,0.0450904761026137
2022-12-19T15:59:36.7161856,-0.0434054678937928
2022-12-19T15:59:36.7164928,-0.0131391983497513
2022-12-19T15:59:36.7166720,0.0335761333060152
2022-12-19T15:59:36.7168000,0.0115343919204599
2022-12-19T15:59:36.7169024,0.0368659455138072
2022-12-19T15:59:36.7282432,-0.0315621451834888
2022-12-19T15:59:36.7285376,0.0549599129403384
2022-12-19T15:59:36.7287936,0.00923152345814872
2022-12-19T15:59:36.7289472,-0.0144551231396295
2022-12-19T15:59:36.7290624,0.0477223259119937
2022-12-19T15:59:36.7291776,0.00100699329808449
2022-12-19T15:59:36.7396992,0.00758661741833119
2022-12-19T15:59:36.7400064,0.0115343919204599
2022-12-19T15:59:36.7401984,-0.0124812359538841
2022-12-19T15:59:36.7403392,-0.0157710479270339
2022-12-19T15:59:36.7404544,0.0207458658464715
2022-12-19T15:59:36.7405824,0.010218467083915
2022-12-19T15:59:36.7406848,-0.000966893925833531
2022-12-19T15:59:36.7514112,-0.0318911263725649
2022-12-19T15:59:36.7517568,0.0141662416010631
2022-12-19T15:59:36.7520512,-0.0427475055261936
2022-12-19T15:59:36.7522176,-0.0157710479270339
2022-12-19T15:59:36.7523456,0.0431165887522547
2022-12-19T15:59:36.7667072,-0.066763131549763
2022-12-19T15:59:36.7670144,0.0562758378628775
2022-12-19T15:59:36.7671936,-0.0233376154066791
2022-12-19T15:59:36.7673216,-0.0147841043367125
2022-12-19T15:59:36.7674240,0.0358790018498081
2022-12-19T15:59:36.7675520,0.0121923543396712
2022-12-19T15:59:36.7783936,0.037523907957265
2022-12-19T15:59:36.7786880,-0.0266274273289295
2022-12-19T15:59:36.7788800,0.0651583311569491
2022-12-19T15:59:36.7790080,-0.00129587512927513
2022-12-19T15:59:36.7791232,-0.0147841043367125
2022-12-19T15:59:36.7792256,0.0546309317101028
2022-12-19T15:59:36.7793408,-0.0223506718270028
2022-12-19T15:59:36.7794432,0.00199393691214557
2022-12-19T15:59:36.7880192,-0.00326976234665881
2022-12-19T15:59:36.7883520,0.0161401288680959
2022-12-19T15:59:36.7886336,-0.0111653111602924
2022-12-19T15:59:36.7888256,0.0217328094887004
2022-12-19T15:59:36.7889792,0.010218467083915
2022-12-19T15:59:36.7890944,-0.00952040516481843
2022-12-19T15:59:36.8008576,-0.0332070511273362
2022-12-19T15:59:36.8010880,0.0151531852338741
2022-12-19T15:59:36.8012160,-0.0588675833571724
2022-12-19T15:59:36.8013312,-0.0118232735573979
2022-12-19T15:59:36.8111104,0.0371949267354569
2022-12-19T15:59:36.8114176,-0.059854526886008
2022-12-19T15:59:36.8115840,0.0651583311569491
2022-12-19T15:59:36.8117376,-0.0253115025618754
2022-12-19T15:59:36.8118784,-0.0210347470519443
2022-12-19T15:59:36.8120192,0.0299573398957038
2022-12-19T15:59:36.8121600,0.0138372603904395
2022-12-19T15:59:36.8227584,0.0240356779927391
2022-12-19T15:59:36.8230784,-0.0151130855336409
2022-12-19T15:59:36.8233216,0.0526570443320408
2022-12-19T15:59:36.8235008,-0.00491466835687079
2022-12-19T15:59:36.8236928,-0.0128102171518951
2022-12-19T15:59:36.8344704,0.068448143517735
2022-12-19T15:59:36.8347776,-0.00886244276554422
2022-12-19T15:59:36.8349312,-0.0085334615656746
2022-12-19T15:59:36.8350464,0.0108764295018745
2022-12-19T15:59:36.8351616,-0.00228281873866669
2022-12-19T15:59:36.8352640,-0.00294078114415022
2022-12-19T15:59:36.8501376,0.011205410711089
2022-12-19T15:59:36.8504448,-0.00458568715513909
2022-12-19T15:59:36.8506240,-0.0180739162990437
2022-12-19T15:59:36.8507392,-0.0325490887502571
2022-12-19T15:59:36.8508544,0.00791559862598218
2022-12-19T15:59:36.8509696,-0.0509720350773848
2022-12-19T15:59:36.8600704,-0.0151130855336409
2022-12-19T15:59:36.8604416,0.0418006638551917
2022-12-19T15:59:36.8606976,-0.0674210938952199
2022-12-19T15:59:36.8608512,0.0674611998078136
2022-12-19T15:59:36.8609792,-0.0345229758796555
2022-12-19T15:59:36.8611072,-0.00162485633256119
2022-12-19T15:59:36.8612224,0.0131792979696624
2022-12-19T15:59:36.8722176,0.0171270725037292
2022-12-19T15:59:36.8726272,0.034234095746308
2022-12-19T15:59:36.8727808,-0.125650759101947
2022-12-19T15:59:36.8728960,0.0296283586775321
2022-12-19T15:59:36.8730368,-0.0407736184197342
2022-12-19T15:59:36.8731520,-0.0184028974944275
2022-12-19T15:59:36.8849280,0.0490382508205021
2022-12-19T15:59:36.8852480,-0.00425670595325207
2022-12-19T15:59:36.8855040,0.00561273017570495
2022-12-19T15:59:36.8856576,0.0167980912916946
2022-12-19T15:59:36.8857728,-0.00524364955844718
2022-12-19T15:59:36.9001472,-0.0223506718270028
2022-12-19T15:59:36.9004800,0.00495476776274499
2022-12-19T15:59:36.9006464,0.005941711382419
2022-12-19T15:59:36.9007616,-0.00820448036564994
2022-12-19T15:59:36.9008768,-0.0348519570673523
2022-12-19T15:59:36.9009792,0.0197589222056571
2022-12-19T15:59:36.9010944,-0.0595255457098809
2022-12-19T15:59:36.9100544,0.00396782414447519
2022-12-19T15:59:36.9103232,0.0543019504800269
2022-12-19T15:59:36.9104768,-0.066763131549763
2022-12-19T15:59:36.9105920,0.0756857307680414
2022-12-19T15:59:36.9107072,-0.0154420667304147
2022-12-19T15:59:36.9108224,-0.00228281873866669
2022-12-19T15:59:36.9109504,0.0385108516236395
2022-12-19T15:59:36.9202304,0.00363884293869718
2022-12-19T15:59:36.9204608,0.0414716826313227
2022-12-19T15:59:36.9206016,-0.027943352093524
2022-12-19T15:59:36.9207168,0.0371949267354569
2022-12-19T15:59:36.9208192,-0.0154420667304147
2022-12-19T15:59:36.9346944,-0.0193898410796531
2022-12-19T15:59:36.9351040,0.0457484385540046
2022-12-19T15:59:36.9353216,-0.0118232735573979
2022-12-19T15:59:36.9354496,-0.0078754991654702
2022-12-19T15:59:36.9355520,-0.00162485633256119
2022-12-19T15:59:36.9497728,-0.0114942923589225
2022-12-19T15:59:36.9500416,-0.0157710479270339
2022-12-19T15:59:36.9502848,0.0128503167595087
2022-12-19T15:59:36.9504384,0.00857356104175289
2022-12-19T15:59:36.9505536,-0.018731878689657
2022-12-19T15:59:36.9506688,-0.0101783675634727
2022-12-19T15:59:36.9507968,0.0312732647699692
2022-12-19T15:59:36.9508992,-0.0374838065634167
2022-12-19T15:59:36.9601408,0.00100699329808449
2022-12-19T15:59:36.9603840,0.0457484385540046
2022-12-19T15:59:36.9606144,-0.0526169409762142
2022-12-19T15:59:36.9607808,0.0651583311569491
2022-12-19T15:59:36.9609216,-0.016429010319809
2022-12-19T15:59:36.9610368,-0.014126141942392
2022-12-19T15:59:36.9611392,0.030944283551166
2022-12-19T15:59:36.9697408,-0.014126141942392
2022-12-19T15:59:36.9699072,0.030944283551166
2022-12-19T15:59:36.9700992,-0.0154420667304147
2022-12-19T15:59:36.9704064,0.0223907719176392
2022-12-19T15:59:36.9706880,-0.0220216906334693
2022-12-19T15:59:36.9845888,-0.0236665965995966
2022-12-19T15:59:36.9848960,0.0496962132757115
2022-12-19T15:59:36.9850496,0.00199393691214557
2022-12-19T15:59:36.9851776,0.000349030889489121
2022-12-19T15:59:36.9853056,0.0154821664451246
2022-12-19T15:59:36.9991680,0.00627069258928915
2022-12-19T15:59:36.9994496,-0.00820448036564994
2022-12-19T15:59:36.9996800,0.00495476776274499
2022-12-19T15:59:36.9998848,0.00199393691214557
2022-12-19T15:59:37.0001024,-0.00458568715513909
2022-12-19T15:59:37.0003200,-0.0223506718270028
2022-12-19T15:59:37.0005120,0.0181140161407747
2022-12-19T15:59:37.0007680,-0.0368258441903187
2022-12-19T15:59:37.0093056,-0.0039277247512097
2022-12-19T15:59:37.0095616,0.0539729692501105
2022-12-19T15:59:37.0097024,-0.0605124892378086
2022-12-19T15:59:37.0098176,0.0464064010060314
2022-12-19T15:59:37.0099456,-0.0114942923589225
2022-12-19T15:59:37.0100736,-0.0177449351035055
2022-12-19T15:59:37.0101760,0.0385108516236395
2022-12-19T15:59:37.0206208,-0.00261179994148619
2022-12-19T15:59:37.0208768,0.028970396241662
2022-12-19T15:59:37.0210688,-0.0075465179651354
2022-12-19T15:59:37.0212352,0.0381818704013563
2022-12-19T15:59:37.0213760,-0.014126141942392
2022-12-19T15:59:37.0325504,-0.0203767846634904
2022-12-19T15:59:37.0329856,0.0470643634586944
2022-12-19T15:59:37.0333312,-0.0309041828048764
2022-12-19T15:59:37.0335744,-0.00886244276554422
2022-12-19T15:59:37.0337024,0.0082445798337894
2022-12-19T15:59:37.0338176,-0.0105073487625675
2022-12-19T15:59:37.0491264,-0.00820448036564994
2022-12-19T15:59:37.0493824,0.0131792979696624
2022-12-19T15:59:37.0495488,0.010218467083915
2022-12-19T15:59:37.0496640,-0.0210347470519443
2022-12-19T15:59:37.0497792,-0.0220216906334693
2022-12-19T15:59:37.0498816,0.010218467083915
2022-12-19T15:59:37.0594176,-0.038141768935903
2022-12-19T15:59:37.0596736,-0.00294078114415022
2022-12-19T15:59:37.0598400,0.0427876075277508
2022-12-19T15:59:37.0599936,-0.0920946814162079
2022-12-19T15:59:37.0601344,0.0598946314130441
2022-12-19T15:59:37.0602624,-0.0246535401774255
2022-12-19T15:59:37.0604032,-0.0128102171518951
2022-12-19T15:59:37.0605312,0.0299573398957038
2022-12-19T15:59:37.0709248,0.00396782414447519
2022-12-19T15:59:37.0713216,0.0450904761026137
2022-12-19T15:59:37.0715776,-0.0161000291234987
2022-12-19T15:59:37.0717696,0.0450904761026137
2022-12-19T15:59:37.0719104,-0.0256404837538696
2022-12-19T15:59:37.0880768,-0.0184028974944275
2022-12-19T15:59:37.0883456,0.0444325136518585
2022-12-19T15:59:37.0884992,-0.018731878689657
2022-12-19T15:59:37.0886400,-0.00326976234665881
2022-12-19T15:59:37.0887936,0.0082445798337894
2022-12-19T15:59:37.0889344,0.00363884293869718
2022-12-19T15:59:37.0983424,-0.0249825213697274
2022-12-19T15:59:37.0987648,0.0154821664451246
2022-12-19T15:59:37.0990592,0.00199393691214557
2022-12-19T15:59:37.0993152,-0.00524364955844718
2022-12-19T15:59:37.0995712,-0.0134681795474529
2022-12-19T15:59:37.0998272,-0.00425670595325207
2022-12-19T15:59:37.1000192,-0.0249825213697274
2022-12-19T15:59:37.1001472,-0.00590161196113415
2022-12-19T15:59:37.1090688,0.0441035324267193
2022-12-19T15:59:37.1093248,-0.0588675833571724
2022-12-19T15:59:37.1094656,0.0740408245679497
2022-12-19T15:59:37.1095936,-0.00952040516481843
2022-12-19T15:59:37.1097088,-0.0292592768556604
2022-12-19T15:59:37.1098624,0.0398267765143575
2022-12-19T15:59:37.1212416,-0.00590161196113415
2022-12-19T15:59:37.1215872,0.0523280631029221
2022-12-19T15:59:37.1218432,-0.00984938636422307
2022-12-19T15:59:37.1220864,0.0562758378628775
2022-12-19T15:59:37.1223296,-0.0286013144748993
2022-12-19T15:59:37.1319424,-0.0180739162990437
2022-12-19T15:59:37.1321088,0.0825943368524585
2022-12-19T15:59:37.1322368,-0.0272853897115341
2022-12-19T15:59:37.1323392,-0.0226796530203822
2022-12-19T15:59:37.1324544,-0.00623059316224477
2022-12-19T15:59:37.1325696,-0.00425670595325207
2022-12-19T15:59:37.1418752,-0.00919142396525881
2022-12-19T15:59:37.1420544,0.0164691100798168
2022-12-19T15:59:37.1421696,0.00659967379631543
2022-12-19T15:59:37.1422848,-0.0200478034690322
2022-12-19T15:59:37.1424000,-0.0055726307598683
2022-12-19T15:59:37.1532416,0.000678012093708949
2022-12-19T15:59:37.1534080,-0.0223506718270028
2022-12-19T15:59:37.1536384,-0.00919142396525881
2022-12-19T15:59:37.1538688,0.0464064010060314
2022-12-19T15:59:37.1540736,-0.0716978491259991
2022-12-19T15:59:37.1627904,0.0602236126458371
2022-12-19T15:59:37.1631232,-0.0364968630035403
2022-12-19T15:59:37.1633024,-0.00294078114415022
2022-12-19T15:59:37.1634304,0.0332471520861059
2022-12-19T15:59:37.1635840,-0.00952040516481843
2022-12-19T15:59:37.1636864,0.0316022459889304
2022-12-19T15:59:37.1744256,-0.0124812359538841
2022-12-19T15:59:37.1747840,0.034234095746308
2022-12-19T15:59:37.1750528,-0.0167579915159647
2022-12-19T15:59:37.1753088,-0.027943352093524
2022-12-19T15:59:37.1755648,0.0677901810442935
2022-12-19T15:59:37.1875200,-0.0262984461373967
2022-12-19T15:59:37.1877760,0.010218467083915
2022-12-19T15:59:37.1879424,0.00363884293869718
2022-12-19T15:59:37.1880960,-0.0114942923589225
2022-12-19T15:59:37.1882752,-0.0147841043367125
2022-12-19T15:59:37.1884416,0.00495476776274499
2022-12-19T15:59:37.1988864,-0.00228281873866669
2022-12-19T15:59:37.1990912,-0.0299172392358072
2022-12-19T15:59:37.1992192,-0.0177449351035055
2022-12-19T15:59:37.1993344,-0.000966893925833531
2022-12-19T15:59:37.1994368,-0.0203767846634904
2022-12-19T15:59:37.1995520,-0.000308931518483477
2022-12-19T15:59:37.2131456,0.0427876075277508
2022-12-19T15:59:37.2134016,-0.0654472068570392
2022-12-19T15:59:37.2135680,0.0661452748634996
2022-12-19T15:59:37.2137088,-0.027943352093524
2022-12-19T15:59:37.2138752,-0.0190608598847322
2022-12-19T15:59:37.2140032,0.0523280631029221
2022-12-19T15:59:37.2253440,-0.00425670595325207
2022-12-19T15:59:37.2255104,0.0299573398957038
2022-12-19T15:59:37.2256256,-0.0170869727119661
2022-12-19T15:59:37.2257536,0.0335761333060152
2022-12-19T15:59:37.2258688,-0.0147841043367125
2022-12-19T15:59:37.2259840,-0.0256404837538696
2022-12-19T15:59:37.2260864,0.0668032373353356
2022-12-19T15:59:37.2380544,-0.0286013144748993
2022-12-19T15:59:37.2383104,0.00956050466658112
2022-12-19T15:59:37.2385280,0.0177850349282693
2022-12-19T15:59:37.2387968,-0.0177449351035055
2022-12-19T15:59:37.2389504,-0.0118232735573979
2022-12-19T15:59:37.2390784,0.011205410711089
2022-12-19T15:59:37.2477312,0.00232291811714419
2022-12-19T15:59:37.2480128,-0.0216927094397817
2022-12-19T15:59:37.2482176,-0.00261179994148619
2022-12-19T15:59:37.2484096,0.00298088052760892
2022-12-19T15:59:37.2486144,-0.0312331639942593
2022-12-19T15:59:37.2489344,-0.0118232735573979
2022-12-19T15:59:37.2606592,0.0292993774595181
2022-12-19T15:59:37.2610304,-0.0605124892378086
2022-12-19T15:59:37.2613248,0.0585787064834723
2022-12-19T15:59:37.2615168,-0.0276143709026059
2022-12-19T15:59:37.2617088,-0.0167579915159647
2022-12-19T15:59:37.2729088,0.0404847389606678
2022-12-19T15:59:37.2730880,-0.00425670595325207
2022-12-19T15:59:37.2732288,0.0207458658464715
2022-12-19T15:59:37.2733440,-0.00359874354901193
2022-12-19T15:59:37.2734592,0.0316022459889304
2022-12-19T15:59:37.2735744,-0.0249825213697274
2022-12-19T15:59:37.2736768,-0.0309041828048764
2022-12-19T15:59:37.2852608,0.0562758378628775
2022-12-19T15:59:37.2856320,-0.0108363299615074
2022-12-19T15:59:37.2859008,-0.0124812359538841
2022-12-19T15:59:37.2860544,0.0141662416010631
2022-12-19T15:59:37.2861696,-0.0226796530203822
2022-12-19T15:59:37.2862720,-0.0108363299615074
2022-12-19T15:59:37.3018624,0.0131792979696624
2022-12-19T15:59:37.3020416,0.0332471520861059
2022-12-19T15:59:37.3021568,-0.0114942923589225
2022-12-19T15:59:37.3022720,-0.0085334615656746
2022-12-19T15:59:37.3023872,-0.000308931518483477
2022-12-19T15:59:37.3025024,-0.0161000291234987
2022-12-19T15:59:37.3159680,-0.00886244276554422
2022-12-19T15:59:37.3163776,0.0194299409923665
2022-12-19T15:59:37.3166592,-0.0249825213697274
2022-12-19T15:59:37.3168768,-0.0302462204256504
2022-12-19T15:59:37.3170304,-0.0361678818166088
2022-12-19T15:59:37.3171840,-0.0420895431579843
2022-12-19T15:59:37.3172992,0.0299573398957038
2022-12-19T15:59:37.3174016,0.0105474482928166
2022-12-19T15:59:37.3327744,0.00627069258928915
2022-12-19T15:59:37.3330432,0.0253516028556522
2022-12-19T15:59:37.3331968,0.0105474482928166
2022-12-19T15:59:37.3333248,-0.0220216906334693
2022-12-19T15:59:37.3334400,-0.0167579915159647
2022-12-19T15:59:37.3335424,0.0608815751119031
2022-12-19T15:59:37.3336704,-0.0197188222744198
2022-12-19T15:59:37.3337856,0.00363884293869718
2022-12-19T15:59:37.3435648,0.00100699329808449
2022-12-19T15:59:37.3439360,-0.0105073487625675
2022-12-19T15:59:37.3442048,-0.00688855556400039
2022-12-19T15:59:37.3443712,0.0246936404238808
2022-12-19T15:59:37.3444864,0.0141662416010631
2022-12-19T15:59:37.3446016,-0.0230086342136077
2022-12-19T15:59:37.3447040,-0.00919142396525881
2022-12-19T15:59:37.3448064,0.0138372603904395
2022-12-19T15:59:37.3546240,-0.0243245589849698
2022-12-19T15:59:37.3548032,-0.0124812359538841
2022-12-19T15:59:37.3549184,0.0431165887522547
2022-12-19T15:59:37.3550336,-0.0654472068570392
2022-12-19T15:59:37.3551360,0.0529860255613189
2022-12-19T15:59:37.3658496,-0.0239955777923602
2022-12-19T15:59:37.3661056,-0.0318911263725649
2022-12-19T15:59:37.3662592,0.0510121381880419
2022-12-19T15:59:37.3663744,-0.0256404837538696
2022-12-19T15:59:37.3665024,0.0427876075277508
2022-12-19T15:59:37.3758720,-0.0361678818166088
2022-12-19T15:59:37.3760512,0.00627069258928915
2022-12-19T15:59:37.3761664,-0.0128102171518951
2022-12-19T15:59:37.3762816,-0.00688855556400039
2022-12-19T15:59:37.3763840,0.0559468566320032
2022-12-19T15:59:37.3764992,-0.0085334615656746
2022-12-19T15:59:37.3873280,0.00429680535040913
2022-12-19T15:59:37.3874944,0.00627069258928915
2022-12-19T15:59:37.3876608,-0.00820448036564994
2022-12-19T15:59:37.3877760,-0.0085334615656746
2022-12-19T15:59:37.3878656,0.00725763621083642
2022-12-19T15:59:37.3972864,0.0033098617330751
2022-12-19T15:59:37.3974528,-0.0147841043367125
2022-12-19T15:59:37.3975808,-0.00590161196113415
2022-12-19T15:59:37.3977344,0.0184429973534371
2022-12-19T15:59:37.3978880,-0.018731878689657
2022-12-19T15:59:37.3980416,-0.018731878689657
2022-12-19T15:59:37.4094848,0.0457484385540046
2022-12-19T15:59:37.4096384,-0.0726847926371815
2022-12-19T15:59:37.4097920,0.0450904761026137
2022-12-19T15:59:37.4098944,-0.0075465179651354
2022-12-19T15:59:37.4099712,-0.0226796530203822
2022-12-19T15:59:37.4218624,0.0418006638551917
2022-12-19T15:59:37.4220160,-0.0180739162990437
2022-12-19T15:59:37.4221696,0.0253516028556522
2022-12-19T15:59:37.4222848,-0.0147841043367125
2022-12-19T15:59:37.4223616,0.0220617907030912
2022-12-19T15:59:37.4224384,-0.0161000291234987
2022-12-19T15:59:37.4340096,-0.0338650135038022
2022-12-19T15:59:37.4342272,0.0615395375786094
2022-12-19T15:59:37.4343680,-0.016429010319809
2022-12-19T15:59:37.4344960,-0.000308931518483477
2022-12-19T15:59:37.4346368,0.0161401288680959
2022-12-19T15:59:37.4348416,-0.0226796530203822
2022-12-19T15:59:37.4490240,0.00133597450261574
2022-12-19T15:59:37.4492416,0.0138372603904395
2022-12-19T15:59:37.4493952,0.011205410711089
2022-12-19T15:59:37.4495104,-0.0243245589849698
2022-12-19T15:59:37.4496128,0.00265189932229863
2022-12-19T15:59:37.4497280,0.0121923543396712
2022-12-19T15:59:37.4619648,-0.0230086342136077
2022-12-19T15:59:37.4622720,-0.00886244276554422
2022-12-19T15:59:37.4624640,0.06055259387879
2022-12-19T15:59:37.4625920,-0.0601835080619839
2022-12-19T15:59:37.4626944,0.0427876075277508
2022-12-19T15:59:37.4628096,-0.0124812359538841
2022-12-19T15:59:37.4629248,-0.0286013144748993
2022-12-19T15:59:37.4630272,0.06252648127987
2022-12-19T15:59:37.4715904,-0.0137971607449997
2022-12-19T15:59:37.4719360,0.0269965089378377
2022-12-19T15:59:37.4722048,-0.0193898410796531
2022-12-19T15:59:37.4724608,0.030944283551166
2022-12-19T15:59:37.4726656,-0.016429010319809
2022-12-19T15:59:37.4727808,-0.0249825213697274
2022-12-19T15:59:37.4839424,0.0546309317101028
2022-12-19T15:59:37.4842368,-0.0134681795474529
2022-12-19T15:59:37.4843648,-0.0075465179651354
2022-12-19T15:59:37.4844800,0.00725763621083642
2022-12-19T15:59:37.4845824,-0.0276143709026059
2022-12-19T15:59:37.4959488,-0.0341939946918055
2022-12-19T15:59:37.4964096,0.0164691100798168
2022-12-19T15:59:37.4967040,-0.0085334615656746
2022-12-19T15:59:37.4969344,-0.0200478034690322
2022-12-19T15:59:37.4972160,2.00496854250026E-05
2022-12-19T15:59:37.4974720,0.0256805840717742
2022-12-19T15:59:37.5098112,-0.0170869727119661
2022-12-19T15:59:37.5101312,0.00133597450261574
2022-12-19T15:59:37.5103104,0.0450904761026137
2022-12-19T15:59:37.5104384,-0.0476822232683261
2022-12-19T15:59:37.5105536,0.06055259387879
2022-12-19T15:59:37.5106560,-0.00886244276554422
2022-12-19T15:59:37.5107840,-0.0203767846634904
2022-12-19T15:59:37.5222400,0.0618685188122028
2022-12-19T15:59:37.5225344,-0.0161000291234987
2022-12-19T15:59:37.5227648,0.0279834525890402
2022-12-19T15:59:37.5229568,0.00199393691214557
2022-12-19T15:59:37.5230848,0.0177850349282693
2022-12-19T15:59:37.5232000,-0.0154420667304147
2022-12-19T15:59:37.5339520,-0.0253115025618754
2022-12-19T15:59:37.5342592,0.0549599129403384
2022-12-19T15:59:37.5345024,-0.0180739162990437
2022-12-19T15:59:37.5346816,0.00363884293869718
2022-12-19T15:59:37.5348224,-0.0039277247512097
2022-12-19T15:59:37.5349248,-0.0233376154066791
2022-12-19T15:59:37.5438848,-0.000308931518483477
2022-12-19T15:59:37.5441920,0.00429680535040913
2022-12-19T15:59:37.5443968,-0.00359874354901193
2022-12-19T15:59:37.5445120,-0.0161000291234987
2022-12-19T15:59:37.5446272,-0.00984938636422307
2022-12-19T15:59:37.5447552,0.0121923543396712
2022-12-19T15:59:37.5540096,-0.0121522547557184
2022-12-19T15:59:37.5543296,-0.0055726307598683
2022-12-19T15:59:37.5545216,0.0365369642923159
2022-12-19T15:59:37.5546368,-0.0697239620995714
2022-12-19T15:59:37.5547520,0.0516701006451631
2022-12-19T15:59:37.5671040,-0.0101783675634727
2022-12-19T15:59:37.5675008,-0.027943352093524
2022-12-19T15:59:37.5677952,0.0582497252514792
2022-12-19T15:59:37.5680128,-0.0193898410796531
2022-12-19T15:59:37.5681664,0.0454194573282296
2022-12-19T15:59:37.5799680,0.00956050466658112
2022-12-19T15:59:37.5801856,0.0154821664451246
2022-12-19T15:59:37.5803136,-0.00984938636422307
2022-12-19T15:59:37.5804160,-0.0309041828048764
2022-12-19T15:59:37.5805440,0.0562758378628775
2022-12-19T15:59:37.5806464,-0.0216927094397817
2022-12-19T15:59:37.5807616,0.00462578655649906
2022-12-19T15:59:37.5896064,0.0082445798337894
2022-12-19T15:59:37.5899136,-0.0335360323156458
2022-12-19T15:59:37.5900800,-0.00623059316224477
2022-12-19T15:59:37.5901952,-0.00425670595325207
2022-12-19T15:59:37.5902976,0.00528374896914695
2022-12-19T15:59:37.5904384,-0.0236665965995966
2022-12-19T15:59:37.6013696,0.00528374896914695
2022-12-19T15:59:37.6015744,0.00166495570730275
2022-12-19T15:59:37.6017152,-0.0220216906334693
2022-12-19T15:59:37.6018304,-0.000966893925833531
2022-12-19T15:59:37.6019328,0.0431165887522547
2022-12-19T15:59:37.6171520,-0.0624863762895804
2022-12-19T15:59:37.6174592,0.0575917627879726
2022-12-19T15:59:37.6176640,-0.0210347470519443
2022-12-19T15:59:37.6177920,-0.0411025996045257
2022-12-19T15:59:37.6179072,0.0598946314130441
2022-12-19T15:59:37.6180224,-0.0276143709026059
2022-12-19T15:59:37.6290048,0.0325891896467616
2022-12-19T15:59:37.6292992,0.00627069258928915
2022-12-19T15:59:37.6294400,0.00890254224987264
2022-12-19T15:59:37.6295424,-0.00820448036564994
2022-12-19T15:59:37.6296704,-0.0262984461373967
2022-12-19T15:59:37.6297856,0.0602236126458371
2022-12-19T15:59:37.6299136,-0.016429010319809
2022-12-19T15:59:37.6300288,0.00462578655649906
2022-12-19T15:59:37.6417664,0.0158111476565318
2022-12-19T15:59:37.6420736,-0.0325490887502571
2022-12-19T15:59:37.6422272,0.0033098617330751
2022-12-19T15:59:37.6423424,0.00495476776274499
2022-12-19T15:59:37.6424576,-0.00820448036564994
2022-12-19T15:59:37.6425600,-0.0216927094397817
2022-12-19T15:59:37.6518528,-0.0220216906334693
2022-12-19T15:59:37.6521600,0.0105474482928166
2022-12-19T15:59:37.6523520,-0.0124812359538841
2022-12-19T15:59:37.6524800,-0.016429010319809
2022-12-19T15:59:37.6525952,0.0431165887522547
2022-12-19T15:59:37.6527104,-0.0542618468712477
2022-12-19T15:59:37.6672512,0.0546309317101028
2022-12-19T15:59:37.6674688,-0.000966893925833531
2022-12-19T15:59:37.6675968,-0.0292592768556604
2022-12-19T15:59:37.6677120,0.0661452748634996
2022-12-19T15:59:37.6678528,-0.0134681795474529
2022-12-19T15:59:37.6771072,0.0444325136518585
2022-12-19T15:59:37.6774016,0.00462578655649906
2022-12-19T15:59:37.6775680,-0.269415506361803
2022-12-19T15:59:37.6776832,0.0141662416010631
2022-12-19T15:59:37.6777984,-0.0137971607449997
2022-12-19T15:59:37.6779136,0.0635134249825725
2022-12-19T15:59:37.6780160,-0.0154420667304147
2022-12-19T15:59:37.6781184,0.00725763621083642
2022-12-19T15:59:37.6875520,-0.00721753676464547
2022-12-19T15:59:37.6879104,-0.0111653111602924
2022-12-19T15:59:37.6880768,-0.0220216906334693
2022-12-19T15:59:37.6882560,-0.00228281873866669
2022-12-19T15:59:37.6883840,0.0082445798337894
2022-12-19T15:59:37.7013632,-0.0299172392358072
2022-12-19T15:59:37.7016704,-0.016429010319809
2022-12-19T15:59:37.7018368,-0.0114942923589225
2022-12-19T15:59:37.7019520,-0.00952040516481843
2022-12-19T15:59:37.7020672,-0.0147841043367125
2022-12-19T15:59:37.7113472,0.0523280631029221
2022-12-19T15:59:37.7116544,-0.0411025996045257
2022-12-19T15:59:37.7119104,0.0444325136518585
2022-12-19T15:59:37.7120896,-0.0114942923589225
2022-12-19T15:59:37.7122048,-0.0276143709026059
2022-12-19T15:59:37.7123328,0.0789755431803149
2022-12-19T15:59:37.7124352,-0.018731878689657
2022-12-19T15:59:37.7212160,0.0444325136518585
2022-12-19T15:59:37.7214720,0.0164691100798168
2022-12-19T15:59:37.7216000,0.00923152345814872
2022-12-19T15:59:37.7217024,-0.00919142396525881
2022-12-19T15:59:37.7218688,-0.0170869727119661
2022-12-19T15:59:37.7352832,0.0220617907030912
2022-12-19T15:59:37.7355904,-0.055248790406447
2022-12-19T15:59:37.7357824,-0.0085334615656746
2022-12-19T15:59:37.7358976,0.00758661741833119
2022-12-19T15:59:37.7360128,-0.00721753676464547
2022-12-19T15:59:37.7505792,0.0302863211140333
2022-12-19T15:59:37.7509632,0.10397811804277
2022-12-19T15:59:37.7511296,-0.0345229758796555
2022-12-19T15:59:37.7512448,0.0273254901547475
2022-12-19T15:59:37.7513600,-0.0137971607449997
2022-12-19T15:59:37.7514752,0.00133597450261574
2022-12-19T15:59:37.7516032,-0.0239955777923602
2022-12-19T15:59:37.7625344,-0.00359874354901193
2022-12-19T15:59:37.7627904,0.0457484385540046
2022-12-19T15:59:37.7629312,-0.0562357339402814
2022-12-19T15:59:37.7630592,0.0556178754012885
2022-12-19T15:59:37.7632000,-0.00425670595325207
2022-12-19T15:59:37.7633280,-0.0207057658577945
2022-12-19T15:59:37.7634560,0.0832522993404034
2022-12-19T15:59:37.7635712,-0.0144551231396295
2022-12-19T15:59:37.7720448,0.0292993774595181
2022-12-19T15:59:37.7723520,0.0033098617330751
2022-12-19T15:59:37.7726080,2.00496854250026E-05
2022-12-19T15:59:37.7728640,-0.0055726307598683
2022-12-19T15:59:37.7730176,-0.0295882580458106
2022-12-19T15:59:37.7731328,0.0546309317101028
2022-12-19T15:59:37.7848192,-0.0341939946918055
2022-12-19T15:59:37.7851392,-0.0101783675634727
2022-12-19T15:59:37.7852928,0.00495476776274499
2022-12-19T15:59:37.7854208,-0.0397866748644434
2022-12-19T15:59:37.7948288,0.00429680535040913
2022-12-19T15:59:37.7951360,0.00199393691214557
2022-12-19T15:59:37.7953152,0.0105474482928166
2022-12-19T15:59:37.7954432,-0.016429010319809
2022-12-19T15:59:37.7955456,-0.0105073487625675
2022-12-19T15:59:37.7956608,-0.0216927094397817
2022-12-19T15:59:37.7957632,-0.0121522547557184
2022-12-19T15:59:37.8045568,-0.02596946494571
2022-12-19T15:59:37.8050560,0.0575917627879726
2022-12-19T15:59:37.8053504,-0.0476822232683261
2022-12-19T15:59:37.8055296,0.0569338003251055
2022-12-19T15:59:37.8057856,-0.00820448036564994
2022-12-19T15:59:37.8179456,-0.0322201075614877
2022-12-19T15:59:37.8181632,0.0549599129403384
2022-12-19T15:59:37.8183040,-0.0223506718270028
2022-12-19T15:59:37.8184064,0.0358790018498081
2022-12-19T15:59:37.8185088,0.011205410711089
2022-12-19T15:59:37.8296960,0.00692865500349785
2022-12-19T15:59:37.8300160,-0.0118232735573979
2022-12-19T15:59:37.8302720,-0.0355099194422867
2022-12-19T15:59:37.8304512,0.0470643634586944
2022-12-19T15:59:37.8305792,-0.0325490887502571
2022-12-19T15:59:37.8307072,0.0151531852338741
2022-12-19T15:59:37.8413184,0.0082445798337894
2022-12-19T15:59:37.8416256,-0.0332070511273362
2022-12-19T15:59:37.8418048,-0.00688855556400039
2022-12-19T15:59:37.8419328,-0.00195383753569171
2022-12-19T15:59:37.8420480,-0.00326976234665881
2022-12-19T15:59:37.8421632,-0.00623059316224477
2022-12-19T15:59:37.8530688,-0.016429010319809
2022-12-19T15:59:37.8533760,2.00496854250026E-05
2022-12-19T15:59:37.8537600,-0.0157710479270339
2022-12-19T15:59:37.8539648,-0.0170869727119661
2022-12-19T15:59:37.8540800,0.0490382508205021
2022-12-19T15:59:37.8541824,-0.0450503738101221
2022-12-19T15:59:37.8670208,0.0562758378628775
2022-12-19T15:59:37.8673152,0.00133597450261574
2022-12-19T15:59:37.8675328,-0.0128102171518951
2022-12-19T15:59:37.8676608,0.0658162936278223
2022-12-19T15:59:37.8677632,-0.0341939946918055
2022-12-19T15:59:37.8678656,0.0279834525890402
2022-12-19T15:59:37.8793088,-0.0055726307598683
2022-12-19T15:59:37.8796160,0.00232291811714419
2022-12-19T15:59:37.8797952,-0.00984938636422307
2022-12-19T15:59:37.8799488,-0.0203767846634904
2022-12-19T15:59:37.8800768,0.0490382508205021
2022-12-19T15:59:37.8802048,-0.0417605619736507
2022-12-19T15:59:37.8803328,0.0128503167595087
2022-12-19T15:59:37.8911744,0.0148242040227804
2022-12-19T15:59:37.8914944,-0.0434054678937928
2022-12-19T15:59:37.8916736,0.000349030889489121
2022-12-19T15:59:37.8918016,-0.00458568715513909
2022-12-19T15:59:37.8919040,-0.00623059316224477
2022-12-19T15:59:37.8920448,-0.0161000291234987
2022-12-19T15:59:37.9029888,-0.0105073487625675
2022-12-19T15:59:37.9032448,0.00363884293869718
2022-12-19T15:59:37.9033984,-0.018731878689657
2022-12-19T15:59:37.9035136,-0.00458568715513909
2022-12-19T15:59:37.9036416,0.0529860255613189
2022-12-19T15:59:37.9037824,-0.0391287124934857
2022-12-19T15:59:37.9170304,0.0539729692501105
2022-12-19T15:59:37.9172736,-0.0105073487625675
2022-12-19T15:59:37.9174272,-0.027943352093524
2022-12-19T15:59:37.9175680,0.0496962132757115
2022-12-19T15:59:37.9176960,-0.0286013144748993
2022-12-19T15:59:37.9178624,0.0381818704013563
2022-12-19T15:59:37.9270528,0.011205410711089
2022-12-19T15:59:37.9272448,0.0167980912916946
2022-12-19T15:59:37.9273600,-0.00294078114415022
2022-12-19T15:59:37.9274752,-0.0266274273289295
2022-12-19T15:59:37.9275904,0.0490382508205021
2022-12-19T15:59:37.9277056,-0.0335360323156458
2022-12-19T15:59:37.9278208,0.0161401288680959
2022-12-19T15:59:37.9372416,0.0197589222056571
2022-12-19T15:59:37.9375104,-0.0299172392358072
2022-12-19T15:59:37.9376896,-0.0147841043367125
2022-12-19T15:59:37.9378560,0.0167980912916946
2022-12-19T15:59:37.9380608,0.00659967379631543
2022-12-19T15:59:37.9508224,0.000678012093708949
2022-12-19T15:59:37.9511296,-0.00195383753569171
2022-12-19T15:59:37.9513216,-0.0137971607449997
2022-12-19T15:59:37.9514624,-0.0137971607449997
2022-12-19T15:59:37.9515648,-0.0144551231396295
2022-12-19T15:59:37.9633152,0.0394977952914403
2022-12-19T15:59:37.9636352,-0.038141768935903
2022-12-19T15:59:37.9638144,0.0506831569597203
2022-12-19T15:59:37.9639424,-0.0111653111602924
2022-12-19T15:59:37.9640448,-0.0424185243421653
2022-12-19T15:59:37.9641600,0.0529860255613189
2022-12-19T15:59:37.9642624,-0.0243245589849698
2022-12-19T15:59:37.9728768,0.0322602084273265
2022-12-19T15:59:37.9731840,0.00495476776274499
2022-12-19T15:59:37.9733632,0.00956050466658112
2022-12-19T15:59:37.9734912,-0.0105073487625675
2022-12-19T15:59:37.9735936,-0.017415953907813
2022-12-19T15:59:37.9737600,0.0559468566320032
2022-12-19T15:59:37.9845248,-0.0555777715845434
2022-12-19T15:59:37.9848320,0.0131792979696624
2022-12-19T15:59:37.9850112,0.0148242040227804
2022-12-19T15:59:37.9851520,-0.0230086342136077
2022-12-19T15:59:37.9852544,-0.00919142396525881
2022-12-19T15:59:37.9945728,0.00495476776274499
2022-12-19T15:59:37.9948800,-0.0128102171518951
2022-12-19T15:59:37.9950592,-0.00688855556400039
2022-12-19T15:59:37.9951616,0.0269965089378377
2022-12-19T15:59:37.9952896,-0.0256404837538696
2022-12-19T15:59:38.0061696,-0.0118232735573979
2022-12-19T15:59:38.0063744,-0.00359874354901193
2022-12-19T15:59:38.0064896,0.0378528891792314
2022-12-19T15:59:38.0066048,-0.0473532420865835
2022-12-19T15:59:38.0067072,0.0654873123923055
2022-12-19T15:59:38.0068224,-0.00425670595325207
2022-12-19T15:59:38.0190080,-0.0243245589849698
2022-12-19T15:59:38.0193280,0.0608815751119031
2022-12-19T15:59:38.0194944,-0.0131391983497513
2022-12-19T15:59:38.0196736,0.0312732647699692
2022-12-19T15:59:38.0198144,0.00363884293869718
2022-12-19T15:59:38.0336896,0.0144952228118434
2022-12-19T15:59:38.0339072,-0.0256404837538696
2022-12-19T15:59:38.0340352,-0.018731878689657
2022-12-19T15:59:38.0341504,0.0414716826313227
2022-12-19T15:59:38.0342528,-0.0559067527624882
2022-12-19T15:59:38.0344064,0.0194299409923665
2022-12-19T15:59:38.0345216,0.0214038282744669
2022-12-19T15:59:38.0458880,-0.0351809382548961
2022-12-19T15:59:38.0462848,0.0125213355495117
2022-12-19T15:59:38.0464768,0.00791559862598218
2022-12-19T15:59:38.0466176,0.00100699329808449
2022-12-19T15:59:38.0467584,-0.0128102171518951
2022-12-19T15:59:38.0468992,-0.0128102171518951
2022-12-19T15:59:38.0470272,-0.0128102171518951
2022-12-19T15:59:38.0575232,-0.0295882580458106
2022-12-19T15:59:38.0578304,-0.0111653111602924
2022-12-19T15:59:38.0579968,0.034234095746308
2022-12-19T15:59:38.0581120,-0.0384707501219167
2022-12-19T15:59:38.0582400,0.064829349921753
2022-12-19T15:59:38.0584064,0.005941711382419
2022-12-19T15:59:38.0692352,-0.0276143709026059
2022-12-19T15:59:38.0695552,0.0608815751119031
2022-12-19T15:59:38.0697344,-0.0137971607449997
2022-12-19T15:59:38.0698624,0.0365369642923159
2022-12-19T15:59:38.0699648,0.00462578655649906
2022-12-19T15:59:38.0700928,-0.0039277247512097
2022-12-19T15:59:38.0838912,-0.0220216906334693
2022-12-19T15:59:38.0842496,-0.0249825213697274
2022-12-19T15:59:38.0844416,0.0339051145260825
2022-12-19T15:59:38.0845696,-0.0457083361755869
2022-12-19T15:59:38.0846848,0.0184429973534371
2022-12-19T15:59:38.0847872,0.0164691100798168
2022-12-19T15:59:38.0962304,-0.0318911263725649
2022-12-19T15:59:38.0964864,-0.0085334615656746
2022-12-19T15:59:38.0966272,-0.00820448036564994
2022-12-19T15:59:38.0967680,-0.0137971607449997
2022-12-19T15:59:38.0968960,-0.00984938636422307
2022-12-19T15:59:38.0970240,-0.00688855556400039
2022-12-19T15:59:38.0971520,-0.00952040516481843
2022-12-19T15:59:38.1057920,-0.0210347470519443
2022-12-19T15:59:38.1060864,0.00166495570730275
2022-12-19T15:59:38.1063296,0.0316022459889304
2022-12-19T15:59:38.1065088,-0.0364968630035403
2022-12-19T15:59:38.1066624,0.06252648127987
2022-12-19T15:59:38.1067776,-0.0055726307598683
2022-12-19T15:59:38.1174784,-0.0216927094397817
2022-12-19T15:59:38.1177088,0.0799624869071432
2022-12-19T15:59:38.1178240,-0.0253115025618754
2022-12-19T15:59:38.1179520,0.0536439880203538
2022-12-19T15:59:38.1180544,0.0171270725037292
2022-12-19T15:59:38.1274240,-0.00458568715513909
2022-12-19T15:59:38.1277440,-0.0039277247512097
2022-12-19T15:59:38.1279104,-0.0105073487625675
2022-12-19T15:59:38.1280512,0.0345630769666917
2022-12-19T15:59:38.1282048,-0.0476822232683261
2022-12-19T15:59:38.1283456,0.0121923543396712
2022-12-19T15:59:38.1392256,0.0177850349282693
2022-12-19T15:59:38.1395584,-0.0480112044499164
2022-12-19T15:59:38.1397120,-0.00129587512927513
2022-12-19T15:59:38.1398400,0.00429680535040913
2022-12-19T15:59:38.1399552,-0.00688855556400039
2022-12-19T15:59:38.1513472,-0.0039277247512097
2022-12-19T15:59:38.1515776,-0.00919142396525881
2022-12-19T15:59:38.1516928,-0.014126141942392
2022-12-19T15:59:38.1518080,-0.0154420667304147
2022-12-19T15:59:38.1519232,0.00265189932229863
2022-12-19T15:59:38.1520384,0.0233777155622271
2022-12-19T15:59:38.1631744,-0.0387997313077776
2022-12-19T15:59:38.1634816,0.0414716826313227
2022-12-19T15:59:38.1637376,-0.0114942923589225
2022-12-19T15:59:38.1638912,-0.0309041828048764
2022-12-19T15:59:38.1640064,0.0895029430081691
2022-12-19T15:59:38.1641216,-0.00326976234665881
2022-12-19T15:59:38.1726848,0.0368659455138072
2022-12-19T15:59:38.1729792,0.0118633731299873
2022-12-19T15:59:38.1731584,0.0105474482928166
2022-12-19T15:59:38.1732736,-0.0108363299615074
2022-12-19T15:59:38.1733888,-0.0230086342136077
2022-12-19T15:59:38.1735168,0.0339051145260825
2022-12-19T15:59:38.1846272,-0.0536038845136896
2022-12-19T15:59:38.1849984,0.0253516028556522
2022-12-19T15:59:38.1853056,0.00561273017570495
2022-12-19T15:59:38.1855104,-0.0325490887502571
2022-12-19T15:59:38.1856512,0.000349030889489121
2022-12-19T15:59:38.1963648,0.0197589222056571
2022-12-19T15:59:38.1966080,0.000349030889489121
2022-12-19T15:59:38.1967360,-0.0157710479270339
2022-12-19T15:59:38.1968512,0.0230487343472071
2022-12-19T15:59:38.1969536,-0.0108363299615074
2022-12-19T15:59:38.1970560,-0.00425670595325207
2022-12-19T15:59:38.2084096,-0.00688855556400039
2022-12-19T15:59:38.2087168,0.0348920581872335
2022-12-19T15:59:38.2089088,-0.0243245589849698
2022-12-19T15:59:38.2090368,0.0552888941707336
2022-12-19T15:59:38.2091648,-0.0161000291234987
2022-12-19T15:59:38.2202624,-0.0272853897115341
2022-12-19T15:59:38.2205184,0.071408974656176
2022-12-19T15:59:38.2206464,-0.0295882580458106
2022-12-19T15:59:38.2207616,0.0378528891792314
2022-12-19T15:59:38.2208768,0.00298088052760892
2022-12-19T15:59:38.2210048,0.0164691100798168
2022-12-19T15:59:38.2350336,0.005941711382419
2022-12-19T15:59:38.2353664,-0.0351809382548961
2022-12-19T15:59:38.2355456,0.0490382508205021
2022-12-19T15:59:38.2356864,-0.0522879597967521
2022-12-19T15:59:38.2358272,0.0158111476565318
2022-12-19T15:59:38.2359936,0.0144952228118434
2022-12-19T15:59:38.2506880,-0.0466952797226417
2022-12-19T15:59:38.2511104,0.010218467083915
2022-12-19T15:59:38.2514432,0.005941711382419
2022-12-19T15:59:38.2516608,0.000349030889489121
2022-12-19T15:59:38.2519296,-0.0193898410796531
2022-12-19T15:59:38.2522624,-0.00524364955844718
2022-12-19T15:59:38.2525824,-0.0121522547557184
2022-12-19T15:59:38.2527872,-0.0157710479270339
2022-12-19T15:59:38.2674944,0.00133597450261574
2022-12-19T15:59:38.2678272,0.0348920581872335
2022-12-19T15:59:38.2680064,-0.0276143709026059
2022-12-19T15:59:38.2681216,0.0671322185714943
2022-12-19T15:59:38.2682368,0.00561273017570495
2022-12-19T15:59:38.2683520,-0.0384707501219167
2022-12-19T15:59:38.2684544,0.0763436932492061
2022-12-19T15:59:38.2685696,-0.0417605619736507
2022-12-19T15:59:38.2798592,0.0329181708663548
2022-12-19T15:59:38.2800768,0.0151531852338741
2022-12-19T15:59:38.2801920,-0.00623059316224477
2022-12-19T15:59:38.2803200,-0.018731878689657
2022-12-19T15:59:38.2804352,-0.0220216906334693
2022-12-19T15:59:38.2805504,0.0204168846327095
2022-12-19T15:59:38.2806528,-0.0693949809279731
2022-12-19T15:59:38.2807680,0.0105474482928166
2022-12-19T15:59:38.2914944,0.0151531852338741
2022-12-19T15:59:38.2918144,-0.0608414704134819
2022-12-19T15:59:38.2920960,0.00133597450261574
2022-12-19T15:59:38.2922880,0.011205410711089
2022-12-19T15:59:38.2924032,-0.0114942923589225
2022-12-19T15:59:38.2925184,-0.0144551231396295
2022-12-19T15:59:38.3047168,0.00561273017570495
2022-12-19T15:59:38.3049472,-0.0147841043367125
2022-12-19T15:59:38.3050752,-0.0167579915159647
2022-12-19T15:59:38.3052288,-0.0105073487625675
2022-12-19T15:59:38.3053440,0.0279834525890402
2022-12-19T15:59:38.3054592,-0.0226796530203822
2022-12-19T15:59:38.3183104,0.0450904761026137
2022-12-19T15:59:38.3185408,0.00100699329808449
2022-12-19T15:59:38.3186560,-0.0325490887502571
2022-12-19T15:59:38.3187712,0.0671322185714943
2022-12-19T15:59:38.3188992,-0.0213637282459401
2022-12-19T15:59:38.3190016,0.0243646592082312
2022-12-19T15:59:38.3191168,0.00298088052760892
2022-12-19T15:59:38.3302144,0.00133597450261574
2022-12-19T15:59:38.3305344,-0.00162485633256119
2022-12-19T15:59:38.3307008,-0.0384707501219167
2022-12-19T15:59:38.3308160,0.0549599129403384
2022-12-19T15:59:38.3309184,-0.0588675833571724
2022-12-19T15:59:38.3310208,0.0164691100798168
2022-12-19T15:59:38.3418368,0.0105474482928166
2022-12-19T15:59:38.3421440,-0.066763131549763
2022-12-19T15:59:38.3424000,0.00890254224987264
2022-12-19T15:59:38.3425792,0.00791559862598218
2022-12-19T15:59:38.3427072,-0.0128102171518951
2022-12-19T15:59:38.3428224,-0.0078754991654702
2022-12-19T15:59:38.3520512,0.0105474482928166
2022-12-19T15:59:38.3523712,-0.0256404837538696
2022-12-19T15:59:38.3526144,-0.00326976234665881
2022-12-19T15:59:38.3527808,0.00232291811714419
2022-12-19T15:59:38.3529088,0.0371949267354569
2022-12-19T15:59:38.3530112,-0.0216927094397817
2022-12-19T15:59:38.3673216,0.0602236126458371
2022-12-19T15:59:38.3676544,-0.0039277247512097
2022-12-19T15:59:38.3679104,-0.0476822232683261
2022-12-19T15:59:38.3681024,0.0618685188122028
2022-12-19T15:59:38.3682304,-0.0522879597967521
2022-12-19T15:59:38.3789568,0.0371949267354569
2022-12-19T15:59:38.3792768,-0.00162485633256119
2022-12-19T15:59:38.3794176,-0.0197188222744198
2022-12-19T15:59:38.3795328,-0.016429010319809
2022-12-19T15:59:38.3796608,-0.0322201075614877
2022-12-19T15:59:38.3797760,0.057920744019646
2022-12-19T15:59:38.3798784,-0.0203767846634904
2022-12-19T15:59:38.3800064,0.00100699329808449
2022-12-19T15:59:38.3905792,0.0319312272080495
2022-12-19T15:59:38.3907968,-0.075645623162611
2022-12-19T15:59:38.3909888,0.00100699329808449
2022-12-19T15:59:38.3911040,0.00396782414447519
2022-12-19T15:59:38.3912064,-0.00162485633256119
2022-12-19T15:59:38.3913216,-0.0269564085203087
2022-12-19T15:59:38.4023040,0.00956050466658112
2022-12-19T15:59:38.4025216,-0.00952040516481843
2022-12-19T15:59:38.4026880,-0.0124812359538841
2022-12-19T15:59:38.4028032,-0.0763035854999428
2022-12-19T15:59:38.4029184,0.00890254224987264
2022-12-19T15:59:38.4172928,-0.0542618468712477
2022-12-19T15:59:38.4176000,0.0266675277210854
2022-12-19T15:59:38.4178944,-0.014126141942392
2022-12-19T15:59:38.4180736,0.0115343919204599
2022-12-19T15:59:38.4182400,0.0687771247546967
2022-12-19T15:59:38.4183424,-0.0302462204256504
2022-12-19T15:59:38.4309120,0.0523280631029221
2022-12-19T15:59:38.4312320,-0.0039277247512097
2022-12-19T15:59:38.4314240,-0.00326976234665881
2022-12-19T15:59:38.4315392,-0.0207057658577945
2022-12-19T15:59:38.4316544,-0.0289302956653566
2022-12-19T15:59:38.4318336,0.0441035324267193
2022-12-19T15:59:38.4319488,-0.0529459221555245
2022-12-19T15:59:38.4320512,0.0362079830709829
2022-12-19T15:59:38.4425472,0.00429680535040913
2022-12-19T15:59:38.4428672,-0.0605124892378086
2022-12-19T15:59:38.4430976,0.00166495570730275
2022-12-19T15:59:38.4432256,0.0033098617330751
2022-12-19T15:59:38.4433280,-0.0131391983497513
2022-12-19T15:59:38.4434432,-0.00326976234665881
2022-12-19T15:59:38.4435456,0.0187719785662566
2022-12-19T15:59:38.4538240,-0.0055726307598683
2022-12-19T15:59:38.4542720,-0.00195383753569171
2022-12-19T15:59:38.4545280,-0.00359874354901193
2022-12-19T15:59:38.4546944,0.0319312272080495
2022-12-19T15:59:38.4548096,-0.0197188222744198
2022-12-19T15:59:38.4549888,0.0523280631029221
2022-12-19T15:59:38.4674816,0.0033098617330751
2022-12-19T15:59:38.4677888,-0.0470242609046887
2022-12-19T15:59:38.4679552,0.0770016557310156
2022-12-19T15:59:38.4680704,-0.0295882580458106
2022-12-19T15:59:38.4681856,0.0335761333060152
2022-12-19T15:59:38.4804480,0.00561273017570495
2022-12-19T15:59:38.4807808,-0.0101783675634727
2022-12-19T15:59:38.4809600,-0.0118232735573979
2022-12-19T15:59:38.4811264,-0.0312331639942593
2022-12-19T15:59:38.4812416,0.0470643634586944
2022-12-19T15:59:38.4813824,-0.0624863762895804
2022-12-19T15:59:38.4814848,0.010218467083915
2022-12-19T15:59:38.4920448,0.0237066967774044
2022-12-19T15:59:38.4924416,-0.0638023009877389
2022-12-19T15:59:38.4925952,0.0082445798337894
2022-12-19T15:59:38.4927104,0.00627069258928915
2022-12-19T15:59:38.4928256,-0.00886244276554422
2022-12-19T15:59:38.4929280,-0.00326976234665881
2022-12-19T15:59:38.4930816,0.0151531852338741
2022-12-19T15:59:38.5022336,-0.0075465179651354
2022-12-19T15:59:38.5026432,0.000349030889489121
2022-12-19T15:59:38.5028352,-0.00721753676464547
2022-12-19T15:59:38.5029504,0.0348920581872335
2022-12-19T15:59:38.5030528,-0.0157710479270339
2022-12-19T15:59:38.5142912,0.0562758378628775
2022-12-19T15:59:38.5146112,0.00199393691214557
2022-12-19T15:59:38.5148288,-0.0361678818166088
2022-12-19T15:59:38.5149440,0.0707510121798415
2022-12-19T15:59:38.5150592,-0.0391287124934857
2022-12-19T15:59:38.5240064,0.0325891896467616
2022-12-19T15:59:38.5243008,0.00923152345814872
2022-12-19T15:59:38.5245568,-0.0239955777923602
2022-12-19T15:59:38.5247104,-0.00129587512927513
2022-12-19T15:59:38.5248512,-0.0213637282459401
2022-12-19T15:59:38.5249536,0.0543019504800269
2022-12-19T15:59:38.5357184,-0.0460373173580908
2022-12-19T15:59:38.5360384,0.0214038282744669
2022-12-19T15:59:38.5363200,0.0108764295018745
2022-12-19T15:59:38.5364608,-0.074329698486145
2022-12-19T15:59:38.5365888,0.0167980912916946
2022-12-19T15:59:38.5499648,0.010218467083915
2022-12-19T15:59:38.5502464,-0.00919142396525881
2022-12-19T15:59:38.5504896,-0.00359874354901193
2022-12-19T15:59:38.5506688,0.0171270725037292
2022-12-19T15:59:38.5508096,-0.00952040516481843
2022-12-19T15:59:38.5509248,-0.0055726307598683
2022-12-19T15:59:38.5609600,-0.0114942923589225
2022-12-19T15:59:38.5613312,0.0256805840717742
2022-12-19T15:59:38.5615872,-0.0253115025618754
2022-12-19T15:59:38.5618688,0.0569338003251055
2022-12-19T15:59:38.5621376,0.00561273017570495
2022-12-19T15:59:38.5624704,-0.0440634302607818
2022-12-19T15:59:38.5627392,0.0812784118785083
2022-12-19T15:59:38.5736448,-0.0315621451834888
2022-12-19T15:59:38.5739776,0.0398267765143575
2022-12-19T15:59:38.5742336,-0.0039277247512097
2022-12-19T15:59:38.5744256,-0.0170869727119661
2022-12-19T15:59:38.5745664,-0.00820448036564994
2022-12-19T15:59:38.5746688,-0.0424185243421653
2022-12-19T15:59:38.5853440,0.0450904761026137
2022-12-19T15:59:38.5856896,-0.0391287124934857
2022-12-19T15:59:38.5859840,0.0263385465044908
2022-12-19T15:59:38.5861760,0.0115343919204599
2022-12-19T15:59:38.5863424,-0.0782774725083365
2022-12-19T15:59:38.5864576,0.0128503167595087
2022-12-19T15:59:38.6008960,0.0184429973534371
2022-12-19T15:59:38.6012032,-0.0078754991654702
2022-12-19T15:59:38.6013696,0.00725763621083642
2022-12-19T15:59:38.6015232,0.00923152345814872
2022-12-19T15:59:38.6016384,0.00133597450261574
2022-12-19T15:59:38.6017408,-0.0121522547557184
2022-12-19T15:59:38.6107776,-0.00195383753569171
2022-12-19T15:59:38.6110848,0.0207458658464715
2022-12-19T15:59:38.6112512,-0.0154420667304147
2022-12-19T15:59:38.6113664,0.0543019504800269
2022-12-19T15:59:38.6114816,0.0135082791799726
2022-12-19T15:59:38.6116096,-0.0332070511273362
2022-12-19T15:59:38.6117120,0.071408974656176
2022-12-19T15:59:38.6118656,-0.0368258441903187
2022-12-19T15:59:38.6209408,0.0490382508205021
2022-12-19T15:59:38.6212736,0.0243646592082312
2022-12-19T15:59:38.6214400,-0.0230086342136077
2022-12-19T15:59:38.6215680,0.0269965089378377
2022-12-19T15:59:38.6216832,-0.0236665965995966
2022-12-19T15:59:38.6345984,0.0391688140686815
2022-12-19T15:59:38.6348288,-0.0453793549929307
2022-12-19T15:59:38.6349568,0.0246936404238808
2022-12-19T15:59:38.6350592,0.0131792979696624
2022-12-19T15:59:38.6351744,-0.064789244509772
2022-12-19T15:59:38.6463488,0.0141662416010631
2022-12-19T15:59:38.6466560,0.0105474482928166
2022-12-19T15:59:38.6468992,-0.00359874354901193
2022-12-19T15:59:38.6470656,0.0128503167595087
2022-12-19T15:59:38.6471808,0.0148242040227804
2022-12-19T15:59:38.6473216,-0.00425670595325207
2022-12-19T15:59:38.6559872,-0.0108363299615074
2022-12-19T15:59:38.6562816,-0.0236665965995966
2022-12-19T15:59:38.6564608,0.00956050466658112
2022-12-19T15:59:38.6565888,-0.0322201075614877
2022-12-19T15:59:38.6566912,0.0490382508205021
2022-12-19T15:59:38.6568064,0.00988948587516988
2022-12-19T15:59:38.6682368,-0.0226796530203822
2022-12-19T15:59:38.6685056,0.0779885994549393
2022-12-19T15:59:38.6686208,-0.0440634302607818
2022-12-19T15:59:38.6687360,0.034234095746308
2022-12-19T15:59:38.6688512,0.0171270725037292
2022-12-19T15:59:38.6799744,-0.0193898410796531
2022-12-19T15:59:38.6801920,0.00627069258928915
2022-12-19T15:59:38.6803584,-0.0161000291234987
2022-12-19T15:59:38.6804736,0.0355500206287917
2022-12-19T15:59:38.6805888,-0.0466952797226417
2022-12-19T15:59:38.6806912,0.00659967379631543
2022-12-19T15:59:38.6896512,0.00692865500349785
2022-12-19T15:59:38.6898560,-0.0624863762895804
2022-12-19T15:59:38.6899968,0.005941711382419
2022-12-19T15:59:38.6901632,0.00725763621083642
2022-12-19T15:59:38.6902784,-0.00590161196113415
2022-12-19T15:59:38.6904064,0.0128503167595087
2022-12-19T15:59:38.6997888,0.00988948587516988
2022-12-19T15:59:38.7000960,-0.0309041828048764
2022-12-19T15:59:38.7003520,-0.00326976234665881
2022-12-19T15:59:38.7005696,0.0033098617330751
2022-12-19T15:59:38.7006976,0.0329181708663548
2022-12-19T15:59:38.7113856,-0.0253115025618754
2022-12-19T15:59:38.7117056,0.0352210394079334
2022-12-19T15:59:38.7119104,0.00396782414447519
2022-12-19T15:59:38.7120256,-0.0364968630035403
2022-12-19T15:59:38.7121408,0.0658162936278223
2022-12-19T15:59:38.7240704,-0.0529459221555245
2022-12-19T15:59:38.7243776,0.0279834525890402
2022-12-19T15:59:38.7246336,0.0118633731299873
2022-12-19T15:59:38.7247872,-0.0226796530203822
2022-12-19T15:59:38.7249152,0.00462578655649906
2022-12-19T15:59:38.7250304,-0.0292592768556604
2022-12-19T15:59:38.7357824,0.0263385465044908
2022-12-19T15:59:38.7360768,-0.0391287124934857
2022-12-19T15:59:38.7363712,0.0187719785662566
2022-12-19T15:59:38.7365888,0.0144952228118434
2022-12-19T15:59:38.7367040,-0.0631443386389618
2022-12-19T15:59:38.7368192,0.0243646592082312
2022-12-19T15:59:38.7507584,0.0161401288680959
2022-12-19T15:59:38.7512832,0.00429680535040913
2022-12-19T15:59:38.7516288,-0.00886244276554422
2022-12-19T15:59:38.7517952,0.00923152345814872
2022-12-19T15:59:38.7518976,0.00923152345814872
2022-12-19T15:59:38.7520128,-0.0170869727119661
2022-12-19T15:59:38.7638272,-0.00294078114415022
2022-12-19T15:59:38.7640832,0.0424586263034057
2022-12-19T15:59:38.7642112,0.000678012093708949
2022-12-19T15:59:38.7643264,0.0533150067907566
2022-12-19T15:59:38.7644288,0.00363884293869718
2022-12-19T15:59:38.7645440,-0.0453793549929307
2022-12-19T15:59:38.7646464,0.0668032373353356
2022-12-19T15:59:38.7647872,-0.0621573951146631
2022-12-19T15:59:38.7746304,0.0279834525890402
2022-12-19T15:59:38.7749248,0.00890254224987264
2022-12-19T15:59:38.7751168,-0.0272853897115341
2022-12-19T15:59:38.7753216,-0.0230086342136077
2022-12-19T15:59:38.7754624,-0.02596946494571
2022-12-19T15:59:38.7755776,0.0421296450792193
2022-12-19T15:59:38.7863168,-0.0430764867100695
2022-12-19T15:59:38.7866240,0.030944283551166
2022-12-19T15:59:38.7868800,0.0141662416010631
2022-12-19T15:59:38.7870592,-0.0480112044499164
2022-12-19T15:59:38.7871744,0.0292993774595181
2022-12-19T15:59:38.7874176,0.0151531852338741
2022-12-19T15:59:38.8015744,-0.273692260449019
2022-12-19T15:59:38.8018304,0.0246936404238808
2022-12-19T15:59:38.8020224,0.0391688140686815
2022-12-19T15:59:38.8021760,0.00363884293869718
2022-12-19T15:59:38.8023296,-0.0121522547557184
2022-12-19T15:59:38.8024448,-0.00623059316224477
2022-12-19T15:59:38.8116096,-0.0950555118622172
2022-12-19T15:59:38.8119680,-0.00984938636422307
2022-12-19T15:59:38.8121728,-0.00919142396525881
2022-12-19T15:59:38.8123904,0.0381818704013563
2022-12-19T15:59:38.8125824,-0.0282723332842885
2022-12-19T15:59:38.8127488,0.0641713874518421
2022-12-19T15:59:38.8129024,-0.038141768935903
2022-12-19T15:59:38.8229248,0.0358790018498081
2022-12-19T15:59:38.8231424,0.00988948587516988
2022-12-19T15:59:38.8232960,-0.0302462204256504
2022-12-19T15:59:38.8234240,-0.00326976234665881
2022-12-19T15:59:38.8235264,-0.0328780699388733
2022-12-19T15:59:38.8351616,0.0404847389606678
2022-12-19T15:59:38.8353920,-0.0272853897115341
2022-12-19T15:59:38.8355072,0.0164691100798168
2022-12-19T15:59:38.8356224,0.0204168846327095
2022-12-19T15:59:38.8357888,-0.0884758886324748
2022-12-19T15:59:38.8359040,0.0118633731299873
2022-12-19T15:59:38.8511232,0.00923152345814872
2022-12-19T15:59:38.8514176,-0.017415953907813
2022-12-19T15:59:38.8516736,0.0207458658464715
2022-12-19T15:59:38.8518272,0.00265189932229863
2022-12-19T15:59:38.8519296,-0.0114942923589225
2022-12-19T15:59:38.8520832,0.00199393691214557
2022-12-19T15:59:38.8609920,-0.00886244276554422
2022-12-19T15:59:38.8613120,0.034234095746308
2022-12-19T15:59:38.8615552,-0.00655957436320019
2022-12-19T15:59:38.8617216,0.0414716826313227
2022-12-19T15:59:38.8618368,0.00988948587516988
2022-12-19T15:59:38.8619392,-0.0424185243421653
2022-12-19T15:59:38.8620416,0.0753567495277009
2022-12-19T15:59:38.8621696,-0.0341939946918055
2022-12-19T15:59:38.8712704,0.0473933446852645
2022-12-19T15:59:38.8716032,0.0197589222056571
2022-12-19T15:59:38.8717824,-0.102951059659383
2022-12-19T15:59:38.8719360,0.00429680535040913
2022-12-19T15:59:38.8720896,-0.0585386021805911
2022-12-19T15:59:38.8844928,0.0319312272080495
2022-12-19T15:59:38.8848512,-0.0519589786171381
2022-12-19T15:59:38.8850688,0.0121923543396712
2022-12-19T15:59:38.8851840,0.00265189932229863
2022-12-19T15:59:38.8852992,-0.0710398867844586
2022-12-19T15:59:38.8965888,0.0279834525890402
2022-12-19T15:59:38.8968064,-0.00359874354901193
2022-12-19T15:59:38.8969216,-0.00228281873866669
2022-12-19T15:59:38.8970752,0.0105474482928166
2022-12-19T15:59:38.8971904,0.00988948587516988
2022-12-19T15:59:38.8972928,-0.0147841043367125
2022-12-19T15:59:38.9062656,-0.0197188222744198
2022-12-19T15:59:38.9066880,-0.016429010319809
2022-12-19T15:59:38.9069184,0.0161401288680959
2022-12-19T15:59:38.9071104,-0.00261179994148619
2022-12-19T15:59:38.9072768,0.057920744019646
2022-12-19T15:59:38.9073920,0.00923152345814872
2022-12-19T15:59:38.9191296,-0.0378127877497363
2022-12-19T15:59:38.9197440,0.0743698058076459
2022-12-19T15:59:38.9201664,-0.0302462204256504
2022-12-19T15:59:38.9203328,0.0345630769666917
2022-12-19T15:59:38.9204480,0.0263385465044908
2022-12-19T15:59:38.9315840,-0.0348519570673523
2022-12-19T15:59:38.9318912,0.0227197531323445
2022-12-19T15:59:38.9320576,-0.0411025996045257
2022-12-19T15:59:38.9322240,0.027654471371815
2022-12-19T15:59:38.9323392,-0.0440634302607818
2022-12-19T15:59:38.9324544,0.019100959779233
2022-12-19T15:59:38.9325568,0.0283124338064231
2022-12-19T15:59:38.9415552,-0.0624863762895804
2022-12-19T15:59:38.9419392,0.0200879034191048
2022-12-19T15:59:38.9421312,-0.00623059316224477
2022-12-19T15:59:38.9422720,-0.00721753676464547
2022-12-19T15:59:38.9424384,0.0082445798337894
2022-12-19T15:59:38.9425408,0.034234095746308
2022-12-19T15:59:38.9541632,-0.0131391983497513
2022-12-19T15:59:38.9543936,-0.0131391983497513
2022-12-19T15:59:38.9545216,-0.00228281873866669
2022-12-19T15:59:38.9546496,0.0177850349282693
2022-12-19T15:59:38.9653376,-0.0111653111602924
2022-12-19T15:59:38.9783040,0.0368659455138072
2022-12-19T15:59:38.9784832,0.0082445798337894
2022-12-19T15:59:38.9785984,-0.027943352093524
2022-12-19T15:59:38.9787136,0.0572627815564591
2022-12-19T15:59:38.9788288,-0.0355099194422867
2022-12-19T15:59:38.9789312,0.0345630769666917
2022-12-19T15:59:38.9790592,0.0273254901547475
2022-12-19T15:59:38.9791744,-0.0318911263725649
2022-12-19T15:59:38.9792768,0.0118633731299873
2022-12-19T15:59:38.9793792,-0.0345229758796555
2022-12-19T15:59:38.9794944,0.0385108516236395
2022-12-19T15:59:38.9795968,-0.038141768935903
2022-12-19T15:59:38.9883648,0.0121923543396712
2022-12-19T15:59:38.9885952,0.0164691100798168
2022-12-19T15:59:38.9887232,-0.0473532420865835
2022-12-19T15:59:38.9888256,0.0158111476565318
2022-12-19T15:59:38.9889408,-0.0101783675634727
2022-12-19T15:59:38.9891328,0.00166495570730275
2022-12-19T15:59:38.9893248,-0.00721753676464547
2022-12-19T15:59:39.0014208,0.0167980912916946
2022-12-19T15:59:39.0019456,-0.00952040516481843
2022-12-19T15:59:39.0021760,0.00890254224987264
2022-12-19T15:59:39.0022912,0.011205410711089
2022-12-19T15:59:39.0136320,0.0210748470603906
2022-12-19T15:59:39.0138496,0.00199393691214557
2022-12-19T15:59:39.0139648,0.0424586263034057
2022-12-19T15:59:39.0140800,-0.00919142396525881
2022-12-19T15:59:39.0142080,-0.0447213926271611
2022-12-19T15:59:39.0143488,0.0697640684665458
2022-12-19T15:59:39.0144640,-0.039457693679041
2022-12-19T15:59:39.0243840,0.0279834525890402
2022-12-19T15:59:39.0246144,0.0339051145260825
2022-12-19T15:59:39.0247808,-0.0276143709026059
2022-12-19T15:59:39.0249472,0.00199393691214557
2022-12-19T15:59:39.0251008,-0.0332070511273362
2022-12-19T15:59:39.0252800,0.0312732647699692
2022-12-19T15:59:39.0348288,-0.0463662985404424
2022-12-19T15:59:39.0350080,0.0243646592082312
2022-12-19T15:59:39.0351232,0.0177850349282693
2022-12-19T15:59:39.0352384,-0.0585386021805911
2022-12-19T15:59:39.0353536,0.0138372603904395
2022-12-19T15:59:39.0491520,-0.00195383753569171
2022-12-19T15:59:39.0493312,-0.0118232735573979
2022-12-19T15:59:39.0494464,-0.00491466835687079
2022-12-19T15:59:39.0495488,0.0269965089378377
2022-12-19T15:59:39.0496768,-0.00294078114415022
2022-12-19T15:59:39.0683520,-0.0055726307598683
2022-12-19T15:59:39.0686208,0.00627069258928915
2022-12-19T15:59:39.0687872,0.0237066967774044
2022-12-19T15:59:39.0689408,-0.0151130855336409
2022-12-19T15:59:39.0690944,0.0385108516236395
2022-12-19T15:59:39.0692480,-0.000966893925833531
2022-12-19T15:59:39.0693888,-0.0358389006295243
2022-12-19T15:59:39.0695168,0.0546309317101028
2022-12-19T15:59:39.0864256,-0.0496561103555861
2022-12-19T15:59:39.0866176,0.0450904761026137
2022-12-19T15:59:39.0867328,0.0266675277210854
2022-12-19T15:59:39.0868480,-0.0549198092281989
2022-12-19T15:59:39.0869632,0.011205410711089
2022-12-19T15:59:39.0870784,-0.0309041828048764
2022-12-19T15:59:39.0871808,0.0269965089378377
2022-12-19T15:59:39.0873216,-0.0443924114440477
2022-12-19T15:59:39.0874368,0.0135082791799726
2022-12-19T15:59:39.0875648,0.0217328094887004
2022-12-19T15:59:39.1027328,-0.0595255457098809
2022-12-19T15:59:39.1029120,0.0158111476565318
2022-12-19T15:59:39.1030272,-0.0114942923589225
2022-12-19T15:59:39.1031424,-0.0203767846634904
2022-12-19T15:59:39.1032448,0.00857356104175289
2022-12-19T15:59:39.1033472,0.0227197531323445
2022-12-19T15:59:39.1034624,-0.0121522547557184
2022-12-19T15:59:39.1035776,-0.00129587512927513
2022-12-19T15:59:39.1036928,0.0115343919204599
2022-12-19T15:59:39.1164544,0.0325891896467616
2022-12-19T15:59:39.1166336,-0.0147841043367125
2022-12-19T15:59:39.1167488,0.0322602084273265
2022-12-19T15:59:39.1168640,0.00100699329808449
2022-12-19T15:59:39.1169920,-0.0282723332842885
2022-12-19T15:59:39.1170944,0.0595656501804112
2022-12-19T15:59:39.1171968,-0.0496561103555861
2022-12-19T15:59:39.1173120,0.0181140161407747
2022-12-19T15:59:39.1272192,0.0144952228118434
2022-12-19T15:59:39.1274880,-0.0457083361755869
2022-12-19T15:59:39.1276544,0.0164691100798168
2022-12-19T15:59:39.1277952,-0.0463662985404424
2022-12-19T15:59:39.1280512,0.0368659455138072
2022-12-19T15:59:39.1281920,-0.039457693679041
2022-12-19T15:59:39.1389312,0.0177850349282693
2022-12-19T15:59:39.1391872,0.0207458658464715
2022-12-19T15:59:39.1394176,-0.0476822232683261
2022-12-19T15:59:39.1395712,0.0371949267354569
2022-12-19T15:59:39.1397248,-0.0128102171518951
2022-12-19T15:59:39.1398656,-0.0078754991654702
2022-12-19T15:59:39.1513216,0.0171270725037292
2022-12-19T15:59:39.1516800,0.0181140161407747
2022-12-19T15:59:39.1519488,-0.0111653111602924
2022-12-19T15:59:39.1521152,-0.00458568715513909
2022-12-19T15:59:39.1523456,0.0207458658464715
2022-12-19T15:59:39.1526656,0.0362079830709829
2022-12-19T15:59:39.1666432,-0.0085334615656746
2022-12-19T15:59:39.1668096,0.0490382508205021
2022-12-19T15:59:39.1669376,0.0148242040227804
2022-12-19T15:59:39.1670400,-0.018731878689657
2022-12-19T15:59:39.1671680,0.0510121381880419
2022-12-19T15:59:39.1672832,-0.0473532420865835
2022-12-19T15:59:39.1793024,0.0283124338064231
2022-12-19T15:59:39.1796608,0.0319312272080495
2022-12-19T15:59:39.1799040,-0.0387997313077776
2022-12-19T15:59:39.1800576,0.0158111476565318
2022-12-19T15:59:39.1801728,-0.02596946494571
2022-12-19T15:59:39.1802880,0.0210748470603906
2022-12-19T15:59:39.1803904,-0.0355099194422867
2022-12-19T15:59:39.1891200,0.0214038282744669
2022-12-19T15:59:39.1893632,0.0194299409923665
2022-12-19T15:59:39.1895680,-0.0638023009877389
2022-12-19T15:59:39.1897600,0.0391688140686815
2022-12-19T15:59:39.1899904,0.00363884293869718
2022-12-19T15:59:39.1901440,-0.0078754991654702
2022-12-19T15:59:39.1902592,0.0125213355495117
2022-12-19T15:59:39.2002176,0.0371949267354569
2022-12-19T15:59:39.2003840,-0.0154420667304147
2022-12-19T15:59:39.2004992,0.0144952228118434
2022-12-19T15:59:39.2006144,0.00758661741833119
2022-12-19T15:59:39.2007168,0.0237066967774044
2022-12-19T15:59:39.2103040,0.00298088052760892
2022-12-19T15:59:39.2105472,0.0398267765143575
2022-12-19T15:59:39.2107648,-0.00228281873866669
2022-12-19T15:59:39.2109696,-0.0371548253769442
2022-12-19T15:59:39.2111232,0.0543019504800269
2022-12-19T15:59:39.2222336,-0.0486691668126406
2022-12-19T15:59:39.2226304,0.0194299409923665
2022-12-19T15:59:39.2229248,0.027654471371815
2022-12-19T15:59:39.2230784,-0.0621573951146631
2022-12-19T15:59:39.2231936,0.0256805840717742
2022-12-19T15:59:39.2317440,-0.0348519570673523
2022-12-19T15:59:39.2320512,0.0329181708663548
2022-12-19T15:59:39.2322048,-0.0473532420865835
2022-12-19T15:59:39.2323328,0.010218467083915
2022-12-19T15:59:39.2324352,0.0292993774595181
2022-12-19T15:59:39.2325504,-0.0401156560496931
2022-12-19T15:59:39.2497920,0.0352210394079334
2022-12-19T15:59:39.2501504,-0.0216927094397817
2022-12-19T15:59:39.2504064,0.00265189932229863
2022-12-19T15:59:39.2506496,0.00627069258928915
2022-12-19T15:59:39.2509056,0.0243646592082312
2022-12-19T15:59:39.2606464,-0.0055726307598683
2022-12-19T15:59:39.2609024,0.00627069258928915
2022-12-19T15:59:39.2610688,0.0167980912916946
2022-12-19T15:59:39.2611840,0.0306153023325207
2022-12-19T15:59:39.2612992,-0.00721753676464547
2022-12-19T15:59:39.2614400,0.0263385465044908
2022-12-19T15:59:39.2615552,0.00659967379631543
2022-12-19T15:59:39.2616704,-0.039457693679041
2022-12-19T15:59:39.2617728,0.0464064010060314
2022-12-19T15:59:39.2717440,-0.0499850915362638
2022-12-19T15:59:39.2719872,0.0181140161407747
2022-12-19T15:59:39.2721280,0.0154821664451246
2022-12-19T15:59:39.2722688,-0.0634733198134259
2022-12-19T15:59:39.2724096,0.00923152345814872
2022-12-19T15:59:39.2725504,-0.0262984461373967
2022-12-19T15:59:39.2862976,0.0283124338064231
2022-12-19T15:59:39.2866560,-0.0466952797226417
2022-12-19T15:59:39.2869120,0.0167980912916946
2022-12-19T15:59:39.2870656,0.0121923543396712
2022-12-19T15:59:39.2872064,-0.0332070511273362
2022-12-19T15:59:39.2976384,0.0233777155622271
2022-12-19T15:59:39.2978816,-0.0210347470519443
2022-12-19T15:59:39.2980480,-0.00326976234665881
2022-12-19T15:59:39.2981632,0.0260095652880537
2022-12-19T15:59:39.2982784,0.0125213355495117
2022-12-19T15:59:39.2983936,0.0177850349282693
2022-12-19T15:59:39.2984960,-0.0144551231396295
2022-12-19T15:59:39.3078656,0.0362079830709829
2022-12-19T15:59:39.3080448,0.00956050466658112
2022-12-19T15:59:39.3081728,-0.00261179994148619
2022-12-19T15:59:39.3082880,0.0151531852338741
2022-12-19T15:59:39.3083904,0.00692865500349785
2022-12-19T15:59:39.3084928,-0.0776195101728054
2022-12-19T15:59:39.3270272,-0.0338650135038022
2022-12-19T15:59:39.3274880,-0.0437344490773635
2022-12-19T15:59:39.3277952,0.0214038282744669
2022-12-19T15:59:39.3280512,0.0181140161407747
2022-12-19T15:59:39.3282688,-0.0588675833571724
2022-12-19T15:59:39.3382400,0.0260095652880537
2022-12-19T15:59:39.3384960,-0.0397866748644434
2022-12-19T15:59:39.3386240,0.0194299409923665
2022-12-19T15:59:39.3387392,-0.0417605619736507
2022-12-19T15:59:39.3388544,0.0197589222056571
2022-12-19T15:59:39.3389696,0.0167980912916946
2022-12-19T15:59:39.3390976,-0.0499850915362638
2022-12-19T15:59:39.3392128,0.0464064010060314
2022-12-19T15:59:39.3393280,-0.00491466835687079
2022-12-19T15:59:39.3394304,-0.0223506718270028
2022-12-19T15:59:39.3516032,-0.00458568715513909
2022-12-19T15:59:39.3519104,0.0207458658464715
2022-12-19T15:59:39.3520768,-0.0154420667304147
2022-12-19T15:59:39.3521920,0.00659967379631543
2022-12-19T15:59:39.3523072,0.0214038282744669
2022-12-19T15:59:39.3630976,0.0431165887522547
2022-12-19T15:59:39.3634176,-0.0144551231396295
2022-12-19T15:59:39.3636096,0.0414716826313227
2022-12-19T15:59:39.3637248,-0.000637912722236303
2022-12-19T15:59:39.3638400,-0.0246535401774255
2022-12-19T15:59:39.3639424,0.0559468566320032
2022-12-19T15:59:39.3640576,-0.0493271291747564
2022-12-19T15:59:39.3730560,0.0292993774595181
2022-12-19T15:59:39.3732608,0.0177850349282693
2022-12-19T15:59:39.3733760,-0.059854526886008
2022-12-19T15:59:39.3734784,-0.000637912722236303
2022-12-19T15:59:39.3735808,-0.0292592768556604
2022-12-19T15:59:39.3736960,0.0214038282744669
2022-12-19T15:59:39.3851008,-0.0486691668126406
2022-12-19T15:59:39.3854208,0.00495476776274499
2022-12-19T15:59:39.3856000,0.0240356779927391
2022-12-19T15:59:39.3857152,-0.0358389006295243
2022-12-19T15:59:39.3858304,0.0348920581872335
2022-12-19T15:59:39.4013184,-0.0236665965995966
2022-12-19T15:59:39.4017536,-0.0078754991654702
2022-12-19T15:59:39.4019584,0.0131792979696624
2022-12-19T15:59:39.4020992,0.0230487343472071
2022-12-19T15:59:39.4022400,-0.018731878689657
2022-12-19T15:59:39.4024960,-0.00228281873866669
2022-12-19T15:59:39.4133248,0.0105474482928166
2022-12-19T15:59:39.4136832,0.027654471371815
2022-12-19T15:59:39.4138752,0.00692865500349785
2022-12-19T15:59:39.4140032,0.0457484385540046
2022-12-19T15:59:39.4141312,0.0167980912916946
2022-12-19T15:59:39.4142592,-0.0177449351035055
2022-12-19T15:59:39.4143872,0.0730538808498274
2022-12-19T15:59:39.4145024,-0.0414315807891646
2022-12-19T15:59:39.4228736,0.027654471371815
2022-12-19T15:59:39.4231680,0.0339051145260825
2022-12-19T15:59:39.4233472,-0.0568936962954132
2022-12-19T15:59:39.4234624,0.0115343919204599
2022-12-19T15:59:39.4235904,-0.0466952797226417
2022-12-19T15:59:39.4237184,0.0223907719176392
2022-12-19T15:59:39.4351488,-0.0315621451834888
2022-12-19T15:59:39.4354432,0.0227197531323445
2022-12-19T15:59:39.4356352,0.0174560537159208
2022-12-19T15:59:39.4357504,-0.0443924114440477
2022-12-19T15:59:39.4358656,0.0233777155622271
2022-12-19T15:59:39.4512896,-0.0180739162990437
2022-12-19T15:59:39.4515456,-0.00359874354901193
2022-12-19T15:59:39.4516736,0.00528374896914695
2022-12-19T15:59:39.4517760,0.0171270725037292
2022-12-19T15:59:39.4518784,-0.016429010319809
2022-12-19T15:59:39.4519936,0.00692865500349785
2022-12-19T15:59:39.4633600,0.0158111476565318
2022-12-19T15:59:39.4637568,0.0302863211140333
2022-12-19T15:59:39.4640768,-0.00952040516481843
2022-12-19T15:59:39.4642688,0.034234095746308
2022-12-19T15:59:39.4643968,0.0187719785662566
2022-12-19T15:59:39.4645760,-0.0282723332842885
2022-12-19T15:59:39.4647680,0.0598946314130441
2022-12-19T15:59:39.4649088,-0.0309041828048764
2022-12-19T15:59:39.4752640,0.0135082791799726
2022-12-19T15:59:39.4756096,0.0641713874518421
2022-12-19T15:59:39.4758400,-0.0858440393238745
2022-12-19T15:59:39.4759808,0.0365369642923159
2022-12-19T15:59:39.4761088,-0.0397866748644434
2022-12-19T15:59:39.4762496,0.0181140161407747
2022-12-19T15:59:39.4853760,-0.0473532420865835
2022-12-19T15:59:39.4856320,0.0207458658464715
2022-12-19T15:59:39.4857472,0.0214038282744669
2022-12-19T15:59:39.4858624,-0.0503140727167894
2022-12-19T15:59:39.4859776,0.0352210394079334
2022-12-19T15:59:39.4860928,-0.0131391983497513
2022-12-19T15:59:39.4963840,-0.0197188222744198
2022-12-19T15:59:39.4966016,0.0174560537159208
2022-12-19T15:59:39.4967296,0.0207458658464715
2022-12-19T15:59:39.4968448,0.00429680535040913
2022-12-19T15:59:39.4969600,-0.00919142396525881
2022-12-19T15:59:39.5093632,0.0200879034191048
2022-12-19T15:59:39.5096576,0.0174560537159208
2022-12-19T15:59:39.5098368,0.00265189932229863
2022-12-19T15:59:39.5099648,0.0302863211140333
2022-12-19T15:59:39.5100800,0.00725763621083642
2022-12-19T15:59:39.5211776,-0.0460373173580908
2022-12-19T15:59:39.5215488,0.0598946314130441
2022-12-19T15:59:39.5217152,-0.0539328656925445
2022-12-19T15:59:39.5218304,0.0263385465044908
2022-12-19T15:59:39.5219584,0.0329181708663548
2022-12-19T15:59:39.5220736,-0.0865020016519206
2022-12-19T15:59:39.5221760,0.0214038282744669
2022-12-19T15:59:39.5348864,-0.0253115025618754
2022-12-19T15:59:39.5351168,0.0266675277210854
2022-12-19T15:59:39.5352320,-0.0414315807891646
2022-12-19T15:59:39.5353472,-0.00261179994148619
2022-12-19T15:59:39.5354624,0.0148242040227804
2022-12-19T15:59:39.5355776,-0.0513010162574545
2022-12-19T15:59:39.5448448,0.0394977952914403
2022-12-19T15:59:39.5451648,-0.0128102171518951
2022-12-19T15:59:39.5453568,-0.0124812359538841
2022-12-19T15:59:39.5454720,0.0148242040227804
2022-12-19T15:59:39.5455872,0.0135082791799726
2022-12-19T15:59:39.5457024,-0.0305752016153402
2022-12-19T15:59:39.5458304,-0.00590161196113415
2022-12-19T15:59:39.5561984,0.00199393691214557
2022-12-19T15:59:39.5565056,0.0138372603904395
2022-12-19T15:59:39.5567488,-0.0210347470519443
2022-12-19T15:59:39.5569024,0.0187719785662566
2022-12-19T15:59:39.5570304,-0.00820448036564994
2022-12-19T15:59:39.5692544,-0.0226796530203822
2022-12-19T15:59:39.5694720,0.0371949267354569
2022-12-19T15:59:39.5696128,-0.0496561103555861
2022-12-19T15:59:39.5697280,0.0135082791799726
2022-12-19T15:59:39.5698304,0.0516701006451631
2022-12-19T15:59:39.5846016,-0.0628153574643467
2022-12-19T15:59:39.5850880,0.0467353822322834
2022-12-19T15:59:39.5853696,-0.0256404837538696
2022-12-19T15:59:39.5856384,0.0299573398957038
2022-12-19T15:59:39.5858816,-0.0249825213697274
2022-12-19T15:59:39.5861632,0.0108764295018745
2022-12-19T15:59:39.5863808,0.0220617907030912
2022-12-19T15:59:39.6013184,-0.0483401856313546
2022-12-19T15:59:39.6016256,0.0411427014076124
2022-12-19T15:59:39.6017920,-0.0213637282459401
2022-12-19T15:59:39.6019072,-0.0233376154066791
2022-12-19T15:59:39.6020224,0.0154821664451246
2022-12-19T15:59:39.6021248,0.0128503167595087
2022-12-19T15:59:39.6022272,-0.0253115025618754
2022-12-19T15:59:39.6023424,-0.00623059316224477
2022-12-19T15:59:39.6112128,0.00462578655649906
2022-12-19T15:59:39.6115072,0.0223907719176392
2022-12-19T15:59:39.6117888,-0.0121522547557184
2022-12-19T15:59:39.6119424,0.0299573398957038
2022-12-19T15:59:39.6120576,0.00462578655649906
2022-12-19T15:59:39.6121600,-0.027943352093524
2022-12-19T15:59:39.6122624,0.0543019504800269
2022-12-19T15:59:39.6123648,-0.0473532420865835
2022-12-19T15:59:39.6214272,0.010218467083915
2022-12-19T15:59:39.6216576,0.0394977952914403
2022-12-19T15:59:39.6217984,-0.0841991335011438
2022-12-19T15:59:39.6219136,0.028970396241662
2022-12-19T15:59:39.6220288,-0.039457693679041
2022-12-19T15:59:39.6356352,0.0230487343472071
2022-12-19T15:59:39.6360064,-0.0272853897115341
2022-12-19T15:59:39.6362368,0.0148242040227804
2022-12-19T15:59:39.6363648,0.0273254901547475
2022-12-19T15:59:39.6364672,-0.0387997313077776
2022-12-19T15:59:39.6511616,0.0368659455138072
2022-12-19T15:59:39.6513920,-0.000637912722236303
2022-12-19T15:59:39.6515200,-0.00721753676464547
2022-12-19T15:59:39.6516352,0.0220617907030912
2022-12-19T15:59:39.6517504,0.0246936404238808
2022-12-19T15:59:39.6518656,-0.00688855556400039
2022-12-19T15:59:39.6519680,-0.00984938636422307
2022-12-19T15:59:39.6631040,-0.00721753676464547
2022-12-19T15:59:39.6633600,0.0283124338064231
2022-12-19T15:59:39.6635392,-0.018731878689657
2022-12-19T15:59:39.6636672,0.0243646592082312
2022-12-19T15:59:39.6637952,0.00462578655649906
2022-12-19T15:59:39.6639104,-0.0266274273289295
2022-12-19T15:59:39.6640384,0.0536439880203538
2022-12-19T15:59:39.6641664,-0.0532749033346829
2022-12-19T15:59:39.6725632,0.00429680535040913
2022-12-19T15:59:39.6729600,0.0273254901547475
2022-12-19T15:59:39.6731776,-0.0736717361470106
2022-12-19T15:59:39.6733184,0.0246936404238808
2022-12-19T15:59:39.6734336,-0.0114942923589225
2022-12-19T15:59:39.6735488,0.0177850349282693
2022-12-19T15:59:39.6860544,-0.0233376154066791
2022-12-19T15:59:39.6864512,0.00988948587516988
2022-12-19T15:59:39.6865920,0.0240356779927391
2022-12-19T15:59:39.6867072,-0.0447213926271611
2022-12-19T15:59:39.6868224,0.0408137201840608
2022-12-19T15:59:39.7011456,-0.00590161196113415
2022-12-19T15:59:39.7014144,-0.000308931518483477
2022-12-19T15:59:39.7015424,0.0204168846327095
2022-12-19T15:59:39.7016576,0.0141662416010631
2022-12-19T15:59:39.7017728,-0.00524364955844718
2022-12-19T15:59:39.7018752,-0.0075465179651354
2022-12-19T15:59:39.7109760,-0.000966893925833531
2022-12-19T15:59:39.7112192,0.0187719785662566
2022-12-19T15:59:39.7113728,-0.000966893925833531
2022-12-19T15:59:39.7114880,0.0204168846327095
2022-12-19T15:59:39.7116032,0.0204168846327095
2022-12-19T15:59:39.7117312,-0.0266274273289295
2022-12-19T15:59:39.7118592,0.0283124338064231
2022-12-19T15:59:39.7119744,-0.0387997313077776
2022-12-19T15:59:39.7228928,0.00659967379631543
2022-12-19T15:59:39.7231104,0.0246936404238808
2022-12-19T15:59:39.7232256,-0.0884758886324748
2022-12-19T15:59:39.7233408,0.043774551201739
2022-12-19T15:59:39.7234432,-0.0161000291234987
2022-12-19T15:59:39.7346048,0.0335761333060152
2022-12-19T15:59:39.7349120,-0.0246535401774255
2022-12-19T15:59:39.7351936,0.000678012093708949
2022-12-19T15:59:39.7353600,0.0339051145260825
2022-12-19T15:59:39.7354752,-0.0499850915362638
2022-12-19T15:59:39.7471744,0.0246936404238808
2022-12-19T15:59:39.7474432,-0.00952040516481843
2022-12-19T15:59:39.7475712,-0.000637912722236303
2022-12-19T15:59:39.7476864,0.0365369642923159
2022-12-19T15:59:39.7477888,0.00363884293869718
2022-12-19T15:59:39.7478912,-0.00425670595325207
2022-12-19T15:59:39.7591424,-0.000637912722236303
2022-12-19T15:59:39.7594624,-0.0256404837538696
2022-12-19T15:59:39.7596928,0.0194299409923665
2022-12-19T15:59:39.7598464,-0.00261179994148619
2022-12-19T15:59:39.7599744,-0.0970293988195284
2022-12-19T15:59:39.7601024,0.0210748470603906
2022-12-19T15:59:39.7602560,-0.0608414704134819
2022-12-19T15:59:39.7689856,0.0441035324267193
2022-12-19T15:59:39.7695616,-0.0397866748644434
2022-12-19T15:59:39.7698688,-0.00359874354901193
2022-12-19T15:59:39.7701376,0.0464064010060314
2022-12-19T15:59:39.7703040,-0.09735837997856
2022-12-19T15:59:39.7704448,0.0292993774595181
2022-12-19T15:59:39.7881600,-0.0450503738101221
2022-12-19T15:59:39.7883776,0.0115343919204599
2022-12-19T15:59:39.7884928,-0.0299172392358072
2022-12-19T15:59:39.7886080,0.0158111476565318
2022-12-19T15:59:39.7887232,0.0233777155622271
2022-12-19T15:59:39.8011264,-0.0420895431579843
2022-12-19T15:59:39.8014976,0.0496962132757115
2022-12-19T15:59:39.8017920,0.00429680535040913
2022-12-19T15:59:39.8019456,2.00496854250026E-05
2022-12-19T15:59:39.8020608,0.0263385465044908
2022-12-19T15:59:39.8021888,0.00396782414447519
2022-12-19T15:59:39.8022912,-0.0101783675634727
2022-12-19T15:59:39.8023936,-0.00228281873866669
2022-12-19T15:59:39.8024960,0.00100699329808449
2022-12-19T15:59:39.8183808,0.0128503167595087
2022-12-19T15:59:39.8186880,-0.00820448036564994
2022-12-19T15:59:39.8188800,0.0177850349282693
2022-12-19T15:59:39.8190080,0.00495476776274499
2022-12-19T15:59:39.8191104,-0.0341939946918055
2022-12-19T15:59:39.8192256,0.0516701006451631
2022-12-19T15:59:39.8193280,-0.0341939946918055
2022-12-19T15:59:39.8350720,-0.00952040516481843
2022-12-19T15:59:39.8353408,0.0339051145260825
2022-12-19T15:59:39.8354688,-0.0828832088402676
2022-12-19T15:59:39.8355712,0.0401557577374334
2022-12-19T15:59:39.8356864,-0.0226796530203822
2022-12-19T15:59:39.8358016,0.00923152345814872
2022-12-19T15:59:39.8359040,-0.0197188222744198
2022-12-19T15:59:39.8360192,0.00857356104175289
2022-12-19T15:59:39.8514304,0.0256805840717742
2022-12-19T15:59:39.8516736,-0.0411025996045257
2022-12-19T15:59:39.8518144,0.0467353822322834
2022-12-19T15:59:39.8519296,-0.0108363299615074
2022-12-19T15:59:39.8520320,-0.016429010319809
2022-12-19T15:59:39.8521472,0.0292993774595181
2022-12-19T15:59:39.8522624,0.00528374896914695
2022-12-19T15:59:39.8523904,-0.00721753676464547
2022-12-19T15:59:39.8525056,-0.00491466835687079
2022-12-19T15:59:39.8684544,-0.000308931518483477
2022-12-19T15:59:39.8686976,0.0335761333060152
2022-12-19T15:59:39.8688384,-0.00326976234665881
2022-12-19T15:59:39.8689664,0.0306153023325207
2022-12-19T15:59:39.8690688,0.00923152345814872
2022-12-19T15:59:39.8691840,-0.0269564085203087
2022-12-19T15:59:39.8692864,0.027654471371815
2022-12-19T15:59:39.8694016,-0.0578806398269743
2022-12-19T15:59:39.8852096,0.00627069258928915
2022-12-19T15:59:39.8854400,0.0345630769666917
2022-12-19T15:59:39.8855552,-0.0802513595113311
2022-12-19T15:59:39.8856704,0.0194299409923665
2022-12-19T15:59:39.8857728,-0.0236665965995966
2022-12-19T15:59:39.8858880,0.00133597450261574
2022-12-19T15:59:39.8860032,-0.018731878689657
2022-12-19T15:59:39.8861056,0.0200879034191048
2022-12-19T15:59:39.9016832,0.0306153023325207
2022-12-19T15:59:39.9021952,-0.0450503738101221
2022-12-19T15:59:39.9025152,0.0533150067907566
2022-12-19T15:59:39.9026944,-0.00820448036564994
2022-12-19T15:59:39.9028736,-0.00952040516481843
2022-12-19T15:59:39.9031424,0.0404847389606678
2022-12-19T15:59:39.9033984,0.00462578655649906
2022-12-19T15:59:39.9036416,0.011205410711089
2022-12-19T15:59:39.9039104,0.00199393691214557
2022-12-19T15:59:39.9182464,-0.000966893925833531
2022-12-19T15:59:39.9186304,0.00396782414447519
2022-12-19T15:59:39.9188224,0.000349030889489121
2022-12-19T15:59:39.9189376,0.0148242040227804
2022-12-19T15:59:39.9190528,-0.00919142396525881
2022-12-19T15:59:39.9191680,-0.301655651994635
2022-12-19T15:59:39.9192704,0.0503541757315581
2022-12-19T15:59:39.9193728,-0.0565647151179231
2022-12-19T15:59:39.9194880,0.0108764295018745
2022-12-19T15:59:39.9342592,0.0388398328460813
2022-12-19T15:59:39.9345408,-0.0766325666683836
2022-12-19T15:59:39.9347584,0.0154821664451246
2022-12-19T15:59:39.9349504,-0.0292592768556604
2022-12-19T15:59:39.9351680,0.00429680535040913
2022-12-19T15:59:39.9353216,0.00166495570730275
2022-12-19T15:59:39.9354368,0.0283124338064231
2022-12-19T15:59:39.9503744,0.00988948587516988
2022-12-19T15:59:39.9506560,-0.0401156560496931
2022-12-19T15:59:39.9508992,0.0602236126458371
2022-12-19T15:59:39.9510528,-0.00326976234665881
2022-12-19T15:59:39.9511680,-0.0105073487625675
2022-12-19T15:59:39.9512832,0.0227197531323445
2022-12-19T15:59:39.9513984,0.0033098617330751
2022-12-19T15:59:39.9515392,-0.0085334615656746
2022-12-19T15:59:39.9677952,0.00298088052760892
2022-12-19T15:59:39.9680512,-0.018731878689657
2022-12-19T15:59:39.9681792,0.0200879034191048
2022-12-19T15:59:39.9682944,0.00396782414447519
2022-12-19T15:59:39.9683968,0.0194299409923665
2022-12-19T15:59:39.9685120,-0.00458568715513909
2022-12-19T15:59:39.9686400,-0.0348519570673523
2022-12-19T15:59:39.9687552,0.0302863211140333
2022-12-19T15:59:39.9852032,-0.0476822232683261
2022-12-19T15:59:39.9855104,-0.00458568715513909
2022-12-19T15:59:39.9857664,0.0319312272080495
2022-12-19T15:59:39.9859200,-0.0789354348432677
2022-12-19T15:59:39.9860480,0.0460774197799385
2022-12-19T15:59:39.9861760,-0.0345229758796555
2022-12-19T15:59:39.9862784,0.0138372603904395
2022-12-19T15:59:39.9863808,-0.0312331639942593
2022-12-19T15:59:39.9864960,0.0210748470603906
2022-12-19T15:59:40.0013568,0.0230487343472071
2022-12-19T15:59:40.0015872,-0.0466952797226417
2022-12-19T15:59:40.0017152,0.0543019504800269
2022-12-19T15:59:40.0018176,0.00298088052760892
2022-12-19T15:59:40.0019328,-0.016429010319809
2022-12-19T15:59:40.0020480,0.0329181708663548
2022-12-19T15:59:40.0021504,0.00659967379631543
2022-12-19T15:59:40.0022784,0.00462578655649906
2022-12-19T15:59:40.0023936,0.00199393691214557
2022-12-19T15:59:40.0186240,0.00232291811714419
2022-12-19T15:59:40.0191488,0.00725763621083642
2022-12-19T15:59:40.0194560,0.00363884293869718
2022-12-19T15:59:40.0195968,0.0273254901547475
2022-12-19T15:59:40.0197120,-0.00195383753569171
2022-12-19T15:59:40.0198272,-0.0266274273289295
2022-12-19T15:59:40.0199296,0.0312732647699692
2022-12-19T15:59:40.0200704,-0.0529459221555245
2022-12-19T15:59:40.0343424,0.00528374896914695
2022-12-19T15:59:40.0345856,0.0441035324267193
2022-12-19T15:59:40.0347136,-0.075645623162611
2022-12-19T15:59:40.0348416,0.028970396241662
2022-12-19T15:59:40.0349440,-0.0384707501219167
2022-12-19T15:59:40.0350592,0.0105474482928166
2022-12-19T15:59:40.0351616,-0.0216927094397817
2022-12-19T15:59:40.0352640,0.0197589222056571
2022-12-19T15:59:40.0353792,0.0138372603904395
2022-12-19T15:59:40.0519040,-0.0338650135038022
2022-12-19T15:59:40.0522368,0.0819363743651601
2022-12-19T15:59:40.0525184,-0.0101783675634727
2022-12-19T15:59:40.0526976,-0.00162485633256119
2022-12-19T15:59:40.0528256,0.037523907957265
2022-12-19T15:59:40.0529280,0.00791559862598218
2022-12-19T15:59:40.0530304,-0.0039277247512097
2022-12-19T15:59:40.0715776,0.0230487343472071
2022-12-19T15:59:40.0719104,-0.0154420667304147
2022-12-19T15:59:40.0721024,0.0138372603904395
2022-12-19T15:59:40.0722432,-0.00984938636422307
2022-12-19T15:59:40.0723712,0.0187719785662566
2022-12-19T15:59:40.0724864,-0.00820448036564994
2022-12-19T15:59:40.0725888,-0.0466952797226417
2022-12-19T15:59:40.0727040,0.0237066967774044
2022-12-19T15:59:40.0729344,-0.0532749033346829
2022-12-19T15:59:40.0849792,-0.00590161196113415
2022-12-19T15:59:40.0852992,0.0316022459889304
2022-12-19T15:59:40.0855552,-0.0841991335011438
2022-12-19T15:59:40.0857344,0.0401557577374334
2022-12-19T15:59:40.0858496,-0.0351809382548961
2022-12-19T15:59:40.0859904,0.00857356104175289
2022-12-19T15:59:40.0861056,-0.0121522547557184
2022-12-19T15:59:40.0862336,0.00857356104175289
2022-12-19T15:59:40.0863488,0.0411427014076124
2022-12-19T15:59:40.0864512,-0.0335360323156458
2022-12-19T15:59:40.1013120,0.0694350872291021
2022-12-19T15:59:40.1017088,0.0105474482928166
2022-12-19T15:59:40.1018752,-0.00820448036564994
2022-12-19T15:59:40.1020032,0.030944283551166
2022-12-19T15:59:40.1021056,0.0108764295018745
2022-12-19T15:59:40.1022592,-0.0085334615656746
2022-12-19T15:59:40.1023744,0.00199393691214557
2022-12-19T15:59:40.1184768,-0.00984938636422307
2022-12-19T15:59:40.1186944,0.00890254224987264
2022-12-19T15:59:40.1188224,-0.0055726307598683
2022-12-19T15:59:40.1189376,0.0230487343472071
2022-12-19T15:59:40.1190528,0.00429680535040913
2022-12-19T15:59:40.1191552,-0.0473532420865835
2022-12-19T15:59:40.1192704,0.0243646592082312
2022-12-19T15:59:40.1193728,-0.0466952797226417
2022-12-19T15:59:40.1352704,0.00923152345814872
2022-12-19T15:59:40.1355776,0.0348920581872335
2022-12-19T15:59:40.1357568,-0.0772905290048149
2022-12-19T15:59:40.1358976,0.0273254901547475
2022-12-19T15:59:40.1360768,-0.0239955777923602
2022-12-19T15:59:40.1363328,-0.00359874354901193
2022-12-19T15:59:40.1365888,-0.00491466835687079
2022-12-19T15:59:40.1367424,0.0181140161407747
2022-12-19T15:59:40.1512832,0.0286414150239637
2022-12-19T15:59:40.1515904,-0.0440634302607818
2022-12-19T15:59:40.1517824,0.0658162936278223
2022-12-19T15:59:40.1518976,-0.0364968630035403
2022-12-19T15:59:40.1520128,-0.0246535401774255
2022-12-19T15:59:40.1521152,0.0418006638551917
2022-12-19T15:59:40.1522304,0.0233777155622271
2022-12-19T15:59:40.1523456,0.0200879034191048
2022-12-19T15:59:40.1524608,-0.00195383753569171
2022-12-19T15:59:40.1687424,0.0158111476565318
2022-12-19T15:59:40.1691392,0.0138372603904395
2022-12-19T15:59:40.1693440,0.00857356104175289
2022-12-19T15:59:40.1694848,0.0312732647699692
2022-12-19T15:59:40.1696128,0.0161401288680959
2022-12-19T15:59:40.1697280,-0.0292592768556604
2022-12-19T15:59:40.1698304,0.0368659455138072
2022-12-19T15:59:40.1699584,-0.0397866748644434
2022-12-19T15:59:40.1847040,-0.00162485633256119
2022-12-19T15:59:40.1850240,0.0319312272080495
2022-12-19T15:59:40.1852032,-0.0786064536758771
2022-12-19T15:59:40.1853312,0.0316022459889304
2022-12-19T15:59:40.1854464,-0.0341939946918055
2022-12-19T15:59:40.1855488,2.00496854250026E-05
2022-12-19T15:59:40.1856640,-0.0121522547557184
2022-12-19T15:59:40.1857664,0.0125213355495117
2022-12-19T15:59:40.1858944,0.0158111476565318
2022-12-19T15:59:40.2020352,-0.0420895431579843
2022-12-19T15:59:40.2026496,0.0533150067907566
2022-12-19T15:59:40.2030080,-0.0161000291234987
2022-12-19T15:59:40.2031616,-0.0295882580458106
2022-12-19T15:59:40.2032768,0.0447614948771567
2022-12-19T15:59:40.2033920,0.005941711382419
2022-12-19T15:59:40.2034944,0.000678012093708949
2022-12-19T15:59:40.2036096,-0.0177449351035055
2022-12-19T15:59:40.2181120,0.00232291811714419
2022-12-19T15:59:40.2184320,0.0299573398957038
2022-12-19T15:59:40.2186112,0.027654471371815
2022-12-19T15:59:40.2187392,0.0194299409923665
2022-12-19T15:59:40.2188672,0.0033098617330751
2022-12-19T15:59:40.2189696,-0.0239955777923602
2022-12-19T15:59:40.2190848,0.0339051145260825
2022-12-19T15:59:40.2192000,-0.0374838065634167
2022-12-19T15:59:40.2193280,0.0167980912916946
2022-12-19T15:59:40.2353536,0.0546309317101028
2022-12-19T15:59:40.2356736,-0.0624863762895804
2022-12-19T15:59:40.2358400,0.0411427014076124
2022-12-19T15:59:40.2359424,-0.0378127877497363
2022-12-19T15:59:40.2360704,0.0128503167595087
2022-12-19T15:59:40.2361856,-0.027943352093524
2022-12-19T15:59:40.2363008,0.005941711382419
2022-12-19T15:59:40.2519808,0.0368659455138072
2022-12-19T15:59:40.2523264,-0.0322201075614877
2022-12-19T15:59:40.2525568,0.0885159992672657
2022-12-19T15:59:40.2527744,-0.0121522547557184
2022-12-19T15:59:40.2529792,-0.00886244276554422
2022-12-19T15:59:40.2531712,-0.0203767846634904
2022-12-19T15:59:40.2532992,-0.0315621451834888
2022-12-19T15:59:40.2534016,0.0339051145260825
2022-12-19T15:59:40.2535168,-0.0167579915159647
2022-12-19T15:59:40.2681600,-0.00195383753569171
2022-12-19T15:59:40.2684544,-0.00919142396525881
2022-12-19T15:59:40.2685824,-0.0075465179651354
2022-12-19T15:59:40.2686976,0.0450904761026137
2022-12-19T15:59:40.2688000,-0.0114942923589225
2022-12-19T15:59:40.2689152,-0.0453793549929307
2022-12-19T15:59:40.2690432,0.0269965089378377
2022-12-19T15:59:40.2691584,-0.0391287124934857
2022-12-19T15:59:40.2853632,0.00166495570730275
2022-12-19T15:59:40.2856064,0.0556178754012885
2022-12-19T15:59:40.2857344,-0.0638023009877389
2022-12-19T15:59:40.2858368,0.0246936404238808
2022-12-19T15:59:40.2859520,-0.0361678818166088
2022-12-19T15:59:40.2860544,0.0082445798337894
2022-12-19T15:59:40.2861696,-0.00326976234665881
2022-12-19T15:59:40.2862848,0.0141662416010631
2022-12-19T15:59:40.3018880,0.0194299409923665
2022-12-19T15:59:40.3021440,-0.0424185243421653
2022-12-19T15:59:40.3022592,0.0467353822322834
2022-12-19T15:59:40.3023744,-0.0193898410796531
2022-12-19T15:59:40.3025024,-0.0220216906334693
2022-12-19T15:59:40.3026176,0.034234095746308
2022-12-19T15:59:40.3027200,0.00528374896914695
2022-12-19T15:59:40.3028224,2.00496854250026E-05
2022-12-19T15:59:40.3029376,-0.00228281873866669
2022-12-19T15:59:40.3186048,0.00232291811714419
2022-12-19T15:59:40.3189376,-0.00261179994148619
2022-12-19T15:59:40.3191040,0.00363884293869718
2022-12-19T15:59:40.3192192,0.0230487343472071
2022-12-19T15:59:40.3193216,-0.0167579915159647
2022-12-19T15:59:40.3194496,-0.02596946494571
2022-12-19T15:59:40.3195520,0.0500251945035551
2022-12-19T15:59:40.3196544,-0.0384707501219167
2022-12-19T15:59:40.3352320,0.00199393691214557
2022-12-19T15:59:40.3355392,0.0385108516236395
2022-12-19T15:59:40.3357056,-0.0710398867844586
2022-12-19T15:59:40.3358208,0.0256805840717742
2022-12-19T15:59:40.3359232,-0.0345229758796555
2022-12-19T15:59:40.3360384,-0.00425670595325207
2022-12-19T15:59:40.3361408,-0.000966893925833531
2022-12-19T15:59:40.3362560,0.0233777155622271
2022-12-19T15:59:40.3363712,0.0332471520861059
2022-12-19T15:59:40.3514880,-0.0299172392358072
2022-12-19T15:59:40.3518208,0.0618685188122028
2022-12-19T15:59:40.3520640,-0.0220216906334693
2022-12-19T15:59:40.3522432,-0.0203767846634904
2022-12-19T15:59:40.3523712,0.0223907719176392
2022-12-19T15:59:40.3524864,0.00692865500349785
2022-12-19T15:59:40.3525888,-0.0085334615656746
2022-12-19T15:59:40.3527168,0.00232291811714419
2022-12-19T15:59:40.3687296,-0.0039277247512097
2022-12-19T15:59:40.3692032,-0.0114942923589225
2022-12-19T15:59:40.3695360,0.0105474482928166
2022-12-19T15:59:40.3697664,0.0164691100798168
2022-12-19T15:59:40.3698944,-0.00359874354901193
2022-12-19T15:59:40.3700096,-0.0312331639942593
2022-12-19T15:59:40.3701120,0.0302863211140333
2022-12-19T15:59:40.3702144,-0.0503140727167894
2022-12-19T15:59:40.3846912,0.0210748470603906
2022-12-19T15:59:40.3849856,0.0490382508205021
2022-12-19T15:59:40.3851136,-0.0674210938952199
2022-12-19T15:59:40.3852288,0.0454194573282296
2022-12-19T15:59:40.3853440,-0.0207057658577945
2022-12-19T15:59:40.3854464,0.00988948587516988
2022-12-19T15:59:40.3855616,0.00232291811714419
2022-12-19T15:59:40.3857024,0.00561273017570495
2022-12-19T15:59:40.3858048,0.0227197531323445
2022-12-19T15:59:40.4022016,-0.0345229758796555
2022-12-19T15:59:40.4026880,0.0556178754012885
2022-12-19T15:59:40.4029952,-0.0338650135038022
2022-12-19T15:59:40.4032384,-0.0197188222744198
2022-12-19T15:59:40.4034944,0.0171270725037292
2022-12-19T15:59:40.4037632,-0.00162485633256119
2022-12-19T15:59:40.4040064,-0.00195383753569171
2022-12-19T15:59:40.4042624,0.00890254224987264
2022-12-19T15:59:40.4176128,0.00758661741833119
2022-12-19T15:59:40.4179968,-0.0170869727119661
2022-12-19T15:59:40.4182656,0.005941711382419
2022-12-19T15:59:40.4184192,0.0174560537159208
2022-12-19T15:59:40.4185344,0.0154821664451246
2022-12-19T15:59:40.4186496,-0.0289302956653566
2022-12-19T15:59:40.4187648,0.0302863211140333
2022-12-19T15:59:40.4188672,-0.0328780699388733
2022-12-19T15:59:40.4189824,0.0144952228118434
2022-12-19T15:59:40.4341120,0.0368659455138072
2022-12-19T15:59:40.4343680,-0.0710398867844586
2022-12-19T15:59:40.4345472,0.0447614948771567
2022-12-19T15:59:40.4347264,-0.0289302956653566
2022-12-19T15:59:40.4348928,0.00429680535040913
2022-12-19T15:59:40.4350720,-0.00261179994148619
2022-12-19T15:59:40.4352512,0.0151531852338741
2022-12-19T15:59:40.4520960,0.0345630769666917
2022-12-19T15:59:40.4524160,-0.0348519570673523
2022-12-19T15:59:40.4525696,0.0519990818739629
2022-12-19T15:59:40.4526848,-0.0253115025618754
2022-12-19T15:59:40.4528000,-0.0309041828048764
2022-12-19T15:59:40.4529024,0.0319312272080495
2022-12-19T15:59:40.4530048,-0.0118232735573979
2022-12-19T15:59:40.4531072,-0.00228281873866669
2022-12-19T15:59:40.4685568,-0.00919142396525881
2022-12-19T15:59:40.4688512,-0.00425670595325207
2022-12-19T15:59:40.4690304,-0.00820448036564994
2022-12-19T15:59:40.4691584,-0.00458568715513909
2022-12-19T15:59:40.4692608,0.00791559862598218
2022-12-19T15:59:40.4693760,-0.00261179994148619
2022-12-19T15:59:40.4694784,-0.0299172392358072
2022-12-19T15:59:40.4696064,0.0233777155622271
2022-12-19T15:59:40.4697216,-0.0295882580458106
2022-12-19T15:59:40.4852864,0.00265189932229863
2022-12-19T15:59:40.4855936,0.0454194573282296
2022-12-19T15:59:40.4857856,-0.0536038845136896
2022-12-19T15:59:40.4859008,0.0404847389606678
2022-12-19T15:59:40.4860032,-0.0236665965995966
2022-12-19T15:59:40.4861184,-0.00261179994148619
2022-12-19T15:59:40.4862208,0.00758661741833119
2022-12-19T15:59:40.4863360,0.0154821664451246
2022-12-19T15:59:40.4864384,0.0263385465044908
2022-12-19T15:59:40.5020160,-0.0486691668126406
2022-12-19T15:59:40.5023488,0.0694350872291021
2022-12-19T15:59:40.5025024,-0.0302462204256504
2022-12-19T15:59:40.5026560,-0.0233376154066791
2022-12-19T15:59:40.5028096,0.0490382508205021
2022-12-19T15:59:40.5029632,-0.00491466835687079
2022-12-19T15:59:40.5030912,-0.0118232735573979
2022-12-19T15:59:40.5032192,0.010218467083915
2022-12-19T15:59:40.5185024,-0.0118232735573979
2022-12-19T15:59:40.5188352,-0.0177449351035055
2022-12-19T15:59:40.5190400,0.0158111476565318
2022-12-19T15:59:40.5191552,0.00363884293869718
2022-12-19T15:59:40.5192832,-0.0039277247512097
2022-12-19T15:59:40.5193984,-0.0312331639942593
2022-12-19T15:59:40.5195264,0.030944283551166
2022-12-19T15:59:40.5196416,-0.0460373173580908
2022-12-19T15:59:40.5349248,-0.00261179994148619
2022-12-19T15:59:40.5352448,0.0401557577374334
2022-12-19T15:59:40.5354240,-0.0861730204879722
2022-12-19T15:59:40.5355648,0.0529860255613189
2022-12-19T15:59:40.5356800,-0.0302462204256504
2022-12-19T15:59:40.5357824,-0.00886244276554422
2022-12-19T15:59:40.5358976,0.0177850349282693
2022-12-19T15:59:40.5360128,0.0144952228118434
2022-12-19T15:59:40.5361152,0.0319312272080495
2022-12-19T15:59:40.5520640,-0.0430764867100695
2022-12-19T15:59:40.5523840,0.0526570443320408
2022-12-19T15:59:40.5526272,-0.0085334615656746
2022-12-19T15:59:40.5527936,-0.0269564085203087
2022-12-19T15:59:40.5529216,0.0480513071388821
2022-12-19T15:59:40.5530240,-0.00919142396525881
2022-12-19T15:59:40.5531392,-0.00688855556400039
2022-12-19T15:59:40.5532416,-0.00623059316224477
2022-12-19T15:59:40.5684352,-0.0147841043367125
2022-12-19T15:59:40.5686912,-0.0111653111602924
2022-12-19T15:59:40.5688320,0.0207458658464715
2022-12-19T15:59:40.5689344,0.0177850349282693
2022-12-19T15:59:40.5690496,-0.00294078114415022
2022-12-19T15:59:40.5691520,-0.0312331639942593
2022-12-19T15:59:40.5692672,0.00988948587516988
2022-12-19T15:59:40.5693696,-0.0430764867100695
2022-12-19T15:59:40.5854720,-0.00425670595325207
2022-12-19T15:59:40.5857152,0.0388398328460813
2022-12-19T15:59:40.5858560,-0.0802513595113311
2022-12-19T15:59:40.5859712,0.0368659455138072
2022-12-19T15:59:40.5860992,-0.0341939946918055
2022-12-19T15:59:40.5862144,-0.00359874354901193
2022-12-19T15:59:40.5863168,0.000349030889489121
2022-12-19T15:59:40.5864320,-0.00195383753569171
2022-12-19T15:59:40.6020864,0.0260095652880537
2022-12-19T15:59:40.6023936,-0.0387997313077776
2022-12-19T15:59:40.6026496,0.0621975000459563
2022-12-19T15:59:40.6028032,-0.00721753676464547
2022-12-19T15:59:40.6029312,-0.0200478034690322
2022-12-19T15:59:40.6030336,0.0516701006451631
2022-12-19T15:59:40.6031360,-0.0039277247512097
2022-12-19T15:59:40.6032384,0.00166495570730275
2022-12-19T15:59:40.6033408,0.00495476776274499
2022-12-19T15:59:40.6182272,-0.00294078114415022
2022-12-19T15:59:40.6185472,-0.00326976234665881
2022-12-19T15:59:40.6187264,-0.00261179994148619
2022-12-19T15:59:40.6188416,0.0223907719176392
2022-12-19T15:59:40.6189568,-0.00820448036564994
2022-12-19T15:59:40.6190592,-0.0335360323156458
2022-12-19T15:59:40.6191744,0.0279834525890402
2022-12-19T15:59:40.6192768,-0.0545908280497991
2022-12-19T15:59:40.6355072,-0.0203767846634904
2022-12-19T15:59:40.6358400,0.0299573398957038
2022-12-19T15:59:40.6360320,-0.075645623162611
2022-12-19T15:59:40.6361728,0.0506831569597203
2022-12-19T15:59:40.6363264,-0.0338650135038022
2022-12-19T15:59:40.6365184,-0.000637912722236303
2022-12-19T15:59:40.6366464,0.0187719785662566
2022-12-19T15:59:40.6367616,0.00692865500349785
2022-12-19T15:59:40.6517632,0.0464064010060314
2022-12-19T15:59:40.6520576,-0.0489981479937746
2022-12-19T15:59:40.6522240,0.0529860255613189
2022-12-19T15:59:40.6523520,-0.00524364955844718
2022-12-19T15:59:40.6524672,-0.0335360323156458
2022-12-19T15:59:40.6525696,0.0562758378628775
2022-12-19T15:59:40.6526848,0.00396782414447519
2022-12-19T15:59:40.6527872,-0.00261179994148619
2022-12-19T15:59:40.6528896,0.00627069258928915
2022-12-19T15:59:40.6687360,-0.0197188222744198
2022-12-19T15:59:40.6690688,-0.014126141942392
2022-12-19T15:59:40.6693120,0.000349030889489121
2022-12-19T15:59:40.6695808,0.0302863211140333
2022-12-19T15:59:40.6697600,-0.0207057658577945
2022-12-19T15:59:40.6698880,-0.0170869727119661
2022-12-19T15:59:40.6699904,0.0174560537159208
2022-12-19T15:59:40.6701056,-0.0489981479937746
2022-12-19T15:59:40.6849664,-0.014126141942392
2022-12-19T15:59:40.6852736,0.0552888941707336
2022-12-19T15:59:40.6854656,-0.0542618468712477
2022-12-19T15:59:40.6855936,0.0651583311569491
2022-12-19T15:59:40.6857088,-0.0374838065634167
2022-12-19T15:59:40.6858240,-0.0154420667304147
2022-12-19T15:59:40.6859264,0.011205410711089
2022-12-19T15:59:40.6860288,-0.0805803406779723
2022-12-19T15:59:40.6861440,-0.0332070511273362
2022-12-19T15:59:40.7022336,0.00363884293869718
2022-12-19T15:59:40.7027072,0.144771794846994
2022-12-19T15:59:40.7028992,-0.038141768935903
2022-12-19T15:59:40.7030784,-0.0157710479270339
2022-12-19T15:59:40.7032576,0.0408137201840608
2022-12-19T15:59:40.7033856,0.00495476776274499
2022-12-19T15:59:40.7034880,-0.0124812359538841
2022-12-19T15:59:40.7035904,0.005941711382419
2022-12-19T15:59:40.7181568,-0.00919142396525881
2022-12-19T15:59:40.7184640,-0.0161000291234987
2022-12-19T15:59:40.7187200,0.0227197531323445
2022-12-19T15:59:40.7188864,0.010218467083915
2022-12-19T15:59:40.7189888,-0.000308931518483477
2022-12-19T15:59:40.7191040,-0.0417605619736507
2022-12-19T15:59:40.7192192,0.0171270725037292
2022-12-19T15:59:40.7193216,-0.0286013144748993
2022-12-19T15:59:40.7353728,0.00923152345814872
2022-12-19T15:59:40.7355904,0.0319312272080495
2022-12-19T15:59:40.7357184,-0.0670921127225668
2022-12-19T15:59:40.7358208,0.0493672320480272
2022-12-19T15:59:40.7359232,-0.0223506718270028
2022-12-19T15:59:40.7360384,-0.00590161196113415
2022-12-19T15:59:40.7361536,0.0217328094887004
2022-12-19T15:59:40.7362560,-0.018731878689657
2022-12-19T15:59:40.7521408,0.0260095652880537
2022-12-19T15:59:40.7523712,-0.0447213926271611
2022-12-19T15:59:40.7524992,0.0516701006451631
2022-12-19T15:59:40.7526144,-0.00359874354901193
2022-12-19T15:59:40.7527296,-0.0111653111602924
2022-12-19T15:59:40.7528320,0.0582497252514792
2022-12-19T15:59:40.7529472,0.00396782414447519
2022-12-19T15:59:40.7530624,-0.00195383753569171
2022-12-19T15:59:40.7531648,-0.00129587512927513
2022-12-19T15:59:40.7689088,-0.00688855556400039
2022-12-19T15:59:40.7692928,-0.00886244276554422
2022-12-19T15:59:40.7694848,0.0131792979696624
2022-12-19T15:59:40.7696128,0.0161401288680959
2022-12-19T15:59:40.7697280,-0.00688855556400039
2022-12-19T15:59:40.7698304,-0.0460373173580908
2022-12-19T15:59:40.7699456,0.0214038282744669
2022-12-19T15:59:40.7700480,-0.0411025996045257
2022-12-19T15:59:40.7852288,-0.00984938636422307
2022-12-19T15:59:40.7855872,0.0411427014076124
2022-12-19T15:59:40.7858048,-0.064460263335912
2022-12-19T15:59:40.7859328,0.0411427014076124
2022-12-19T15:59:40.7860480,-0.0289302956653566
2022-12-19T15:59:40.7861504,-0.00524364955844718
2022-12-19T15:59:40.7862528,0.0299573398957038
2022-12-19T15:59:40.7863552,0.00429680535040913
2022-12-19T15:59:40.7864832,0.0204168846327095
2022-12-19T15:59:40.8020096,-0.0368258441903187
2022-12-19T15:59:40.8022272,0.0480513071388821
2022-12-19T15:59:40.8023424,-0.0114942923589225
2022-12-19T15:59:40.8024576,-0.0167579915159647
2022-12-19T15:59:40.8025600,0.0566048190939116
2022-12-19T15:59:40.8026880,-0.0108363299615074
2022-12-19T15:59:40.8027904,0.005941711382419
2022-12-19T15:59:40.8028928,0.0033098617330751
2022-12-19T15:59:40.8188288,-0.0253115025618754
2022-12-19T15:59:40.8191872,-0.00984938636422307
2022-12-19T15:59:40.8193792,0.011205410711089
2022-12-19T15:59:40.8195200,0.0154821664451246
2022-12-19T15:59:40.8196736,-0.00326976234665881
2022-12-19T15:59:40.8198016,-0.0384707501219167
2022-12-19T15:59:40.8199296,0.0362079830709829
2022-12-19T15:59:40.8200448,-0.0253115025618754
2022-12-19T15:59:40.8348800,-0.0210347470519443
2022-12-19T15:59:40.8351616,0.0434455699769174
2022-12-19T15:59:40.8353024,-0.066763131549763
2022-12-19T15:59:40.8354176,0.0477223259119937
2022-12-19T15:59:40.8355200,-0.0197188222744198
2022-12-19T15:59:40.8356224,-0.00820448036564994
2022-12-19T15:59:40.8357376,0.0144952228118434
2022-12-19T15:59:40.8358400,0.00199393691214557
2022-12-19T15:59:40.8359424,0.0256805840717742
2022-12-19T15:59:40.8521472,-0.0276143709026059
2022-12-19T15:59:40.8524544,0.0358790018498081
2022-12-19T15:59:40.8526208,-0.0055726307598683
2022-12-19T15:59:40.8527488,-0.0131391983497513
2022-12-19T15:59:40.8528512,0.06252648127987
2022-12-19T15:59:40.8529792,-0.0118232735573979
2022-12-19T15:59:40.8530944,-0.00820448036564994
2022-12-19T15:59:40.8531968,-0.0177449351035055
2022-12-19T15:59:40.8687744,-0.000308931518483477
2022-12-19T15:59:40.8691200,-0.00524364955844718
2022-12-19T15:59:40.8693120,0.00890254224987264
2022-12-19T15:59:40.8694528,0.0181140161407747
2022-12-19T15:59:40.8695552,0.000349030889489121
2022-12-19T15:59:40.8696704,-0.0266274273289295
2022-12-19T15:59:40.8697728,0.00627069258928915
2022-12-19T15:59:40.8698752,-0.0424185243421653
2022-12-19T15:59:40.8784768,-0.00491466835687079
2022-12-19T15:59:40.8787968,0.037523907957265
2022-12-19T15:59:40.8789504,-0.0809093218444637
2022-12-19T15:59:40.8791168,0.0559468566320032
2022-12-19T15:59:40.8792576,-0.0233376154066791
2022-12-19T15:59:40.8793856,-0.016429010319809
2022-12-19T15:59:40.8795264,0.0220617907030912
2022-12-19T15:59:40.8796800,-0.000637912722236303
2022-12-19T15:59:40.8798080,0.0339051145260825
2022-12-19T15:59:40.8895488,-0.0177449351035055
2022-12-19T15:59:40.8898944,0.0572627815564591
2022-12-19T15:59:40.8901376,-0.00590161196113415
2022-12-19T15:59:40.8903680,0.000678012093708949
2022-12-19T15:59:40.8905088,0.0746987870475031
2022-12-19T15:59:40.9016704,-0.0121522547557184
2022-12-19T15:59:40.9019776,-0.0121522547557184
2022-12-19T15:59:40.9021440,0.00166495570730275
2022-12-19T15:59:40.9022592,-0.0170869727119661
2022-12-19T15:59:40.9023744,-0.0220216906334693
2022-12-19T15:59:40.9189632,0.00396782414447519
2022-12-19T15:59:40.9193088,-0.00326976234665881
2022-12-19T15:59:40.9194752,-0.00425670595325207
2022-12-19T15:59:40.9196160,-0.0378127877497363
2022-12-19T15:59:40.9197184,0.005941711382419
2022-12-19T15:59:40.9198336,-0.0473532420865835
2022-12-19T15:59:40.9354368,-0.0101783675634727
2022-12-19T15:59:40.9358080,0.0418006638551917
2022-12-19T15:59:40.9359872,-0.0736717361470106
2022-12-19T15:59:40.9361280,0.0500251945035551
2022-12-19T15:59:40.9362432,-0.0200478034690322
2022-12-19T15:59:40.9363712,-0.0075465179651354
2022-12-19T15:59:40.9364736,0.028970396241662
2022-12-19T15:59:40.9366016,0.0187719785662566
2022-12-19T15:59:40.9367040,0.0319312272080495
2022-12-19T15:59:40.9520640,-0.0239955777923602
2022-12-19T15:59:40.9523712,0.0546309317101028
2022-12-19T15:59:40.9525120,-0.00129587512927513
2022-12-19T15:59:40.9526272,-0.000966893925833531
2022-12-19T15:59:40.9527296,0.0740408245679497
2022-12-19T15:59:40.9528320,-0.0230086342136077
2022-12-19T15:59:40.9529600,0.0207458658464715
2022-12-19T15:59:40.9530624,0.00495476776274499
2022-12-19T15:59:40.9688704,-0.0193898410796531
2022-12-19T15:59:40.9692288,0.00923152345814872
2022-12-19T15:59:40.9695232,-0.00655957436320019
2022-12-19T15:59:40.9697536,0.000678012093708949
2022-12-19T15:59:40.9698944,-0.0167579915159647
2022-12-19T15:59:40.9700224,-0.0361678818166088
2022-12-19T15:59:40.9701632,0.0164691100798168
2022-12-19T15:59:40.9702912,-0.0213637282459401
2022-12-19T15:59:40.9851776,-0.0147841043367125
2022-12-19T15:59:40.9854720,0.0306153023325207
2022-12-19T15:59:40.9856640,-0.0621573951146631
2022-12-19T15:59:40.9857792,0.0582497252514792
2022-12-19T15:59:40.9858944,-0.027943352093524
2022-12-19T15:59:40.9860096,-0.0147841043367125
2022-12-19T15:59:40.9861248,0.0256805840717742
2022-12-19T15:59:40.9862272,-0.00162485633256119
2022-12-19T15:59:40.9863296,0.0365369642923159
2022-12-19T15:59:41.0022400,-0.0190608598847322
2022-12-19T15:59:41.0025728,0.0529860255613189
2022-12-19T15:59:41.0027904,0.00199393691214557
2022-12-19T15:59:41.0029184,-0.0167579915159647
2022-12-19T15:59:41.0030464,0.0651583311569491
2022-12-19T15:59:41.0031744,-0.0193898410796531
2022-12-19T15:59:41.0032896,0.0033098617330751
2022-12-19T15:59:41.0033920,-0.00162485633256119
2022-12-19T15:59:41.0186496,-0.0137971607449997
2022-12-19T15:59:41.0192384,-0.0161000291234987
2022-12-19T15:59:41.0196096,0.00725763621083642
2022-12-19T15:59:41.0198656,0.011205410711089
2022-12-19T15:59:41.0200064,-0.00261179994148619
2022-12-19T15:59:41.0201216,-0.0272853897115341
2022-12-19T15:59:41.0202368,0.0171270725037292
2022-12-19T15:59:41.0203392,-0.0286013144748993
2022-12-19T15:59:41.0347136,-0.0184028974944275
2022-12-19T15:59:41.0350720,0.0424586263034057
2022-12-19T15:59:41.0353024,-0.0776195101728054
2022-12-19T15:59:41.0355456,0.0615395375786094
2022-12-19T15:59:41.0357376,-0.0184028974944275
2022-12-19T15:59:41.0359296,-0.0220216906334693
2022-12-19T15:59:41.0361216,0.0345630769666917
2022-12-19T15:59:41.0363392,-0.251650527598907
2022-12-19T15:59:41.0365696,0.0556178754012885
2022-12-19T15:59:41.0520704,-0.0203767846634904
2022-12-19T15:59:41.0523776,0.0464064010060314
2022-12-19T15:59:41.0525440,-0.0144551231396295
2022-12-19T15:59:41.0526592,-0.0266274273289295
2022-12-19T15:59:41.0527744,-0.0766325666683836
2022-12-19T15:59:41.0528768,-0.00623059316224477
2022-12-19T15:59:41.0529792,-0.0420895431579843
2022-12-19T15:59:41.0530944,0.00692865500349785
2022-12-19T15:59:41.0689408,-0.00458568715513909
2022-12-19T15:59:41.0692096,-0.0368258441903187
2022-12-19T15:59:41.0693376,0.0161401288680959
2022-12-19T15:59:41.0694528,0.00758661741833119
2022-12-19T15:59:41.0695552,-0.0154420667304147
2022-12-19T15:59:41.0696704,-0.0243245589849698
2022-12-19T15:59:41.0697856,0.00758661741833119
2022-12-19T15:59:41.0699136,-0.0299172392358072
2022-12-19T15:59:41.0847872,-0.000308931518483477
2022-12-19T15:59:41.0851712,0.0434455699769174
2022-12-19T15:59:41.0854528,-0.059854526886008
2022-12-19T15:59:41.0857088,0.0546309317101028
2022-12-19T15:59:41.0859776,-0.0328780699388733
2022-12-19T15:59:41.0861312,-0.0167579915159647
2022-12-19T15:59:41.0862464,0.028970396241662
2022-12-19T15:59:41.0863616,-0.0230086342136077
2022-12-19T15:59:41.0864768,0.0339051145260825
2022-12-19T15:59:41.0945024,-0.0309041828048764
2022-12-19T15:59:41.0947584,0.0529860255613189
2022-12-19T15:59:41.0949888,-0.0144551231396295
2022-12-19T15:59:41.0951424,-0.018731878689657
2022-12-19T15:59:41.0952832,0.0503541757315581
2022-12-19T15:59:41.0953984,-0.0249825213697274
2022-12-19T15:59:41.0955136,-0.0039277247512097
2022-12-19T15:59:41.0956288,0.00232291811714419
2022-12-19T15:59:41.1041024,0.00166495570730275
2022-12-19T15:59:41.1043072,-0.0161000291234987
2022-12-19T15:59:41.1044352,0.0033098617330751
2022-12-19T15:59:41.1045504,0.0131792979696624
2022-12-19T15:59:41.1173120,0.000678012093708949
2022-12-19T15:59:41.1174784,-0.02596946494571
2022-12-19T15:59:41.1176064,0.00791559862598218
2022-12-19T15:59:41.1177088,-0.0443924114440477
2022-12-19T15:59:41.1178240,0.00199393691214557
2022-12-19T15:59:41.1341696,0.0394977952914403
2022-12-19T15:59:41.1343360,-0.0763035854999428
2022-12-19T15:59:41.1344640,0.0562758378628775
2022-12-19T15:59:41.1345792,-0.0203767846634904
2022-12-19T15:59:41.1346944,0.00166495570730275
2022-12-19T15:59:41.1348096,0.030944283551166
2022-12-19T15:59:41.1349248,-0.00590161196113415
2022-12-19T15:59:41.1510144,0.0431165887522547
2022-12-19T15:59:41.1514112,-0.0131391983497513
2022-12-19T15:59:41.1516800,0.0480513071388821
2022-12-19T15:59:41.1518464,-0.0134681795474529
2022-12-19T15:59:41.1519616,-0.00458568715513909
2022-12-19T15:59:41.1520640,0.0434455699769174
2022-12-19T15:59:41.1521920,-0.0154420667304147
2022-12-19T15:59:41.1523072,-0.00919142396525881
2022-12-19T15:59:41.1674880,-0.00688855556400039
2022-12-19T15:59:41.1676672,-0.0292592768556604
2022-12-19T15:59:41.1677952,0.0082445798337894
2022-12-19T15:59:41.1678976,0.00100699329808449
2022-12-19T15:59:41.1680128,-0.00228281873866669
2022-12-19T15:59:41.1681152,0.000678012093708949
2022-12-19T15:59:41.1682304,-0.00623059316224477
2022-12-19T15:59:41.1683328,0.00363884293869718
2022-12-19T15:59:41.1684480,-0.0223506718270028
2022-12-19T15:59:41.1829760,0.0135082791799726
2022-12-19T15:59:41.1831680,0.110886724420554
2022-12-19T15:59:41.1832832,-0.0397866748644434
2022-12-19T15:59:41.1833856,0.0556178754012885
2022-12-19T15:59:41.1835264,-0.0453793549929307
2022-12-19T15:59:41.1836288,-0.0223506718270028
2022-12-19T15:59:41.1837312,0.0200879034191048
2022-12-19T15:59:41.1838336,-0.0114942923589225
2022-12-19T15:59:41.2019200,0.0371949267354569
2022-12-19T15:59:41.2023040,-0.0312331639942593
2022-12-19T15:59:41.2025600,0.0523280631029221
2022-12-19T15:59:41.2028032,-0.0243245589849698
2022-12-19T15:59:41.2029952,-0.0272853897115341
2022-12-19T15:59:41.2031488,0.0513411194165228
2022-12-19T15:59:41.2032768,-0.0121522547557184
2022-12-19T15:59:41.2034176,0.00166495570730275
2022-12-19T15:59:41.2172416,0.0115343919204599
2022-12-19T15:59:41.2174848,-0.0111653111602924
2022-12-19T15:59:41.2176384,-0.00458568715513909
2022-12-19T15:59:41.2178048,0.00857356104175289
2022-12-19T15:59:41.2179456,-0.0151130855336409
2022-12-19T15:59:41.2180736,-0.0184028974944275
2022-12-19T15:59:41.2182144,-0.0249825213697274
2022-12-19T15:59:41.2183552,0.0118633731299873
2022-12-19T15:59:41.2184960,-0.0368258441903187
2022-12-19T15:59:41.2273408,-0.0170869727119661
2022-12-19T15:59:41.2276096,0.0335761333060152
2022-12-19T15:59:41.2278016,-0.064460263335912
2022-12-19T15:59:41.2279552,0.0552888941707336
2022-12-19T15:59:41.2281088,-0.0230086342136077
2022-12-19T15:59:41.2282496,-0.0078754991654702
2022-12-19T15:59:41.2284544,0.0450904761026137
2022-12-19T15:59:41.2286080,-0.0170869727119661
2022-12-19T15:59:41.2377472,0.0312732647699692
2022-12-19T15:59:41.2378752,-0.0147841043367125
2022-12-19T15:59:41.2379392,0.0322602084273265
2022-12-19T15:59:41.2380032,-0.0167579915159647
2022-12-19T15:59:41.2380544,-0.0282723332842885
2022-12-19T15:59:41.2474880,0.06252648127987
2022-12-19T15:59:41.2476416,-0.0154420667304147
2022-12-19T15:59:41.2477440,0.00692865500349785
2022-12-19T15:59:41.2478592,0.00627069258928915
2022-12-19T15:59:41.2479616,-0.0111653111602924
2022-12-19T15:59:41.2579328,-0.00261179994148619
2022-12-19T15:59:41.2580352,0.00133597450261574
2022-12-19T15:59:41.2581248,0.00232291811714419
2022-12-19T15:59:41.2582144,-0.0147841043367125
2022-12-19T15:59:41.2582784,-0.0213637282459401
2022-12-19T15:59:41.2682624,-0.0055726307598683
2022-12-19T15:59:41.2683904,-0.0236665965995966
2022-12-19T15:59:41.2684800,0.00298088052760892
2022-12-19T15:59:41.2685568,0.0454194573282296
2022-12-19T15:59:41.2686336,-0.0595255457098809
2022-12-19T15:59:41.2781184,0.0562758378628775
2022-12-19T15:59:41.2782464,-0.0249825213697274
2022-12-19T15:59:41.2783360,-0.0216927094397817
2022-12-19T15:59:41.2784128,0.0431165887522547
2022-12-19T15:59:41.2784896,-0.0197188222744198
2022-12-19T15:59:41.2879872,0.0404847389606678
2022-12-19T15:59:41.2881280,-0.0151130855336409
2022-12-19T15:59:41.2882176,0.0381818704013563
2022-12-19T15:59:41.2882944,-0.0216927094397817
2022-12-19T15:59:41.2883712,-0.0177449351035055
2022-12-19T15:59:41.2978432,0.0427876075277508
2022-12-19T15:59:41.2979712,-0.0295882580458106
2022-12-19T15:59:41.2980608,0.0144952228118434
2022-12-19T15:59:41.2981248,0.0151531852338741
2022-12-19T15:59:41.2981888,-0.0114942923589225
2022-12-19T15:59:41.3175168,-0.0118232735573979
2022-12-19T15:59:41.3177856,-0.00294078114415022
2022-12-19T15:59:41.3179008,0.0167980912916946
2022-12-19T15:59:41.3179776,-0.0114942923589225
2022-12-19T15:59:41.3180416,-0.0121522547557184
2022-12-19T15:59:41.3351296,0.00725763621083642
2022-12-19T15:59:41.3355520,-0.0427475055261936
2022-12-19T15:59:41.3357696,0.00528374896914695
2022-12-19T15:59:41.3359616,0.0296283586775321
2022-12-19T15:59:41.3361024,-0.0562357339402814
2022-12-19T15:59:41.3361792,0.064829349921753
2022-12-19T15:59:41.3362560,-0.0371548253769442
2022-12-19T15:59:41.3363456,-0.016429010319809
2022-12-19T15:59:41.3364352,0.0296283586775321
2022-12-19T15:59:41.3365120,-0.0134681795474529
2022-12-19T15:59:41.3515776,0.0286414150239637
2022-12-19T15:59:41.3518848,-0.0220216906334693
2022-12-19T15:59:41.3520512,0.0365369642923159
2022-12-19T15:59:41.3521664,-0.0137971607449997
2022-12-19T15:59:41.3522816,-0.0328780699388733
2022-12-19T15:59:41.3523840,0.0490382508205021
2022-12-19T15:59:41.3524992,-0.0131391983497513
2022-12-19T15:59:41.3526016,0.00363884293869718
2022-12-19T15:59:41.3527040,0.0197589222056571
2022-12-19T15:59:41.3679488,-0.0193898410796531
2022-12-19T15:59:41.3682560,-0.00919142396525881
2022-12-19T15:59:41.3683968,0.010218467083915
2022-12-19T15:59:41.3685376,0.00561273017570495
2022-12-19T15:59:41.3686528,-0.00721753676464547
2022-12-19T15:59:41.3687808,-0.0299172392358072
2022-12-19T15:59:41.3689216,0.0158111476565318
2022-12-19T15:59:41.3690368,-0.0401156560496931
2022-12-19T15:59:41.3780480,-0.0101783675634727
2022-12-19T15:59:41.3783040,0.0487092695931362
2022-12-19T15:59:41.3784576,-0.0536038845136896
2022-12-19T15:59:41.3785728,0.0483802883659295
2022-12-19T15:59:41.3786880,-0.00984938636422307
2022-12-19T15:59:41.3788288,-0.0236665965995966
2022-12-19T15:59:41.3789824,0.0414716826313227
2022-12-19T15:59:41.3791104,-0.0078754991654702
2022-12-19T15:59:41.3875712,0.0230487343472071
2022-12-19T15:59:41.3878016,-0.0101783675634727
2022-12-19T15:59:41.3879680,0.0441035324267193
2022-12-19T15:59:41.3881088,-0.014126141942392
2022-12-19T15:59:41.3882624,-0.00952040516481843
2022-12-19T15:59:41.3971328,0.0447614948771567
2022-12-19T15:59:41.3973760,-0.0276143709026059
2022-12-19T15:59:41.3976064,0.00100699329808449
2022-12-19T15:59:41.3977728,0.0105474482928166
2022-12-19T15:59:41.3978880,-0.00162485633256119
2022-12-19T15:59:41.4080384,-0.00919142396525881
2022-12-19T15:59:41.4082176,0.0158111476565318
2022-12-19T15:59:41.4083456,-0.00162485633256119
2022-12-19T15:59:41.4084608,-0.0305752016153402
2022-12-19T15:59:41.4085760,-0.0190608598847322
2022-12-19T15:59:41.4178176,0.000678012093708949
2022-12-19T15:59:41.4182528,-0.027943352093524
2022-12-19T15:59:41.4184960,-0.00129587512927513
2022-12-19T15:59:41.4186240,0.0316022459889304
2022-12-19T15:59:41.4187392,-0.0466952797226417
2022-12-19T15:59:41.4282368,0.0621975000459563
2022-12-19T15:59:41.4284288,-0.0289302956653566
2022-12-19T15:59:41.4285568,-0.0085334615656746
2022-12-19T15:59:41.4286592,0.0552888941707336
2022-12-19T15:59:41.4287616,-0.0075465179651354
2022-12-19T15:59:41.4407424,0.0181140161407747
2022-12-19T15:59:41.4409728,-0.00195383753569171
2022-12-19T15:59:41.4410880,0.0408137201840608
2022-12-19T15:59:41.4412032,-0.0101783675634727
2022-12-19T15:59:41.4413440,-0.0318911263725649
2022-12-19T15:59:41.4533760,0.0503541757315581
2022-12-19T15:59:41.4538368,-0.0243245589849698
2022-12-19T15:59:41.4541312,0.0177850349282693
2022-12-19T15:59:41.4544384,0.00100699329808449
2022-12-19T15:59:41.4545920,-0.0118232735573979
2022-12-19T15:59:41.4547072,-0.0101783675634727
2022-12-19T15:59:41.4685184,0.00758661741833119
2022-12-19T15:59:41.4688384,0.00298088052760892
2022-12-19T15:59:41.4690944,-0.0233376154066791
2022-12-19T15:59:41.4692736,-0.0167579915159647
2022-12-19T15:59:41.4693888,0.00857356104175289
2022-12-19T15:59:41.4694912,-0.0335360323156458
2022-12-19T15:59:41.4695936,-0.00491466835687079
2022-12-19T15:59:41.4856704,0.0473933446852645
2022-12-19T15:59:41.4859904,-0.0608414704134819
2022-12-19T15:59:41.4862080,0.0322602084273265
2022-12-19T15:59:41.4863360,-0.0207057658577945
2022-12-19T15:59:41.4864512,-0.0216927094397817
2022-12-19T15:59:41.4865664,0.0687771247546967
2022-12-19T15:59:41.4866688,-0.00326976234665881
2022-12-19T15:59:41.5023488,0.0312732647699692
2022-12-19T15:59:41.5026816,0.00692865500349785
2022-12-19T15:59:41.5029376,0.0450904761026137
2022-12-19T15:59:41.5031040,2.00496854250026E-05
2022-12-19T15:59:41.5032320,-0.0328780699388733
2022-12-19T15:59:41.5033344,0.0549599129403384
2022-12-19T15:59:41.5034752,-0.0249825213697274
2022-12-19T15:59:41.5035776,0.0128503167595087
2022-12-19T15:59:41.5036928,0.00791559862598218
2022-12-19T15:59:41.5188480,-0.0190608598847322
2022-12-19T15:59:41.5193216,-0.0226796530203822
2022-12-19T15:59:41.5196416,-0.00195383753569171
2022-12-19T15:59:41.5199232,-0.00721753676464547
2022-12-19T15:59:41.5200896,-0.02596946494571
2022-12-19T15:59:41.5201920,-0.017415953907813
2022-12-19T15:59:41.5202944,0.00857356104175289
2022-12-19T15:59:41.5204096,-0.0318911263725649
2022-12-19T15:59:41.5352192,0.00298088052760892
2022-12-19T15:59:41.5355392,0.0503541757315581
2022-12-19T15:59:41.5358080,-0.0568936962954132
2022-12-19T15:59:41.5360000,0.0543019504800269
2022-12-19T15:59:41.5361280,-0.0332070511273362
2022-12-19T15:59:41.5362432,-0.0121522547557184
2022-12-19T15:59:41.5363456,0.0664742560993373
2022-12-19T15:59:41.5364480,-0.0121522547557184
2022-12-19T15:59:41.5365760,0.0319312272080495
2022-12-19T15:59:41.5522688,0.0082445798337894
2022-12-19T15:59:41.5525248,0.0329181708663548
2022-12-19T15:59:41.5526400,-0.0170869727119661
2022-12-19T15:59:41.5527552,-0.0223506718270028
2022-12-19T15:59:41.5528704,0.0618685188122028
2022-12-19T15:59:41.5529856,-0.027943352093524
2022-12-19T15:59:41.5531136,-0.00425670595325207
2022-12-19T15:59:41.5532160,-0.00195383753569171
2022-12-19T15:59:41.5690752,-0.0157710479270339
2022-12-19T15:59:41.5693184,-0.018731878689657
2022-12-19T15:59:41.5694336,0.0082445798337894
2022-12-19T15:59:41.5695616,0.000678012093708949
2022-12-19T15:59:41.5696768,-0.02596946494571
2022-12-19T15:59:41.5697792,-0.0226796530203822
2022-12-19T15:59:41.5698816,-0.000966893925833531
2022-12-19T15:59:41.5699968,-0.0151130855336409
2022-12-19T15:59:41.5857024,-0.016429010319809
2022-12-19T15:59:41.5860352,0.0569338003251055
2022-12-19T15:59:41.5862272,-0.0529459221555245
2022-12-19T15:59:41.5863808,0.0612105563451762
2022-12-19T15:59:41.5864832,-0.0108363299615074
2022-12-19T15:59:41.5865856,-0.0295882580458106
2022-12-19T15:59:41.5867008,0.0615395375786094
2022-12-19T15:59:41.5868032,-0.0134681795474529
2022-12-19T15:59:41.5869184,0.0401557577374334
2022-12-19T15:59:41.6020608,-0.00359874354901193
2022-12-19T15:59:41.6023680,0.0447614948771567
2022-12-19T15:59:41.6025344,-0.0180739162990437
2022-12-19T15:59:41.6026496,-0.0345229758796555
2022-12-19T15:59:41.6027776,0.0569338003251055
2022-12-19T15:59:41.6028800,-0.0203767846634904
2022-12-19T15:59:41.6030080,-0.00228281873866669
2022-12-19T15:59:41.6031360,-0.00425670595325207
2022-12-19T15:59:41.6191488,-0.0358389006295243
2022-12-19T15:59:41.6193920,-0.0039277247512097
2022-12-19T15:59:41.6195200,0.00199393691214557
2022-12-19T15:59:41.6196480,-0.0128102171518951
2022-12-19T15:59:41.6197632,-0.0391287124934857
2022-12-19T15:59:41.6198656,0.0592366689479383
2022-12-19T15:59:41.6199808,-0.055248790406447
2022-12-19T15:59:41.6200960,-0.0795933971775991
2022-12-19T15:59:41.6356736,-0.038141768935903
2022-12-19T15:59:41.6359168,0.0500251945035551
2022-12-19T15:59:41.6360320,-0.0542618468712477
2022-12-19T15:59:41.6361728,-0.00294078114415022
2022-12-19T15:59:41.6362880,0.0138372603904395
2022-12-19T15:59:41.6364160,-0.018731878689657
2022-12-19T15:59:41.6366080,0.0842392430735338
2022-12-19T15:59:41.6368640,-0.0154420667304147
2022-12-19T15:59:41.6370176,0.0519990818739629
2022-12-19T15:59:41.6522624,-0.00721753676464547
2022-12-19T15:59:41.6525184,0.0401557577374334
2022-12-19T15:59:41.6526464,-0.0184028974944275
2022-12-19T15:59:41.6527744,-0.0315621451834888
2022-12-19T15:59:41.6528896,0.0539729692501105
2022-12-19T15:59:41.6530048,-0.0200478034690322
2022-12-19T15:59:41.6531072,0.0105474482928166
2022-12-19T15:59:41.6532224,0.0033098617330751
2022-12-19T15:59:41.6691200,-0.0269564085203087
2022-12-19T15:59:41.6694272,-0.0128102171518951
2022-12-19T15:59:41.6696704,0.005941711382419
2022-12-19T15:59:41.6698240,-0.014126141942392
2022-12-19T15:59:41.6699520,-0.0154420667304147
2022-12-19T15:59:41.6700544,-0.00919142396525881
2022-12-19T15:59:41.6701568,0.0181140161407747
2022-12-19T15:59:41.6702720,-0.0256404837538696
2022-12-19T15:59:41.6856576,-0.0085334615656746
2022-12-19T15:59:41.6860672,0.0358790018498081
2022-12-19T15:59:41.6862720,-0.0430764867100695
2022-12-19T15:59:41.6864000,0.0621975000459563
2022-12-19T15:59:41.6865024,-0.0134681795474529
2022-12-19T15:59:41.6866176,-0.0157710479270339
2022-12-19T15:59:41.6867200,0.0743698058076459
2022-12-19T15:59:41.6868352,-0.0253115025618754
2022-12-19T15:59:41.6869504,0.0398267765143575
2022-12-19T15:59:41.7023360,0.0108764295018745
2022-12-19T15:59:41.7025792,0.0256805840717742
2022-12-19T15:59:41.7026944,-0.00359874354901193
2022-12-19T15:59:41.7028096,-0.0239955777923602
2022-12-19T15:59:41.7029376,0.0365369642923159
2022-12-19T15:59:41.7030528,-0.0351809382548961
2022-12-19T15:59:41.7032064,0.00725763621083642
2022-12-19T15:59:41.7033216,0.0227197531323445
2022-12-19T15:59:41.7191424,-0.0341939946918055
2022-12-19T15:59:41.7194752,-0.00623059316224477
2022-12-19T15:59:41.7196288,0.0154821664451246
2022-12-19T15:59:41.7197440,0.00166495570730275
2022-12-19T15:59:41.7198464,-0.0105073487625675
2022-12-19T15:59:41.7199616,-0.0137971607449997
2022-12-19T15:59:41.7200640,0.0118633731299873
2022-12-19T15:59:41.7201920,-0.0276143709026059
2022-12-19T15:59:41.7358976,-0.0131391983497513
2022-12-19T15:59:41.7361408,0.0371949267354569
2022-12-19T15:59:41.7362560,-0.0634733198134259
2022-12-19T15:59:41.7363712,0.0598946314130441
2022-12-19T15:59:41.7364736,-0.0193898410796531
2022-12-19T15:59:41.7365888,-0.0325490887502571
2022-12-19T15:59:41.7367168,0.0816073931217534
2022-12-19T15:59:41.7368192,-0.0266274273289295
2022-12-19T15:59:41.7369344,0.0325891896467616
2022-12-19T15:59:41.7520384,-0.0105073487625675
2022-12-19T15:59:41.7522560,0.0279834525890402
2022-12-19T15:59:41.7523712,-0.017415953907813
2022-12-19T15:59:41.7524864,-0.0151130855336409
2022-12-19T15:59:41.7526016,0.0483802883659295
2022-12-19T15:59:41.7527168,-0.0526169409762142
2022-12-19T15:59:41.7528192,-0.000308931518483477
2022-12-19T15:59:41.7529344,0.00659967379631543
2022-12-19T15:59:41.7693184,-0.0345229758796555
2022-12-19T15:59:41.7697664,-0.0151130855336409
2022-12-19T15:59:41.7700864,0.00923152345814872
2022-12-19T15:59:41.7703552,-0.00129587512927513
2022-12-19T15:59:41.7705216,-0.0299172392358072
2022-12-19T15:59:41.7706368,-0.0193898410796531
2022-12-19T15:59:41.7707392,0.00627069258928915
2022-12-19T15:59:41.7708544,-0.016429010319809
2022-12-19T15:59:41.7856384,-0.00886244276554422
2022-12-19T15:59:41.7859456,0.0365369642923159
2022-12-19T15:59:41.7862016,-0.0575516586499388
2022-12-19T15:59:41.7864064,0.0602236126458371
2022-12-19T15:59:41.7865216,-0.0151130855336409
2022-12-19T15:59:41.7866496,-0.02596946494571
2022-12-19T15:59:41.7867776,0.0868710930356683
2022-12-19T15:59:41.7868800,-0.0111653111602924
2022-12-19T15:59:41.7869824,0.0148242040227804
2022-12-19T15:59:41.8025088,-0.00261179994148619
2022-12-19T15:59:41.8027904,0.028970396241662
2022-12-19T15:59:41.8029184,-0.00261179994148619
2022-12-19T15:59:41.8030464,-0.0246535401774255
2022-12-19T15:59:41.8031488,0.0483802883659295
2022-12-19T15:59:41.8032896,-0.0443924114440477
2022-12-19T15:59:41.8034048,0.0131792979696624
2022-12-19T15:59:41.8035072,0.0204168846327095
2022-12-19T15:59:41.8191232,-0.0341939946918055
2022-12-19T15:59:41.8193408,-0.0177449351035055
2022-12-19T15:59:41.8194688,0.0082445798337894
2022-12-19T15:59:41.8195840,-0.00590161196113415
2022-12-19T15:59:41.8197120,-0.0318911263725649
2022-12-19T15:59:41.8198144,-0.0184028974944275
2022-12-19T15:59:41.8199296,0.0148242040227804
2022-12-19T15:59:41.8200448,-0.0197188222744198
2022-12-19T15:59:41.8358784,-0.0151130855336409
2022-12-19T15:59:41.8361088,0.0358790018498081
2022-12-19T15:59:41.8362624,-0.0509720350773848
2022-12-19T15:59:41.8363904,0.069106105991819
2022-12-19T15:59:41.8365056,-0.0055726307598683
2022-12-19T15:59:41.8366080,-0.0177449351035055
2022-12-19T15:59:41.8367232,0.0786465619383617
2022-12-19T15:59:41.8368384,-0.00984938636422307
2022-12-19T15:59:41.8369408,0.0391688140686815
2022-12-19T15:59:41.8523136,-0.017415953907813
2022-12-19T15:59:41.8526336,0.0388398328460813
2022-12-19T15:59:41.8528384,-0.00721753676464547
2022-12-19T15:59:41.8529792,-0.0322201075614877
2022-12-19T15:59:41.8530944,0.0549599129403384
2022-12-19T15:59:41.8532096,-0.0476822232683261
2022-12-19T15:59:41.8533504,-0.017415953907813
2022-12-19T15:59:41.8534656,0.0348920581872335
2022-12-19T15:59:41.8691840,-0.0358389006295243
2022-12-19T15:59:41.8695424,-0.0105073487625675
2022-12-19T15:59:41.8697216,0.00495476776274499
2022-12-19T15:59:41.8698496,-0.00984938636422307
2022-12-19T15:59:41.8699520,-0.0180739162990437
2022-12-19T15:59:41.8700800,-0.0105073487625675
2022-12-19T15:59:41.8701952,0.00462578655649906
2022-12-19T15:59:41.8703104,-0.0203767846634904
2022-12-19T15:59:41.8857856,-0.0154420667304147
2022-12-19T15:59:41.8860800,0.0454194573282296
2022-12-19T15:59:41.8862720,-0.0539328656925445
2022-12-19T15:59:41.8864000,0.0388398328460813
2022-12-19T15:59:41.8865024,0.000349030889489121
2022-12-19T15:59:41.8866048,-0.0253115025618754
2022-12-19T15:59:41.8867200,0.0865421117898348
2022-12-19T15:59:41.8868352,-0.0516299974373722
2022-12-19T15:59:41.8869376,0.0306153023325207
2022-12-19T15:59:41.9021056,-0.0233376154066791
2022-12-19T15:59:41.9026304,0.0164691100798168
2022-12-19T15:59:41.9029504,-0.0108363299615074
2022-12-19T15:59:41.9032832,-0.0134681795474529
2022-12-19T15:59:41.9035520,0.0608815751119031
2022-12-19T15:59:41.9037184,-0.0545908280497991
2022-12-19T15:59:41.9038336,0.0144952228118434
2022-12-19T15:59:41.9039360,0.00396782414447519
2022-12-19T15:59:41.9189888,-0.0460373173580908
2022-12-19T15:59:41.9192320,-0.0167579915159647
2022-12-19T15:59:41.9193600,-0.000637912722236303
2022-12-19T15:59:41.9194880,-0.0085334615656746
2022-12-19T15:59:41.9196416,-0.027943352093524
2022-12-19T15:59:41.9197568,-0.0193898410796531
2022-12-19T15:59:41.9198592,0.011205410711089
2022-12-19T15:59:41.9199744,-0.0184028974944275
2022-12-19T15:59:41.9200768,-0.0305752016153402
2022-12-19T15:59:41.9361408,0.0260095652880537
2022-12-19T15:59:41.9365760,-0.055248790406447
2022-12-19T15:59:41.9368448,0.0595656501804112
2022-12-19T15:59:41.9369984,-0.00721753676464547
2022-12-19T15:59:41.9371520,-0.0266274273289295
2022-12-19T15:59:41.9373184,0.0710799934179284
2022-12-19T15:59:41.9374464,-0.00820448036564994
2022-12-19T15:59:41.9376000,0.0253516028556522
2022-12-19T15:59:41.9520256,-0.0055726307598683
2022-12-19T15:59:41.9525248,0.0158111476565318
2022-12-19T15:59:41.9528448,-0.00261179994148619
2022-12-19T15:59:41.9530496,-0.0299172392358072
2022-12-19T15:59:41.9531648,0.0529860255613189
2022-12-19T15:59:41.9532672,-0.0358389006295243
2022-12-19T15:59:41.9533696,0.00561273017570495
2022-12-19T15:59:41.9534848,-0.0124812359538841
2022-12-19T15:59:41.9690624,-0.0601835080619839
2022-12-19T15:59:41.9693056,-0.0075465179651354
2022-12-19T15:59:41.9694464,-0.00524364955844718
2022-12-19T15:59:41.9695616,0.010218467083915
2022-12-19T15:59:41.9696896,-0.0134681795474529
2022-12-19T15:59:41.9698048,-0.00491466835687079
2022-12-19T15:59:41.9699200,0.005941711382419
2022-12-19T15:59:41.9700224,-0.0203767846634904
2022-12-19T15:59:41.9792384,-0.000308931518483477
2022-12-19T15:59:41.9796096,0.0454194573282296
2022-12-19T15:59:41.9798784,-0.0476822232683261
2022-12-19T15:59:41.9801344,0.0510121381880419
2022-12-19T15:59:41.9804032,-0.0105073487625675
2022-12-19T15:59:41.9806592,-0.0302462204256504
2022-12-19T15:59:41.9808896,0.0750277682875214
2022-12-19T15:59:41.9812736,-0.0210347470519443
2022-12-19T15:59:41.9816192,0.0401557577374334
2022-12-19T15:59:41.9900288,0.00956050466658112
2022-12-19T15:59:41.9902208,0.00988948587516988
2022-12-19T15:59:41.9903360,-0.00688855556400039
2022-12-19T15:59:41.9904384,-0.0193898410796531
2022-12-19T15:59:41.9905408,0.0490382508205021
2022-12-19T15:59:42.0022656,-0.0414315807891646
2022-12-19T15:59:42.0025088,2.00496854250026E-05
2022-12-19T15:59:42.0026624,0.0200879034191048
2022-12-19T15:59:42.0028032,-0.0457083361755869
2022-12-19T15:59:42.0029440,-0.0230086342136077
2022-12-19T15:59:42.0193280,0.00495476776274499
2022-12-19T15:59:42.0199168,-0.00129587512927513
2022-12-19T15:59:42.0202112,-0.0111653111602924
2022-12-19T15:59:42.0204672,0.00166495570730275
2022-12-19T15:59:42.0207744,0.0118633731299873
2022-12-19T15:59:42.0209536,-0.0134681795474529
2022-12-19T15:59:42.0349952,-0.0154420667304147
2022-12-19T15:59:42.0353024,0.0316022459889304
2022-12-19T15:59:42.0354944,-0.0473532420865835
2022-12-19T15:59:42.0356224,0.0664742560993373
2022-12-19T15:59:42.0357376,0.0164691100798168
2022-12-19T15:59:42.0358400,-0.0276143709026059
2022-12-19T15:59:42.0359424,0.0756857307680414
2022-12-19T15:59:42.0360576,-0.0184028974944275
2022-12-19T15:59:42.0361600,0.0269965089378377
2022-12-19T15:59:42.0527232,-0.00359874354901193
2022-12-19T15:59:42.0529792,0.0164691100798168
2022-12-19T15:59:42.0531072,-0.00721753676464547
2022-12-19T15:59:42.0532224,-0.0223506718270028
2022-12-19T15:59:42.0533376,0.0513411194165228
2022-12-19T15:59:42.0534400,-0.0522879597967521
2022-12-19T15:59:42.0535808,0.005941711382419
2022-12-19T15:59:42.0537088,0.0250226216396877
2022-12-19T15:59:42.0691712,-0.0401156560496931
2022-12-19T15:59:42.0694784,-0.00886244276554422
2022-12-19T15:59:42.0696448,0.00988948587516988
2022-12-19T15:59:42.0697600,-0.00359874354901193
2022-12-19T15:59:42.0698752,-0.0170869727119661
2022-12-19T15:59:42.0699904,-0.00886244276554422
2022-12-19T15:59:42.0700928,-0.0180739162990437
2022-12-19T15:59:42.0701952,-0.0131391983497513
2022-12-19T15:59:42.0859648,-0.0124812359538841
2022-12-19T15:59:42.0861952,0.0394977952914403
2022-12-19T15:59:42.0863360,-0.0407736184197342
2022-12-19T15:59:42.0864512,0.0628554625139439
2022-12-19T15:59:42.0865536,-0.00458568715513909
2022-12-19T15:59:42.0866560,-0.0295882580458106
2022-12-19T15:59:42.0867712,0.0651583311569491
2022-12-19T15:59:42.0868864,-0.0197188222744198
2022-12-19T15:59:42.0870144,0.0292993774595181
2022-12-19T15:59:42.1023744,0.00363884293869718
2022-12-19T15:59:42.1026816,0.0204168846327095
2022-12-19T15:59:42.1028480,-0.0154420667304147
2022-12-19T15:59:42.1029632,-0.0325490887502571
2022-12-19T15:59:42.1030784,0.0582497252514792
2022-12-19T15:59:42.1031808,-0.0526169409762142
2022-12-19T15:59:42.1032960,0.0131792979696624
2022-12-19T15:59:42.1034112,0.0108764295018745
2022-12-19T15:59:42.1193856,-0.0519589786171381
2022-12-19T15:59:42.1196288,-0.0190608598847322
2022-12-19T15:59:42.1197568,0.000678012093708949
2022-12-19T15:59:42.1198720,-0.00326976234665881
2022-12-19T15:59:42.1200000,-0.0105073487625675
2022-12-19T15:59:42.1201152,-0.0134681795474529
2022-12-19T15:59:42.1202176,0.0108764295018745
2022-12-19T15:59:42.1203328,-0.0305752016153402
2022-12-19T15:59:42.1359616,-0.0269564085203087
2022-12-19T15:59:42.1362688,0.0355500206287917
2022-12-19T15:59:42.1364480,-0.0651182256834811
2022-12-19T15:59:42.1365760,0.129638656381985
2022-12-19T15:59:42.1367040,-0.0585386021805911
2022-12-19T15:59:42.1368192,0.00692865500349785
2022-12-19T15:59:42.1369216,0.0730538808498274
2022-12-19T15:59:42.1370240,-0.00162485633256119
2022-12-19T15:59:42.1371264,0.0418006638551917
2022-12-19T15:59:42.1525760,0.0158111476565318
2022-12-19T15:59:42.1528320,0.010218467083915
2022-12-19T15:59:42.1529472,0.005941711382419
2022-12-19T15:59:42.1530624,-0.0397866748644434
2022-12-19T15:59:42.1531776,0.0552888941707336
2022-12-19T15:59:42.1532928,-0.0516299974373722
2022-12-19T15:59:42.1533952,0.0082445798337894
2022-12-19T15:59:42.1535104,-0.00195383753569171
2022-12-19T15:59:42.1691136,-0.265467733337807
2022-12-19T15:59:42.1694336,0.00298088052760892
2022-12-19T15:59:42.1696768,0.0135082791799726
2022-12-19T15:59:42.1698432,-0.00228281873866669
2022-12-19T15:59:42.1699584,-0.0236665965995966
2022-12-19T15:59:42.1700608,-0.0161000291234987
2022-12-19T15:59:42.1701760,-0.126308721394189
2022-12-19T15:59:42.1702912,0.0638424062171271
2022-12-19T15:59:42.1859712,-0.0513010162574545
2022-12-19T15:59:42.1862912,0.0608815751119031
2022-12-19T15:59:42.1864960,-0.0233376154066791
2022-12-19T15:59:42.1866112,0.0519990818739629
2022-12-19T15:59:42.1867264,0.0105474482928166
2022-12-19T15:59:42.1868416,-0.0351809382548961
2022-12-19T15:59:42.1869440,0.0766726744900302
2022-12-19T15:59:42.1870592,-0.0295882580458106
2022-12-19T15:59:42.1871616,0.0348920581872335
2022-12-19T15:59:42.2024960,0.00133597450261574
2022-12-19T15:59:42.2027264,0.0141662416010631
2022-12-19T15:59:42.2028672,-0.0114942923589225
2022-12-19T15:59:42.2029824,-0.018731878689657
2022-12-19T15:59:42.2030976,0.0480513071388821
2022-12-19T15:59:42.2032128,-0.0509720350773848
2022-12-19T15:59:42.2033152,0.0158111476565318
2022-12-19T15:59:42.2034176,0.0128503167595087
2022-12-19T15:59:42.2192640,-0.0358389006295243
2022-12-19T15:59:42.2196992,-0.00952040516481843
2022-12-19T15:59:42.2200192,0.000678012093708949
2022-12-19T15:59:42.2201984,0.00462578655649906
2022-12-19T15:59:42.2203392,-0.0213637282459401
2022-12-19T15:59:42.2204672,-0.0101783675634727
2022-12-19T15:59:42.2206080,-0.00326976234665881
2022-12-19T15:59:42.2207488,-0.0200478034690322
2022-12-19T15:59:42.2354816,-0.0118232735573979
2022-12-19T15:59:42.2357888,0.0431165887522547
2022-12-19T15:59:42.2359808,-0.0361678818166088
2022-12-19T15:59:42.2361088,0.0654873123923055
2022-12-19T15:59:42.2362112,0.00495476776274499
2022-12-19T15:59:42.2363264,-0.0207057658577945
2022-12-19T15:59:42.2364544,0.0668032373353356
2022-12-19T15:59:42.2365696,-0.0266274273289295
2022-12-19T15:59:42.2366720,0.0312732647699692
2022-12-19T15:59:42.2528000,0.010218467083915
2022-12-19T15:59:42.2531840,0.0253516028556522
2022-12-19T15:59:42.2535680,0.00199393691214557
2022-12-19T15:59:42.2538112,-0.0200478034690322
2022-12-19T15:59:42.2540544,0.0464064010060314
2022-12-19T15:59:42.2542464,-0.0463662985404424
2022-12-19T15:59:42.2544512,0.00988948587516988
2022-12-19T15:59:42.2545664,0.0151531852338741
2022-12-19T15:59:42.2687616,-0.04044463723479
2022-12-19T15:59:42.2691456,-0.00261179994148619
2022-12-19T15:59:42.2693120,-0.00458568715513909
2022-12-19T15:59:42.2694656,-0.0131391983497513
2022-12-19T15:59:42.2695808,-0.0167579915159647
2022-12-19T15:59:42.2696960,-0.000966893925833531
2022-12-19T15:59:42.2698112,-0.00261179994148619
2022-12-19T15:59:42.2699264,-0.00359874354901193
2022-12-19T15:59:42.2700288,-0.0124812359538841
2022-12-19T15:59:42.2860032,0.0418006638551917
2022-12-19T15:59:42.2862336,-0.0223506718270028
2022-12-19T15:59:42.2863488,0.0398267765143575
2022-12-19T15:59:42.2864768,0.00133597450261574
2022-12-19T15:59:42.2865792,-0.0341939946918055
2022-12-19T15:59:42.2866944,0.0661452748634996
2022-12-19T15:59:42.2868224,-0.0302462204256504
2022-12-19T15:59:42.2869248,0.0283124338064231
2022-12-19T15:59:42.3027072,0.00363884293869718
2022-12-19T15:59:42.3029248,0.0131792979696624
2022-12-19T15:59:42.3030528,-0.00623059316224477
2022-12-19T15:59:42.3031680,-0.0230086342136077
2022-12-19T15:59:42.3032704,0.0411427014076124
2022-12-19T15:59:42.3033856,-0.0503140727167894
2022-12-19T15:59:42.3034880,0.0181140161407747
2022-12-19T15:59:42.3035904,0.0154821664451246
2022-12-19T15:59:42.3193344,-0.0220216906334693
2022-12-19T15:59:42.3195904,-0.00688855556400039
2022-12-19T15:59:42.3197184,0.00133597450261574
2022-12-19T15:59:42.3198208,-0.0157710479270339
2022-12-19T15:59:42.3199360,-0.0203767846634904
2022-12-19T15:59:42.3200512,-0.00952040516481843
2022-12-19T15:59:42.3201664,-0.0118232735573979
2022-12-19T15:59:42.3202688,-0.0286013144748993
2022-12-19T15:59:42.3360384,-0.00261179994148619
2022-12-19T15:59:42.3363328,0.0378528891792314
2022-12-19T15:59:42.3365248,-0.0305752016153402
2022-12-19T15:59:42.3366656,0.0529860255613189
2022-12-19T15:59:42.3368064,0.00627069258928915
2022-12-19T15:59:42.3369728,-0.0243245589849698
2022-12-19T15:59:42.3371136,0.0842392430735338
2022-12-19T15:59:42.3372544,-0.00129587512927513
2022-12-19T15:59:42.3373824,0.0322602084273265
2022-12-19T15:59:42.3522176,-0.00524364955844718
2022-12-19T15:59:42.3525376,0.011205410711089
2022-12-19T15:59:42.3527040,-0.0328780699388733
2022-12-19T15:59:42.3528192,-0.0230086342136077
2022-12-19T15:59:42.3529344,0.0332471520861059
2022-12-19T15:59:42.3530496,-0.0414315807891646
2022-12-19T15:59:42.3531648,0.0158111476565318
2022-12-19T15:59:42.3532800,-0.00261179994148619
2022-12-19T15:59:42.3694464,-0.0351809382548961
2022-12-19T15:59:42.3696768,-0.00623059316224477
2022-12-19T15:59:42.3698176,-0.00162485633256119
2022-12-19T15:59:42.3699328,-0.00425670595325207
2022-12-19T15:59:42.3700480,-0.0236665965995966
2022-12-19T15:59:42.3701632,0.00857356104175289
2022-12-19T15:59:42.3702656,0.0105474482928166
2022-12-19T15:59:42.3703680,-0.0269564085203087
2022-12-19T15:59:42.3860352,-0.00228281873866669
2022-12-19T15:59:42.3863040,0.0339051145260825
2022-12-19T15:59:42.3864320,-0.0193898410796531
2022-12-19T15:59:42.3865472,0.0450904761026137
2022-12-19T15:59:42.3866496,-0.00590161196113415
2022-12-19T15:59:42.3867904,-0.0226796530203822
2022-12-19T15:59:42.3868928,0.0786465619383617
2022-12-19T15:59:42.3870080,-0.0197188222744198
2022-12-19T15:59:42.3871232,0.0316022459889304
2022-12-19T15:59:42.4027392,-0.00359874354901193
2022-12-19T15:59:42.4030336,0.010218467083915
2022-12-19T15:59:42.4032128,-0.0177449351035055
2022-12-19T15:59:42.4033536,-0.0348519570673523
2022-12-19T15:59:42.4034944,0.0207458658464715
2022-12-19T15:59:42.4036608,-0.0601835080619839
2022-12-19T15:59:42.4037888,0.00890254224987264
2022-12-19T15:59:42.4039168,0.00396782414447519
2022-12-19T15:59:42.4192512,-0.0401156560496931
2022-12-19T15:59:42.4194688,-0.000308931518483477
2022-12-19T15:59:42.4195840,0.00659967379631543
2022-12-19T15:59:42.4197120,-0.00491466835687079
2022-12-19T15:59:42.4198144,-0.0078754991654702
2022-12-19T15:59:42.4199296,-0.000637912722236303
2022-12-19T15:59:42.4200320,-0.00952040516481843
2022-12-19T15:59:42.4201344,-0.0128102171518951
2022-12-19T15:59:42.4202368,0.00758661741833119
2022-12-19T15:59:42.4362240,0.0388398328460813
2022-12-19T15:59:42.4365952,-0.0108363299615074
2022-12-19T15:59:42.4367616,0.0401557577374334
2022-12-19T15:59:42.4368768,0.00265189932229863
2022-12-19T15:59:42.4369792,-0.0322201075614877
2022-12-19T15:59:42.4370944,0.0694350872291021
2022-12-19T15:59:42.4371968,-0.0108363299615074
2022-12-19T15:59:42.4373120,0.0404847389606678
2022-12-19T15:59:42.4525952,0.00429680535040913
2022-12-19T15:59:42.4528896,0.0187719785662566
2022-12-19T15:59:42.4531456,-0.0131391983497513
2022-12-19T15:59:42.4533120,-0.0249825213697274
2022-12-19T15:59:42.4534528,0.0296283586775321
2022-12-19T15:59:42.4535680,-0.0555777715845434
2022-12-19T15:59:42.4536704,0.0138372603904395
2022-12-19T15:59:42.4537856,0.00659967379631543
2022-12-19T15:59:42.4689536,-0.0443924114440477
2022-12-19T15:59:42.4692736,-0.00359874354901193
2022-12-19T15:59:42.4694656,0.00462578655649906
2022-12-19T15:59:42.4696192,-0.0121522547557184
2022-12-19T15:59:42.4697600,-0.0180739162990437
2022-12-19T15:59:42.4698880,-0.0269564085203087
2022-12-19T15:59:42.4700288,-0.00326976234665881
2022-12-19T15:59:42.4701952,-0.0128102171518951
2022-12-19T15:59:42.4859904,-0.0055726307598683
2022-12-19T15:59:42.4862080,0.0487092695931362
2022-12-19T15:59:42.4863360,-0.0230086342136077
2022-12-19T15:59:42.4864512,0.0589076877156253
2022-12-19T15:59:42.4865536,0.00890254224987264
2022-12-19T15:59:42.4866688,-0.0450503738101221
2022-12-19T15:59:42.4867840,0.0779885994549393
2022-12-19T15:59:42.4868864,-0.0315621451834888
2022-12-19T15:59:42.4869888,0.0401557577374334
2022-12-19T15:59:42.5027200,0.0141662416010631
2022-12-19T15:59:42.5030272,0.0164691100798168
2022-12-19T15:59:42.5031936,-0.00820448036564994
2022-12-19T15:59:42.5033216,-0.018731878689657
2022-12-19T15:59:42.5034368,0.0148242040227804
2022-12-19T15:59:42.5035392,-0.0657761880304464
2022-12-19T15:59:42.5036672,0.0105474482928166
2022-12-19T15:59:42.5037824,0.00100699329808449
2022-12-19T15:59:42.5194496,-0.0568936962954132
2022-12-19T15:59:42.5197568,0.00100699329808449
2022-12-19T15:59:42.5199488,-0.0154420667304147
2022-12-19T15:59:42.5200896,-0.0207057658577945
2022-12-19T15:59:42.5202048,-0.0292592768556604
2022-12-19T15:59:42.5203200,0.00462578655649906
2022-12-19T15:59:42.5204224,-0.000308931518483477
2022-12-19T15:59:42.5205248,-0.0272853897115341
2022-12-19T15:59:42.5358464,-0.00820448036564994
2022-12-19T15:59:42.5361024,0.0500251945035551
2022-12-19T15:59:42.5362176,-0.0286013144748993
2022-12-19T15:59:42.5363328,0.0368659455138072
2022-12-19T15:59:42.5364352,0.00561273017570495
2022-12-19T15:59:42.5365504,-0.0486691668126406
2022-12-19T15:59:42.5366528,0.0575917627879726
2022-12-19T15:59:42.5367552,-0.0286013144748993
2022-12-19T15:59:42.5368832,0.00923152345814872
2022-12-19T15:59:42.5528192,0.0214038282744669
2022-12-19T15:59:42.5531392,0.00100699329808449
2022-12-19T15:59:42.5533056,0.00363884293869718
2022-12-19T15:59:42.5534208,-0.0226796530203822
2022-12-19T15:59:42.5535360,0.0408137201840608
2022-12-19T15:59:42.5536768,-0.0559067527624882
2022-12-19T15:59:42.5537920,0.0171270725037292
2022-12-19T15:59:42.5538944,0.0306153023325207
2022-12-19T15:59:42.5690368,-0.0358389006295243
2022-12-19T15:59:42.5692928,0.0171270725037292
2022-12-19T15:59:42.5694208,-0.00984938636422307
2022-12-19T15:59:42.5695360,-0.038141768935903
2022-12-19T15:59:42.5696512,-0.00984938636422307
2022-12-19T15:59:42.5697536,0.037523907957265
2022-12-19T15:59:42.5698688,0.0144952228118434
2022-12-19T15:59:42.5699712,-0.0341939946918055
2022-12-19T15:59:42.5861504,-0.147034533300864
2022-12-19T15:59:42.5864576,0.0167980912916946
2022-12-19T15:59:42.5866112,-0.0536038845136896
2022-12-19T15:59:42.5867264,0.0135082791799726
2022-12-19T15:59:42.5868288,-0.00129587512927513
2022-12-19T15:59:42.5869440,-0.0233376154066791
2022-12-19T15:59:42.5870592,0.0710799934179284
2022-12-19T15:59:42.5871616,-0.038141768935903
2022-12-19T15:59:42.5872640,0.0223907719176392
2022-12-19T15:59:42.6027520,0.0154821664451246
2022-12-19T15:59:42.6031104,0.00561273017570495
2022-12-19T15:59:42.6032896,-0.0184028974944275
2022-12-19T15:59:42.6034176,-0.0223506718270028
2022-12-19T15:59:42.6035328,0.0368659455138072
2022-12-19T15:59:42.6036736,-0.0529459221555245
2022-12-19T15:59:42.6038144,0.0177850349282693
2022-12-19T15:59:42.6039552,0.0125213355495117
2022-12-19T15:59:42.6124544,-0.0545908280497991
2022-12-19T15:59:42.6126464,-0.00359874354901193
2022-12-19T15:59:42.6127616,0.0141662416010631
2022-12-19T15:59:42.6128640,-0.00458568715513909
2022-12-19T15:59:42.6129792,-0.027943352093524
2022-12-19T15:59:42.6130816,0.00199393691214557
2022-12-19T15:59:42.6131968,-0.000637912722236303
2022-12-19T15:59:42.6133248,-0.00984938636422307
2022-12-19T15:59:42.6134272,0.00396782414447519
2022-12-19T15:59:42.6236416,0.0424586263034057
2022-12-19T15:59:42.6240640,-0.0154420667304147
2022-12-19T15:59:42.6243584,0.0404847389606678
2022-12-19T15:59:42.6246272,0.00166495570730275
2022-12-19T15:59:42.6346496,-0.0420895431579843
2022-12-19T15:59:42.6349056,0.0727248996107753
2022-12-19T15:59:42.6350464,-0.04044463723479
2022-12-19T15:59:42.6351744,0.0414716826313227
2022-12-19T15:59:42.6352768,0.000349030889489121
2022-12-19T15:59:42.6353920,0.0118633731299873
2022-12-19T15:59:42.6520320,-0.0180739162990437
2022-12-19T15:59:42.6523392,-0.0216927094397817
2022-12-19T15:59:42.6525056,0.034234095746308
2022-12-19T15:59:42.6526208,-0.0526169409762142
2022-12-19T15:59:42.6527360,0.0184429973534371
2022-12-19T15:59:42.6697472,0.0141662416010631
2022-12-19T15:59:42.6701568,-0.0466952797226417
2022-12-19T15:59:42.6703360,0.00495476776274499
2022-12-19T15:59:42.6704512,-0.00590161196113415
2022-12-19T15:59:42.6705792,0.005941711382419
2022-12-19T15:59:42.6706816,-0.00984938636422307
2022-12-19T15:59:42.6708096,0.0135082791799726
2022-12-19T15:59:42.6709248,0.00166495570730275
2022-12-19T15:59:42.6710272,-0.0190608598847322
2022-12-19T15:59:42.6855680,0.0082445798337894
2022-12-19T15:59:42.6858880,0.0398267765143575
2022-12-19T15:59:42.6860800,-0.0351809382548961
2022-12-19T15:59:42.6861952,0.0418006638551917
2022-12-19T15:59:42.6863104,0.0082445798337894
2022-12-19T15:59:42.6864128,-0.0292592768556604
2022-12-19T15:59:42.6865280,0.0819363743651601
2022-12-19T15:59:42.6866304,-0.0318911263725649
2022-12-19T15:59:42.6867456,0.0339051145260825
2022-12-19T15:59:42.7028224,0.00627069258928915
2022-12-19T15:59:42.7030400,0.00100699329808449
2022-12-19T15:59:42.7031680,0.00166495570730275
2022-12-19T15:59:42.7032704,-0.0358389006295243
2022-12-19T15:59:42.7034112,0.0414716826313227
2022-12-19T15:59:42.7035136,-0.0466952797226417
2022-12-19T15:59:42.7036416,0.0177850349282693
2022-12-19T15:59:42.7037440,0.00791559862598218
2022-12-19T15:59:42.7195776,-0.0532749033346829
2022-12-19T15:59:42.7200128,0.0161401288680959
2022-12-19T15:59:42.7203072,0.00429680535040913
2022-12-19T15:59:42.7204864,-0.00162485633256119
2022-12-19T15:59:42.7206016,-0.0134681795474529
2022-12-19T15:59:42.7207168,0.0227197531323445
2022-12-19T15:59:42.7208320,-0.0180739162990437
2022-12-19T15:59:42.7209344,-0.0170869727119661
2022-12-19T15:59:42.7356288,-0.0121522547557184
2022-12-19T15:59:42.7359232,0.0421296450792193
2022-12-19T15:59:42.7360512,-0.0322201075614877
2022-12-19T15:59:42.7362048,0.0612105563451762
2022-12-19T15:59:42.7363200,0.00528374896914695
2022-12-19T15:59:42.7364224,-0.0460373173580908
2022-12-19T15:59:42.7365248,0.0881870180206221
2022-12-19T15:59:42.7366400,-0.0305752016153402
2022-12-19T15:59:42.7367424,0.0365369642923159
2022-12-19T15:59:42.7529472,0.0194299409923665
2022-12-19T15:59:42.7531904,-0.00655957436320019
2022-12-19T15:59:42.7533184,-0.0075465179651354
2022-12-19T15:59:42.7534336,-0.0266274273289295
2022-12-19T15:59:42.7535488,0.034234095746308
2022-12-19T15:59:42.7536512,-0.0417605619736507
2022-12-19T15:59:42.7537664,0.00758661741833119
2022-12-19T15:59:42.7539456,0.000349030889489121
2022-12-19T15:59:42.7694848,-0.064789244509772
2022-12-19T15:59:42.7698304,0.00857356104175289
2022-12-19T15:59:42.7701376,0.0128503167595087
2022-12-19T15:59:42.7703296,-0.00590161196113415
2022-12-19T15:59:42.7704704,-0.0318911263725649
2022-12-19T15:59:42.7705984,0.0171270725037292
2022-12-19T15:59:42.7707136,-0.0075465179651354
2022-12-19T15:59:42.7708416,-0.0246535401774255
2022-12-19T15:59:42.7709568,-0.00359874354901193
2022-12-19T15:59:42.7860608,0.0394977952914403
2022-12-19T15:59:42.7863808,-0.0197188222744198
2022-12-19T15:59:42.7865600,0.0641713874518421
2022-12-19T15:59:42.7866752,2.00496854250026E-05
2022-12-19T15:59:42.7867904,-0.0401156560496931
2022-12-19T15:59:42.7869056,0.0618685188122028
2022-12-19T15:59:42.7870208,-0.0305752016153402
2022-12-19T15:59:42.7871232,0.034234095746308
2022-12-19T15:59:42.8058496,0.0135082791799726
2022-12-19T15:59:42.8061568,-0.0216927094397817
2022-12-19T15:59:42.8062976,0.0118633731299873
2022-12-19T15:59:42.8064256,-0.0338650135038022
2022-12-19T15:59:42.8065408,0.0460774197799385
2022-12-19T15:59:42.8066432,-0.0522879597967521
2022-12-19T15:59:42.8067584,0.0115343919204599
2022-12-19T15:59:42.8068608,0.011205410711089
2022-12-19T15:59:42.8195840,-0.0661051692037028
2022-12-19T15:59:42.8198016,0.000349030889489121
2022-12-19T15:59:42.8199424,-0.00359874354901193
2022-12-19T15:59:42.8200576,-0.0055726307598683
2022-12-19T15:59:42.8201600,-0.0207057658577945
2022-12-19T15:59:42.8202752,0.0148242040227804
2022-12-19T15:59:42.8203904,-0.018731878689657
2022-12-19T15:59:42.8204928,-0.0105073487625675
2022-12-19T15:59:42.8206080,-0.000308931518483477
2022-12-19T15:59:42.8207232,0.0385108516236395
2022-12-19T15:59:42.8360320,-0.0262984461373967
2022-12-19T15:59:42.8362496,0.0585787064834723
2022-12-19T15:59:42.8363648,0.00725763621083642
2022-12-19T15:59:42.8364800,-0.0378127877497363
2022-12-19T15:59:42.8365952,0.0621975000459563
2022-12-19T15:59:42.8367104,-0.0450503738101221
2022-12-19T15:59:42.8368256,0.0204168846327095
2022-12-19T15:59:42.8529152,0.00956050466658112
2022-12-19T15:59:42.8531328,-0.0124812359538841
2022-12-19T15:59:42.8532480,-0.00162485633256119
2022-12-19T15:59:42.8533632,-0.0266274273289295
2022-12-19T15:59:42.8534912,0.0431165887522547
2022-12-19T15:59:42.8535936,-0.0493271291747564
2022-12-19T15:59:42.8537088,0.00659967379631543
2022-12-19T15:59:42.8538240,-0.0111653111602924
2022-12-19T15:59:42.8696704,-0.075645623162611
2022-12-19T15:59:42.8701440,-0.0075465179651354
2022-12-19T15:59:42.8704512,-0.00425670595325207
2022-12-19T15:59:42.8707456,-0.000966893925833531
2022-12-19T15:59:42.8709376,-0.00458568715513909
2022-12-19T15:59:42.8710528,0.0217328094887004
2022-12-19T15:59:42.8711552,0.00100699329808449
2022-12-19T15:59:42.8712576,-0.00228281873866669
2022-12-19T15:59:42.8855552,0.00298088052760892
2022-12-19T15:59:42.8858624,0.0256805840717742
2022-12-19T15:59:42.8860672,-0.038141768935903
2022-12-19T15:59:42.8861952,0.0427876075277508
2022-12-19T15:59:42.8863104,0.0187719785662566
2022-12-19T15:59:42.8864128,-0.0361678818166088
2022-12-19T15:59:42.8865152,0.0641713874518421
2022-12-19T15:59:42.8866304,-0.0486691668126406
2022-12-19T15:59:42.8867328,0.0302863211140333
2022-12-19T15:59:42.9030400,0.00363884293869718
2022-12-19T15:59:42.9035392,-0.016429010319809
2022-12-19T15:59:42.9038464,-0.00326976234665881
2022-12-19T15:59:42.9041024,-0.0325490887502571
2022-12-19T15:59:42.9043456,0.0385108516236395
2022-12-19T15:59:42.9046272,-0.0545908280497991
2022-12-19T15:59:42.9048576,0.011205410711089
2022-12-19T15:59:42.9049728,0.0148242040227804
2022-12-19T15:59:42.9191680,-0.0621573951146631
2022-12-19T15:59:42.9194752,0.005941711382419
2022-12-19T15:59:42.9197184,0.00890254224987264
2022-12-19T15:59:42.9198848,0.005941711382419
2022-12-19T15:59:42.9200128,-0.00294078114415022
2022-12-19T15:59:42.9201280,0.0121923543396712
2022-12-19T15:59:42.9202432,0.00100699329808449
2022-12-19T15:59:42.9203456,-0.0180739162990437
2022-12-19T15:59:42.9204480,2.00496854250026E-05
2022-12-19T15:59:42.9364480,0.028970396241662
2022-12-19T15:59:42.9368576,-0.0253115025618754
2022-12-19T15:59:42.9370496,0.0464064010060314
2022-12-19T15:59:42.9371904,0.0161401288680959
2022-12-19T15:59:42.9373184,-0.0348519570673523
2022-12-19T15:59:42.9374208,0.0743698058076459
2022-12-19T15:59:42.9375360,-0.0532749033346829
2022-12-19T15:59:42.9376512,0.0230487343472071
2022-12-19T15:59:42.9523712,0.0174560537159208
2022-12-19T15:59:42.9529472,-0.0276143709026059
2022-12-19T15:59:42.9533312,-0.000637912722236303
2022-12-19T15:59:42.9536384,-0.0318911263725649
2022-12-19T15:59:42.9539200,0.0427876075277508
2022-12-19T15:59:42.9541888,-0.0493271291747564
2022-12-19T15:59:42.9543552,0.0108764295018745
2022-12-19T15:59:42.9544704,0.0141662416010631
2022-12-19T15:59:42.9693312,-0.0536038845136896
2022-12-19T15:59:42.9696512,-0.0121522547557184
2022-12-19T15:59:42.9698048,0.00363884293869718
2022-12-19T15:59:42.9699328,-0.00820448036564994
2022-12-19T15:59:42.9700480,0.0121923543396712
2022-12-19T15:59:42.9701632,0.00923152345814872
2022-12-19T15:59:42.9702656,-0.0134681795474529
2022-12-19T15:59:42.9703936,-0.0124812359538841
2022-12-19T15:59:42.9705088,-0.00952040516481843
2022-12-19T15:59:42.9861888,0.0319312272080495
2022-12-19T15:59:42.9864960,-0.0233376154066791
2022-12-19T15:59:42.9866880,0.0457484385540046
2022-12-19T15:59:42.9868032,0.00166495570730275
2022-12-19T15:59:42.9869184,-0.0387997313077776
2022-12-19T15:59:42.9870208,0.0806204493925027
2022-12-19T15:59:42.9871360,-0.0499850915362638
2022-12-19T15:59:42.9872384,0.0233777155622271
2022-12-19T15:59:43.0028800,0.00956050466658112
2022-12-19T15:59:43.0031616,-0.0180739162990437
2022-12-19T15:59:43.0032896,0.0148242040227804
2022-12-19T15:59:43.0034048,-0.0325490887502571
2022-12-19T15:59:43.0035200,0.0543019504800269
2022-12-19T15:59:43.0036224,-0.0588675833571724
2022-12-19T15:59:43.0037760,0.0148242040227804
2022-12-19T15:59:43.0038912,0.0266675277210854
2022-12-19T15:59:43.0197120,-0.0621573951146631
2022-12-19T15:59:43.0200704,0.0118633731299873
2022-12-19T15:59:43.0202496,-0.0114942923589225
2022-12-19T15:59:43.0204032,-0.00294078114415022
2022-12-19T15:59:43.0205184,2.00496854250026E-05
2022-12-19T15:59:43.0206336,0.0167980912916946
2022-12-19T15:59:43.0207360,-0.0111653111602924
2022-12-19T15:59:43.0208512,-0.00984938636422307
2022-12-19T15:59:43.0357504,-0.00721753676464547
2022-12-19T15:59:43.0359680,0.0434455699769174
2022-12-19T15:59:43.0360960,-0.0368258441903187
2022-12-19T15:59:43.0362112,0.0645003686867174
2022-12-19T15:59:43.0363136,0.0250226216396877
2022-12-19T15:59:43.0364288,-0.0272853897115341
2022-12-19T15:59:43.0365312,0.0661452748634996
2022-12-19T15:59:43.0366464,-0.0430764867100695
2022-12-19T15:59:43.0367488,0.0220617907030912
2022-12-19T15:59:43.0530560,0.0158111476565318
2022-12-19T15:59:43.0533504,-0.0332070511273362
2022-12-19T15:59:43.0535168,-0.00688855556400039
2022-12-19T15:59:43.0536704,-0.0371548253769442
2022-12-19T15:59:43.0538240,0.0460774197799385
2022-12-19T15:59:43.0539776,-0.0440634302607818
2022-12-19T15:59:43.0541184,0.027654471371815
2022-12-19T15:59:43.0542592,0.0246936404238808
2022-12-19T15:59:43.0693504,-0.0443924114440477
2022-12-19T15:59:43.0696448,0.0187719785662566
2022-12-19T15:59:43.0697984,-0.00162485633256119
2022-12-19T15:59:43.0699264,-0.00425670595325207
2022-12-19T15:59:43.0700416,0.00396782414447519
2022-12-19T15:59:43.0701824,0.0260095652880537
2022-12-19T15:59:43.0702976,-0.0210347470519443
2022-12-19T15:59:43.0704000,-0.00162485633256119
2022-12-19T15:59:43.0705152,0.00758661741833119
2022-12-19T15:59:43.0853120,0.0348920581872335
2022-12-19T15:59:43.0855168,-0.0085334615656746
2022-12-19T15:59:43.0856320,-0.0526169409762142
2022-12-19T15:59:43.0857472,0.0148242040227804
2022-12-19T15:59:43.0858624,0.0194299409923665
2022-12-19T15:59:43.0859648,0.137534206841739
2022-12-19T15:59:43.0861440,-0.0670921127225668
2022-12-19T15:59:43.0864640,0.0082445798337894
2022-12-19T15:59:43.0960896,0.0223907719176392
2022-12-19T15:59:43.0963456,-0.018731878689657
2022-12-19T15:59:43.0965888,0.011205410711089
2022-12-19T15:59:43.0968448,-0.0246535401774255
2022-12-19T15:59:43.0970496,0.0470643634586944
2022-12-19T15:59:43.0972032,-0.0480112044499164
2022-12-19T15:59:43.0973440,0.0148242040227804
2022-12-19T15:59:43.0974976,0.0312732647699692
2022-12-19T15:59:43.1060096,-0.0677500750677222
2022-12-19T15:59:43.1063936,0.0033098617330751
2022-12-19T15:59:43.1066880,-0.00129587512927513
2022-12-19T15:59:43.1069056,-0.000966893925833531
2022-12-19T15:59:43.1070976,0.000678012093708949
2022-12-19T15:59:43.1170816,0.005941711382419
2022-12-19T15:59:43.1172608,-0.0055726307598683
2022-12-19T15:59:43.1173760,-0.0154420667304147
2022-12-19T15:59:43.1174912,0.00528374896914695
2022-12-19T15:59:43.1175936,0.0292993774595181
2022-12-19T15:59:43.1347712,-0.0256404837538696
2022-12-19T15:59:43.1351296,0.0404847389606678
2022-12-19T15:59:43.1353984,0.00725763621083642
2022-12-19T15:59:43.1356544,-0.0460373173580908
2022-12-19T15:59:43.1358208,0.0687771247546967
2022-12-19T15:59:43.1449984,-0.0516299974373722
2022-12-19T15:59:43.1451648,0.0391688140686815
2022-12-19T15:59:43.1452928,0.0204168846327095
2022-12-19T15:59:43.1454208,-0.0401156560496931
2022-12-19T15:59:43.1455232,0.00988948587516988
2022-12-19T15:59:43.1456384,-0.0338650135038022
2022-12-19T15:59:43.1457408,0.0467353822322834
2022-12-19T15:59:43.1458560,-0.0332070511273362
2022-12-19T15:59:43.1459584,0.0227197531323445
2022-12-19T15:59:43.1571712,0.0151531852338741
2022-12-19T15:59:43.1573504,-0.0601835080619839
2022-12-19T15:59:43.1574656,0.00791559862598218
2022-12-19T15:59:43.1575808,0.000349030889489121
2022-12-19T15:59:43.1576832,-0.00228281873866669
2022-12-19T15:59:43.1692800,-0.0108363299615074
2022-12-19T15:59:43.1694592,0.00396782414447519
2022-12-19T15:59:43.1695744,-0.0286013144748993
2022-12-19T15:59:43.1696896,-0.00886244276554422
2022-12-19T15:59:43.1697920,0.00659967379631543
2022-12-19T15:59:43.1698944,0.0345630769666917
2022-12-19T15:59:43.1852416,-0.00623059316224477
2022-12-19T15:59:43.1856000,0.0516701006451631
2022-12-19T15:59:43.1858688,0.0138372603904395
2022-12-19T15:59:43.1861120,-0.0256404837538696
2022-12-19T15:59:43.1863936,0.0740408245679497
2022-12-19T15:59:43.1866368,-0.0476822232683261
2022-12-19T15:59:43.1955072,0.0292993774595181
2022-12-19T15:59:43.1958016,0.00232291811714419
2022-12-19T15:59:43.1959296,-0.0144551231396295
2022-12-19T15:59:43.1960704,0.0108764295018745
2022-12-19T15:59:43.1961856,-0.0401156560496931
2022-12-19T15:59:43.1963008,0.0381818704013563
2022-12-19T15:59:43.1964160,-0.0414315807891646
2022-12-19T15:59:43.1965312,0.0207458658464715
2022-12-19T15:59:43.1966336,0.0177850349282693
2022-12-19T15:59:43.2071808,-0.0605124892378086
2022-12-19T15:59:43.2073600,0.0207458658464715
2022-12-19T15:59:43.2074880,0.00298088052760892
2022-12-19T15:59:43.2075904,-0.014126141942392
2022-12-19T15:59:43.2077056,-0.0203767846634904
2022-12-19T15:59:43.2236800,0.0167980912916946
2022-12-19T15:59:43.2240512,-0.000637912722236303
2022-12-19T15:59:43.2243584,-0.0075465179651354
2022-12-19T15:59:43.2245888,-0.00655957436320019
2022-12-19T15:59:43.2247296,0.0312732647699692
2022-12-19T15:59:43.2333824,-0.0128102171518951
2022-12-19T15:59:43.2335616,0.0352210394079334
2022-12-19T15:59:43.2336896,-0.00359874354901193
2022-12-19T15:59:43.2337920,-0.0371548253769442
2022-12-19T15:59:43.2339072,0.0740408245679497
2022-12-19T15:59:43.2340224,-0.0391287124934857
2022-12-19T15:59:43.2341248,0.0368659455138072
2022-12-19T15:59:43.2342272,0.0167980912916946
2022-12-19T15:59:43.2343680,-0.0266274273289295
2022-12-19T15:59:43.2466688,0.00659967379631543
2022-12-19T15:59:43.2470016,-0.0233376154066791
2022-12-19T15:59:43.2471552,0.0237066967774044
2022-12-19T15:59:43.2472704,-0.0585386021805911
2022-12-19T15:59:43.2473856,0.0263385465044908
2022-12-19T15:59:43.2572288,0.0250226216396877
2022-12-19T15:59:43.2575488,-0.0493271291747564
2022-12-19T15:59:43.2577920,0.0181140161407747
2022-12-19T15:59:43.2580096,-0.00820448036564994
2022-12-19T15:59:43.2582016,-0.00984938636422307
2022-12-19T15:59:43.2583936,-0.00886244276554422
2022-12-19T15:59:43.2673408,0.0128503167595087
2022-12-19T15:59:43.2675712,-0.0220216906334693
2022-12-19T15:59:43.2676992,-0.00326976234665881
2022-12-19T15:59:43.2678144,-0.00655957436320019
2022-12-19T15:59:43.2679296,0.0207458658464715
2022-12-19T15:59:43.2680320,-0.22237120987299
2022-12-19T15:59:43.2774400,0.0533150067907566
2022-12-19T15:59:43.2776192,0.00857356104175289
2022-12-19T15:59:43.2777344,-0.0210347470519443
2022-12-19T15:59:43.2778496,0.0681191622809339
2022-12-19T15:59:43.2779648,-0.0450503738101221
2022-12-19T15:59:43.2896896,0.0362079830709829
2022-12-19T15:59:43.2898560,0.0496962132757115
2022-12-19T15:59:43.2901248,-0.0513010162574545
2022-12-19T15:59:43.2904064,0.0302863211140333
2022-12-19T15:59:43.2993920,-0.0368258441903187
2022-12-19T15:59:43.2997760,0.0233777155622271
2022-12-19T15:59:43.3000320,-0.0588675833571724
2022-12-19T15:59:43.3002368,0.0174560537159208
2022-12-19T15:59:43.3003520,0.0243646592082312
2022-12-19T15:59:43.3004544,-0.0522879597967521
2022-12-19T15:59:43.3005696,0.00890254224987264
2022-12-19T15:59:43.3100288,0.000349030889489121
2022-12-19T15:59:43.3102208,-0.00162485633256119
2022-12-19T15:59:43.3103360,0.000349030889489121
2022-12-19T15:59:43.3104512,0.0131792979696624
2022-12-19T15:59:43.3105536,-0.0108363299615074
2022-12-19T15:59:43.3220864,0.00166495570730275
2022-12-19T15:59:43.3223424,0.0082445798337894
2022-12-19T15:59:43.3224960,0.0302863211140333
2022-12-19T15:59:43.3226112,-0.0157710479270339
2022-12-19T15:59:43.3227392,0.0444325136518585
2022-12-19T15:59:43.3351808,0.00627069258928915
2022-12-19T15:59:43.3354240,-0.0447213926271611
2022-12-19T15:59:43.3355776,0.0529860255613189
2022-12-19T15:59:43.3357312,-0.0430764867100695
2022-12-19T15:59:43.3358720,0.0273254901547475
2022-12-19T15:59:43.3360000,0.0144952228118434
2022-12-19T15:59:43.3483136,-0.0213637282459401
2022-12-19T15:59:43.3485696,0.00396782414447519
2022-12-19T15:59:43.3487232,-0.0253115025618754
2022-12-19T15:59:43.3488512,0.0332471520861059
2022-12-19T15:59:43.3489536,-0.0499850915362638
2022-12-19T15:59:43.3490944,0.0174560537159208
2022-12-19T15:59:43.3492096,0.0246936404238808
2022-12-19T15:59:43.3587840,-0.0460373173580908
2022-12-19T15:59:43.3591168,0.0167980912916946
2022-12-19T15:59:43.3592960,0.000678012093708949
2022-12-19T15:59:43.3594496,-0.0154420667304147
2022-12-19T15:59:43.3596032,-0.0124812359538841
2022-12-19T15:59:43.3597696,0.0161401288680959
2022-12-19T15:59:43.3688704,-0.00162485633256119
2022-12-19T15:59:43.3690112,-0.014126141942392
2022-12-19T15:59:43.3690752,0.00627069258928915
2022-12-19T15:59:43.3691264,0.0223907719176392
2022-12-19T15:59:43.3691904,-0.0180739162990437
2022-12-19T15:59:43.3851648,0.0362079830709829
2022-12-19T15:59:43.3853184,0.0184429973534371
2022-12-19T15:59:43.3853952,-0.0305752016153402
2022-12-19T15:59:43.3854592,0.0549599129403384
2022-12-19T15:59:43.3855104,-0.0480112044499164
2022-12-19T15:59:43.4018688,0.0299573398957038
2022-12-19T15:59:43.4019968,0.0296283586775321
2022-12-19T15:59:43.4020608,-0.0325490887502571
2022-12-19T15:59:43.4021248,0.0135082791799726
2022-12-19T15:59:43.4022144,-0.0134681795474529
2022-12-19T15:59:43.4022784,0.0240356779927391
2022-12-19T15:59:43.4023424,-0.0338650135038022
2022-12-19T15:59:43.4024064,0.0273254901547475
2022-12-19T15:59:43.4186112,0.0108764295018745
2022-12-19T15:59:43.4188160,-0.0503140727167894
2022-12-19T15:59:43.4189184,0.0306153023325207
2022-12-19T15:59:43.4189952,-0.00129587512927513
2022-12-19T15:59:43.4190720,-0.00425670595325207
2022-12-19T15:59:43.4191488,0.00298088052760892
2022-12-19T15:59:43.4192256,0.0128503167595087
2022-12-19T15:59:43.4193024,-0.0121522547557184
2022-12-19T15:59:43.4193792,-0.00688855556400039
2022-12-19T15:59:43.4361344,0.0194299409923665
2022-12-19T15:59:43.4364544,0.0368659455138072
2022-12-19T15:59:43.4366208,-0.0256404837538696
2022-12-19T15:59:43.4367360,0.0418006638551917
2022-12-19T15:59:43.4368512,0.00232291811714419
2022-12-19T15:59:43.4370176,-0.0486691668126406
2022-12-19T15:59:43.4371328,0.0500251945035551
2022-12-19T15:59:43.4372352,-0.0414315807891646
2022-12-19T15:59:43.4531584,0.0306153023325207
2022-12-19T15:59:43.4534656,0.0141662416010631
2022-12-19T15:59:43.4537216,-0.0151130855336409
2022-12-19T15:59:43.4538752,0.00396782414447519
2022-12-19T15:59:43.4540032,-0.0233376154066791
2022-12-19T15:59:43.4541312,0.0243646592082312
2022-12-19T15:59:43.4542336,-0.0348519570673523
2022-12-19T15:59:43.4543360,0.0082445798337894
2022-12-19T15:59:43.4544384,0.0200879034191048
2022-12-19T15:59:43.4693888,-0.039457693679041
2022-12-19T15:59:43.4697216,0.0246936404238808
2022-12-19T15:59:43.4699392,-0.00458568715513909
2022-12-19T15:59:43.4700800,-0.00919142396525881
2022-12-19T15:59:43.4701952,-0.000308931518483477
2022-12-19T15:59:43.4703360,0.0171270725037292
2022-12-19T15:59:43.4704640,-0.0269564085203087
2022-12-19T15:59:43.4705792,-0.017415953907813
2022-12-19T15:59:43.4706944,0.0082445798337894
2022-12-19T15:59:43.4864384,0.0237066967774044
2022-12-19T15:59:43.4867456,-0.0157710479270339
2022-12-19T15:59:43.4869248,0.0260095652880537
2022-12-19T15:59:43.4870528,-0.0114942923589225
2022-12-19T15:59:43.4871552,-0.0299172392358072
2022-12-19T15:59:43.4872704,0.0368659455138072
2022-12-19T15:59:43.4873728,-0.0387997313077776
2022-12-19T15:59:43.4874880,0.0243646592082312
2022-12-19T15:59:43.5030656,0.0450904761026137
2022-12-19T15:59:43.5033088,-0.0440634302607818
2022-12-19T15:59:43.5034368,0.00363884293869718
2022-12-19T15:59:43.5035648,-0.0368258441903187
2022-12-19T15:59:43.5036800,0.00988948587516988
2022-12-19T15:59:43.5037952,-0.0450503738101221
2022-12-19T15:59:43.5039104,0.0121923543396712
2022-12-19T15:59:43.5040128,0.0204168846327095
2022-12-19T15:59:43.5197312,-0.0858440393238745
2022-12-19T15:59:43.5199616,0.0269965089378377
2022-12-19T15:59:43.5201024,0.107596911850713
2022-12-19T15:59:43.5202304,0.0543019504800269
2022-12-19T15:59:43.5203328,0.0990433992455764
2022-12-19T15:59:43.5204480,0.0602236126458371
2022-12-19T15:59:43.5205504,-0.070381924442316
2022-12-19T15:59:43.5206528,-0.014126141942392
2022-12-19T15:59:43.5364992,0.010218467083915
2022-12-19T15:59:43.5368320,0.0269965089378377
2022-12-19T15:59:43.5369984,-0.0170869727119661
2022-12-19T15:59:43.5371264,0.0250226216396877
2022-12-19T15:59:43.5372288,0.000678012093708949
2022-12-19T15:59:43.5373440,-0.0437344490773635
2022-12-19T15:59:43.5374848,0.0585787064834723
2022-12-19T15:59:43.5376000,-0.0355099194422867
2022-12-19T15:59:43.5377024,0.0286414150239637
2022-12-19T15:59:43.5463296,0.027654471371815
2022-12-19T15:59:43.5465088,-0.0335360323156458
2022-12-19T15:59:43.5466240,0.00758661741833119
2022-12-19T15:59:43.5467264,-0.0269564085203087
2022-12-19T15:59:43.5468416,0.0233777155622271
2022-12-19T15:59:43.5469440,-0.0397866748644434
2022-12-19T15:59:43.5470848,0.0352210394079334
2022-12-19T15:59:43.5472128,0.010218467083915
2022-12-19T15:59:43.5561344,-0.0463662985404424
2022-12-19T15:59:43.5562368,0.0161401288680959
2022-12-19T15:59:43.5563264,-0.00721753676464547
2022-12-19T15:59:43.5564160,-0.0157710479270339
2022-12-19T15:59:43.5564800,-0.0111653111602924
2022-12-19T15:59:43.5694720,0.0138372603904395
2022-12-19T15:59:43.5696640,-0.00919142396525881
2022-12-19T15:59:43.5699200,-0.00688855556400039
2022-12-19T15:59:43.5701888,0.0184429973534371
2022-12-19T15:59:43.5703680,0.0223907719176392
2022-12-19T15:59:43.5833600,-0.0161000291234987
2022-12-19T15:59:43.5835392,0.0345630769666917
2022-12-19T15:59:43.5836544,0.0141662416010631
2022-12-19T15:59:43.5837824,-0.0437344490773635
2022-12-19T15:59:43.5838848,0.0566048190939116
2022-12-19T15:59:43.5840000,-0.0614994327643749
2022-12-19T15:59:43.5841024,0.0237066967774044
2022-12-19T15:59:43.6025344,0.0243646592082312
2022-12-19T15:59:43.6028288,-0.0338650135038022
2022-12-19T15:59:43.6029952,0.0184429973534371
2022-12-19T15:59:43.6031104,-0.039457693679041
2022-12-19T15:59:43.6032256,0.0292993774595181
2022-12-19T15:59:43.6033280,-0.0332070511273362
2022-12-19T15:59:43.6034432,0.0200879034191048
2022-12-19T15:59:43.6198656,0.0220617907030912
2022-12-19T15:59:43.6201728,-0.0476822232683261
2022-12-19T15:59:43.6203520,0.0470643634586944
2022-12-19T15:59:43.6204800,-0.0170869727119661
2022-12-19T15:59:43.6205824,-0.0085334615656746
2022-12-19T15:59:43.6207104,-0.00359874354901193
2022-12-19T15:59:43.6208128,0.0227197531323445
2022-12-19T15:59:43.6209152,-0.0154420667304147
2022-12-19T15:59:43.6210304,-0.00129587512927513
2022-12-19T15:59:43.6364416,0.00890254224987264
2022-12-19T15:59:43.6367616,0.0306153023325207
2022-12-19T15:59:43.6369024,-0.0262984461373967
2022-12-19T15:59:43.6370176,0.0358790018498081
2022-12-19T15:59:43.6371328,0.00133597450261574
2022-12-19T15:59:43.6372352,-0.0549198092281989
2022-12-19T15:59:43.6373376,0.06055259387879
2022-12-19T15:59:43.6374400,-0.0690659997562243
2022-12-19T15:59:43.6376960,0.027654471371815
2022-12-19T15:59:43.6526592,0.0292993774595181
2022-12-19T15:59:43.6529792,-0.0358389006295243
2022-12-19T15:59:43.6532352,0.0227197531323445
2022-12-19T15:59:43.6534016,-0.0322201075614877
2022-12-19T15:59:43.6535296,0.0200879034191048
2022-12-19T15:59:43.6536320,-0.02596946494571
2022-12-19T15:59:43.6537344,0.0493672320480272
2022-12-19T15:59:43.6538496,0.0161401288680959
2022-12-19T15:59:43.6698752,-0.0483401856313546
2022-12-19T15:59:43.6701952,0.0161401288680959
2022-12-19T15:59:43.6703616,-0.0184028974944275
2022-12-19T15:59:43.6704896,-0.0101783675634727
2022-12-19T15:59:43.6706176,0.00133597450261574
2022-12-19T15:59:43.6707200,0.0158111476565318
2022-12-19T15:59:43.6708480,-0.00458568715513909
2022-12-19T15:59:43.6709632,-0.0124812359538841
2022-12-19T15:59:43.6865280,0.0177850349282693
2022-12-19T15:59:43.6867968,0.0118633731299873
2022-12-19T15:59:43.6869248,-0.0108363299615074
2022-12-19T15:59:43.6957056,0.030944283551166
2022-12-19T15:59:43.6959488,0.00232291811714419
2022-12-19T15:59:43.6960768,-0.0489981479937746
2022-12-19T15:59:43.6961920,0.0737118433284146
2022-12-19T15:59:43.6962944,-0.0473532420865835
2022-12-19T15:59:43.6964224,0.0197589222056571
2022-12-19T15:59:43.7023488,0.0200879034191048
2022-12-19T15:59:43.7025792,-0.0338650135038022
2022-12-19T15:59:43.7027200,0.0174560537159208
2022-12-19T15:59:43.7028224,-0.0341939946918055
2022-12-19T15:59:43.7029376,0.0348920581872335
2022-12-19T15:59:43.7030400,-0.0213637282459401
2022-12-19T15:59:43.7031552,0.0250226216396877
2022-12-19T15:59:43.7032704,0.0444325136518585
2022-12-19T15:59:43.7033728,-0.0483401856313546
2022-12-19T15:59:43.7034880,0.00528374896914695
2022-12-19T15:59:43.7036288,-0.00129587512927513
2022-12-19T15:59:43.7037312,-0.00984938636422307
2022-12-19T15:59:43.7038464,0.00659967379631543
2022-12-19T15:59:43.7178880,0.0322602084273265
2022-12-19T15:59:43.7182592,-0.0101783675634727
2022-12-19T15:59:43.7185024,-0.00261179994148619
2022-12-19T15:59:43.7366400,0.0125213355495117
2022-12-19T15:59:43.7369600,0.0237066967774044
2022-12-19T15:59:43.7372288,-0.0111653111602924
2022-12-19T15:59:43.7374080,0.0394977952914403
2022-12-19T15:59:43.7375232,0.00133597450261574
2022-12-19T15:59:43.7376256,-0.0272853897115341
2022-12-19T15:59:43.7377280,0.0592366689479383
2022-12-19T15:59:43.7378432,-0.0503140727167894
2022-12-19T15:59:43.7526784,0.0355500206287917
2022-12-19T15:59:43.7529984,0.0355500206287917
2022-12-19T15:59:43.7531392,-0.0292592768556604
2022-12-19T15:59:43.7532544,0.0151531852338741
2022-12-19T15:59:43.7533568,-0.0364968630035403
2022-12-19T15:59:43.7534592,0.0302863211140333
2022-12-19T15:59:43.7535872,-0.0361678818166088
2022-12-19T15:59:43.7537024,0.028970396241662
2022-12-19T15:59:43.7538048,0.0355500206287917
2022-12-19T15:59:43.7699456,-0.0384707501219167
2022-12-19T15:59:43.7702144,0.019100959779233
2022-12-19T15:59:43.7704320,0.00199393691214557
2022-12-19T15:59:43.7705600,-0.014126141942392
2022-12-19T15:59:43.7706752,0.0125213355495117
2022-12-19T15:59:43.7708032,0.0243646592082312
2022-12-19T15:59:43.7709312,-0.00919142396525881
2022-12-19T15:59:43.7710464,-0.0039277247512097
2022-12-19T15:59:43.7864832,0.00758661741833119
2022-12-19T15:59:43.7867904,0.0230487343472071
2022-12-19T15:59:43.7870592,-0.0203767846634904
2022-12-19T15:59:43.7872128,0.034234095746308
2022-12-19T15:59:43.7873280,0.0154821664451246
2022-12-19T15:59:43.7874432,-0.038141768935903
2022-12-19T15:59:43.7875456,0.0615395375786094
2022-12-19T15:59:43.7876480,-0.0503140727167894
2022-12-19T15:59:43.7877632,0.019100959779233
2022-12-19T15:59:43.8032128,0.0148242040227804
2022-12-19T15:59:43.8035072,-0.0407736184197342
2022-12-19T15:59:43.8036736,0.0082445798337894
2022-12-19T15:59:43.8038272,-0.0348519570673523
2022-12-19T15:59:43.8039680,0.0243646592082312
2022-12-19T15:59:43.8041216,-0.0154420667304147
2022-12-19T15:59:43.8042624,0.0151531852338741
2022-12-19T15:59:43.8044032,0.0230487343472071
2022-12-19T15:59:43.8197888,-0.0450503738101221
2022-12-19T15:59:43.8201344,0.0302863211140333
2022-12-19T15:59:43.8202880,-0.00294078114415022
2022-12-19T15:59:43.8204032,-0.0121522547557184
2022-12-19T15:59:43.8205312,0.00528374896914695
2022-12-19T15:59:43.8206464,0.005941711382419
2022-12-19T15:59:43.8207488,-0.0105073487625675
2022-12-19T15:59:43.8208512,-0.00590161196113415
2022-12-19T15:59:43.8209536,0.0118633731299873
2022-12-19T15:59:43.8364032,0.0210748470603906
2022-12-19T15:59:43.8367232,-0.0239955777923602
2022-12-19T15:59:43.8369408,0.0316022459889304
2022-12-19T15:59:43.8370816,0.0217328094887004
2022-12-19T15:59:43.8372096,-0.0322201075614877
2022-12-19T15:59:43.8373120,0.0750277682875214
2022-12-19T15:59:43.8374144,-0.0506430538971631
2022-12-19T15:59:43.8375296,0.0292993774595181
2022-12-19T15:59:43.8532096,0.0322602084273265
2022-12-19T15:59:43.8535680,-0.0387997313077776
2022-12-19T15:59:43.8537344,0.028970396241662
2022-12-19T15:59:43.8538496,-0.0272853897115341
2022-12-19T15:59:43.8539648,0.0345630769666917
2022-12-19T15:59:43.8540672,-0.0216927094397817
2022-12-19T15:59:43.8541824,0.0118633731299873
2022-12-19T15:59:43.8542848,0.0131792979696624
2022-12-19T15:59:43.8696704,-0.064789244509772
2022-12-19T15:59:43.8704000,0.0164691100798168
2022-12-19T15:59:43.8705280,0.00363884293869718
2022-12-19T15:59:43.8706432,-0.000637912722236303
2022-12-19T15:59:43.8707456,0.0108764295018745
2022-12-19T15:59:43.8708608,0.00923152345814872
2022-12-19T15:59:43.8709760,-0.0249825213697274
2022-12-19T15:59:43.8710784,0.00133597450261574
2022-12-19T15:59:43.8711808,0.0121923543396712
2022-12-19T15:59:43.8864256,0.0240356779927391
2022-12-19T15:59:43.8868096,-0.0180739162990437
2022-12-19T15:59:43.8869760,0.0483802883659295
2022-12-19T15:59:43.8871296,0.00659967379631543
2022-12-19T15:59:43.8875264,-0.0411025996045257
2022-12-19T15:59:43.8877824,0.0681191622809339
2022-12-19T15:59:43.8879872,-0.0536038845136896
2022-12-19T15:59:43.8881152,0.0108764295018745
2022-12-19T15:59:43.9028608,0.0418006638551917
2022-12-19T15:59:43.9031552,-0.0463662985404424
2022-12-19T15:59:43.9034112,0.0345630769666917
2022-12-19T15:59:43.9035776,-0.0325490887502571
2022-12-19T15:59:43.9037056,0.0385108516236395
2022-12-19T15:59:43.9038208,-0.0200478034690322
2022-12-19T15:59:43.9039232,0.0131792979696624
2022-12-19T15:59:43.9040256,0.0243646592082312
2022-12-19T15:59:43.9041280,-0.0542618468712477
2022-12-19T15:59:43.9195904,0.0217328094887004
2022-12-19T15:59:43.9199616,-0.00129587512927513
2022-12-19T15:59:43.9201792,2.00496854250026E-05
2022-12-19T15:59:43.9203072,0.0144952228118434
2022-12-19T15:59:43.9204224,0.00133597450261574
2022-12-19T15:59:43.9205248,-0.0078754991654702
2022-12-19T15:59:43.9206272,0.00692865500349785
2022-12-19T15:59:43.9207424,0.0164691100798168
2022-12-19T15:59:43.9366528,0.0260095652880537
2022-12-19T15:59:43.9370752,-0.0105073487625675
2022-12-19T15:59:43.9372544,0.0329181708663548
2022-12-19T15:59:43.9373696,0.0266675277210854
2022-12-19T15:59:43.9374848,-0.0568936962954132
2022-12-19T15:59:43.9376256,0.0700930497041503
2022-12-19T15:59:43.9377280,-0.055248790406447
2022-12-19T15:59:43.9378432,0.0263385465044908
2022-12-19T15:59:43.9532160,0.028970396241662
2022-12-19T15:59:43.9534848,-0.0486691668126406
2022-12-19T15:59:43.9536128,0.0227197531323445
2022-12-19T15:59:43.9537152,-0.0286013144748993
2022-12-19T15:59:43.9538304,0.030944283551166
2022-12-19T15:59:43.9539456,-0.0332070511273362
2022-12-19T15:59:43.9540608,0.0138372603904395
2022-12-19T15:59:43.9541632,0.0250226216396877
2022-12-19T15:59:43.9695744,-0.0509720350773848
2022-12-19T15:59:43.9700608,0.0246936404238808
2022-12-19T15:59:43.9702528,0.00265189932229863
2022-12-19T15:59:43.9703808,-0.0101783675634727
2022-12-19T15:59:43.9704960,0.00363884293869718
2022-12-19T15:59:43.9706112,-0.016429010319809
2022-12-19T15:59:43.9707136,-0.00952040516481843
2022-12-19T15:59:43.9708160,-0.00195383753569171
2022-12-19T15:59:43.9709312,0.00100699329808449
2022-12-19T15:59:43.9866112,0.0243646592082312
2022-12-19T15:59:43.9869184,2.00496854250026E-05
2022-12-19T15:59:43.9871104,0.00199393691214557
2022-12-19T15:59:43.9872384,0.0138372603904395
2022-12-19T15:59:43.9873536,-0.0328780699388733
2022-12-19T15:59:43.9874560,0.0612105563451762
2022-12-19T15:59:43.9875712,-0.0710398867844586
2022-12-19T15:59:43.9876864,0.0256805840717742
2022-12-19T15:59:44.0032640,0.0223907719176392
2022-12-19T15:59:44.0035840,-0.0621573951146631
2022-12-19T15:59:44.0037504,0.0187719785662566
2022-12-19T15:59:44.0039040,-0.0332070511273362
2022-12-19T15:59:44.0040576,0.0385108516236395
2022-12-19T15:59:44.0041856,-0.0207057658577945
2022-12-19T15:59:44.0043648,0.030944283551166
2022-12-19T15:59:44.0046336,0.0138372603904395
2022-12-19T15:59:44.0159744,-0.0769615478366743
2022-12-19T15:59:44.0163584,0.0362079830709829
2022-12-19T15:59:44.0166016,0.0125213355495117
2022-12-19T15:59:44.0167680,-0.0466952797226417
2022-12-19T15:59:44.0169216,0.0121923543396712
2022-12-19T15:59:44.0170624,0.00133597450261574
2022-12-19T15:59:44.0171776,-0.0763035854999428
2022-12-19T15:59:44.0172928,-0.00458568715513909
2022-12-19T15:59:44.0174208,-0.016429010319809
2022-12-19T15:59:44.0254464,0.0263385465044908
2022-12-19T15:59:44.0256128,-0.0118232735573979
2022-12-19T15:59:44.0257280,0.00725763621083642
2022-12-19T15:59:44.0258432,0.0214038282744669
2022-12-19T15:59:44.0259584,-0.0407736184197342
2022-12-19T15:59:44.0260736,0.0608815751119031
2022-12-19T15:59:44.0370432,-0.0371548253769442
2022-12-19T15:59:44.0373632,0.0240356779927391
2022-12-19T15:59:44.0376064,0.00265189932229863
2022-12-19T15:59:44.0377856,-0.0457083361755869
2022-12-19T15:59:44.0532224,0.0404847389606678
2022-12-19T15:59:44.0535168,-0.0213637282459401
2022-12-19T15:59:44.0537728,0.0214038282744669
2022-12-19T15:59:44.0539648,-0.0190608598847322
2022-12-19T15:59:44.0540800,0.0118633731299873
2022-12-19T15:59:44.0541824,0.0306153023325207
2022-12-19T15:59:44.0699136,-0.0772905290048149
2022-12-19T15:59:44.0701952,0.0118633731299873
2022-12-19T15:59:44.0703232,0.011205410711089
2022-12-19T15:59:44.0704384,-0.00129587512927513
2022-12-19T15:59:44.0705408,0.028970396241662
2022-12-19T15:59:44.0706688,0.000349030889489121
2022-12-19T15:59:44.0707840,-0.0243245589849698
2022-12-19T15:59:44.0708992,-0.00524364955844718
2022-12-19T15:59:44.0710016,0.0177850349282693
2022-12-19T15:59:44.0865792,0.00857356104175289
2022-12-19T15:59:44.0871296,-0.00919142396525881
2022-12-19T15:59:44.0874496,0.0339051145260825
2022-12-19T15:59:44.0876672,-0.00688855556400039
2022-12-19T15:59:44.0877952,-0.0516299974373722
2022-12-19T15:59:44.0879104,0.0658162936278223
2022-12-19T15:59:44.0880256,-0.0539328656925445
2022-12-19T15:59:44.0881408,0.0237066967774044
2022-12-19T15:59:44.1031296,0.0362079830709829
2022-12-19T15:59:44.1033728,-0.0638023009877389
2022-12-19T15:59:44.1034880,0.019100959779233
2022-12-19T15:59:44.1036160,-0.0440634302607818
2022-12-19T15:59:44.1037312,0.0237066967774044
2022-12-19T15:59:44.1038464,-0.0249825213697274
2022-12-19T15:59:44.1039488,0.005941711382419
2022-12-19T15:59:44.1040768,0.0033098617330751
2022-12-19T15:59:44.1041792,-0.061170451589004
2022-12-19T15:59:44.1200384,0.0223907719176392
2022-12-19T15:59:44.1203840,0.00791559862598218
2022-12-19T15:59:44.1206272,-0.0128102171518951
2022-12-19T15:59:44.1207680,0.0237066967774044
2022-12-19T15:59:44.1208960,0.00100699329808449
2022-12-19T15:59:44.1210240,-0.0220216906334693
2022-12-19T15:59:44.1211392,-0.00425670595325207
2022-12-19T15:59:44.1212800,0.0260095652880537
2022-12-19T15:59:44.1367424,0.0302863211140333
2022-12-19T15:59:44.1370624,-0.00623059316224477
2022-12-19T15:59:44.1371904,0.0447614948771567
2022-12-19T15:59:44.1373056,0.0214038282744669
2022-12-19T15:59:44.1374208,-0.0387997313077776
2022-12-19T15:59:44.1375360,0.0704220309419155
2022-12-19T15:59:44.1377920,-0.0582096210038585
2022-12-19T15:59:44.1379968,0.0187719785662566
2022-12-19T15:59:44.1530496,0.0161401288680959
2022-12-19T15:59:44.1535744,-0.0555777715845434
2022-12-19T15:59:44.1538816,0.005941711382419
2022-12-19T15:59:44.1540608,-0.0364968630035403
2022-12-19T15:59:44.1541760,0.0033098617330751
2022-12-19T15:59:44.1543040,-0.0355099194422867
2022-12-19T15:59:44.1544064,-0.00294078114415022
2022-12-19T15:59:44.1545088,0.0223907719176392
2022-12-19T15:59:44.1679616,-0.0631443386389618
2022-12-19T15:59:44.1682688,0.0197589222056571
2022-12-19T15:59:44.1684352,-0.00655957436320019
2022-12-19T15:59:44.1685632,-0.00359874354901193
2022-12-19T15:59:44.1687168,0.0105474482928166
2022-12-19T15:59:44.1688320,0.0164691100798168
2022-12-19T15:59:44.1689600,-0.0085334615656746
2022-12-19T15:59:44.1690752,-0.0039277247512097
2022-12-19T15:59:44.1692672,0.0115343919204599
2022-12-19T15:59:44.1867904,0.0217328094887004
2022-12-19T15:59:44.1871360,-0.0137971607449997
2022-12-19T15:59:44.1873280,0.0325891896467616
2022-12-19T15:59:44.1874560,0.0181140161407747
2022-12-19T15:59:44.1875712,-0.0332070511273362
2022-12-19T15:59:44.1876992,0.0730538808498274
2022-12-19T15:59:44.1878016,-0.0496561103555861
2022-12-19T15:59:44.2029056,0.0121923543396712
2022-12-19T15:59:44.2031360,0.0141662416010631
2022-12-19T15:59:44.2032768,-0.0542618468712477
2022-12-19T15:59:44.2033920,0.0181140161407747
2022-12-19T15:59:44.2035072,-0.0522879597967521
2022-12-19T15:59:44.2036096,0.0299573398957038
2022-12-19T15:59:44.2037120,-0.027943352093524
2022-12-19T15:59:44.2038272,0.011205410711089
2022-12-19T15:59:44.2039296,0.0292993774595181
2022-12-19T15:59:44.2201344,-0.0493271291747564
2022-12-19T15:59:44.2204416,0.037523907957265
2022-12-19T15:59:44.2206336,-0.00820448036564994
2022-12-19T15:59:44.2209024,-0.00491466835687079
2022-12-19T15:59:44.2211968,0.0121923543396712
2022-12-19T15:59:44.2213632,-0.00655957436320019
2022-12-19T15:59:44.2215040,-0.00491466835687079
2022-12-19T15:59:44.2216448,-0.00491466835687079
2022-12-19T15:59:44.2360832,0.0105474482928166
2022-12-19T15:59:44.2363264,0.0335761333060152
2022-12-19T15:59:44.2364672,-0.0193898410796531
2022-12-19T15:59:44.2365952,0.0207458658464715
2022-12-19T15:59:44.2367360,0.0194299409923665
2022-12-19T15:59:44.2368640,-0.0315621451834888
2022-12-19T15:59:44.2369920,0.06252648127987
2022-12-19T15:59:44.2371072,-0.0457083361755869
2022-12-19T15:59:44.2372096,0.0253516028556522
2022-12-19T15:59:44.2535296,0.0381818704013563
2022-12-19T15:59:44.2539136,-0.0674210938952199
2022-12-19T15:59:44.2541696,0.0141662416010631
2022-12-19T15:59:44.2544128,-0.017415953907813
2022-12-19T15:59:44.2546176,0.0197589222056571
2022-12-19T15:59:44.2549504,-0.0213637282459401
2022-12-19T15:59:44.2552320,0.00692865500349785
2022-12-19T15:59:44.2555008,0.0296283586775321
2022-12-19T15:59:44.2694528,-0.0526169409762142
2022-12-19T15:59:44.2696832,0.0345630769666917
2022-12-19T15:59:44.2698368,-0.00359874354901193
2022-12-19T15:59:44.2699520,-0.00425670595325207
2022-12-19T15:59:44.2700672,0.0230487343472071
2022-12-19T15:59:44.2701824,0.00857356104175289
2022-12-19T15:59:44.2702976,-0.0154420667304147
2022-12-19T15:59:44.2704128,-0.00294078114415022
2022-12-19T15:59:44.2705152,0.0171270725037292
2022-12-19T15:59:44.2868224,0.0214038282744669
2022-12-19T15:59:44.2870784,-0.000966893925833531
2022-12-19T15:59:44.2872192,0.0260095652880537
2022-12-19T15:59:44.2873600,0.00166495570730275
2022-12-19T15:59:44.2875264,-0.0368258441903187
2022-12-19T15:59:44.2876800,0.0789755431803149
2022-12-19T15:59:44.2877952,-0.0480112044499164
2022-12-19T15:59:44.2879104,0.0174560537159208
2022-12-19T15:59:44.3033472,0.027654471371815
2022-12-19T15:59:44.3035776,-0.0654472068570392
2022-12-19T15:59:44.3037056,0.0210748470603906
2022-12-19T15:59:44.3038208,-0.0220216906334693
2022-12-19T15:59:44.3039360,0.0118633731299873
2022-12-19T15:59:44.3040384,-0.0253115025618754
2022-12-19T15:59:44.3041536,-0.00721753676464547
2022-12-19T15:59:44.3042560,0.00495476776274499
2022-12-19T15:59:44.3201920,-0.0503140727167894
2022-12-19T15:59:44.3206016,0.0345630769666917
2022-12-19T15:59:44.3209088,-0.0131391983497513
2022-12-19T15:59:44.3211264,-0.0134681795474529
2022-12-19T15:59:44.3212672,0.0167980912916946
2022-12-19T15:59:44.3213696,-0.000308931518483477
2022-12-19T15:59:44.3214848,0.000678012093708949
2022-12-19T15:59:44.3215872,0.000678012093708949
2022-12-19T15:59:44.3217024,0.0227197531323445
2022-12-19T15:59:44.3361280,0.0204168846327095
2022-12-19T15:59:44.3363584,0.000678012093708949
2022-12-19T15:59:44.3364864,0.0253516028556522
2022-12-19T15:59:44.3365888,0.0164691100798168
2022-12-19T15:59:44.3367040,-0.0486691668126406
2022-12-19T15:59:44.3368448,0.0612105563451762
2022-12-19T15:59:44.3369600,-0.0618284139395945
2022-12-19T15:59:44.3370624,0.0204168846327095
2022-12-19T15:59:44.3535104,0.0427876075277508
2022-12-19T15:59:44.3537280,-0.0749876608246784
2022-12-19T15:59:44.3538560,0.0240356779927391
2022-12-19T15:59:44.3539712,-0.0302462204256504
2022-12-19T15:59:44.3540992,-0.000308931518483477
2022-12-19T15:59:44.3542016,-0.00820448036564994
2022-12-19T15:59:44.3543168,0.0141662416010631
2022-12-19T15:59:44.3544192,0.0368659455138072
2022-12-19T15:59:44.3695232,-0.0618284139395945
2022-12-19T15:59:44.3698432,0.0316022459889304
2022-12-19T15:59:44.3700224,-0.0157710479270339
2022-12-19T15:59:44.3701504,-0.0177449351035055
2022-12-19T15:59:44.3702784,0.0177850349282693
2022-12-19T15:59:44.3704064,0.000678012093708949
2022-12-19T15:59:44.3705088,-0.00458568715513909
2022-12-19T15:59:44.3706112,-0.000308931518483477
2022-12-19T15:59:44.3707264,0.0121923543396712
2022-12-19T15:59:44.3868416,0.00857356104175289
2022-12-19T15:59:44.3873024,0.00396782414447519
2022-12-19T15:59:44.3875072,0.0312732647699692
2022-12-19T15:59:44.3876224,0.00495476776274499
2022-12-19T15:59:44.3877248,-0.0516299974373722
2022-12-19T15:59:44.3878272,0.0645003686867174
2022-12-19T15:59:44.3879552,-0.0387997313077776
2022-12-19T15:59:44.3880704,0.0263385465044908
2022-12-19T15:59:44.4027904,0.0335761333060152
2022-12-19T15:59:44.4030976,-0.0499850915362638
2022-12-19T15:59:44.4032640,0.0200879034191048
2022-12-19T15:59:44.4033920,-0.219739361034761
2022-12-19T15:59:44.4034944,0.0243646592082312
2022-12-19T15:59:44.4036096,-0.0108363299615074
2022-12-19T15:59:44.4037120,0.0108764295018745
2022-12-19T15:59:44.4038272,0.0316022459889304
2022-12-19T15:59:44.4201344,-0.0572226774727517
2022-12-19T15:59:44.4203648,0.0204168846327095
2022-12-19T15:59:44.4204800,0.0158111476565318
2022-12-19T15:59:44.4205952,-0.0210347470519443
2022-12-19T15:59:44.4206976,0.00199393691214557
2022-12-19T15:59:44.4208000,0.00462578655649906
2022-12-19T15:59:44.4209152,-0.00820448036564994
2022-12-19T15:59:44.4210304,0.000678012093708949
2022-12-19T15:59:44.4367488,0.0246936404238808
2022-12-19T15:59:44.4370560,0.0141662416010631
2022-12-19T15:59:44.4372352,0.00528374896914695
2022-12-19T15:59:44.4373504,0.0121923543396712
2022-12-19T15:59:44.4374656,0.0237066967774044
2022-12-19T15:59:44.4375680,-0.0184028974944275
2022-12-19T15:59:44.4376704,0.0556178754012885
2022-12-19T15:59:44.4377856,-0.0480112044499164
2022-12-19T15:59:44.4379008,0.0220617907030912
2022-12-19T15:59:44.4534528,0.0299573398957038
2022-12-19T15:59:44.4537728,-0.0549198092281989
2022-12-19T15:59:44.4539136,0.0214038282744669
2022-12-19T15:59:44.4540288,-0.0243245589849698
2022-12-19T15:59:44.4541440,-0.000637912722236303
2022-12-19T15:59:44.4542592,-0.0243245589849698
2022-12-19T15:59:44.4543616,0.0181140161407747
2022-12-19T15:59:44.4544640,0.0408137201840608
2022-12-19T15:59:44.4702208,-0.066763131549763
2022-12-19T15:59:44.4704512,0.0316022459889304
2022-12-19T15:59:44.4705664,-0.0269564085203087
2022-12-19T15:59:44.4706944,-0.0105073487625675
2022-12-19T15:59:44.4708096,0.0427876075277508
2022-12-19T15:59:44.4709120,0.00890254224987264
2022-12-19T15:59:44.4710272,-0.0328780699388733
2022-12-19T15:59:44.4711296,0.00199393691214557
2022-12-19T15:59:44.4712320,-0.0384707501219167
2022-12-19T15:59:44.4864256,0.00429680535040913
2022-12-19T15:59:44.4866816,-0.175984872780032
2022-12-19T15:59:44.4867968,0.0210748470603906
2022-12-19T15:59:44.4869120,-0.0723558114669378
2022-12-19T15:59:44.4870144,0.0842392430735338
2022-12-19T15:59:44.4871168,0.108583855619948
2022-12-19T15:59:44.4872448,-0.061170451589004
2022-12-19T15:59:44.4873600,0.0167980912916946
2022-12-19T15:59:44.5037056,0.0217328094887004
2022-12-19T15:59:44.5042176,-0.0529459221555245
2022-12-19T15:59:44.5045248,0.0200879034191048
2022-12-19T15:59:44.5046912,-0.0355099194422867
2022-12-19T15:59:44.5048064,0.00561273017570495
2022-12-19T15:59:44.5049088,-0.0190608598847322
2022-12-19T15:59:44.5050112,0.0115343919204599
2022-12-19T15:59:44.5051392,0.0174560537159208
2022-12-19T15:59:44.5189632,-0.0338650135038022
2022-12-19T15:59:44.5191424,0.0299573398957038
2022-12-19T15:59:44.5192704,0.00561273017570495
2022-12-19T15:59:44.5193728,-0.0144551231396295
2022-12-19T15:59:44.5194880,0.00725763621083642
2022-12-19T15:59:44.5195904,0.00495476776274499
2022-12-19T15:59:44.5197056,-0.00919142396525881
2022-12-19T15:59:44.5198208,-0.00820448036564994
2022-12-19T15:59:44.5199360,0.0197589222056571
2022-12-19T15:59:44.5352704,0.0148242040227804
2022-12-19T15:59:44.5354752,-0.00623059316224477
2022-12-19T15:59:44.5355904,0.0118633731299873
2022-12-19T15:59:44.5357056,0.00396782414447519
2022-12-19T15:59:44.5358208,-0.0378127877497363
2022-12-19T15:59:44.5359232,0.0519990818739629
2022-12-19T15:59:44.5360384,-0.0532749033346829
2022-12-19T15:59:44.5524736,0.0128503167595087
2022-12-19T15:59:44.5528064,0.0391688140686815
2022-12-19T15:59:44.5529856,-0.0753166419937198
2022-12-19T15:59:44.5531008,0.034234095746308
2022-12-19T15:59:44.5532160,-0.0312331639942593
2022-12-19T15:59:44.5533184,0.0033098617330751
2022-12-19T15:59:44.5534208,-0.0180739162990437
2022-12-19T15:59:44.5535360,0.0220617907030912
2022-12-19T15:59:44.5705600,0.0118633731299873
2022-12-19T15:59:44.5710336,-0.0516299974373722
2022-12-19T15:59:44.5713152,0.0322602084273265
2022-12-19T15:59:44.5715968,-0.0161000291234987
2022-12-19T15:59:44.5717632,-0.00721753676464547
2022-12-19T15:59:44.5718784,0.00692865500349785
2022-12-19T15:59:44.5719936,-0.00886244276554422
2022-12-19T15:59:44.5720960,-0.0154420667304147
2022-12-19T15:59:44.5722112,0.0118633731299873
2022-12-19T15:59:44.5867520,0.0210748470603906
2022-12-19T15:59:44.5871232,0.00791559862598218
2022-12-19T15:59:44.5873536,-0.00524364955844718
2022-12-19T15:59:44.5874816,0.0158111476565318
2022-12-19T15:59:44.5876096,0.00495476776274499
2022-12-19T15:59:44.5877248,-0.0526169409762142
2022-12-19T15:59:44.5878400,0.0598946314130441
2022-12-19T15:59:44.5879424,-0.0463662985404424
2022-12-19T15:59:44.5880448,0.0151531852338741
2022-12-19T15:59:44.5881728,0.037523907957265
2022-12-19T15:59:44.6033664,-0.0634733198134259
2022-12-19T15:59:44.6035840,0.0210748470603906
2022-12-19T15:59:44.6037120,-0.0318911263725649
2022-12-19T15:59:44.6038272,0.0108764295018745
2022-12-19T15:59:44.6039296,-0.00359874354901193
2022-12-19T15:59:44.6040320,0.0184429973534371
2022-12-19T15:59:44.6041472,0.00495476776274499
2022-12-19T15:59:44.6042624,-0.0207057658577945
2022-12-19T15:59:44.6201984,0.0322602084273265
2022-12-19T15:59:44.6205056,-0.000637912722236303
2022-12-19T15:59:44.6207616,-0.0118232735573979
2022-12-19T15:59:44.6209280,0.0171270725037292
2022-12-19T15:59:44.6210688,0.00725763621083642
2022-12-19T15:59:44.6211840,-0.0114942923589225
2022-12-19T15:59:44.6212992,-0.000637912722236303
2022-12-19T15:59:44.6214016,0.0197589222056571
2022-12-19T15:59:44.6367872,0.00692865500349785
2022-12-19T15:59:44.6371200,-0.00326976234665881
2022-12-19T15:59:44.6373888,0.0148242040227804
2022-12-19T15:59:44.6375552,0.00692865500349785
2022-12-19T15:59:44.6376832,-0.0309041828048764
2022-12-19T15:59:44.6378240,0.0628554625139439
2022-12-19T15:59:44.6379904,-0.0503140727167894
2022-12-19T15:59:44.6381056,0.00462578655649906
2022-12-19T15:59:44.6535168,0.0516701006451631
2022-12-19T15:59:44.6537728,-0.0624863762895804
2022-12-19T15:59:44.6539008,0.0230487343472071
2022-12-19T15:59:44.6540032,-0.0430764867100695
2022-12-19T15:59:44.6541312,0.0082445798337894
2022-12-19T15:59:44.6542464,-0.0305752016153402
2022-12-19T15:59:44.6543488,0.00659967379631543
2022-12-19T15:59:44.6544640,0.0263385465044908
2022-12-19T15:59:44.6702208,-0.0351809382548961
2022-12-19T15:59:44.6704384,0.0427876075277508
2022-12-19T15:59:44.6705664,-0.000637912722236303
2022-12-19T15:59:44.6706688,-0.0246535401774255
2022-12-19T15:59:44.6707840,0.0319312272080495
2022-12-19T15:59:44.6708992,-0.00458568715513909
2022-12-19T15:59:44.6710016,-0.0197188222744198
2022-12-19T15:59:44.6711168,-0.00326976234665881
2022-12-19T15:59:44.6712192,0.0141662416010631
2022-12-19T15:59:44.6868224,0.00396782414447519
2022-12-19T15:59:44.6870400,-0.018731878689657
2022-12-19T15:59:44.6871680,0.0204168846327095
2022-12-19T15:59:44.6872960,0.00429680535040913
2022-12-19T15:59:44.6874112,-0.0397866748644434
2022-12-19T15:59:44.6875136,0.0592366689479383
2022-12-19T15:59:44.6876160,-0.0536038845136896
2022-12-19T15:59:44.6877312,0.00627069258928915
2022-12-19T15:59:44.7036672,0.0316022459889304
2022-12-19T15:59:44.7040128,-0.0674210938952199
2022-12-19T15:59:44.7041920,0.0335761333060152
2022-12-19T15:59:44.7043328,-0.0318911263725649
2022-12-19T15:59:44.7044992,0.0115343919204599
2022-12-19T15:59:44.7046272,-0.0121522547557184
2022-12-19T15:59:44.7047680,0.00923152345814872
2022-12-19T15:59:44.7049088,0.0204168846327095
2022-12-19T15:59:44.7197696,-0.0253115025618754
2022-12-19T15:59:44.7200128,0.0421296450792193
2022-12-19T15:59:44.7201408,-0.0167579915159647
2022-12-19T15:59:44.7202560,-0.0197188222744198
2022-12-19T15:59:44.7203584,0.0269965089378377
2022-12-19T15:59:44.7204736,-0.00129587512927513
2022-12-19T15:59:44.7205888,0.00100699329808449
2022-12-19T15:59:44.7206912,-0.00425670595325207
2022-12-19T15:59:44.7207936,0.0128503167595087
2022-12-19T15:59:44.7369728,0.00199393691214557
2022-12-19T15:59:44.7371904,-0.00524364955844718
2022-12-19T15:59:44.7373184,0.0207458658464715
2022-12-19T15:59:44.7374208,-0.00886244276554422
2022-12-19T15:59:44.7375488,-0.0480112044499164
2022-12-19T15:59:44.7376512,0.0329181708663548
2022-12-19T15:59:44.7377664,-0.0651182256834811
2022-12-19T15:59:44.7378688,0.00956050466658112
2022-12-19T15:59:44.7535232,0.0431165887522547
2022-12-19T15:59:44.7538560,-0.0601835080619839
2022-12-19T15:59:44.7540480,0.0316022459889304
2022-12-19T15:59:44.7541760,-0.0361678818166088
2022-12-19T15:59:44.7542912,0.00857356104175289
2022-12-19T15:59:44.7544192,-0.0075465179651354
2022-12-19T15:59:44.7545344,0.0197589222056571
2022-12-19T15:59:44.7546368,0.0151531852338741
2022-12-19T15:59:44.7700352,-0.0407736184197342
2022-12-19T15:59:44.7703936,0.0404847389606678
2022-12-19T15:59:44.7705728,-0.0157710479270339
2022-12-19T15:59:44.7706880,-0.0075465179651354
2022-12-19T15:59:44.7707904,0.0128503167595087
2022-12-19T15:59:44.7709440,-0.00524364955844718
2022-12-19T15:59:44.7710464,-0.00820448036564994
2022-12-19T15:59:44.7711616,-0.000308931518483477
2022-12-19T15:59:44.7712640,0.0151531852338741
2022-12-19T15:59:44.7869184,0.00923152345814872
2022-12-19T15:59:44.7871616,0.00166495570730275
2022-12-19T15:59:44.7872896,0.0223907719176392
2022-12-19T15:59:44.7873920,-0.00129587512927513
2022-12-19T15:59:44.7875328,-0.0496561103555861
2022-12-19T15:59:44.7876352,0.043774551201739
2022-12-19T15:59:44.7877376,-0.0506430538971631
2022-12-19T15:59:44.7878528,0.010218467083915
2022-12-19T15:59:44.8036096,0.0398267765143575
2022-12-19T15:59:44.8038272,-0.0687370185843248
2022-12-19T15:59:44.8039552,0.0266675277210854
2022-12-19T15:59:44.8040704,-0.039457693679041
2022-12-19T15:59:44.8041856,0.00923152345814872
2022-12-19T15:59:44.8043008,-0.0253115025618754
2022-12-19T15:59:44.8044288,0.0214038282744669
2022-12-19T15:59:44.8045312,0.0292993774595181
2022-12-19T15:59:44.8202880,-0.0427475055261936
2022-12-19T15:59:44.8205056,0.0398267765143575
2022-12-19T15:59:44.8206208,-0.0144551231396295
2022-12-19T15:59:44.8207360,-0.017415953907813
2022-12-19T15:59:44.8208512,0.0243646592082312
2022-12-19T15:59:44.8209664,-0.00491466835687079
2022-12-19T15:59:44.8210688,-0.0170869727119661
2022-12-19T15:59:44.8211712,-0.0128102171518951
2022-12-19T15:59:44.8212736,0.00396782414447519
2022-12-19T15:59:44.8370432,-0.0039277247512097
2022-12-19T15:59:44.8373504,0.00725763621083642
2022-12-19T15:59:44.8374784,0.0316022459889304
2022-12-19T15:59:44.8375936,0.00166495570730275
2022-12-19T15:59:44.8377216,-0.0453793549929307
2022-12-19T15:59:44.8378752,0.0391688140686815
2022-12-19T15:59:44.8379776,-0.0483401856313546
2022-12-19T15:59:44.8380928,0.0319312272080495
2022-12-19T15:59:44.8536832,0.0263385465044908
2022-12-19T15:59:44.8540672,-0.0628153574643467
2022-12-19T15:59:44.8542464,0.0263385465044908
2022-12-19T15:59:44.8543872,-0.0355099194422867
2022-12-19T15:59:44.8545280,0.0125213355495117
2022-12-19T15:59:44.8546432,-0.0266274273289295
2022-12-19T15:59:44.8547456,0.0237066967774044
2022-12-19T15:59:44.8548608,0.0171270725037292
2022-12-19T15:59:44.8696064,-0.0371548253769442
2022-12-19T15:59:44.8699776,0.0385108516236395
2022-12-19T15:59:44.8701824,-0.0085334615656746
2022-12-19T15:59:44.8702976,-0.0269564085203087
2022-12-19T15:59:44.8704128,0.0184429973534371
2022-12-19T15:59:44.8705152,-0.00524364955844718
2022-12-19T15:59:44.8706176,0.005941711382419
2022-12-19T15:59:44.8707456,-0.00623059316224477
2022-12-19T15:59:44.8708480,0.00725763621083642
2022-12-19T15:59:44.8869504,0.00923152345814872
2022-12-19T15:59:44.8872576,0.0115343919204599
2022-12-19T15:59:44.8874496,0.0167980912916946
2022-12-19T15:59:44.8875648,0.00758661741833119
2022-12-19T15:59:44.8876800,-0.0309041828048764
2022-12-19T15:59:44.8877824,0.0470643634586944
2022-12-19T15:59:44.8878976,-0.0450503738101221
2022-12-19T15:59:44.8880128,0.0306153023325207
2022-12-19T15:59:44.9037184,0.0345630769666917
2022-12-19T15:59:44.9040768,-0.055248790406447
2022-12-19T15:59:44.9042432,0.0464064010060314
2022-12-19T15:59:44.9043840,-0.0325490887502571
2022-12-19T15:59:44.9044864,0.0128503167595087
2022-12-19T15:59:44.9046016,-0.0157710479270339
2022-12-19T15:59:44.9047168,0.0158111476565318
2022-12-19T15:59:44.9048320,0.0197589222056571
2022-12-19T15:59:44.9201280,-0.0434054678937928
2022-12-19T15:59:44.9204480,0.0299573398957038
2022-12-19T15:59:44.9206144,-0.00655957436320019
2022-12-19T15:59:44.9207296,-0.0128102171518951
2022-12-19T15:59:44.9208320,0.0214038282744669
2022-12-19T15:59:44.9209344,0.00166495570730275
2022-12-19T15:59:44.9210368,-0.00195383753569171
2022-12-19T15:59:44.9211392,0.0138372603904395
2022-12-19T15:59:44.9212544,0.0131792979696624
2022-12-19T15:59:44.9370112,0.0197589222056571
2022-12-19T15:59:44.9372800,0.0148242040227804
2022-12-19T15:59:44.9374080,0.028970396241662
2022-12-19T15:59:44.9375232,0.00988948587516988
2022-12-19T15:59:44.9376384,-0.0368258441903187
2022-12-19T15:59:44.9377536,0.0526570443320408
2022-12-19T15:59:44.9378688,-0.0430764867100695
2022-12-19T15:59:44.9379840,0.0184429973534371
2022-12-19T15:59:44.9537792,0.0391688140686815
2022-12-19T15:59:44.9541760,-0.070381924442316
2022-12-19T15:59:44.9543936,0.0204168846327095
2022-12-19T15:59:44.9545088,-0.0733427549772179
2022-12-19T15:59:44.9546240,0.0194299409923665
2022-12-19T15:59:44.9547264,-0.0114942923589225
2022-12-19T15:59:44.9548416,0.0200879034191048
2022-12-19T15:59:44.9549568,0.0329181708663548
2022-12-19T15:59:44.9635840,-0.0355099194422867
2022-12-19T15:59:44.9639424,0.0322602084273265
2022-12-19T15:59:44.9641344,-0.0105073487625675
2022-12-19T15:59:44.9642496,-0.00261179994148619
2022-12-19T15:59:44.9643648,0.0391688140686815
2022-12-19T15:59:44.9644800,0.00692865500349785
2022-12-19T15:59:44.9645952,0.00100699329808449
2022-12-19T15:59:44.9646976,0.0177850349282693
2022-12-19T15:59:44.9648000,-0.00425670595325207
2022-12-19T15:59:44.9755008,0.0033098617330751
2022-12-19T15:59:44.9759232,-0.0078754991654702
2022-12-19T15:59:44.9761408,0.0260095652880537
2022-12-19T15:59:44.9763328,0.0125213355495117
2022-12-19T15:59:44.9765120,-0.0763035854999428
2022-12-19T15:59:44.9883008,0.00923152345814872
2022-12-19T15:59:44.9885696,-0.0697239620995714
2022-12-19T15:59:44.9887488,0.0401557577374334
2022-12-19T15:59:44.9888640,-0.0513010162574545
2022-12-19T15:59:44.9889792,-0.108214758143388
2022-12-19T15:59:44.9890944,0.0362079830709829
2022-12-19T15:59:45.0022656,-0.0246535401774255
2022-12-19T15:59:45.0024320,0.000349030889489121
2022-12-19T15:59:45.0025600,-0.0239955777923602
2022-12-19T15:59:45.0026752,0.0105474482928166
2022-12-19T15:59:45.0027776,0.0237066967774044
2022-12-19T15:59:45.0029056,-0.0493271291747564
2022-12-19T15:59:45.0194432,0.0404847389606678
2022-12-19T15:59:45.0197120,-0.00655957436320019
2022-12-19T15:59:45.0198912,-0.0154420667304147
2022-12-19T15:59:45.0200064,0.0493672320480272
2022-12-19T15:59:45.0201088,0.00758661741833119
2022-12-19T15:59:45.0202368,-0.0085334615656746
2022-12-19T15:59:45.0203392,0.0105474482928166
2022-12-19T15:59:45.0361728,-0.00162485633256119
2022-12-19T15:59:45.0364416,-0.0085334615656746
2022-12-19T15:59:45.0365696,0.0121923543396712
2022-12-19T15:59:45.0366720,0.0167980912916946
2022-12-19T15:59:45.0368128,0.005941711382419
2022-12-19T15:59:45.0369280,-0.0486691668126406
2022-12-19T15:59:45.0370304,0.0516701006451631
2022-12-19T15:59:45.0371456,-0.0595255457098809
2022-12-19T15:59:45.0372608,0.0141662416010631
2022-12-19T15:59:45.0538112,0.0424586263034057
2022-12-19T15:59:45.0541056,-0.0690659997562243
2022-12-19T15:59:45.0542720,0.0319312272080495
2022-12-19T15:59:45.0544000,-0.0345229758796555
2022-12-19T15:59:45.0545152,0.0223907719176392
2022-12-19T15:59:45.0546304,0.00396782414447519
2022-12-19T15:59:45.0547456,0.00988948587516988
2022-12-19T15:59:45.0548480,0.0174560537159208
2022-12-19T15:59:45.0704384,-0.0338650135038022
2022-12-19T15:59:45.0708992,0.0388398328460813
2022-12-19T15:59:45.0712064,-0.0085334615656746
2022-12-19T15:59:45.0713856,-0.0105073487625675
2022-12-19T15:59:45.0715008,0.0480513071388821
2022-12-19T15:59:45.0716032,0.00956050466658112
2022-12-19T15:59:45.0717184,-0.0118232735573979
2022-12-19T15:59:45.0718208,-0.00524364955844718
2022-12-19T15:59:45.0719232,-0.00688855556400039
2022-12-19T15:59:45.0867968,0.00100699329808449
2022-12-19T15:59:45.0871040,-0.0170869727119661
2022-12-19T15:59:45.0873600,0.0141662416010631
2022-12-19T15:59:45.0875392,0.0033098617330751
2022-12-19T15:59:45.0876800,-0.0253115025618754
2022-12-19T15:59:45.0877824,0.0362079830709829
2022-12-19T15:59:45.0878976,-0.0545908280497991
2022-12-19T15:59:45.0880000,-0.0137971607449997
2022-12-19T15:59:45.1033472,0.0335761333060152
2022-12-19T15:59:45.1036672,-0.059854526886008
2022-12-19T15:59:45.1038208,0.0358790018498081
2022-12-19T15:59:45.1039360,-0.0332070511273362
2022-12-19T15:59:45.1040512,0.0233777155622271
2022-12-19T15:59:45.1041536,-0.0193898410796531
2022-12-19T15:59:45.1042688,0.0263385465044908
2022-12-19T15:59:45.1043840,0.0243646592082312
2022-12-19T15:59:45.1205248,-0.0328780699388733
2022-12-19T15:59:45.1210368,0.0490382508205021
2022-12-19T15:59:45.1213568,-0.0101783675634727
2022-12-19T15:59:45.1215360,-0.0295882580458106
2022-12-19T15:59:45.1216640,0.0404847389606678
2022-12-19T15:59:45.1217792,-0.00820448036564994
2022-12-19T15:59:45.1218816,-0.018731878689657
2022-12-19T15:59:45.1219968,0.00791559862598218
2022-12-19T15:59:45.1221248,-0.00721753676464547
2022-12-19T15:59:45.1360896,0.000678012093708949
2022-12-19T15:59:45.1362944,0.00462578655649906
2022-12-19T15:59:45.1364096,0.0108764295018745
2022-12-19T15:59:45.1365376,0.000678012093708949
2022-12-19T15:59:45.1366528,-0.0332070511273362
2022-12-19T15:59:45.1367680,0.0464064010060314
2022-12-19T15:59:45.1368832,-0.0792644160105083
2022-12-19T15:59:45.1370112,0.0121923543396712
2022-12-19T15:59:45.1479040,0.0306153023325207
2022-12-19T15:59:45.1481600,-0.0684080374122746
2022-12-19T15:59:45.1483136,0.0269965089378377
2022-12-19T15:59:45.1484544,-0.0476822232683261
2022-12-19T15:59:45.1486208,0.0148242040227804
2022-12-19T15:59:45.1487616,-0.00162485633256119
2022-12-19T15:59:45.1489024,0.0105474482928166
2022-12-19T15:59:45.1490304,0.0319312272080495
2022-12-19T15:59:45.1616896,-0.0226796530203822
2022-12-19T15:59:45.1620480,0.0592366689479383
2022-12-19T15:59:45.1623424,-0.016429010319809
2022-12-19T15:59:45.1626240,-0.0295882580458106
2022-12-19T15:59:45.1628928,0.0441035324267193
2022-12-19T15:59:45.1630592,0.00725763621083642
2022-12-19T15:59:45.1745792,0.00528374896914695
2022-12-19T15:59:45.1749376,0.00758661741833119
2022-12-19T15:59:45.1751936,-0.00195383753569171
2022-12-19T15:59:45.1754752,-0.00688855556400039
2022-12-19T15:59:45.1756288,0.00232291811714419
2022-12-19T15:59:45.1757440,0.0108764295018745
2022-12-19T15:59:45.1758464,0.0141662416010631
2022-12-19T15:59:45.1913088,-0.018731878689657
2022-12-19T15:59:45.1916672,0.0381818704013563
2022-12-19T15:59:45.1918336,-0.0601835080619839
2022-12-19T15:59:45.1919488,0.00462578655649906
2022-12-19T15:59:45.1920896,0.0496962132757115
2022-12-19T15:59:45.1921920,-0.0736717361470106
2022-12-19T15:59:45.2078720,0.0473933446852645
2022-12-19T15:59:45.2082688,-0.0299172392358072
2022-12-19T15:59:45.2084864,0.0181140161407747
2022-12-19T15:59:45.2086656,-0.0230086342136077
2022-12-19T15:59:45.2087936,0.0260095652880537
2022-12-19T15:59:45.2089088,0.0243646592082312
2022-12-19T15:59:45.2090112,-0.0341939946918055
2022-12-19T15:59:45.2091264,0.0569338003251055
2022-12-19T15:59:45.2200320,-0.0111653111602924
2022-12-19T15:59:45.2201984,-0.0134681795474529
2022-12-19T15:59:45.2203392,0.0444325136518585
2022-12-19T15:59:45.2204416,-0.0114942923589225
2022-12-19T15:59:45.2205568,-0.0144551231396295
2022-12-19T15:59:45.2206976,-0.00623059316224477
2022-12-19T15:59:45.2208000,-0.00294078114415022
2022-12-19T15:59:45.2209152,0.00988948587516988
2022-12-19T15:59:45.2210176,-0.00294078114415022
2022-12-19T15:59:45.2353920,0.0033098617330751
2022-12-19T15:59:45.2355712,0.00692865500349785
2022-12-19T15:59:45.2356992,-0.0348519570673523
2022-12-19T15:59:45.2358016,0.0552888941707336
2022-12-19T15:59:45.2359168,-0.0522879597967521
2022-12-19T15:59:45.2360448,0.0082445798337894
2022-12-19T15:59:45.2486912,0.0292993774595181
2022-12-19T15:59:45.2489600,-0.055248790406447
2022-12-19T15:59:45.2491648,0.0325891896467616
2022-12-19T15:59:45.2493952,-0.0355099194422867
2022-12-19T15:59:45.2496000,0.0197589222056571
2022-12-19T15:59:45.2510336,-0.00228281873866669
2022-12-19T15:59:45.2512128,0.0171270725037292
2022-12-19T15:59:45.2591616,0.0296283586775321
2022-12-19T15:59:45.2593408,-0.0213637282459401
2022-12-19T15:59:45.2594560,0.0556178754012885
2022-12-19T15:59:45.2595584,-0.0200478034690322
2022-12-19T15:59:45.2596864,-0.017415953907813
2022-12-19T15:59:45.2597888,0.0490382508205021
2022-12-19T15:59:45.2599040,-0.000637912722236303
2022-12-19T15:59:45.2600064,-0.0111653111602924
2022-12-19T15:59:45.2704896,-0.000966893925833531
2022-12-19T15:59:45.2707328,-0.00820448036564994
2022-12-19T15:59:45.2708608,-0.00655957436320019
2022-12-19T15:59:45.2709760,2.00496854250026E-05
2022-12-19T15:59:45.2801664,0.0283124338064231
2022-12-19T15:59:45.2804352,0.0108764295018745
2022-12-19T15:59:45.2806656,-0.0302462204256504
2022-12-19T15:59:45.2808832,0.037523907957265
2022-12-19T15:59:45.2811136,-0.0480112044499164
2022-12-19T15:59:45.2813312,0.0105474482928166
2022-12-19T15:59:45.2899456,0.037523907957265
2022-12-19T15:59:45.2903424,-0.064460263335912
2022-12-19T15:59:45.2905728,0.043774551201739
2022-12-19T15:59:45.2907392,-0.0239955777923602
2022-12-19T15:59:45.2908544,0.00627069258928915
2022-12-19T15:59:45.2996992,-0.00458568715513909
2022-12-19T15:59:45.2998912,0.0227197531323445
2022-12-19T15:59:45.3000064,0.0260095652880537
2022-12-19T15:59:45.3001216,-0.0256404837538696
2022-12-19T15:59:45.3002240,0.0503541757315581
2022-12-19T15:59:45.3188096,-0.0128102171518951
2022-12-19T15:59:45.3191808,-0.00688855556400039
2022-12-19T15:59:45.3194368,0.0460774197799385
2022-12-19T15:59:45.3196928,-0.0203767846634904
2022-12-19T15:59:45.3285248,0.000678012093708949
2022-12-19T15:59:45.3287808,-0.000308931518483477
2022-12-19T15:59:45.3289472,0.000678012093708949
2022-12-19T15:59:45.3290624,-0.00524364955844718
2022-12-19T15:59:45.3291648,0.00363884293869718
2022-12-19T15:59:45.3292928,0.011205410711089
2022-12-19T15:59:45.3294080,0.00725763621083642
2022-12-19T15:59:45.3295104,-0.0348519570673523
2022-12-19T15:59:45.3296128,0.0431165887522547
2022-12-19T15:59:45.3297280,-0.0585386021805911
2022-12-19T15:59:45.3387392,0.0148242040227804
2022-12-19T15:59:45.3390336,0.0539729692501105
2022-12-19T15:59:45.3392000,-0.059854526886008
2022-12-19T15:59:45.3393280,0.0457484385540046
2022-12-19T15:59:45.3394688,-0.0407736184197342
2022-12-19T15:59:45.3532800,0.0194299409923665
2022-12-19T15:59:45.3535616,0.00166495570730275
2022-12-19T15:59:45.3537536,0.00692865500349785
2022-12-19T15:59:45.3539712,0.0260095652880537
2022-12-19T15:59:45.3541760,-0.0345229758796555
2022-12-19T15:59:45.3628416,0.0454194573282296
2022-12-19T15:59:45.3630720,-0.00261179994148619
2022-12-19T15:59:45.3632256,-0.0137971607449997
2022-12-19T15:59:45.3633792,0.0477223259119937
2022-12-19T15:59:45.3635072,-0.0111653111602924
2022-12-19T15:59:45.3636608,-0.0111653111602924
2022-12-19T15:59:45.3638016,0.00956050466658112
2022-12-19T15:59:45.3742720,0.0115343919204599
2022-12-19T15:59:45.3745280,0.00462578655649906
2022-12-19T15:59:45.3747712,-0.00228281873866669
2022-12-19T15:59:45.3750144,0.0217328094887004
2022-12-19T15:59:45.3751680,0.0105474482928166
2022-12-19T15:59:45.3864832,-0.0476822232683261
2022-12-19T15:59:45.3867136,0.0322602084273265
2022-12-19T15:59:45.3870720,-0.0529459221555245
2022-12-19T15:59:45.3872768,-0.00129587512927513
2022-12-19T15:59:45.3874176,0.0371949267354569
2022-12-19T15:59:45.3875328,-0.0638023009877389
2022-12-19T15:59:45.4027264,0.0431165887522547
2022-12-19T15:59:45.4031360,-0.0424185243421653
2022-12-19T15:59:45.4033280,0.0177850349282693
2022-12-19T15:59:45.4034432,-0.00590161196113415
2022-12-19T15:59:45.4035456,0.00363884293869718
2022-12-19T15:59:45.4036608,0.0250226216396877
2022-12-19T15:59:45.4141824,-0.0286013144748993
2022-12-19T15:59:45.4146944,0.057920744019646
2022-12-19T15:59:45.4149888,-0.00261179994148619
2022-12-19T15:59:45.4152320,-0.0124812359538841
2022-12-19T15:59:45.4154752,0.0404847389606678
2022-12-19T15:59:45.4157184,-0.00326976234665881
2022-12-19T15:59:45.4160000,-0.0078754991654702
2022-12-19T15:59:45.4161536,0.00462578655649906
2022-12-19T15:59:45.4244480,-0.0085334615656746
2022-12-19T15:59:45.4246144,-0.0200478034690322
2022-12-19T15:59:45.4247424,0.0187719785662566
2022-12-19T15:59:45.4248576,0.00627069258928915
2022-12-19T15:59:45.4249600,0.00528374896914695
2022-12-19T15:59:45.4250752,-0.0302462204256504
2022-12-19T15:59:45.4421120,0.0339051145260825
2022-12-19T15:59:45.4423936,-0.0493271291747564
2022-12-19T15:59:45.4425600,-0.0124812359538841
2022-12-19T15:59:45.4426752,0.0519990818739629
2022-12-19T15:59:45.4428288,-0.0601835080619839
2022-12-19T15:59:45.4536320,0.0493672320480272
2022-12-19T15:59:45.4539392,-0.0269564085203087
2022-12-19T15:59:45.4540928,0.00627069258928915
2022-12-19T15:59:45.4542208,0.00232291811714419
2022-12-19T15:59:45.4543488,0.0177850349282693
2022-12-19T15:59:45.4544640,0.0368659455138072
2022-12-19T15:59:45.4545664,-0.0414315807891646
2022-12-19T15:59:45.4546816,0.0516701006451631
2022-12-19T15:59:45.4547968,-0.0256404837538696
2022-12-19T15:59:45.4705280,-0.0213637282459401
2022-12-19T15:59:45.4710144,0.0493672320480272
2022-12-19T15:59:45.4712064,-0.00326976234665881
2022-12-19T15:59:45.4713216,-0.0147841043367125
2022-12-19T15:59:45.4714368,-0.00590161196113415
2022-12-19T15:59:45.4715392,-0.000637912722236303
2022-12-19T15:59:45.4872576,-0.0108363299615074
2022-12-19T15:59:45.4876160,0.0125213355495117
2022-12-19T15:59:45.4877824,-0.00195383753569171
2022-12-19T15:59:45.4879104,0.00363884293869718
2022-12-19T15:59:45.4880256,-0.0203767846634904
2022-12-19T15:59:45.4881280,0.0381818704013563
2022-12-19T15:59:45.4882560,-0.0789354348432677
2022-12-19T15:59:45.4883584,0.010218467083915
2022-12-19T15:59:45.5034112,0.0658162936278223
2022-12-19T15:59:45.5036416,-0.0568936962954132
2022-12-19T15:59:45.5037696,0.0496962132757115
2022-12-19T15:59:45.5038848,-0.0230086342136077
2022-12-19T15:59:45.5040000,0.0200879034191048
2022-12-19T15:59:45.5041152,0.0108764295018745
2022-12-19T15:59:45.5042176,0.0171270725037292
2022-12-19T15:59:45.5043328,0.0322602084273265
2022-12-19T15:59:45.5044352,-0.0249825213697274
2022-12-19T15:59:45.5233408,0.0628554625139439
2022-12-19T15:59:45.5236352,-0.0154420667304147
2022-12-19T15:59:45.5237888,-0.0246535401774255
2022-12-19T15:59:45.5239040,-8.68674772886011
2022-12-19T15:59:45.5240192,-0.16677340124836
2022-12-19T15:59:45.5241216,0.00166495570730275
2022-12-19T15:59:45.5242368,-0.00228281873866669
2022-12-19T15:59:45.5243520,0.00561273017570495
2022-12-19T15:59:45.5374848,-0.0207057658577945
2022-12-19T15:59:45.5377408,0.00857356104175289
2022-12-19T15:59:45.5378688,0.0177850349282693
2022-12-19T15:59:45.5379840,0.0464064010060314
2022-12-19T15:59:45.5380864,-0.0266274273289295
2022-12-19T15:59:45.5382016,0.0161401288680959
2022-12-19T15:59:45.5383040,-0.0460373173580908
2022-12-19T15:59:45.5384192,-0.000637912722236303
2022-12-19T15:59:45.5385216,0.0460774197799385
2022-12-19T15:59:45.5386368,-0.0628153574643467
2022-12-19T15:59:45.5536896,0.0306153023325207
2022-12-19T15:59:45.5539968,-0.0341939946918055
2022-12-19T15:59:45.5542528,0.00199393691214557
2022-12-19T15:59:45.5544192,0.0286414150239637
2022-12-19T15:59:45.5545344,0.0256805840717742
2022-12-19T15:59:45.5546624,0.0516701006451631
2022-12-19T15:59:45.5547776,-0.0233376154066791
2022-12-19T15:59:45.5705856,0.0723959183718841
2022-12-19T15:59:45.5708032,-0.00590161196113415
2022-12-19T15:59:45.5709440,-0.0266274273289295
2022-12-19T15:59:45.5710464,0.0569338003251055
2022-12-19T15:59:45.5711744,-0.000966893925833531
2022-12-19T15:59:45.5713024,-0.00195383753569171
2022-12-19T15:59:45.5714048,-0.00195383753569171
2022-12-19T15:59:45.5715200,-0.00491466835687079
2022-12-19T15:59:45.5867264,-0.0177449351035055
2022-12-19T15:59:45.5869440,0.00988948587516988
2022-12-19T15:59:45.5870976,0.0246936404238808
2022-12-19T15:59:45.5872128,-0.018731878689657
2022-12-19T15:59:45.5873280,-0.0368258441903187
2022-12-19T15:59:45.5874304,-0.00228281873866669
2022-12-19T15:59:45.5875328,-0.0322201075614877
2022-12-19T15:59:45.5876480,0.00429680535040913
2022-12-19T15:59:45.6040192,0.0510121381880419
2022-12-19T15:59:45.6043776,-0.0628153574643467
2022-12-19T15:59:45.6045824,0.0575917627879726
2022-12-19T15:59:45.6047232,-0.0355099194422867
2022-12-19T15:59:45.6048384,-0.0039277247512097
2022-12-19T15:59:45.6049536,0.0167980912916946
2022-12-19T15:59:45.6050688,0.0164691100798168
2022-12-19T15:59:45.6051712,0.0332471520861059
2022-12-19T15:59:45.6200576,-0.0134681795474529
2022-12-19T15:59:45.6203904,0.0526570443320408
2022-12-19T15:59:45.6206336,-0.0249825213697274
2022-12-19T15:59:45.6208128,-0.0256404837538696
2022-12-19T15:59:45.6209408,0.0365369642923159
2022-12-19T15:59:45.6210432,-0.018731878689657
2022-12-19T15:59:45.6211584,0.0214038282744669
2022-12-19T15:59:45.6212608,-0.00688855556400039
2022-12-19T15:59:45.6213760,0.00923152345814872
2022-12-19T15:59:45.6372992,-0.0167579915159647
2022-12-19T15:59:45.6376320,0.0306153023325207
2022-12-19T15:59:45.6377984,-0.0325490887502571
2022-12-19T15:59:45.6379264,-0.0881469074694223
2022-12-19T15:59:45.6380416,-0.0147841043367125
2022-12-19T15:59:45.6381568,-0.0684080374122746
2022-12-19T15:59:45.6382592,0.0496962132757115
2022-12-19T15:59:45.6383872,0.0671322185714943
2022-12-19T15:59:45.6538496,0.0496962132757115
2022-12-19T15:59:45.6542592,-0.0904497756076565
2022-12-19T15:59:45.6544384,0.0526570443320408
2022-12-19T15:59:45.6545536,-0.0345229758796555
2022-12-19T15:59:45.6546560,-0.0151130855336409
2022-12-19T15:59:45.6547968,0.00100699329808449
2022-12-19T15:59:45.6549120,0.0141662416010631
2022-12-19T15:59:45.6550144,0.0237066967774044
2022-12-19T15:59:45.6551168,-0.00919142396525881
2022-12-19T15:59:45.6705408,0.0595656501804112
2022-12-19T15:59:45.6707712,-0.000308931518483477
2022-12-19T15:59:45.6709120,-0.0108363299615074
2022-12-19T15:59:45.6710400,0.06055259387879
2022-12-19T15:59:45.6711424,-0.0226796530203822
2022-12-19T15:59:45.6712576,0.000349030889489121
2022-12-19T15:59:45.6713600,0.00857356104175289
2022-12-19T15:59:45.6714752,0.00791559862598218
2022-12-19T15:59:45.6867072,-0.0233376154066791
2022-12-19T15:59:45.6870272,-0.00590161196113415
2022-12-19T15:59:45.6871936,0.00495476776274499
2022-12-19T15:59:45.6873216,-0.0111653111602924
2022-12-19T15:59:45.6874368,-0.0476822232683261
2022-12-19T15:59:45.6875392,0.0158111476565318
2022-12-19T15:59:45.6876416,-0.0549198092281989
2022-12-19T15:59:45.6877440,0.0121923543396712
2022-12-19T15:59:45.7042560,0.0569338003251055
2022-12-19T15:59:45.7047040,-0.0578806398269743
2022-12-19T15:59:45.7048960,0.0470643634586944
2022-12-19T15:59:45.7050112,-0.0203767846634904
2022-12-19T15:59:45.7051264,-0.00491466835687079
2022-12-19T15:59:45.7052288,0.027654471371815
2022-12-19T15:59:45.7053440,0.027654471371815
2022-12-19T15:59:45.7054464,0.0273254901547475
2022-12-19T15:59:45.7180032,-0.0236665965995966
2022-12-19T15:59:45.7182336,0.0513411194165228
2022-12-19T15:59:45.7184768,-0.00294078114415022
2022-12-19T15:59:45.7186560,-0.0128102171518951
2022-12-19T15:59:45.7187712,0.0529860255613189
2022-12-19T15:59:45.7188736,-0.0157710479270339
2022-12-19T15:59:45.7189888,-0.00952040516481843
2022-12-19T15:59:45.7190912,0.00692865500349785
2022-12-19T15:59:45.7192192,0.00166495570730275
2022-12-19T15:59:45.7275904,-0.0295882580458106
2022-12-19T15:59:45.7279872,0.0115343919204599
2022-12-19T15:59:45.7282432,0.00758661741833119
2022-12-19T15:59:45.7285376,-0.0105073487625675
2022-12-19T15:59:45.7287808,-0.0437344490773635
2022-12-19T15:59:45.7289472,0.0243646592082312
2022-12-19T15:59:45.7290624,-0.0476822232683261
2022-12-19T15:59:45.7373440,-0.0203767846634904
2022-12-19T15:59:45.7376384,0.0312732647699692
2022-12-19T15:59:45.7379456,-0.0657761880304464
2022-12-19T15:59:45.7381376,0.0434455699769174
2022-12-19T15:59:45.7383296,-0.0253115025618754
2022-12-19T15:59:45.7474176,-0.0055726307598683
2022-12-19T15:59:45.7478016,0.0177850349282693
2022-12-19T15:59:45.7481728,0.00923152345814872
2022-12-19T15:59:45.7484672,0.019100959779233
2022-12-19T15:59:45.7486464,-0.0325490887502571
2022-12-19T15:59:45.7572224,0.0493672320480272
2022-12-19T15:59:45.7574912,-0.0210347470519443
2022-12-19T15:59:45.7578880,-0.0124812359538841
2022-12-19T15:59:45.7582208,0.0589076877156253
2022-12-19T15:59:45.7585024,-0.0147841043367125
2022-12-19T15:59:45.7674112,-0.00984938636422307
2022-12-19T15:59:45.7676544,0.00956050466658112
2022-12-19T15:59:45.7678336,0.0115343919204599
2022-12-19T15:59:45.7679872,-0.0338650135038022
2022-12-19T15:59:45.7681920,0.0230487343472071
2022-12-19T15:59:45.7772032,0.00758661741833119
2022-12-19T15:59:45.7775616,-0.0055726307598683
2022-12-19T15:59:45.7778688,-0.0499850915362638
2022-12-19T15:59:45.7781888,0.0240356779927391
2022-12-19T15:59:45.7870848,-0.0529459221555245
2022-12-19T15:59:45.7873408,-0.0101783675634727
2022-12-19T15:59:45.7875072,0.0418006638551917
2022-12-19T15:59:45.7876736,-0.070381924442316
2022-12-19T15:59:45.7878528,0.0552888941707336
2022-12-19T15:59:45.7967616,-0.0341939946918055
2022-12-19T15:59:45.7970816,-0.00294078114415022
2022-12-19T15:59:45.7974144,0.0154821664451246
2022-12-19T15:59:45.7976064,0.0118633731299873
2022-12-19T15:59:45.7978240,0.0332471520861059
2022-12-19T15:59:45.8066304,-0.0239955777923602
2022-12-19T15:59:45.8069632,0.034234095746308
2022-12-19T15:59:45.8072192,-0.000308931518483477
2022-12-19T15:59:45.8075136,-0.0085334615656746
2022-12-19T15:59:45.8077312,0.0493672320480272
2022-12-19T15:59:45.8202880,-0.00623059316224477
2022-12-19T15:59:45.8206848,0.00725763621083642
2022-12-19T15:59:45.8210432,0.00890254224987264
2022-12-19T15:59:45.8213888,-0.00129587512927513
2022-12-19T15:59:45.8216448,-0.0295882580458106
2022-12-19T15:59:45.8303744,-0.00820448036564994
2022-12-19T15:59:45.8307456,0.0131792979696624
2022-12-19T15:59:45.8310912,-0.00984938636422307
2022-12-19T15:59:45.8313216,-0.0286013144748993
2022-12-19T15:59:45.8314880,0.0230487343472071
2022-12-19T15:59:45.8316288,-0.039457693679041
2022-12-19T15:59:45.8317696,-0.0124812359538841
2022-12-19T15:59:45.8407168,0.0460774197799385
2022-12-19T15:59:45.8410112,-0.061170451589004
2022-12-19T15:59:45.8411776,0.0500251945035551
2022-12-19T15:59:45.8413184,-0.0203767846634904
2022-12-19T15:59:45.8414720,-0.00721753676464547
2022-12-19T15:59:45.8538112,0.0246936404238808
2022-12-19T15:59:45.8541696,0.00791559862598218
2022-12-19T15:59:45.8545024,0.0325891896467616
2022-12-19T15:59:45.8547072,-0.0039277247512097
2022-12-19T15:59:45.8548864,0.0283124338064231
2022-12-19T15:59:45.8659072,-0.02596946494571
2022-12-19T15:59:45.8662144,-0.0118232735573979
2022-12-19T15:59:45.8663936,0.0835812805846185
2022-12-19T15:59:45.8665728,-0.0177449351035055
2022-12-19T15:59:45.8667520,0.00692865500349785
2022-12-19T15:59:45.8669568,0.00396782414447519
2022-12-19T15:59:45.8671872,0.0115343919204599
2022-12-19T15:59:45.8756864,-0.0243245589849698
2022-12-19T15:59:45.8759296,0.0125213355495117
2022-12-19T15:59:45.8762496,0.0144952228118434
2022-12-19T15:59:45.8764928,-0.00425670595325207
2022-12-19T15:59:45.8766976,-0.0384707501219167
2022-12-19T15:59:45.8768768,0.027654471371815
2022-12-19T15:59:45.8855808,-0.0506430538971631
2022-12-19T15:59:45.8859136,-0.000308931518483477
2022-12-19T15:59:45.8861056,0.0529860255613189
2022-12-19T15:59:45.8863360,-0.066763131549763
2022-12-19T15:59:45.8865920,0.0454194573282296
2022-12-19T15:59:45.8954368,-0.0134681795474529
2022-12-19T15:59:45.8957568,-0.00952040516481843
2022-12-19T15:59:45.8959744,0.0220617907030912
2022-12-19T15:59:45.8961920,-0.00228281873866669
2022-12-19T15:59:45.8963968,0.0345630769666917
2022-12-19T15:59:45.9059584,-0.0378127877497363
2022-12-19T15:59:45.9062528,0.0371949267354569
2022-12-19T15:59:45.9064832,-0.0055726307598683
2022-12-19T15:59:45.9068800,-0.0131391983497513
2022-12-19T15:59:45.9071104,0.0566048190939116
2022-12-19T15:59:45.9162112,-0.0213637282459401
2022-12-19T15:59:45.9164800,0.00199393691214557
2022-12-19T15:59:45.9166976,-0.000308931518483477
2022-12-19T15:59:45.9169152,0.0141662416010631
2022-12-19T15:59:45.9171456,-0.0243245589849698
2022-12-19T15:59:45.9260928,0.0135082791799726
2022-12-19T15:59:45.9266560,0.0200879034191048
2022-12-19T15:59:45.9269760,-0.0055726307598683
2022-12-19T15:59:45.9273728,-0.0476822232683261
2022-12-19T15:59:45.9276160,0.00659967379631543
2022-12-19T15:59:45.9360384,-0.0440634302607818
2022-12-19T15:59:45.9362944,-0.00590161196113415
2022-12-19T15:59:45.9364352,0.0391688140686815
2022-12-19T15:59:45.9365504,-0.0670921127225668
2022-12-19T15:59:45.9366656,0.0552888941707336
2022-12-19T15:59:45.9462912,-0.0249825213697274
2022-12-19T15:59:45.9464320,-0.0111653111602924
2022-12-19T15:59:45.9465216,0.0260095652880537
2022-12-19T15:59:45.9465984,0.00232291811714419
2022-12-19T15:59:45.9466752,0.027654471371815
2022-12-19T15:59:45.9559680,-0.0328780699388733
2022-12-19T15:59:45.9561216,0.0503541757315581
2022-12-19T15:59:45.9561728,-0.0207057658577945
2022-12-19T15:59:45.9562240,-0.00820448036564994
2022-12-19T15:59:45.9562624,0.0575917627879726
2022-12-19T15:59:45.9661568,-0.0243245589849698
2022-12-19T15:59:45.9662592,-0.00919142396525881
2022-12-19T15:59:45.9663232,0.005941711382419
2022-12-19T15:59:45.9663744,-0.00129587512927513
2022-12-19T15:59:45.9764096,-0.00952040516481843
2022-12-19T15:59:45.9765504,-0.000637912722236303
2022-12-19T15:59:45.9766144,0.0115343919204599
2022-12-19T15:59:45.9766784,-0.0111653111602924
2022-12-19T15:59:45.9767296,-0.0345229758796555
2022-12-19T15:59:45.9866368,0.0273254901547475
2022-12-19T15:59:45.9867392,-0.0437344490773635
2022-12-19T15:59:45.9867904,0.000678012093708949
2022-12-19T15:59:45.9868416,0.057920744019646
2022-12-19T15:59:45.9868928,-0.0582096210038585
2022-12-19T15:59:45.9869696,0.0658162936278223
2022-12-19T15:59:45.9968000,-0.0134681795474529
2022-12-19T15:59:45.9969408,-0.00655957436320019
2022-12-19T15:59:45.9970304,0.0184429973534371
2022-12-19T15:59:45.9970944,0.00462578655649906
2022-12-19T15:59:45.9971840,0.0385108516236395
2022-12-19T15:59:46.0067840,-0.0269564085203087
2022-12-19T15:59:46.0069248,0.0490382508205021
2022-12-19T15:59:46.0070144,-0.00524364955844718
2022-12-19T15:59:46.0070656,-0.016429010319809
2022-12-19T15:59:46.0071680,0.0681191622809339
2022-12-19T15:59:46.0238464,-0.0253115025618754
2022-12-19T15:59:46.0240384,-0.0055726307598683
2022-12-19T15:59:46.0241280,-0.00623059316224477
2022-12-19T15:59:46.0241920,-0.0105073487625675
2022-12-19T15:59:46.0242560,-0.0276143709026059
2022-12-19T15:59:46.0349952,0.0181140161407747
2022-12-19T15:59:46.0350720,0.0174560537159208
2022-12-19T15:59:46.0351232,-0.0085334615656746
2022-12-19T15:59:46.0351744,-0.0440634302607818
2022-12-19T15:59:46.0352128,0.0260095652880537
2022-12-19T15:59:46.0352640,-0.0289302956653566
2022-12-19T15:59:46.0353024,0.0131792979696624
2022-12-19T15:59:46.0353536,0.0529860255613189
2022-12-19T15:59:46.0454912,-0.0680790562400737
2022-12-19T15:59:46.0456192,0.0572627815564591
2022-12-19T15:59:46.0456576,-0.0213637282459401
2022-12-19T15:59:46.0457088,0.005941711382419
2022-12-19T15:59:46.0457600,0.0207458658464715
2022-12-19T15:59:46.0457984,-0.00129587512927513
2022-12-19T15:59:46.0552704,0.0329181708663548
2022-12-19T15:59:46.0554240,-0.0424185243421653
2022-12-19T15:59:46.0555008,0.0556178754012885
2022-12-19T15:59:46.0555520,-0.017415953907813
2022-12-19T15:59:46.0556032,-0.0039277247512097
2022-12-19T15:59:46.0711168,0.0457484385540046
2022-12-19T15:59:46.0712448,-0.0193898410796531
2022-12-19T15:59:46.0713088,0.00166495570730275
2022-12-19T15:59:46.0713600,0.0033098617330751
2022-12-19T15:59:46.0714240,-0.00228281873866669
2022-12-19T15:59:46.0808704,-0.00326976234665881
2022-12-19T15:59:46.0809856,0.0171270725037292
2022-12-19T15:59:46.0810368,0.00890254224987264
2022-12-19T15:59:46.0810880,0.00100699329808449
2022-12-19T15:59:46.0811392,-0.0391287124934857
2022-12-19T15:59:46.0811776,0.0161401288680959
2022-12-19T15:59:46.0812288,-0.0391287124934857
2022-12-19T15:59:46.0812672,-0.00524364955844718
2022-12-19T15:59:46.0907776,0.037523907957265
2022-12-19T15:59:46.0909184,-0.0618284139395945
2022-12-19T15:59:46.0909824,0.0500251945035551
2022-12-19T15:59:46.0910336,-0.0223506718270028
2022-12-19T15:59:46.0910976,0.000349030889489121
2022-12-19T15:59:46.1001728,0.0250226216396877
2022-12-19T15:59:46.1002368,0.00363884293869718
2022-12-19T15:59:46.1002752,0.0365369642923159
2022-12-19T15:59:46.1003008,-0.0111653111602924
2022-12-19T15:59:46.1003392,0.0269965089378377
2022-12-19T15:59:46.1100032,-0.0309041828048764
2022-12-19T15:59:46.1101312,-0.0055726307598683
2022-12-19T15:59:46.1101824,0.0549599129403384
2022-12-19T15:59:46.1102336,-0.00294078114415022
2022-12-19T15:59:46.1204480,-0.0233376154066791
2022-12-19T15:59:46.1205760,0.0214038282744669
2022-12-19T15:59:46.1206400,-0.0200478034690322
2022-12-19T15:59:46.1206784,-0.0170869727119661
2022-12-19T15:59:46.1207296,0.00956050466658112
2022-12-19T15:59:46.1306112,-0.014126141942392
2022-12-19T15:59:46.1307264,-0.0180739162990437
2022-12-19T15:59:46.1308160,-0.055248790406447
2022-12-19T15:59:46.1308672,-0.0253115025618754
2022-12-19T15:59:46.1309056,-0.0420895431579843
2022-12-19T15:59:46.1309440,0.0283124338064231
2022-12-19T15:59:46.1408896,0.0566048190939116
2022-12-19T15:59:46.1410048,-0.0137971607449997
2022-12-19T15:59:46.1410944,-0.0197188222744198
2022-12-19T15:59:46.1411584,-0.0078754991654702
2022-12-19T15:59:46.1412096,-0.0200478034690322
2022-12-19T15:59:46.1505664,0.0256805840717742
2022-12-19T15:59:46.1506688,0.019100959779233
2022-12-19T15:59:46.1507456,0.011205410711089
2022-12-19T15:59:46.1508224,-0.0463662985404424
2022-12-19T15:59:46.1508736,0.0355500206287917
2022-12-19T15:59:46.1617664,-0.00919142396525881
2022-12-19T15:59:46.1619328,-0.0233376154066791
2022-12-19T15:59:46.1620352,0.0654873123923055
2022-12-19T15:59:46.1620864,-0.0223506718270028
2022-12-19T15:59:46.1621248,-0.0111653111602924
2022-12-19T15:59:46.1727744,-0.00129587512927513
2022-12-19T15:59:46.1729280,-0.0193898410796531
2022-12-19T15:59:46.1730304,-0.0170869727119661
2022-12-19T15:59:46.1731072,0.00462578655649906
2022-12-19T15:59:46.1731968,0.00627069258928915
2022-12-19T15:59:46.1862400,-0.00129587512927513
2022-12-19T15:59:46.1864064,-0.0230086342136077
2022-12-19T15:59:46.1865088,0.0286414150239637
2022-12-19T15:59:46.1865856,-0.0539328656925445
2022-12-19T15:59:46.1866496,-0.0220216906334693
2022-12-19T15:59:46.1866880,0.0434455699769174
2022-12-19T15:59:46.1971712,-0.0638023009877389
2022-12-19T15:59:46.1973376,0.0454194573282296
2022-12-19T15:59:46.1974272,-0.027943352093524
2022-12-19T15:59:46.1975168,-0.0114942923589225
2022-12-19T15:59:46.1975936,0.0348920581872335
2022-12-19T15:59:46.1976704,-0.0101783675634727
2022-12-19T15:59:46.1977600,0.0352210394079334
2022-12-19T15:59:46.2073728,-0.0335360323156458
2022-12-19T15:59:46.2074880,0.0450904761026137
2022-12-19T15:59:46.2075392,-0.0226796530203822
2022-12-19T15:59:46.2075904,-0.014126141942392
2022-12-19T15:59:46.2076416,0.0582497252514792
2022-12-19T15:59:46.2170624,-0.0193898410796531
2022-12-19T15:59:46.2171776,0.0121923543396712
2022-12-19T15:59:46.2172544,0.0082445798337894
2022-12-19T15:59:46.2173184,-0.0170869727119661
2022-12-19T15:59:46.2173568,-0.00886244276554422
2022-12-19T15:59:46.2269696,0.0125213355495117
2022-12-19T15:59:46.2271104,0.00791559862598218
2022-12-19T15:59:46.2272000,-0.00524364955844718
2022-12-19T15:59:46.2272384,-0.0246535401774255
2022-12-19T15:59:46.2272768,0.0233777155622271
2022-12-19T15:59:46.2372480,-0.0519589786171381
2022-12-19T15:59:46.2373376,-0.000308931518483477
2022-12-19T15:59:46.2373760,0.0187719785662566
2022-12-19T15:59:46.2374144,-0.0578806398269743
2022-12-19T15:59:46.2374528,0.0447614948771567
2022-12-19T15:59:46.2471808,-0.0246535401774255
2022-12-19T15:59:46.2473088,-0.00655957436320019
2022-12-19T15:59:46.2473600,0.0187719785662566
2022-12-19T15:59:46.2474112,-0.0239955777923602
2022-12-19T15:59:46.2474624,0.0256805840717742
2022-12-19T15:59:46.2574336,-0.0440634302607818
2022-12-19T15:59:46.2575872,0.0500251945035551
2022-12-19T15:59:46.2576768,-0.0246535401774255
2022-12-19T15:59:46.2577920,-0.0272853897115341
2022-12-19T15:59:46.2579200,0.0566048190939116
2022-12-19T15:59:46.2678528,-0.0118232735573979
2022-12-19T15:59:46.2679936,0.0144952228118434
2022-12-19T15:59:46.2680832,0.010218467083915
2022-12-19T15:59:46.2681344,-0.0190608598847322
2022-12-19T15:59:46.2682112,-0.0292592768556604
2022-12-19T15:59:46.2779520,0.010218467083915
2022-12-19T15:59:46.2780800,0.0200879034191048
2022-12-19T15:59:46.2781440,0.00363884293869718
2022-12-19T15:59:46.2781824,-0.0236665965995966
2022-12-19T15:59:46.2782208,0.0214038282744669
2022-12-19T15:59:46.2881408,-0.0473532420865835
2022-12-19T15:59:46.2883072,-0.000637912722236303
2022-12-19T15:59:46.2883968,0.0477223259119937
2022-12-19T15:59:46.2884608,-0.0674210938952199
2022-12-19T15:59:46.2885248,0.0598946314130441
2022-12-19T15:59:46.2976128,-0.00820448036564994
2022-12-19T15:59:46.2977408,-0.017415953907813
2022-12-19T15:59:46.2978176,0.0197589222056571
2022-12-19T15:59:46.2978688,-0.00458568715513909
2022-12-19T15:59:46.2979200,0.0365369642923159
2022-12-19T15:59:46.2979968,-0.0318911263725649
2022-12-19T15:59:46.3072256,0.0279834525890402
2022-12-19T15:59:46.3073408,-0.018731878689657
2022-12-19T15:59:46.3074048,-0.0226796530203822
2022-12-19T15:59:46.3074560,0.0602236126458371
2022-12-19T15:59:46.3168256,-0.0256404837538696
2022-12-19T15:59:46.3169408,0.00692865500349785
2022-12-19T15:59:46.3170176,-0.00294078114415022
2022-12-19T15:59:46.3171072,-0.0177449351035055
2022-12-19T15:59:46.3171840,-0.0243245589849698
2022-12-19T15:59:46.3269120,0.0164691100798168
2022-12-19T15:59:46.3270272,0.0283124338064231
2022-12-19T15:59:46.3270912,-0.00590161196113415
2022-12-19T15:59:46.3271552,-0.0114942923589225
2022-12-19T15:59:46.3272064,0.0299573398957038
2022-12-19T15:59:46.3368192,-0.0453793549929307
2022-12-19T15:59:46.3369216,-0.00721753676464547
2022-12-19T15:59:46.3369984,0.0503541757315581
2022-12-19T15:59:46.3370496,-0.0687370185843248
2022-12-19T15:59:46.3371136,0.0664742560993373
2022-12-19T15:59:46.3464448,-0.018731878689657
2022-12-19T15:59:46.3465728,-0.0055726307598683
2022-12-19T15:59:46.3466624,0.0371949267354569
2022-12-19T15:59:46.3467648,0.000678012093708949
2022-12-19T15:59:46.3468544,0.0204168846327095
2022-12-19T15:59:46.3564416,-0.0167579915159647
2022-12-19T15:59:46.3565696,0.0516701006451631
2022-12-19T15:59:46.3566592,-0.00886244276554422
2022-12-19T15:59:46.3567232,-0.0246535401774255
2022-12-19T15:59:46.3567872,0.0539729692501105
2022-12-19T15:59:46.3661568,-0.0341939946918055
2022-12-19T15:59:46.3662848,-0.00491466835687079
2022-12-19T15:59:46.3663744,0.00298088052760892
2022-12-19T15:59:46.3664512,-0.0236665965995966
2022-12-19T15:59:46.3665152,-0.0243245589849698
2022-12-19T15:59:46.3761536,0.00988948587516988
2022-12-19T15:59:46.3762688,0.00956050466658112
2022-12-19T15:59:46.3763328,0.00199393691214557
2022-12-19T15:59:46.3763840,-0.0253115025618754
2022-12-19T15:59:46.3764352,0.0184429973534371
2022-12-19T15:59:46.3861120,-0.0332070511273362
2022-12-19T15:59:46.3862272,-0.00886244276554422
2022-12-19T15:59:46.3862912,0.0493672320480272
2022-12-19T15:59:46.3863552,-0.064789244509772
2022-12-19T15:59:46.3962496,0.0694350872291021
2022-12-19T15:59:46.3963520,-0.00228281873866669
2022-12-19T15:59:46.3964032,-0.0118232735573979
2022-12-19T15:59:46.3964544,0.0319312272080495
2022-12-19T15:59:46.3965056,-0.0144551231396295
2022-12-19T15:59:46.4064640,0.030944283551166
2022-12-19T15:59:46.4065664,-0.0358389006295243
2022-12-19T15:59:46.4066176,0.0319312272080495
2022-12-19T15:59:46.4066816,-0.0157710479270339
2022-12-19T15:59:46.4067200,-0.018731878689657
2022-12-19T15:59:46.4067840,0.0444325136518585
2022-12-19T15:59:46.4167808,-0.0358389006295243
2022-12-19T15:59:46.4169216,-0.00491466835687079
2022-12-19T15:59:46.4170112,0.000349030889489121
2022-12-19T15:59:46.4170752,-0.0121522547557184
2022-12-19T15:59:46.4171520,-0.0230086342136077
2022-12-19T15:59:46.4267264,0.0141662416010631
2022-12-19T15:59:46.4268672,0.0210748470603906
2022-12-19T15:59:46.4269312,0.00232291811714419
2022-12-19T15:59:46.4269952,-0.0180739162990437
2022-12-19T15:59:46.4270592,0.0220617907030912
2022-12-19T15:59:46.4364544,-0.0282723332842885
2022-12-19T15:59:46.4365696,-0.00425670595325207
2022-12-19T15:59:46.4366336,0.0418006638551917
2022-12-19T15:59:46.4366976,-0.0526169409762142
2022-12-19T15:59:46.4367616,0.0618685188122028
2022-12-19T15:59:46.4462592,-0.0348519570673523
2022-12-19T15:59:46.4463744,-0.0151130855336409
2022-12-19T15:59:46.4464384,0.0348920581872335
2022-12-19T15:59:46.4464768,-0.00590161196113415
2022-12-19T15:59:46.4465280,0.0269965089378377
2022-12-19T15:59:46.4560896,-0.0253115025618754
2022-12-19T15:59:46.4562176,0.0391688140686815
2022-12-19T15:59:46.4562944,-0.0137971607449997
2022-12-19T15:59:46.4563456,-0.0226796530203822
2022-12-19T15:59:46.4563968,0.0460774197799385
2022-12-19T15:59:46.4663680,-0.0391287124934857
2022-12-19T15:59:46.4664832,-0.00919142396525881
2022-12-19T15:59:46.4665984,0.011205410711089
2022-12-19T15:59:46.4667008,-0.0161000291234987
2022-12-19T15:59:46.4855040,-0.0147841043367125
2022-12-19T15:59:46.4856192,0.019100959779233
2022-12-19T15:59:46.4856704,0.00725763621083642
2022-12-19T15:59:46.4857216,-0.00984938636422307
2022-12-19T15:59:46.4857728,-0.0295882580458106
2022-12-19T15:59:46.4858240,0.0187719785662566
2022-12-19T15:59:46.5026432,-0.0473532420865835
2022-12-19T15:59:46.5027712,-0.0101783675634727
2022-12-19T15:59:46.5028608,0.0378528891792314
2022-12-19T15:59:46.5029120,-0.0680790562400737
2022-12-19T15:59:46.5029632,0.0704220309419155
2022-12-19T15:59:46.5030016,-0.0118232735573979
2022-12-19T15:59:46.5030528,-0.00425670595325207
2022-12-19T15:59:46.5031168,0.0332471520861059
2022-12-19T15:59:46.5031680,0.00462578655649906
2022-12-19T15:59:46.5126144,0.0411427014076124
2022-12-19T15:59:46.5127168,-0.017415953907813
2022-12-19T15:59:46.5127680,0.0388398328460813
2022-12-19T15:59:46.5128192,-0.0167579915159647
2022-12-19T15:59:46.5128576,-0.0397866748644434
2022-12-19T15:59:46.5128832,0.0582497252514792
2022-12-19T15:59:46.5129216,-0.0295882580458106
2022-12-19T15:59:46.5129600,0.00495476776274499
2022-12-19T15:59:46.5129856,0.010218467083915
2022-12-19T15:59:46.5221632,-0.0167579915159647
2022-12-19T15:59:46.5222400,-0.0236665965995966
2022-12-19T15:59:46.5222912,0.00429680535040913
2022-12-19T15:59:46.5223296,0.00265189932229863
2022-12-19T15:59:46.5223808,0.00166495570730275
2022-12-19T15:59:46.5371904,-0.0295882580458106
2022-12-19T15:59:46.5372672,0.0115343919204599
2022-12-19T15:59:46.5373184,-0.0427475055261936
2022-12-19T15:59:46.5373568,-0.00195383753569171
2022-12-19T15:59:46.5484032,0.0385108516236395
2022-12-19T15:59:46.5485312,-0.0608414704134819
2022-12-19T15:59:46.5486208,0.0687771247546967
2022-12-19T15:59:46.5487104,-0.0269564085203087
2022-12-19T15:59:46.5487872,-0.0272853897115341
2022-12-19T15:59:46.5488640,0.0411427014076124
2022-12-19T15:59:46.5489024,-0.00294078114415022
2022-12-19T15:59:46.5489408,0.0237066967774044
2022-12-19T15:59:46.5597056,-0.0161000291234987
2022-12-19T15:59:46.5598976,0.034234095746308
2022-12-19T15:59:46.5599616,-0.00623059316224477
2022-12-19T15:59:46.5600128,-0.0292592768556604
2022-12-19T15:59:46.5600512,0.0411427014076124
2022-12-19T15:59:46.5601024,-0.0427475055261936
2022-12-19T15:59:46.5700224,-0.000637912722236303
2022-12-19T15:59:46.5701376,0.0158111476565318
2022-12-19T15:59:46.5702400,-0.0111653111602924
2022-12-19T15:59:46.5703296,-0.0193898410796531
2022-12-19T15:59:46.5704448,0.0105474482928166
2022-12-19T15:59:46.5797632,-0.00228281873866669
2022-12-19T15:59:46.5798784,-0.0220216906334693
2022-12-19T15:59:46.5799552,-0.0315621451834888
2022-12-19T15:59:46.5800448,0.011205410711089
2022-12-19T15:59:46.5801216,-0.0335360323156458
2022-12-19T15:59:46.5893376,-0.00129587512927513
2022-12-19T15:59:46.5895040,0.0510121381880419
2022-12-19T15:59:46.5896320,-0.0542618468712477
2022-12-19T15:59:46.5897472,0.0615395375786094
2022-12-19T15:59:46.5898624,-0.018731878689657
2022-12-19T15:59:46.5996416,-0.02596946494571
2022-12-19T15:59:46.5998208,0.0556178754012885
2022-12-19T15:59:46.5999616,-0.00688855556400039
2022-12-19T15:59:46.6000896,0.019100959779233
2022-12-19T15:59:46.6002048,-0.00984938636422307
2022-12-19T15:59:46.6128512,0.0194299409923665
2022-12-19T15:59:46.6130304,-0.00984938636422307
2022-12-19T15:59:46.6131200,0.011205410711089
2022-12-19T15:59:46.6132096,0.0467353822322834
2022-12-19T15:59:46.6133120,0.00627069258928915
2022-12-19T15:59:46.6240000,-0.0193898410796531
2022-12-19T15:59:46.6241280,-0.0460373173580908
2022-12-19T15:59:46.6242048,-0.0276143709026059
2022-12-19T15:59:46.6242560,-0.0661051692037028
2022-12-19T15:59:46.6243072,-0.0424185243421653
2022-12-19T15:59:46.6243712,0.0217328094887004
2022-12-19T15:59:46.6244224,-0.00326976234665881
2022-12-19T15:59:46.6353920,-0.0338650135038022
2022-12-19T15:59:46.6355584,-5.87755601919607
2022-12-19T15:59:46.6356992,-0.181577551869579
2022-12-19T15:59:46.6358144,-0.000637912722236303
2022-12-19T15:59:46.6359168,0.0434455699769174
2022-12-19T15:59:46.6468736,-0.0463662985404424
2022-12-19T15:59:46.6469760,0.0750277682875214
2022-12-19T15:59:46.6470656,-0.0108363299615074
2022-12-19T15:59:46.6471424,-0.0213637282459401
2022-12-19T15:59:46.6472192,0.034234095746308
2022-12-19T15:59:46.6472960,0.0115343919204599
2022-12-19T15:59:46.6583168,0.0414716826313227
2022-12-19T15:59:46.6584960,-0.0282723332842885
2022-12-19T15:59:46.6586112,0.0388398328460813
2022-12-19T15:59:46.6587264,-0.0137971607449997
2022-12-19T15:59:46.6588544,-0.0167579915159647
2022-12-19T15:59:46.6589696,0.0526570443320408
2022-12-19T15:59:46.6687872,-0.0368258441903187
2022-12-19T15:59:46.6689280,0.000678012093708949
2022-12-19T15:59:46.6690432,0.0187719785662566
2022-12-19T15:59:46.6691328,-0.0200478034690322
2022-12-19T15:59:46.6692352,-0.0223506718270028
2022-12-19T15:59:46.6693376,0.0128503167595087
2022-12-19T15:59:46.6789248,-0.0121522547557184
2022-12-19T15:59:46.6790272,-0.0039277247512097
2022-12-19T15:59:46.6790912,-0.0105073487625675
2022-12-19T15:59:46.6791552,0.00429680535040913
2022-12-19T15:59:46.6792192,-0.0437344490773635
2022-12-19T15:59:46.6884992,0.000349030889489121
2022-12-19T15:59:46.6886016,0.0378528891792314
2022-12-19T15:59:46.6886656,-0.0529459221555245
2022-12-19T15:59:46.6887168,0.0641713874518421
2022-12-19T15:59:46.6887936,-0.0249825213697274
2022-12-19T15:59:46.7031424,-0.0147841043367125
2022-12-19T15:59:46.7032448,0.0352210394079334
2022-12-19T15:59:46.7033216,-0.000308931518483477
2022-12-19T15:59:46.7033984,0.0217328094887004
2022-12-19T15:59:46.7034624,-0.017415953907813
2022-12-19T15:59:46.7201152,0.0332471520861059
2022-12-19T15:59:46.7202816,-0.0220216906334693
2022-12-19T15:59:46.7203584,-0.0193898410796531
2022-12-19T15:59:46.7204352,0.0496962132757115
2022-12-19T15:59:46.7204992,-0.0233376154066791
2022-12-19T15:59:46.7205504,-0.00623059316224477
2022-12-19T15:59:46.7206144,0.010218467083915
2022-12-19T15:59:46.7312640,-0.0276143709026059
2022-12-19T15:59:46.7314560,-0.0128102171518951
2022-12-19T15:59:46.7316096,0.00429680535040913
2022-12-19T15:59:46.7317632,-0.0180739162990437
2022-12-19T15:59:46.7318912,-0.00458568715513909
2022-12-19T15:59:46.7319808,-0.0230086342136077
2022-12-19T15:59:46.7320832,0.00627069258928915
2022-12-19T15:59:46.7321856,-0.0351809382548961
2022-12-19T15:59:46.7322624,0.00462578655649906
2022-12-19T15:59:46.7436416,0.0628554625139439
2022-12-19T15:59:46.7438720,-0.0361678818166088
2022-12-19T15:59:46.7440512,0.0628554625139439
2022-12-19T15:59:46.7441664,-0.0358389006295243
2022-12-19T15:59:46.7442432,-0.0210347470519443
2022-12-19T15:59:46.7560704,0.0447614948771567
2022-12-19T15:59:46.7561984,0.00133597450261574
2022-12-19T15:59:46.7562880,0.0299573398957038
2022-12-19T15:59:46.7563648,-0.0131391983497513
2022-12-19T15:59:46.7564416,0.0296283586775321
2022-12-19T15:59:46.7565184,-0.0213637282459401
2022-12-19T15:59:46.7696640,-0.0299172392358072
2022-12-19T15:59:46.7697792,0.0543019504800269
2022-12-19T15:59:46.7698432,-0.0315621451834888
2022-12-19T15:59:46.7698944,0.0108764295018745
2022-12-19T15:59:46.7699584,0.00659967379631543
2022-12-19T15:59:46.7700096,-0.0200478034690322
2022-12-19T15:59:46.7700608,-0.0197188222744198
2022-12-19T15:59:46.7808512,0.000349030889489121
2022-12-19T15:59:46.7809280,0.00363884293869718
2022-12-19T15:59:46.7809792,-0.00228281873866669
2022-12-19T15:59:46.7810176,-0.0230086342136077
2022-12-19T15:59:46.7810560,0.00791559862598218
2022-12-19T15:59:46.7811072,-0.0338650135038022
2022-12-19T15:59:46.7922688,0.0138372603904395
2022-12-19T15:59:46.7924224,0.0427876075277508
2022-12-19T15:59:46.7925632,-0.0588675833571724
2022-12-19T15:59:46.7926528,0.0727248996107753
2022-12-19T15:59:46.7926912,-0.0190608598847322
2022-12-19T15:59:46.7927296,-0.0078754991654702
2022-12-19T15:59:46.8044288,0.0447614948771567
2022-12-19T15:59:46.8045312,-0.0167579915159647
2022-12-19T15:59:46.8045952,0.0329181708663548
2022-12-19T15:59:46.8046464,-0.0286013144748993
2022-12-19T15:59:46.8046976,0.0480513071388821
2022-12-19T15:59:46.8047488,-0.027943352093524
2022-12-19T15:59:46.8185984,-0.0216927094397817
2022-12-19T15:59:46.8186752,0.037523907957265
2022-12-19T15:59:46.8187136,-0.02596946494571
2022-12-19T15:59:46.8187648,0.00528374896914695
2022-12-19T15:59:46.8188416,0.00495476776274499
2022-12-19T15:59:46.8188928,-0.0203767846634904
2022-12-19T15:59:46.8301568,-0.0180739162990437
2022-12-19T15:59:46.8302976,0.0138372603904395
2022-12-19T15:59:46.8304256,-0.00688855556400039
2022-12-19T15:59:46.8305152,-0.0075465179651354
2022-12-19T15:59:46.8305920,-0.0262984461373967
2022-12-19T15:59:46.8306432,0.0177850349282693
2022-12-19T15:59:46.8306816,-0.027943352093524
2022-12-19T15:59:46.8418688,0.00725763621083642
2022-12-19T15:59:46.8420352,0.0414716826313227
2022-12-19T15:59:46.8421376,-0.0499850915362638
2022-12-19T15:59:46.8422016,0.0598946314130441
2022-12-19T15:59:46.8422528,-0.0272853897115341
2022-12-19T15:59:46.8423168,-0.0216927094397817
2022-12-19T15:59:46.8540544,0.0424586263034057
2022-12-19T15:59:46.8541440,-0.0137971607449997
2022-12-19T15:59:46.8542080,0.0404847389606678
2022-12-19T15:59:46.8542464,-0.0230086342136077
2022-12-19T15:59:46.8542976,0.0391688140686815
2022-12-19T15:59:46.8686080,-0.0243245589849698
2022-12-19T15:59:46.8686848,-0.0292592768556604
2022-12-19T15:59:46.8687488,0.0477223259119937
2022-12-19T15:59:46.8688128,-0.0509720350773848
2022-12-19T15:59:46.8688640,-0.00524364955844718
2022-12-19T15:59:46.8689152,-0.00491466835687079
2022-12-19T15:59:46.8819712,-0.00984938636422307
2022-12-19T15:59:46.8820608,-0.0200478034690322
2022-12-19T15:59:46.8821248,0.00298088052760892
2022-12-19T15:59:46.8821888,-0.00655957436320019
2022-12-19T15:59:46.8822528,-0.0239955777923602
2022-12-19T15:59:46.8823040,-0.0124812359538841
2022-12-19T15:59:46.8823552,0.00199393691214557
2022-12-19T15:59:46.8824064,-0.02596946494571
2022-12-19T15:59:46.8940928,0.00758661741833119
2022-12-19T15:59:46.8941696,0.0388398328460813
2022-12-19T15:59:46.8942336,-0.0572226774727517
2022-12-19T15:59:46.8942848,0.0539729692501105
2022-12-19T15:59:46.8943232,-0.0134681795474529
2022-12-19T15:59:46.8943744,-0.0118232735573979
2022-12-19T15:59:46.9054080,0.0427876075277508
2022-12-19T15:59:46.9054848,-0.000966893925833531
2022-12-19T15:59:46.9055360,0.0243646592082312
2022-12-19T15:59:46.9056256,-0.018731878689657
2022-12-19T15:59:46.9056896,0.0404847389606678
2022-12-19T15:59:46.9057408,-0.0124812359538841
2022-12-19T15:59:46.9186304,-0.0157710479270339
2022-12-19T15:59:46.9187456,0.0546309317101028
2022-12-19T15:59:46.9188352,-0.0332070511273362
2022-12-19T15:59:46.9189120,0.000678012093708949
2022-12-19T15:59:46.9189888,0.005941711382419
2022-12-19T15:59:46.9190528,-0.014126141942392
2022-12-19T15:59:46.9307904,-0.0170869727119661
2022-12-19T15:59:46.9308416,0.0121923543396712
2022-12-19T15:59:46.9308800,-0.00326976234665881
2022-12-19T15:59:46.9309184,-0.0078754991654702
2022-12-19T15:59:46.9309568,-0.0305752016153402
2022-12-19T15:59:46.9310080,0.00791559862598218
2022-12-19T15:59:46.9310464,-0.0387997313077776
2022-12-19T15:59:46.9422976,-0.0134681795474529
2022-12-19T15:59:46.9424256,0.0411427014076124
2022-12-19T15:59:46.9425536,-0.0697239620995714
2022-12-19T15:59:46.9426432,0.0493672320480272
2022-12-19T15:59:46.9427200,-0.0200478034690322
2022-12-19T15:59:46.9427968,-0.0190608598847322
2022-12-19T15:59:46.9544704,0.0664742560993373
2022-12-19T15:59:46.9546240,-0.00952040516481843
2022-12-19T15:59:46.9547392,0.0391688140686815
2022-12-19T15:59:46.9548544,-0.0210347470519443
2022-12-19T15:59:46.9549696,0.0322602084273265
2022-12-19T15:59:46.9550720,-0.00623059316224477
2022-12-19T15:59:46.9688064,-0.0105073487625675
2022-12-19T15:59:46.9689856,0.0444325136518585
2022-12-19T15:59:46.9691136,-0.0118232735573979
2022-12-19T15:59:46.9691904,0.00890254224987264
2022-12-19T15:59:46.9692416,0.0125213355495117
2022-12-19T15:59:46.9693056,-0.0239955777923602
2022-12-19T15:59:46.9799808,0.00100699329808449
2022-12-19T15:59:46.9801344,0.0187719785662566
2022-12-19T15:59:46.9802752,0.00528374896914695
2022-12-19T15:59:46.9803776,-0.0105073487625675
2022-12-19T15:59:46.9804800,-0.0151130855336409
2022-12-19T15:59:46.9805824,0.010218467083915
2022-12-19T15:59:46.9806848,-0.0286013144748993
2022-12-19T15:59:46.9924352,0.00396782414447519
2022-12-19T15:59:46.9926016,0.0316022459889304
2022-12-19T15:59:46.9927680,-0.0578806398269743
2022-12-19T15:59:46.9929088,0.0582497252514792
2022-12-19T15:59:46.9930496,-0.0200478034690322
2022-12-19T15:59:46.9931904,-0.0266274273289295
2022-12-19T15:59:47.0021120,0.0447614948771567
2022-12-19T15:59:47.0022912,-0.0216927094397817
2022-12-19T15:59:47.0024192,0.028970396241662
2022-12-19T15:59:47.0025088,-0.017415953907813
2022-12-19T15:59:47.0025728,0.0312732647699692
2022-12-19T15:59:47.0026240,-0.0184028974944275
2022-12-19T15:59:47.0134016,-0.0161000291234987
2022-12-19T15:59:47.0135424,0.0645003686867174
2022-12-19T15:59:47.0136448,-0.0437344490773635
2022-12-19T15:59:47.0137216,0.00857356104175289
2022-12-19T15:59:47.0137984,0.0033098617330751
2022-12-19T15:59:47.0248448,-0.0207057658577945
2022-12-19T15:59:47.0249856,-0.0216927094397817
2022-12-19T15:59:47.0250880,0.0115343919204599
2022-12-19T15:59:47.0251776,-0.00195383753569171
2022-12-19T15:59:47.0252672,-0.0118232735573979
2022-12-19T15:59:47.0361344,-0.0180739162990437
2022-12-19T15:59:47.0362240,-0.000308931518483477
2022-12-19T15:59:47.0362880,-0.0397866748644434
2022-12-19T15:59:47.0363776,-0.00919142396525881
2022-12-19T15:59:47.0364416,0.0543019504800269
2022-12-19T15:59:47.0364928,-0.075645623162611
2022-12-19T15:59:47.0460672,0.0526570443320408
2022-12-19T15:59:47.0461952,-0.0167579915159647
2022-12-19T15:59:47.0462848,-0.0272853897115341
2022-12-19T15:59:47.0463616,0.0500251945035551
2022-12-19T15:59:47.0464512,-0.0154420667304147
2022-12-19T15:59:47.0576256,0.0243646592082312
2022-12-19T15:59:47.0577664,-0.0114942923589225
2022-12-19T15:59:47.0578944,0.043774551201739
2022-12-19T15:59:47.0579840,-0.00425670595325207
2022-12-19T15:59:47.0580352,-0.0230086342136077
2022-12-19T15:59:47.0693504,0.0450904761026137
2022-12-19T15:59:47.0694784,-0.038141768935903
2022-12-19T15:59:47.0695680,0.0141662416010631
2022-12-19T15:59:47.0696576,0.00265189932229863
2022-12-19T15:59:47.0697472,-0.0361678818166088
2022-12-19T15:59:47.0698368,-0.0253115025618754
2022-12-19T15:59:47.0794112,-0.000966893925833531
2022-12-19T15:59:47.0795136,0.00100699329808449
2022-12-19T15:59:47.0795776,-0.0114942923589225
2022-12-19T15:59:47.0796416,-0.0299172392358072
2022-12-19T15:59:47.0797056,0.0220617907030912
2022-12-19T15:59:47.0797568,-0.0387997313077776
2022-12-19T15:59:47.0906368,-0.00261179994148619
2022-12-19T15:59:47.0907648,0.0552888941707336
2022-12-19T15:59:47.0908544,-0.0545908280497991
2022-12-19T15:59:47.0909440,0.0470643634586944
2022-12-19T15:59:47.0910464,-0.0118232735573979
2022-12-19T15:59:47.1020160,-0.0161000291234987
2022-12-19T15:59:47.1021056,0.0523280631029221
2022-12-19T15:59:47.1021696,-0.0246535401774255
2022-12-19T15:59:47.1022336,0.0283124338064231
2022-12-19T15:59:47.1022848,-0.0276143709026059
2022-12-19T15:59:47.1023488,0.0210748470603906
2022-12-19T15:59:47.1136256,-0.00425670595325207
2022-12-19T15:59:47.1137536,-0.0282723332842885
2022-12-19T15:59:47.1138432,-0.0351809382548961
2022-12-19T15:59:47.1139200,-0.0154420667304147
2022-12-19T15:59:47.1140096,-0.0078754991654702
2022-12-19T15:59:47.1257472,0.0151531852338741
2022-12-19T15:59:47.1259392,-0.129927513991048
2022-12-19T15:59:47.1260800,0.057920744019646
2022-12-19T15:59:47.1261696,0.0319312272080495
2022-12-19T15:59:47.1262464,0.0543019504800269
2022-12-19T15:59:47.1262848,-0.0440634302607818
2022-12-19T15:59:47.1368704,-0.0522879597967521
2022-12-19T15:59:47.1369344,0.0513411194165228
2022-12-19T15:59:47.1369856,-0.0529459221555245
2022-12-19T15:59:47.1370240,0.0197589222056571
2022-12-19T15:59:47.1370624,0.0421296450792193
2022-12-19T15:59:47.1371008,-0.0664341503768083
2022-12-19T15:59:47.1484544,0.0418006638551917
2022-12-19T15:59:47.1485056,-0.0289302956653566
2022-12-19T15:59:47.1485440,-0.0299172392358072
2022-12-19T15:59:47.1485824,0.0635134249825725
2022-12-19T15:59:47.1486080,-0.0055726307598683
2022-12-19T15:59:47.1486464,0.034234095746308
2022-12-19T15:59:47.1601920,-0.0154420667304147
2022-12-19T15:59:47.1602944,0.0197589222056571
2022-12-19T15:59:47.1603840,-0.0111653111602924
2022-12-19T15:59:47.1604608,-0.00524364955844718
2022-12-19T15:59:47.1604992,0.0654873123923055
2022-12-19T15:59:47.1605376,-0.0430764867100695
2022-12-19T15:59:47.1714816,0.00857356104175289
2022-12-19T15:59:47.1715840,0.00363884293869718
2022-12-19T15:59:47.1716352,-0.0236665965995966
2022-12-19T15:59:47.1716736,-0.0236665965995966
2022-12-19T15:59:47.1716992,0.030944283551166
2022-12-19T15:59:47.1852416,0.000678012093708949
2022-12-19T15:59:47.1853440,-0.0114942923589225
2022-12-19T15:59:47.1854336,-0.0401156560496931
2022-12-19T15:59:47.1854976,0.0194299409923665
2022-12-19T15:59:47.1855488,-0.0318911263725649
2022-12-19T15:59:47.1855872,-0.0213637282459401
2022-12-19T15:59:47.1952768,0.0510121381880419
2022-12-19T15:59:47.1953792,-0.0684080374122746
2022-12-19T15:59:47.1954432,0.0371949267354569
2022-12-19T15:59:47.1955072,-0.0105073487625675
2022-12-19T15:59:47.1955840,-0.0197188222744198
2022-12-19T15:59:47.1956352,0.0562758378628775
2022-12-19T15:59:47.1956992,-0.0170869727119661
2022-12-19T15:59:47.2057216,0.0444325136518585
2022-12-19T15:59:47.2057984,-0.0315621451834888
2022-12-19T15:59:47.2058752,0.0427876075277508
2022-12-19T15:59:47.2059520,-0.000637912722236303
2022-12-19T15:59:47.2060032,-0.0147841043367125
2022-12-19T15:59:47.2153728,0.0595656501804112
2022-12-19T15:59:47.2154368,-0.0249825213697274
2022-12-19T15:59:47.2154880,0.0118633731299873
2022-12-19T15:59:47.2155392,0.019100959779233
2022-12-19T15:59:47.2155904,-0.0289302956653566
2022-12-19T15:59:47.2252288,-0.0220216906334693
2022-12-19T15:59:47.2253184,-0.000966893925833531
2022-12-19T15:59:47.2253824,0.00133597450261574
2022-12-19T15:59:47.2254464,-0.0151130855336409
2022-12-19T15:59:47.2255104,-0.0216927094397817
2022-12-19T15:59:47.2354176,0.00462578655649906
2022-12-19T15:59:47.2354944,-0.0253115025618754
2022-12-19T15:59:47.2355456,0.00495476776274499
2022-12-19T15:59:47.2355840,0.0529860255613189
2022-12-19T15:59:47.2356096,-0.0641312821619009
2022-12-19T15:59:47.2449280,0.0569338003251055
2022-12-19T15:59:47.2450048,-0.0105073487625675
2022-12-19T15:59:47.2450688,-0.0200478034690322
2022-12-19T15:59:47.2451072,0.069106105991819
2022-12-19T15:59:47.2451584,-0.0157710479270339
2022-12-19T15:59:47.2546048,0.0325891896467616
2022-12-19T15:59:47.2546816,-0.0137971607449997
2022-12-19T15:59:47.2547200,0.0388398328460813
2022-12-19T15:59:47.2547712,0.00265189932229863
2022-12-19T15:59:47.2548224,-0.0272853897115341
2022-12-19T15:59:47.2644224,0.0661452748634996
2022-12-19T15:59:47.2644992,-0.0424185243421653
2022-12-19T15:59:47.2645504,0.000349030889489121
2022-12-19T15:59:47.2645888,-0.000308931518483477
2022-12-19T15:59:47.2646400,-0.0460373173580908
2022-12-19T15:59:47.2740992,-0.0269564085203087
2022-12-19T15:59:47.2742272,0.010218467083915
2022-12-19T15:59:47.2742912,0.00758661741833119
2022-12-19T15:59:47.2743552,0.0125213355495117
2022-12-19T15:59:47.2744192,-0.0147841043367125
2022-12-19T15:59:47.2847232,0.0246936404238808
2022-12-19T15:59:47.2848256,-0.0384707501219167
2022-12-19T15:59:47.2848768,-0.0167579915159647
2022-12-19T15:59:47.2849280,0.0352210394079334
2022-12-19T15:59:47.3022592,-0.075645623162611
2022-12-19T15:59:47.3023488,0.0519990818739629
2022-12-19T15:59:47.3024000,-0.0144551231396295
2022-12-19T15:59:47.3024384,-0.027943352093524
2022-12-19T15:59:47.3024768,0.0776596182134701
2022-12-19T15:59:47.3025024,-0.0131391983497513
2022-12-19T15:59:47.3135616,0.0316022459889304
2022-12-19T15:59:47.3136256,-0.0157710479270339
2022-12-19T15:59:47.3136640,0.0348920581872335
2022-12-19T15:59:47.3136896,-0.00129587512927513
2022-12-19T15:59:47.3137280,-0.0292592768556604
2022-12-19T15:59:47.3137664,0.0536439880203538
2022-12-19T15:59:47.3137920,-0.0328780699388733
2022-12-19T15:59:47.3138304,0.0158111476565318
2022-12-19T15:59:47.3252736,0.0118633731299873
2022-12-19T15:59:47.3253632,-0.0440634302607818
2022-12-19T15:59:47.3254144,-0.00688855556400039
2022-12-19T15:59:47.3254400,0.0158111476565318
2022-12-19T15:59:47.3254784,-0.00294078114415022
2022-12-19T15:59:47.3255168,-0.0233376154066791
2022-12-19T15:59:47.3365120,-0.0223506718270028
2022-12-19T15:59:47.3365760,0.0197589222056571
2022-12-19T15:59:47.3366144,-0.0269564085203087
2022-12-19T15:59:47.3366400,-0.00688855556400039
2022-12-19T15:59:47.3366784,0.0348920581872335
2022-12-19T15:59:47.3367168,-0.0529459221555245
2022-12-19T15:59:47.3481984,0.0641713874518421
2022-12-19T15:59:47.3483008,-0.0170869727119661
2022-12-19T15:59:47.3483776,-0.0355099194422867
2022-12-19T15:59:47.3484288,0.0740408245679497
2022-12-19T15:59:47.3484672,-0.0167579915159647
2022-12-19T15:59:47.3485056,0.0385108516236395
2022-12-19T15:59:47.3598592,-0.0101783675634727
2022-12-19T15:59:47.3599616,0.0194299409923665
2022-12-19T15:59:47.3600128,-0.0157710479270339
2022-12-19T15:59:47.3600768,-0.0131391983497513
2022-12-19T15:59:47.3601280,0.0658162936278223
2022-12-19T15:59:47.3711872,-0.0351809382548961
2022-12-19T15:59:47.3712512,0.0121923543396712
2022-12-19T15:59:47.3712896,-0.000966893925833531
2022-12-19T15:59:47.3713280,-0.0309041828048764
2022-12-19T15:59:47.3713664,-0.0137971607449997
2022-12-19T15:59:47.3713920,0.00528374896914695
2022-12-19T15:59:47.3853568,-0.00228281873866669
2022-12-19T15:59:47.3854336,-0.014126141942392
2022-12-19T15:59:47.3854976,-0.0230086342136077
2022-12-19T15:59:47.3855488,0.00923152345814872
2022-12-19T15:59:47.3856000,-0.0193898410796531
2022-12-19T15:59:47.3856512,0.005941711382419
2022-12-19T15:59:47.3969152,0.0434455699769174
2022-12-19T15:59:47.3969920,-0.0532749033346829
2022-12-19T15:59:47.3970432,0.0615395375786094
2022-12-19T15:59:47.3970944,-0.00162485633256119
2022-12-19T15:59:47.3971328,-0.0230086342136077
2022-12-19T15:59:47.3971712,0.0612105563451762
2022-12-19T15:59:47.3972224,-0.0190608598847322
2022-12-19T15:59:47.4085248,0.0325891896467616
2022-12-19T15:59:47.4086528,-0.0134681795474529
2022-12-19T15:59:47.4087296,0.0230487343472071
2022-12-19T15:59:47.4087680,-0.00688855556400039
2022-12-19T15:59:47.4088064,-0.0272853897115341
2022-12-19T15:59:47.4088320,0.0566048190939116
2022-12-19T15:59:47.4207616,-0.0384707501219167
2022-12-19T15:59:47.4208768,0.000349030889489121
2022-12-19T15:59:47.4209536,0.011205410711089
2022-12-19T15:59:47.4210304,-0.0236665965995966
2022-12-19T15:59:47.4211200,-0.00524364955844718
2022-12-19T15:59:47.4211968,0.0154821664451246
2022-12-19T15:59:47.4354560,0.005941711382419
2022-12-19T15:59:47.4355584,-0.00491466835687079
2022-12-19T15:59:47.4356352,-0.0230086342136077
2022-12-19T15:59:47.4357248,0.0161401288680959
2022-12-19T15:59:47.4358016,-0.0335360323156458
2022-12-19T15:59:47.4358784,0.00166495570730275
2022-12-19T15:59:47.4472704,0.0352210394079334
2022-12-19T15:59:47.4473344,-0.0503140727167894
2022-12-19T15:59:47.4473728,0.0592366689479383
2022-12-19T15:59:47.4473984,-0.00458568715513909
2022-12-19T15:59:47.4474368,-0.0177449351035055
2022-12-19T15:59:47.4474752,0.0746987870475031
2022-12-19T15:59:47.4475008,-0.0157710479270339
2022-12-19T15:59:47.4589824,0.0210748470603906
2022-12-19T15:59:47.4591104,-0.00524364955844718
2022-12-19T15:59:47.4592000,0.0181140161407747
2022-12-19T15:59:47.4592512,-0.00623059316224477
2022-12-19T15:59:47.4592896,-0.0299172392358072
2022-12-19T15:59:47.4593152,0.0612105563451762
2022-12-19T15:59:47.4702080,-0.0391287124934857
2022-12-19T15:59:47.4703360,0.00232291811714419
2022-12-19T15:59:47.4704256,0.00429680535040913
2022-12-19T15:59:47.4705024,-0.0407736184197342
2022-12-19T15:59:47.4705792,-0.0154420667304147
2022-12-19T15:59:47.4706688,0.00166495570730275
2022-12-19T15:59:47.4816768,-0.000637912722236303
2022-12-19T15:59:47.4817536,-0.00491466835687079
2022-12-19T15:59:47.4817920,-0.016429010319809
2022-12-19T15:59:47.4818304,-0.00228281873866669
2022-12-19T15:59:47.4818688,-0.0266274273289295
2022-12-19T15:59:47.4819072,0.005941711382419
2022-12-19T15:59:47.4938368,0.0385108516236395
2022-12-19T15:59:47.4939392,-0.0434054678937928
2022-12-19T15:59:47.4940544,0.0608815751119031
2022-12-19T15:59:47.4941312,-0.0147841043367125
2022-12-19T15:59:47.4941824,-0.0216927094397817
2022-12-19T15:59:47.5053056,0.0927927554883916
2022-12-19T15:59:47.5053696,-0.0111653111602924
2022-12-19T15:59:47.5054336,0.0441035324267193
2022-12-19T15:59:47.5054848,-0.00261179994148619
2022-12-19T15:59:47.5055360,0.030944283551166
2022-12-19T15:59:47.5055872,-0.000966893925833531
2022-12-19T15:59:47.5187840,-0.0305752016153402
2022-12-19T15:59:47.5188992,0.0441035324267193
2022-12-19T15:59:47.5189888,-0.0513010162574545
2022-12-19T15:59:47.5190656,0.0151531852338741
2022-12-19T15:59:47.5191424,0.005941711382419
2022-12-19T15:59:47.5191936,-0.0272853897115341
2022-12-19T15:59:47.5300480,-0.00688855556400039
2022-12-19T15:59:47.5300992,0.00298088052760892
2022-12-19T15:59:47.5301376,-0.00952040516481843
2022-12-19T15:59:47.5301760,-0.000637912722236303
2022-12-19T15:59:47.5302144,-0.0105073487625675
2022-12-19T15:59:47.5302400,0.00956050466658112
2022-12-19T15:59:47.5302784,-0.0220216906334693
2022-12-19T15:59:47.5412736,0.00758661741833119
2022-12-19T15:59:47.5413376,0.0398267765143575
2022-12-19T15:59:47.5413888,-0.0522879597967521
2022-12-19T15:59:47.5414400,0.0536439880203538
2022-12-19T15:59:47.5414912,-0.00886244276554422
2022-12-19T15:59:47.5524608,-0.018731878689657
2022-12-19T15:59:47.5525248,0.085555168053306
2022-12-19T15:59:47.5525760,-0.0128102171518951
2022-12-19T15:59:47.5526272,0.0424586263034057
2022-12-19T15:59:47.5526784,-0.0101783675634727
2022-12-19T15:59:47.5527168,0.0253516028556522
2022-12-19T15:59:47.5639680,-0.00984938636422307
2022-12-19T15:59:47.5640192,-0.0161000291234987
2022-12-19T15:59:47.5640576,0.0444325136518585
2022-12-19T15:59:47.5640960,-0.0364968630035403
2022-12-19T15:59:47.5641216,0.00725763621083642
2022-12-19T15:59:47.5641600,0.00298088052760892
2022-12-19T15:59:47.5756032,-0.0318911263725649
2022-12-19T15:59:47.5757184,-0.0266274273289295
2022-12-19T15:59:47.5757824,0.0115343919204599
2022-12-19T15:59:47.5758464,-0.00261179994148619
2022-12-19T15:59:47.5759104,-0.0233376154066791
2022-12-19T15:59:47.5868032,-0.0315621451834888
2022-12-19T15:59:47.5869312,0.0131792979696624
2022-12-19T15:59:47.5870720,-0.0427475055261936
2022-12-19T15:59:47.5871744,0.00561273017570495
2022-12-19T15:59:47.5872384,0.0543019504800269
2022-12-19T15:59:47.5873024,-0.039457693679041
2022-12-19T15:59:47.6023168,0.0681191622809339
2022-12-19T15:59:47.6024064,0.00758661741833119
2022-12-19T15:59:47.6024704,-0.0276143709026059
2022-12-19T15:59:47.6025216,0.0977274742391835
2022-12-19T15:59:47.6025856,-0.0223506718270028
2022-12-19T15:59:47.6026368,0.0322602084273265
2022-12-19T15:59:47.6135808,0.00133597450261574
2022-12-19T15:59:47.6137728,0.0345630769666917
2022-12-19T15:59:47.6138752,-0.00195383753569171
2022-12-19T15:59:47.6139392,-0.0223506718270028
2022-12-19T15:59:47.6139904,0.0496962132757115
2022-12-19T15:59:47.6140416,-0.0624863762895804
2022-12-19T15:59:47.6141056,-0.00655957436320019
2022-12-19T15:59:47.6141568,0.00265189932229863
2022-12-19T15:59:47.6248960,-0.0203767846634904
2022-12-19T15:59:47.6249856,-0.0295882580458106
2022-12-19T15:59:47.6250496,0.0177850349282693
2022-12-19T15:59:47.6251008,-0.00820448036564994
2022-12-19T15:59:47.6251520,0.0135082791799726
2022-12-19T15:59:47.6361088,-0.0299172392358072
2022-12-19T15:59:47.6362240,0.0217328094887004
2022-12-19T15:59:47.6363136,0.0799624869071432
2022-12-19T15:59:47.6363776,-0.0651182256834811
2022-12-19T15:59:47.6364288,0.0546309317101028
2022-12-19T15:59:47.6364800,-0.0233376154066791
2022-12-19T15:59:47.6477952,0.06252648127987
2022-12-19T15:59:47.6479232,-0.0302462204256504
2022-12-19T15:59:47.6480000,-0.0272853897115341
2022-12-19T15:59:47.6480768,0.0737118433284146
2022-12-19T15:59:47.6481536,-0.0154420667304147
2022-12-19T15:59:47.6596096,0.043774551201739
2022-12-19T15:59:47.6597504,-0.0246535401774255
2022-12-19T15:59:47.6598528,0.0269965089378377
2022-12-19T15:59:47.6599552,-0.017415953907813
2022-12-19T15:59:47.6600448,-0.0226796530203822
2022-12-19T15:59:47.6601216,0.0450904761026137
2022-12-19T15:59:47.6717312,-0.0499850915362638
2022-12-19T15:59:47.6717952,0.0217328094887004
2022-12-19T15:59:47.6718336,-0.0118232735573979
2022-12-19T15:59:47.6718720,-0.027943352093524
2022-12-19T15:59:47.6719104,-0.016429010319809
2022-12-19T15:59:47.6719616,0.0131792979696624
2022-12-19T15:59:47.6855424,-0.000966893925833531
2022-12-19T15:59:47.6856192,-0.00655957436320019
2022-12-19T15:59:47.6856704,-0.0197188222744198
2022-12-19T15:59:47.6857088,0.028970396241662
2022-12-19T15:59:47.6857344,-0.0295882580458106
2022-12-19T15:59:47.6857728,0.0187719785662566
2022-12-19T15:59:47.6976640,0.0447614948771567
2022-12-19T15:59:47.6977152,-0.0489981479937746
2022-12-19T15:59:47.6977536,0.0575917627879726
2022-12-19T15:59:47.6977920,-0.0128102171518951
2022-12-19T15:59:47.6978176,-0.0124812359538841
2022-12-19T15:59:47.6978560,0.0862131305441633
2022-12-19T15:59:47.6978944,-0.00820448036564994
2022-12-19T15:59:47.7098112,0.028970396241662
2022-12-19T15:59:47.7098624,-0.0167579915159647
2022-12-19T15:59:47.7099008,0.028970396241662
2022-12-19T15:59:47.7099392,0.0105474482928166
2022-12-19T15:59:47.7099776,-0.0223506718270028
2022-12-19T15:59:47.7100032,0.0473933446852645
2022-12-19T15:59:47.7213440,-0.0364968630035403
2022-12-19T15:59:47.7214592,0.0125213355495117
2022-12-19T15:59:47.7215360,0.000349030889489121
2022-12-19T15:59:47.7216128,-0.0256404837538696
2022-12-19T15:59:47.7216896,-0.0184028974944275
2022-12-19T15:59:47.7217664,-0.00195383753569171
2022-12-19T15:59:47.7355136,0.00462578655649906
2022-12-19T15:59:47.7355904,-0.00886244276554422
2022-12-19T15:59:47.7356288,-0.00721753676464547
2022-12-19T15:59:47.7356800,0.0135082791799726
2022-12-19T15:59:47.7357184,-0.0200478034690322
2022-12-19T15:59:47.7357824,0.0108764295018745
2022-12-19T15:59:47.7469312,0.0391688140686815
2022-12-19T15:59:47.7470080,-0.0401156560496931
2022-12-19T15:59:47.7470464,0.0556178754012885
2022-12-19T15:59:47.7470848,-0.0108363299615074
2022-12-19T15:59:47.7471232,-0.0282723332842885
2022-12-19T15:59:47.7471616,0.0885159992672657
2022-12-19T15:59:47.7472000,-0.0128102171518951
2022-12-19T15:59:47.7584256,0.191487137554343
2022-12-19T15:59:47.7584768,-0.123347891074485
2022-12-19T15:59:47.7585152,0.0316022459889304
2022-12-19T15:59:47.7585536,-0.00655957436320019
2022-12-19T15:59:47.7585920,-0.0210347470519443
2022-12-19T15:59:47.7586304,0.0358790018498081
2022-12-19T15:59:47.7695872,-0.0588675833571724
2022-12-19T15:59:47.7697152,-0.0568936962954132
2022-12-19T15:59:47.7697920,-0.00326976234665881
2022-12-19T15:59:47.7698560,-0.0137971607449997
2022-12-19T15:59:47.7698944,-0.0266274273289295
2022-12-19T15:59:47.7807872,0.0279834525890402
2022-12-19T15:59:47.7808896,-0.0243245589849698
2022-12-19T15:59:47.7809792,-0.0101783675634727
2022-12-19T15:59:47.7810304,-0.0253115025618754
2022-12-19T15:59:47.7810688,0.00396782414447519
2022-12-19T15:59:47.7810944,-0.0184028974944275
2022-12-19T15:59:47.7922048,0.0131792979696624
2022-12-19T15:59:47.7923200,0.0434455699769174
2022-12-19T15:59:47.7924224,-0.0486691668126406
2022-12-19T15:59:47.7924864,0.0598946314130441
2022-12-19T15:59:47.7925248,-0.00261179994148619
2022-12-19T15:59:47.7925632,-0.0239955777923602
2022-12-19T15:59:47.8042624,0.0809494306354247
2022-12-19T15:59:47.8043904,-0.0170869727119661
2022-12-19T15:59:47.8044800,0.0312732647699692
2022-12-19T15:59:47.8045440,-0.00326976234665881
2022-12-19T15:59:47.8046464,0.0332471520861059
2022-12-19T15:59:47.8190464,-0.0197188222744198
2022-12-19T15:59:47.8191872,-0.0220216906334693
2022-12-19T15:59:47.8192896,0.0467353822322834
2022-12-19T15:59:47.8194048,-0.0216927094397817
2022-12-19T15:59:47.8194816,0.00462578655649906
2022-12-19T15:59:47.8195584,0.0181140161407747
2022-12-19T15:59:47.8196096,-0.0368258441903187
2022-12-19T15:59:47.8309376,-0.0216927094397817
2022-12-19T15:59:47.8310144,2.00496854250026E-05
2022-12-19T15:59:47.8310528,0.00758661741833119
2022-12-19T15:59:47.8310912,-0.00655957436320019
2022-12-19T15:59:47.8311296,-0.0147841043367125
2022-12-19T15:59:47.8311808,0.0138372603904395
2022-12-19T15:59:47.8312192,-0.00425670595325207
2022-12-19T15:59:47.8431104,0.00396782414447519
2022-12-19T15:59:47.8432512,0.0460774197799385
2022-12-19T15:59:47.8433408,-0.0460373173580908
2022-12-19T15:59:47.8434048,0.0519990818739629
2022-12-19T15:59:47.8434560,0.00363884293869718
2022-12-19T15:59:47.8435072,-0.0338650135038022
2022-12-19T15:59:47.8553600,0.0875290555278212
2022-12-19T15:59:47.8554752,-0.00195383753569171
2022-12-19T15:59:47.8555392,0.0335761333060152
2022-12-19T15:59:47.8555904,-0.0134681795474529
2022-12-19T15:59:47.8556416,0.0371949267354569
2022-12-19T15:59:47.8556928,-0.0085334615656746
2022-12-19T15:59:47.8690432,-0.0230086342136077
2022-12-19T15:59:47.8691840,0.0431165887522547
2022-12-19T15:59:47.8692736,-0.0384707501219167
2022-12-19T15:59:47.8693504,0.0144952228118434
2022-12-19T15:59:47.8694144,0.00890254224987264
2022-12-19T15:59:47.8694912,-0.0249825213697274
2022-12-19T15:59:47.8804480,-0.0335360323156458
2022-12-19T15:59:47.8805248,0.00232291811714419
2022-12-19T15:59:47.8805760,-0.0055726307598683
2022-12-19T15:59:47.8806144,-0.0124812359538841
2022-12-19T15:59:47.8806656,-0.0223506718270028
2022-12-19T15:59:47.8807040,-0.00524364955844718
2022-12-19T15:59:47.8807552,-0.0292592768556604
2022-12-19T15:59:47.8922880,-0.00294078114415022
2022-12-19T15:59:47.8924416,0.0391688140686815
2022-12-19T15:59:47.8925312,-0.0460373173580908
2022-12-19T15:59:47.8925824,0.0526570443320408
2022-12-19T15:59:47.8926336,-0.0039277247512097
2022-12-19T15:59:47.8926848,-0.0351809382548961
2022-12-19T15:59:47.9044480,0.069106105991819
2022-12-19T15:59:47.9045504,-0.0101783675634727
2022-12-19T15:59:47.9046400,0.0411427014076124
2022-12-19T15:59:47.9047296,0.00265189932229863
2022-12-19T15:59:47.9047936,0.0217328094887004
2022-12-19T15:59:47.9048704,-0.0075465179651354
2022-12-19T15:59:47.9175424,-0.0256404837538696
2022-12-19T15:59:47.9176064,0.0421296450792193
2022-12-19T15:59:47.9176576,-0.0506430538971631
2022-12-19T15:59:47.9176960,0.000349030889489121
2022-12-19T15:59:47.9177344,0.0082445798337894
2022-12-19T15:59:47.9177728,-0.0322201075614877
2022-12-19T15:59:47.9275136,-0.0203767846634904
2022-12-19T15:59:47.9276288,0.00988948587516988
2022-12-19T15:59:47.9277056,-0.0078754991654702
2022-12-19T15:59:47.9277568,-0.0124812359538841
2022-12-19T15:59:47.9278080,-0.000966893925833531
2022-12-19T15:59:47.9278592,0.00495476776274499
2022-12-19T15:59:47.9376256,-0.00919142396525881
2022-12-19T15:59:47.9377280,0.0237066967774044
2022-12-19T15:59:47.9377792,0.0401557577374334
2022-12-19T15:59:47.9378304,-0.039457693679041
2022-12-19T15:59:47.9378688,0.0543019504800269
2022-12-19T15:59:47.9496320,-0.0128102171518951
2022-12-19T15:59:47.9497728,-0.0348519570673523
2022-12-19T15:59:47.9498624,0.0779885994549393
2022-12-19T15:59:47.9499520,-0.0101783675634727
2022-12-19T15:59:47.9500032,0.0319312272080495
2022-12-19T15:59:47.9615872,-0.00524364955844718
2022-12-19T15:59:47.9617408,0.0283124338064231
2022-12-19T15:59:47.9618560,-0.014126141942392
2022-12-19T15:59:47.9619584,-0.0305752016153402
2022-12-19T15:59:47.9620864,0.0358790018498081
2022-12-19T15:59:47.9622016,-0.0516299974373722
2022-12-19T15:59:47.9738624,0.0197589222056571
2022-12-19T15:59:47.9739520,0.0154821664451246
2022-12-19T15:59:47.9740160,-0.0489981479937746
2022-12-19T15:59:47.9741312,-0.0249825213697274
2022-12-19T15:59:47.9742336,0.0033098617330751
2022-12-19T15:59:47.9743104,-0.0111653111602924
2022-12-19T15:59:47.9862784,-0.00952040516481843
2022-12-19T15:59:47.9863808,-0.0105073487625675
2022-12-19T15:59:47.9864448,0.0227197531323445
2022-12-19T15:59:47.9865088,-0.014126141942392
2022-12-19T15:59:47.9865600,0.0138372603904395
2022-12-19T15:59:47.9866368,0.0427876075277508
2022-12-19T15:59:47.9974784,-0.0299172392358072
2022-12-19T15:59:47.9975936,0.043774551201739
2022-12-19T15:59:47.9976448,0.00166495570730275
2022-12-19T15:59:47.9977088,-0.0361678818166088
2022-12-19T15:59:47.9977600,0.0885159992672657
2022-12-19T15:59:47.9978240,-0.00129587512927513
2022-12-19T15:59:48.0092416,0.0302863211140333
2022-12-19T15:59:48.0093696,0.00199393691214557
2022-12-19T15:59:48.0094720,0.0246936404238808
2022-12-19T15:59:48.0095360,-0.00261179994148619
2022-12-19T15:59:48.0096000,-0.0161000291234987
2022-12-19T15:59:48.0096512,0.0529860255613189
2022-12-19T15:59:48.0213632,-0.0624863762895804
2022-12-19T15:59:48.0214784,0.00758661741833119
2022-12-19T15:59:48.0215552,0.00528374896914695
2022-12-19T15:59:48.0216192,-0.0391287124934857
2022-12-19T15:59:48.0216960,-0.02596946494571
2022-12-19T15:59:48.0217856,0.00100699329808449
2022-12-19T15:59:48.0360192,-0.00162485633256119
2022-12-19T15:59:48.0362240,-0.00623059316224477
2022-12-19T15:59:48.0363520,-0.0184028974944275
2022-12-19T15:59:48.0364288,0.0158111476565318
2022-12-19T15:59:48.0365312,-0.0147841043367125
2022-12-19T15:59:48.0366080,0.0154821664451246
2022-12-19T15:59:48.0459776,0.0348920581872335
2022-12-19T15:59:48.0461312,-0.0151130855336409
2022-12-19T15:59:48.0462464,0.0470643634586944
2022-12-19T15:59:48.0463616,-0.0075465179651354
2022-12-19T15:59:48.0465152,-0.0256404837538696
2022-12-19T15:59:48.0466304,0.0806204493925027
2022-12-19T15:59:48.0467584,-0.0118232735573979
2022-12-19T15:59:48.0574208,0.0256805840717742
2022-12-19T15:59:48.0576000,-0.0121522547557184
2022-12-19T15:59:48.0577024,0.0158111476565318
2022-12-19T15:59:48.0577920,-0.017415953907813
2022-12-19T15:59:48.0578944,-0.0101783675634727
2022-12-19T15:59:48.0579712,0.0460774197799385
2022-12-19T15:59:48.0699648,-0.0670921127225668
2022-12-19T15:59:48.0701440,0.0108764295018745
2022-12-19T15:59:48.0702464,0.010218467083915
2022-12-19T15:59:48.0703232,-0.0397866748644434
2022-12-19T15:59:48.0704000,-0.027943352093524
2022-12-19T15:59:48.0819840,0.00429680535040913
2022-12-19T15:59:48.0821760,0.00100699329808449
2022-12-19T15:59:48.0823296,-0.00359874354901193
2022-12-19T15:59:48.0824448,-0.0220216906334693
2022-12-19T15:59:48.0825216,0.0154821664451246
2022-12-19T15:59:48.0825984,-0.0266274273289295
2022-12-19T15:59:48.0935552,0.00988948587516988
2022-12-19T15:59:48.0936960,0.0526570443320408
2022-12-19T15:59:48.0937728,-0.0460373173580908
2022-12-19T15:59:48.0938752,0.0677901810442935
2022-12-19T15:59:48.0939520,-0.0157710479270339
2022-12-19T15:59:48.0940288,-0.0312331639942593
2022-12-19T15:59:48.1046784,0.115163480785827
2022-12-19T15:59:48.1049856,-0.0075465179651354
2022-12-19T15:59:48.1051392,0.0332471520861059
2022-12-19T15:59:48.1052544,-0.00721753676464547
2022-12-19T15:59:48.1053568,0.0273254901547475
2022-12-19T15:59:48.1054848,-0.00326976234665881
2022-12-19T15:59:48.1193344,-0.0262984461373967
2022-12-19T15:59:48.1194624,0.0230487343472071
2022-12-19T15:59:48.1195520,-0.0595255457098809
2022-12-19T15:59:48.1196160,0.0148242040227804
2022-12-19T15:59:48.1196800,0.00956050466658112
2022-12-19T15:59:48.1197568,2.00496854250026E-05
2022-12-19T15:59:48.1308288,-0.0509720350773848
2022-12-19T15:59:48.1309696,0.00692865500349785
2022-12-19T15:59:48.1310848,0.0345630769666917
2022-12-19T15:59:48.1311744,0.0549599129403384
2022-12-19T15:59:48.1312256,0.0964115492353949
2022-12-19T15:59:48.1312768,-0.0292592768556604
2022-12-19T15:59:48.1313280,-0.0529459221555245
2022-12-19T15:59:48.1428224,0.0286414150239637
2022-12-19T15:59:48.1429376,0.0398267765143575
2022-12-19T15:59:48.1430272,-0.0802513595113311
2022-12-19T15:59:48.1430784,0.0704220309419155
2022-12-19T15:59:48.1431168,-0.0220216906334693
2022-12-19T15:59:48.1431424,-0.0387997313077776
2022-12-19T15:59:48.1549312,0.0881870180206221
2022-12-19T15:59:48.1549952,-0.0121522547557184
2022-12-19T15:59:48.1550336,0.0306153023325207
2022-12-19T15:59:48.1550720,-0.0124812359538841
2022-12-19T15:59:48.1550976,0.0227197531323445
2022-12-19T15:59:48.1551360,-0.00590161196113415
2022-12-19T15:59:48.1689856,-0.0309041828048764
2022-12-19T15:59:48.1690752,0.0362079830709829
2022-12-19T15:59:48.1691264,-0.0496561103555861
2022-12-19T15:59:48.1691648,-0.00195383753569171
2022-12-19T15:59:48.1692032,0.0118633731299873
2022-12-19T15:59:48.1692416,-0.0335360323156458
2022-12-19T15:59:48.1805824,-0.00820448036564994
2022-12-19T15:59:48.1806592,0.010218467083915
2022-12-19T15:59:48.1807360,0.00396782414447519
2022-12-19T15:59:48.1807872,-0.000308931518483477
2022-12-19T15:59:48.1808256,-0.0111653111602924
2022-12-19T15:59:48.1808640,0.0151531852338741
2022-12-19T15:59:48.1808896,-0.018731878689657
2022-12-19T15:59:48.1918464,0.0121923543396712
2022-12-19T15:59:48.1919232,0.0444325136518585
2022-12-19T15:59:48.1919744,-0.027943352093524
2022-12-19T15:59:48.1920128,0.0566048190939116
2022-12-19T15:59:48.1920384,0.0164691100798168
2022-12-19T15:59:48.1920768,-0.0239955777923602
2022-12-19T15:59:48.2030464,0.0825943368524585
2022-12-19T15:59:48.2030976,-0.0124812359538841
2022-12-19T15:59:48.2031360,0.0316022459889304
2022-12-19T15:59:48.2031744,-0.0121522547557184
2022-12-19T15:59:48.2032128,0.0164691100798168
2022-12-19T15:59:48.2145024,-0.0167579915159647
2022-12-19T15:59:48.2145664,-0.0239955777923602
2022-12-19T15:59:48.2146048,0.0391688140686815
2022-12-19T15:59:48.2146304,-0.0601835080619839
2022-12-19T15:59:48.2146688,0.00890254224987264
2022-12-19T15:59:48.2147072,-0.00984938636422307
2022-12-19T15:59:48.2261760,-0.0368258441903187
2022-12-19T15:59:48.2262912,-0.00359874354901193
2022-12-19T15:59:48.2263552,0.00100699329808449
2022-12-19T15:59:48.2263808,0.00988948587516988
2022-12-19T15:59:48.2264320,0.00363884293869718
2022-12-19T15:59:48.2383104,-0.00919142396525881
2022-12-19T15:59:48.2383744,0.00725763621083642
2022-12-19T15:59:48.2384384,-0.0170869727119661
2022-12-19T15:59:48.2384768,0.0115343919204599
2022-12-19T15:59:48.2385280,0.0404847389606678
2022-12-19T15:59:48.2385920,-0.0424185243421653
2022-12-19T15:59:48.2514688,0.0700930497041503
2022-12-19T15:59:48.2515328,-0.0157710479270339
2022-12-19T15:59:48.2515968,-0.0236665965995966
2022-12-19T15:59:48.2516480,0.0793045244224296
2022-12-19T15:59:48.2516992,-0.0207057658577945
2022-12-19T15:59:48.2517888,0.0316022459889304
2022-12-19T15:59:48.2636160,-0.00590161196113415
2022-12-19T15:59:48.2636672,0.0135082791799726
2022-12-19T15:59:48.2637184,-0.00721753676464547
2022-12-19T15:59:48.2637696,-0.0170869727119661
2022-12-19T15:59:48.2638208,0.0352210394079334
2022-12-19T15:59:48.2638720,-0.064789244509772
2022-12-19T15:59:48.2639232,0.0138372603904395
2022-12-19T15:59:48.2752896,0.0082445798337894
2022-12-19T15:59:48.2753664,-0.0499850915362638
2022-12-19T15:59:48.2754176,-0.0243245589849698
2022-12-19T15:59:48.2754688,0.00298088052760892
2022-12-19T15:59:48.2755072,-0.00129587512927513
2022-12-19T15:59:48.2755712,0.00495476776274499
2022-12-19T15:59:48.2865664,-0.00820448036564994
2022-12-19T15:59:48.2866560,0.00363884293869718
2022-12-19T15:59:48.2867072,-0.0190608598847322
2022-12-19T15:59:48.2867456,0.00561273017570495
2022-12-19T15:59:48.2867840,0.0441035324267193
2022-12-19T15:59:48.2868224,-0.0453793549929307
2022-12-19T15:59:48.2982528,0.0543019504800269
2022-12-19T15:59:48.2983168,-0.0078754991654702
2022-12-19T15:59:48.2983680,-0.0282723332842885
2022-12-19T15:59:48.2984192,0.085555168053306
2022-12-19T15:59:48.2984704,-0.0239955777923602
2022-12-19T15:59:48.2985216,0.0385108516236395
2022-12-19T15:59:48.3099392,-0.0197188222744198
2022-12-19T15:59:48.3100032,0.0138372603904395
2022-12-19T15:59:48.3100416,-0.00655957436320019
2022-12-19T15:59:48.3100672,-0.0361678818166088
2022-12-19T15:59:48.3101056,0.0454194573282296
2022-12-19T15:59:48.3220864,-0.0749876608246784
2022-12-19T15:59:48.3221632,-0.000966893925833531
2022-12-19T15:59:48.3222144,0.00988948587516988
2022-12-19T15:59:48.3222656,-0.070052943271019
2022-12-19T15:59:48.3223168,-0.00590161196113415
2022-12-19T15:59:48.3223680,0.0033098617330751
2022-12-19T15:59:48.3357952,-0.0118232735573979
2022-12-19T15:59:48.3358464,-0.00294078114415022
2022-12-19T15:59:48.3358976,0.00265189932229863
2022-12-19T15:59:48.3359232,0.0033098617330751
2022-12-19T15:59:48.3359616,-0.00294078114415022
2022-12-19T15:59:48.3360000,0.00923152345814872
2022-12-19T15:59:48.3475072,0.0450904761026137
2022-12-19T15:59:48.3476224,-0.0387997313077776
2022-12-19T15:59:48.3476992,0.0631844437481781
2022-12-19T15:59:48.3477504,0.0115343919204599
2022-12-19T15:59:48.3477888,-0.0328780699388733
2022-12-19T15:59:48.3478144,0.0763436932492061
2022-12-19T15:59:48.3478656,-0.00688855556400039
2022-12-19T15:59:48.3593216,0.0332471520861059
2022-12-19T15:59:48.3594496,-0.00721753676464547
2022-12-19T15:59:48.3595392,-0.000308931518483477
2022-12-19T15:59:48.3595904,-0.00919142396525881
2022-12-19T15:59:48.3596288,-0.0295882580458106
2022-12-19T15:59:48.3596672,0.0480513071388821
2022-12-19T15:59:48.3715200,-0.0697239620995714
2022-12-19T15:59:48.3716480,0.00988948587516988
2022-12-19T15:59:48.3717248,0.010218467083915
2022-12-19T15:59:48.3717760,-0.0443924114440477
2022-12-19T15:59:48.3718144,-0.0105073487625675
2022-12-19T15:59:48.3718528,0.0128503167595087
2022-12-19T15:59:48.3857536,0.000349030889489121
2022-12-19T15:59:48.3858304,0.00659967379631543
2022-12-19T15:59:48.3858688,0.00199393691214557
2022-12-19T15:59:48.3859072,-0.000966893925833531
2022-12-19T15:59:48.3859584,-0.0118232735573979
2022-12-19T15:59:48.3859840,0.00988948587516988
2022-12-19T15:59:48.4025984,0.0552888941707336
2022-12-19T15:59:48.4026752,-0.0545908280497991
2022-12-19T15:59:48.4027008,0.0720669371331538
2022-12-19T15:59:48.4027392,0.0174560537159208
2022-12-19T15:59:48.4027776,-0.0299172392358072
2022-12-19T15:59:48.4028032,0.0750277682875214
2022-12-19T15:59:48.4028416,-0.0384707501219167
2022-12-19T15:59:48.4141696,0.0246936404238808
2022-12-19T15:59:48.4142848,-0.00919142396525881
2022-12-19T15:59:48.4143744,0.0125213355495117
2022-12-19T15:59:48.4144128,-0.0137971607449997
2022-12-19T15:59:48.4144512,-0.0230086342136077
2022-12-19T15:59:48.4144896,0.0352210394079334
2022-12-19T15:59:48.4145152,-0.0509720350773848
2022-12-19T15:59:48.4145536,0.00265189932229863
2022-12-19T15:59:48.4145920,0.010218467083915
2022-12-19T15:59:48.4256384,-0.0420895431579843
2022-12-19T15:59:48.4257536,-0.0157710479270339
2022-12-19T15:59:48.4258048,0.0210748470603906
2022-12-19T15:59:48.4258560,0.0108764295018745
2022-12-19T15:59:48.4258944,-0.00294078114415022
2022-12-19T15:59:48.4368000,-0.000308931518483477
2022-12-19T15:59:48.4368640,0.00791559862598218
2022-12-19T15:59:48.4369152,-0.0170869727119661
2022-12-19T15:59:48.4369664,0.00265189932229863
2022-12-19T15:59:48.4370176,0.0385108516236395
2022-12-19T15:59:48.4370688,-0.0401156560496931
2022-12-19T15:59:48.4483584,0.0641713874518421
2022-12-19T15:59:48.4484736,0.00232291811714419
2022-12-19T15:59:48.4485632,-0.0322201075614877
2022-12-19T15:59:48.4486400,0.0885159992672657
2022-12-19T15:59:48.4487168,-0.0302462204256504
2022-12-19T15:59:48.4487936,0.0237066967774044
2022-12-19T15:59:48.4599680,0.00495476776274499
2022-12-19T15:59:48.4600832,0.0151531852338741
2022-12-19T15:59:48.4601728,-0.00491466835687079
2022-12-19T15:59:48.4602112,-0.0282723332842885
2022-12-19T15:59:48.4602496,0.0385108516236395
2022-12-19T15:59:48.4602752,-0.0772905290048149
2022-12-19T15:59:48.4721792,0.0214038282744669
2022-12-19T15:59:48.4723072,0.00166495570730275
2022-12-19T15:59:48.4724224,-0.0457083361755869
2022-12-19T15:59:48.4724608,-0.0223506718270028
2022-12-19T15:59:48.4724992,0.00429680535040913
2022-12-19T15:59:48.4859904,0.00627069258928915
2022-12-19T15:59:48.4861696,0.005941711382419
2022-12-19T15:59:48.4863104,-0.00294078114415022
2022-12-19T15:59:48.4864128,-0.00162485633256119
2022-12-19T15:59:48.4865024,-0.0118232735573979
2022-12-19T15:59:48.4865792,0.0121923543396712
2022-12-19T15:59:48.4973440,0.0352210394079334
2022-12-19T15:59:48.4974336,-0.0289302956653566
2022-12-19T15:59:48.4974976,0.0621975000459563
2022-12-19T15:59:48.4975616,-0.000637912722236303
2022-12-19T15:59:48.4976256,-0.0387997313077776
2022-12-19T15:59:48.4976768,0.0789755431803149
2022-12-19T15:59:48.4977408,-0.0361678818166088
2022-12-19T15:59:48.5088000,0.0329181708663548
2022-12-19T15:59:48.5088896,-0.00655957436320019
2022-12-19T15:59:48.5089536,-0.000308931518483477
2022-12-19T15:59:48.5090176,0.00232291811714419
2022-12-19T15:59:48.5090816,-0.0210347470519443
2022-12-19T15:59:48.5091328,0.0467353822322834
2022-12-19T15:59:48.5210240,-0.0661051692037028
2022-12-19T15:59:48.5211392,0.0200879034191048
2022-12-19T15:59:48.5212288,0.000349030889489121
2022-12-19T15:59:48.5213056,-0.0509720350773848
2022-12-19T15:59:48.5213824,0.010218467083915
2022-12-19T15:59:48.5214592,-0.00195383753569171
2022-12-19T15:59:48.5361152,0.00298088052760892
2022-12-19T15:59:48.5362944,0.0108764295018745
2022-12-19T15:59:48.5364480,-0.00294078114415022
2022-12-19T15:59:48.5366016,0.00725763621083642
2022-12-19T15:59:48.5367424,-0.016429010319809
2022-12-19T15:59:48.5368576,-0.00623059316224477
2022-12-19T15:59:48.5493504,0.0325891896467616
2022-12-19T15:59:48.5495296,-0.0315621451834888
2022-12-19T15:59:48.5496448,0.0598946314130441
2022-12-19T15:59:48.5497344,0.00692865500349785
2022-12-19T15:59:48.5498240,-0.038141768935903
2022-12-19T15:59:48.5499136,0.0773306369721622
2022-12-19T15:59:48.5500032,-0.0292592768556604
2022-12-19T15:59:48.5500928,0.0365369642923159
2022-12-19T15:59:48.5605248,0.00627069258928915
2022-12-19T15:59:48.5606528,0.0187719785662566
2022-12-19T15:59:48.5607424,-0.0114942923589225
2022-12-19T15:59:48.5608320,-0.0371548253769442
2022-12-19T15:59:48.5609216,0.0444325136518585
2022-12-19T15:59:48.5610112,-0.0631443386389618
2022-12-19T15:59:48.5726976,0.00956050466658112
2022-12-19T15:59:48.5728384,0.0138372603904395
2022-12-19T15:59:48.5729152,-0.0447213926271611
2022-12-19T15:59:48.5729792,-0.00919142396525881
2022-12-19T15:59:48.5730432,-0.0075465179651354
2022-12-19T15:59:48.5731072,-0.0055726307598683
2022-12-19T15:59:48.5860992,-0.00425670595325207
2022-12-19T15:59:48.5862528,0.00166495570730275
2022-12-19T15:59:48.5863936,0.00232291811714419
2022-12-19T15:59:48.5864832,-0.0170869727119661
2022-12-19T15:59:48.5865856,2.00496854250026E-05
2022-12-19T15:59:48.5866880,0.0431165887522547
2022-12-19T15:59:48.5974400,-0.0513010162574545
2022-12-19T15:59:48.5975040,0.0523280631029221
2022-12-19T15:59:48.5975424,0.00725763621083642
2022-12-19T15:59:48.5975808,-0.0322201075614877
2022-12-19T15:59:48.5976192,0.0872000742816637
2022-12-19T15:59:48.5976576,-0.0480112044499164
2022-12-19T15:59:48.6091136,0.0506831569597203
2022-12-19T15:59:48.6091776,-0.0128102171518951
2022-12-19T15:59:48.6092288,-0.00491466835687079
2022-12-19T15:59:48.6092672,0.0151531852338741
2022-12-19T15:59:48.6093184,-0.017415953907813
2022-12-19T15:59:48.6093824,0.0296283586775321
2022-12-19T15:59:48.6213376,-0.0470242609046887
2022-12-19T15:59:48.6214400,0.0108764295018745
2022-12-19T15:59:48.6215168,0.0184429973534371
2022-12-19T15:59:48.6215680,-0.0693949809279731
2022-12-19T15:59:48.6216064,0.00890254224987264
2022-12-19T15:59:48.6216448,-0.0085334615656746
2022-12-19T15:59:48.6358656,-0.0463662985404424
2022-12-19T15:59:48.6359552,0.0516701006451631
2022-12-19T15:59:48.6360448,0.00495476776274499
2022-12-19T15:59:48.6360832,0.00429680535040913
2022-12-19T15:59:48.6361216,-0.0489981479937746
2022-12-19T15:59:48.6361472,0.0937796992356241
2022-12-19T15:59:48.6473216,0.0151531852338741
2022-12-19T15:59:48.6474368,-0.0348519570673523
2022-12-19T15:59:48.6475392,0.0391688140686815
2022-12-19T15:59:48.6476160,0.0141662416010631
2022-12-19T15:59:48.6476800,-0.0516299974373722
2022-12-19T15:59:48.6477184,0.0789755431803149
2022-12-19T15:59:48.6477568,-0.0371548253769442
2022-12-19T15:59:48.6587648,0.0128503167595087
2022-12-19T15:59:48.6588928,0.0125213355495117
2022-12-19T15:59:48.6589568,0.00298088052760892
2022-12-19T15:59:48.6589952,-0.00919142396525881
2022-12-19T15:59:48.6590336,-0.0167579915159647
2022-12-19T15:59:48.6590720,0.0473933446852645
2022-12-19T15:59:48.6708992,-0.0687370185843248
2022-12-19T15:59:48.6709504,0.0266675277210854
2022-12-19T15:59:48.6709760,0.00396782414447519
2022-12-19T15:59:48.6710144,-0.0437344490773635
2022-12-19T15:59:48.6710400,-0.00359874354901193
2022-12-19T15:59:48.6710912,-0.00886244276554422
2022-12-19T15:59:48.6824192,0.00199393691214557
2022-12-19T15:59:48.6825088,0.00627069258928915
2022-12-19T15:59:48.6825984,0.019100959779233
2022-12-19T15:59:48.6826368,-0.00984938636422307
2022-12-19T15:59:48.6826752,-0.0055726307598683
2022-12-19T15:59:48.6827136,-0.00294078114415022
2022-12-19T15:59:48.6940800,0.043774551201739
2022-12-19T15:59:48.6941824,-0.0246535401774255
2022-12-19T15:59:48.6942592,0.0483802883659295
2022-12-19T15:59:48.6943104,0.0187719785662566
2022-12-19T15:59:48.6943360,-0.0338650135038022
2022-12-19T15:59:48.7057536,0.0668032373353356
2022-12-19T15:59:48.7058560,-0.0355099194422867
2022-12-19T15:59:48.7059584,0.0306153023325207
2022-12-19T15:59:48.7060352,0.00495476776274499
2022-12-19T15:59:48.7061120,0.00396782414447519
2022-12-19T15:59:48.7061888,0.00265189932229863
2022-12-19T15:59:48.7192448,-0.0328780699388733
2022-12-19T15:59:48.7193472,0.0286414150239637
2022-12-19T15:59:48.7194240,-0.0776195101728054
2022-12-19T15:59:48.7194752,0.011205410711089
2022-12-19T15:59:48.7195136,0.00133597450261574
2022-12-19T15:59:48.7195392,-0.0401156560496931
2022-12-19T15:59:48.7308672,-0.00590161196113415
2022-12-19T15:59:48.7309568,0.00429680535040913
2022-12-19T15:59:48.7310336,0.0033098617330751
2022-12-19T15:59:48.7311232,-0.00129587512927513
2022-12-19T15:59:48.7312000,0.00988948587516988
2022-12-19T15:59:48.7312768,-0.0236665965995966
2022-12-19T15:59:48.7313280,-0.0236665965995966
2022-12-19T15:59:48.7423488,0.0151531852338741
2022-12-19T15:59:48.7424256,0.0398267765143575
2022-12-19T15:59:48.7424768,-0.0289302956653566
2022-12-19T15:59:48.7425152,0.0635134249825725
2022-12-19T15:59:48.7425536,0.00363884293869718
2022-12-19T15:59:48.7425920,-0.0193898410796531
2022-12-19T15:59:48.7535872,0.0776596182134701
2022-12-19T15:59:48.7536768,-0.0374838065634167
2022-12-19T15:59:48.7537536,0.0319312272080495
2022-12-19T15:59:48.7537920,0.00396782414447519
2022-12-19T15:59:48.7538304,2.00496854250026E-05
2022-12-19T15:59:48.7649920,-0.00919142396525881
2022-12-19T15:59:48.7650944,-0.0246535401774255
2022-12-19T15:59:48.7651712,0.0381818704013563
2022-12-19T15:59:48.7652224,-0.0559067527624882
2022-12-19T15:59:48.7652608,0.0161401288680959
2022-12-19T15:59:48.7652992,0.00956050466658112
2022-12-19T15:59:48.7765120,-0.0522879597967521
2022-12-19T15:59:48.7765632,-0.0131391983497513
2022-12-19T15:59:48.7766016,0.00133597450261574
2022-12-19T15:59:48.7766272,-0.00195383753569171
2022-12-19T15:59:48.7766656,-0.0111653111602924
2022-12-19T15:59:48.7767040,0.0115343919204599
2022-12-19T15:59:48.7877248,-0.0137971607449997
2022-12-19T15:59:48.7878144,-0.0124812359538841
2022-12-19T15:59:48.7879040,0.0227197531323445
2022-12-19T15:59:48.7879808,0.0204168846327095
2022-12-19T15:59:48.7880576,-0.0282723332842885
2022-12-19T15:59:48.7991552,0.0477223259119937
2022-12-19T15:59:48.7992320,0.000349030889489121
2022-12-19T15:59:48.7992832,-0.0361678818166088
2022-12-19T15:59:48.7993216,0.0658162936278223
2022-12-19T15:59:48.7993600,-0.0345229758796555
2022-12-19T15:59:48.7994240,0.0312732647699692
2022-12-19T15:59:48.8087296,0.0194299409923665
2022-12-19T15:59:48.8088448,0.0125213355495117
2022-12-19T15:59:48.8089088,-0.00721753676464547
2022-12-19T15:59:48.8089600,-0.0213637282459401
2022-12-19T15:59:48.8090112,0.0464064010060314
2022-12-19T15:59:48.8090624,-0.0628153574643467
2022-12-19T15:59:48.8190592,0.0450904761026137
2022-12-19T15:59:48.8191360,0.00232291811714419
2022-12-19T15:59:48.8191872,-0.0427475055261936
2022-12-19T15:59:48.8192384,-0.00655957436320019
2022-12-19T15:59:48.8193024,2.00496854250026E-05
2022-12-19T15:59:48.8290048,-0.000308931518483477
2022-12-19T15:59:48.8290816,-0.0210347470519443
2022-12-19T15:59:48.8291584,-0.00162485633256119
2022-12-19T15:59:48.8292224,-0.018731878689657
2022-12-19T15:59:48.8292608,-0.0236665965995966
2022-12-19T15:59:48.8387968,0.00133597450261574
2022-12-19T15:59:48.8388608,0.0332471520861059
2022-12-19T15:59:48.8389120,-0.0276143709026059
2022-12-19T15:59:48.8389632,0.0493672320480272
2022-12-19T15:59:48.8390144,-0.00228281873866669
2022-12-19T15:59:48.8487680,-0.0364968630035403
2022-12-19T15:59:48.8488832,0.0592366689479383
2022-12-19T15:59:48.8489472,-0.0338650135038022
2022-12-19T15:59:48.8490240,0.0273254901547475
2022-12-19T15:59:48.8490880,-0.0055726307598683
2022-12-19T15:59:48.8588416,-0.00425670595325207
2022-12-19T15:59:48.8589568,0.00232291811714419
2022-12-19T15:59:48.8590336,-0.0154420667304147
2022-12-19T15:59:48.8590976,0.043774551201739
2022-12-19T15:59:48.8591616,-0.0716978491259991
2022-12-19T15:59:48.8687232,0.0256805840717742
2022-12-19T15:59:48.8688128,0.0184429973534371
2022-12-19T15:59:48.8688896,-0.0460373173580908
2022-12-19T15:59:48.8689536,10.889856666634
2022-12-19T15:59:48.8689920,-0.0894628321207369
2022-12-19T15:59:48.8787584,0.0151531852338741
2022-12-19T15:59:48.8788352,0.00956050466658112
2022-12-19T15:59:48.8788864,0.010218467083915
2022-12-19T15:59:48.8789376,-0.00919142396525881
2022-12-19T15:59:48.8789888,-0.00294078114415022
2022-12-19T15:59:48.8884096,-0.0420895431579843
2022-12-19T15:59:48.8884864,0.043774551201739
2022-12-19T15:59:48.8885760,0.000349030889489121
2022-12-19T15:59:48.8886400,0.0348920581872335
2022-12-19T15:59:48.8886912,0.0174560537159208
2022-12-19T15:59:48.9078528,-0.0184028974944275
2022-12-19T15:59:48.9079168,0.0766726744900302
2022-12-19T15:59:48.9079552,-0.0493271291747564
2022-12-19T15:59:48.9079936,0.0539729692501105
2022-12-19T15:59:48.9202560,0.00495476776274499
2022-12-19T15:59:48.9203200,0.00166495570730275
2022-12-19T15:59:48.9203840,-0.0193898410796531
2022-12-19T15:59:48.9204352,-0.0358389006295243
2022-12-19T15:59:48.9204864,0.0441035324267193
2022-12-19T15:59:48.9205376,-0.077948491340646
2022-12-19T15:59:48.9205888,0.00659967379631543
2022-12-19T15:59:48.9206528,0.0256805840717742
2022-12-19T15:59:48.9207040,-0.0555777715845434
2022-12-19T15:59:48.9207552,-0.00952040516481843
2022-12-19T15:59:48.9315456,0.0105474482928166
2022-12-19T15:59:48.9316096,-0.00228281873866669
2022-12-19T15:59:48.9316608,0.00298088052760892
2022-12-19T15:59:48.9317248,0.0154821664451246
2022-12-19T15:59:48.9317760,2.00496854250026E-05
2022-12-19T15:59:48.9318272,-0.0154420667304147
2022-12-19T15:59:48.9428352,0.0144952228118434
2022-12-19T15:59:48.9429504,0.0250226216396877
2022-12-19T15:59:48.9430272,-0.0276143709026059
2022-12-19T15:59:48.9430784,0.0394977952914403
2022-12-19T15:59:48.9431168,-0.00195383753569171
2022-12-19T15:59:48.9431424,-0.0286013144748993
2022-12-19T15:59:48.9549568,0.0727248996107753
2022-12-19T15:59:48.9550592,-0.0239955777923602
2022-12-19T15:59:48.9551488,0.0421296450792193
2022-12-19T15:59:48.9552000,0.00956050466658112
2022-12-19T15:59:48.9552256,-0.016429010319809
2022-12-19T15:59:48.9552640,-0.0348519570673523
2022-12-19T15:59:48.9693184,-0.0243245589849698
2022-12-19T15:59:48.9693824,0.0306153023325207
2022-12-19T15:59:48.9694208,-0.0693949809279731
2022-12-19T15:59:48.9694592,0.0207458658464715
2022-12-19T15:59:48.9694848,0.0144952228118434
2022-12-19T15:59:48.9695360,-0.0407736184197342
2022-12-19T15:59:48.9816320,-0.00129587512927513
2022-12-19T15:59:48.9817472,-0.00129587512927513
2022-12-19T15:59:48.9818112,0.011205410711089
2022-12-19T15:59:48.9818496,0.00199393691214557
2022-12-19T15:59:48.9818880,0.00758661741833119
2022-12-19T15:59:48.9819136,-0.00359874354901193
2022-12-19T15:59:48.9819520,-0.00261179994148619
2022-12-19T15:59:48.9933824,0.0230487343472071
2022-12-19T15:59:48.9934592,0.0388398328460813
2022-12-19T15:59:48.9935104,-0.02596946494571
2022-12-19T15:59:48.9935488,0.0427876075277508
2022-12-19T15:59:48.9935744,0.00232291811714419
2022-12-19T15:59:48.9936128,-0.0253115025618754
2022-12-19T15:59:49.0045824,0.0645003686867174
2022-12-19T15:59:49.0046464,-0.0414315807891646
2022-12-19T15:59:49.0046720,0.0214038282744669
2022-12-19T15:59:49.0047104,0.0164691100798168
2022-12-19T15:59:49.0047488,-0.0105073487625675
2022-12-19T15:59:49.0047744,-0.0137971607449997
2022-12-19T15:59:49.0193152,-0.0338650135038022
2022-12-19T15:59:49.0193792,0.0273254901547475
2022-12-19T15:59:49.0194304,-0.0582096210038585
2022-12-19T15:59:49.0194816,0.00363884293869718
2022-12-19T15:59:49.0195456,-0.00195383753569171
2022-12-19T15:59:49.0305792,-0.0496561103555861
2022-12-19T15:59:49.0306304,0.005941711382419
2022-12-19T15:59:49.0306688,0.000678012093708949
2022-12-19T15:59:49.0307072,0.000678012093708949
2022-12-19T15:59:49.0307328,0.0082445798337894
2022-12-19T15:59:49.0307840,0.0128503167595087
2022-12-19T15:59:49.0308352,-0.0101783675634727
2022-12-19T15:59:49.0308608,0.00133597450261574
2022-12-19T15:59:49.0420864,0.00956050466658112
2022-12-19T15:59:49.0421888,0.043774551201739
2022-12-19T15:59:49.0422656,-0.0246535401774255
2022-12-19T15:59:49.0423168,0.0612105563451762
2022-12-19T15:59:49.0423552,-0.000966893925833531
2022-12-19T15:59:49.0423808,-0.0272853897115341
2022-12-19T15:59:49.0543104,0.0635134249825725
2022-12-19T15:59:49.0544384,-0.0312331639942593
2022-12-19T15:59:49.0545152,0.0240356779927391
2022-12-19T15:59:49.0545536,0.0243646592082312
2022-12-19T15:59:49.0545792,-0.0355099194422867
2022-12-19T15:59:49.0693760,-0.00228281873866669
2022-12-19T15:59:49.0694400,-0.0328780699388733
2022-12-19T15:59:49.0694784,0.0371949267354569
2022-12-19T15:59:49.0695040,-0.0582096210038585
2022-12-19T15:59:49.0695424,0.0286414150239637
2022-12-19T15:59:49.0695808,0.0335761333060152
2022-12-19T15:59:49.0809600,-0.0453793549929307
2022-12-19T15:59:49.0810496,0.00133597450261574
2022-12-19T15:59:49.0811136,0.00791559862598218
2022-12-19T15:59:49.0811648,0.00495476776274499
2022-12-19T15:59:49.0812160,-0.00458568715513909
2022-12-19T15:59:49.0812416,0.0171270725037292
2022-12-19T15:59:49.0812800,-0.00721753676464547
2022-12-19T15:59:49.0813184,-0.0055726307598683
2022-12-19T15:59:49.0924928,0.00528374896914695
2022-12-19T15:59:49.0925824,0.0434455699769174
2022-12-19T15:59:49.0926336,-0.0384707501219167
2022-12-19T15:59:49.0926720,0.0793045244224296
2022-12-19T15:59:49.0927104,-0.0075465179651354
2022-12-19T15:59:49.0927488,-0.0473532420865835
2022-12-19T15:59:49.1036160,0.0513411194165228
2022-12-19T15:59:49.1036800,-0.0374838065634167
2022-12-19T15:59:49.1037184,0.0460774197799385
2022-12-19T15:59:49.1037568,0.0194299409923665
2022-12-19T15:59:49.1037952,-0.00294078114415022
2022-12-19T15:59:49.1137664,-0.00919142396525881
2022-12-19T15:59:49.1138560,-0.0147841043367125
2022-12-19T15:59:49.1139200,0.0490382508205021
2022-12-19T15:59:49.1139712,-0.064789244509772
2022-12-19T15:59:49.1140224,0.00659967379631543
2022-12-19T15:59:49.1140736,0.0171270725037292
2022-12-19T15:59:49.1300864,-0.0440634302607818
2022-12-19T15:59:49.1301760,-0.00524364955844718
2022-12-19T15:59:49.1302272,0.0115343919204599
2022-12-19T15:59:49.1302656,-0.0111653111602924
2022-12-19T15:59:49.1302912,0.0194299409923665
2022-12-19T15:59:49.1408512,0.0681191622809339
2022-12-19T15:59:49.1409408,0.0766726744900302
2022-12-19T15:59:49.1410048,-0.0371548253769442
2022-12-19T15:59:49.1410560,0.0141662416010631
2022-12-19T15:59:49.1410944,0.011205410711089
2022-12-19T15:59:49.1411200,-0.0437344490773635
2022-12-19T15:59:49.1412096,0.107925893106961
2022-12-19T15:59:49.1412352,-0.0239955777923602
2022-12-19T15:59:49.1535488,-0.0338650135038022
2022-12-19T15:59:49.1537408,0.0723959183718841
2022-12-19T15:59:49.1538432,-0.0397866748644434
2022-12-19T15:59:49.1539072,0.0181140161407747
2022-12-19T15:59:49.1539712,0.0148242040227804
2022-12-19T15:59:49.1540352,-0.0151130855336409
2022-12-19T15:59:49.1654144,-0.0177449351035055
2022-12-19T15:59:49.1656704,-0.0361678818166088
2022-12-19T15:59:49.1658240,0.0233777155622271
2022-12-19T15:59:49.1659264,-0.055248790406447
2022-12-19T15:59:49.1660032,0.0167980912916946
2022-12-19T15:59:49.1660544,0.0108764295018745
2022-12-19T15:59:49.1753344,-0.0312331639942593
2022-12-19T15:59:49.1755392,0.00199393691214557
2022-12-19T15:59:49.1756800,0.0082445798337894
2022-12-19T15:59:49.1757696,0.00857356104175289
2022-12-19T15:59:49.1758336,-0.00195383753569171
2022-12-19T15:59:49.1758976,0.00758661741833119
2022-12-19T15:59:49.1858816,0.000349030889489121
2022-12-19T15:59:49.1859712,-0.00491466835687079
2022-12-19T15:59:49.1860352,-0.00326976234665881
2022-12-19T15:59:49.1861120,0.0312732647699692
2022-12-19T15:59:49.1861632,-0.0384707501219167
2022-12-19T15:59:49.1988736,0.0480513071388821
2022-12-19T15:59:49.1991296,0.0141662416010631
2022-12-19T15:59:49.1992448,-0.0262984461373967
2022-12-19T15:59:49.1993216,0.064829349921753
2022-12-19T15:59:49.1993984,-0.0414315807891646
2022-12-19T15:59:49.2107392,0.0269965089378377
2022-12-19T15:59:49.2110080,0.00725763621083642
2022-12-19T15:59:49.2112256,-0.0312331639942593
2022-12-19T15:59:49.2113664,-0.0055726307598683
2022-12-19T15:59:49.2114688,-0.0332070511273362
2022-12-19T15:59:49.2115968,0.0496962132757115
2022-12-19T15:59:49.2116992,-0.0443924114440477
2022-12-19T15:59:49.2235392,0.0151531852338741
2022-12-19T15:59:49.2237696,0.00988948587516988
2022-12-19T15:59:49.2238848,-0.0463662985404424
2022-12-19T15:59:49.2240000,0.0125213355495117
2022-12-19T15:59:49.2241152,0.0171270725037292
2022-12-19T15:59:49.2242432,0.00692865500349785
2022-12-19T15:59:49.2377472,0.00692865500349785
2022-12-19T15:59:49.2381440,0.00923152345814872
2022-12-19T15:59:49.2382848,-0.00952040516481843
2022-12-19T15:59:49.2383872,-0.000308931518483477
2022-12-19T15:59:49.2384768,-0.00195383753569171
2022-12-19T15:59:49.2385792,0.00988948587516988
2022-12-19T15:59:49.2496384,-0.0216927094397817
2022-12-19T15:59:49.2499584,0.0444325136518585
2022-12-19T15:59:49.2501888,0.00199393691214557
2022-12-19T15:59:49.2504576,-0.0387997313077776
2022-12-19T15:59:49.2507136,0.0654873123923055
2022-12-19T15:59:49.2509952,-0.0417605619736507
2022-12-19T15:59:49.2512512,0.0131792979696624
2022-12-19T15:59:49.2633728,0.00133597450261574
2022-12-19T15:59:49.2636672,-0.0276143709026059
2022-12-19T15:59:49.2638080,0.00561273017570495
2022-12-19T15:59:49.2639104,-0.0243245589849698
2022-12-19T15:59:49.2640128,0.0543019504800269
2022-12-19T15:59:49.2641024,-0.0282723332842885
2022-12-19T15:59:49.2642048,0.0207458658464715
2022-12-19T15:59:49.2751360,0.0385108516236395
2022-12-19T15:59:49.2753536,-0.0516299974373722
2022-12-19T15:59:49.2754688,0.010218467083915
2022-12-19T15:59:49.2755968,-0.00688855556400039
2022-12-19T15:59:49.2756992,-0.00590161196113415
2022-12-19T15:59:49.2758016,0.0033098617330751
2022-12-19T15:59:49.2880512,0.005941711382419
2022-12-19T15:59:49.2885120,-0.00326976234665881
2022-12-19T15:59:49.2888064,-0.0131391983497513
2022-12-19T15:59:49.2890624,0.00495476776274499
2022-12-19T15:59:49.2893184,0.0210748470603906
2022-12-19T15:59:49.2894592,-0.0351809382548961
2022-12-19T15:59:49.3005952,0.0431165887522547
2022-12-19T15:59:49.3009024,-0.000637912722236303
2022-12-19T15:59:49.3010688,-0.0355099194422867
2022-12-19T15:59:49.3011968,0.0677901810442935
2022-12-19T15:59:49.3013248,-0.0299172392358072
2022-12-19T15:59:49.3014400,0.0378528891792314
2022-12-19T15:59:49.3015680,0.0266675277210854
2022-12-19T15:59:49.3134336,-0.0220216906334693
2022-12-19T15:59:49.3137024,0.00528374896914695
2022-12-19T15:59:49.3138816,-0.0197188222744198
2022-12-19T15:59:49.3139968,0.0457484385540046
2022-12-19T15:59:49.3140992,-0.0417605619736507
2022-12-19T15:59:49.3141888,0.0322602084273265
2022-12-19T15:59:49.3257216,0.0115343919204599
2022-12-19T15:59:49.3260160,-0.0414315807891646
2022-12-19T15:59:49.3261824,0.0250226216396877
2022-12-19T15:59:49.3263232,0.00890254224987264
2022-12-19T15:59:49.3264256,-0.0161000291234987
2022-12-19T15:59:49.3265152,0.00363884293869718
2022-12-19T15:59:49.3382400,0.00528374896914695
2022-12-19T15:59:49.3384448,-0.00491466835687079
2022-12-19T15:59:49.3385600,-0.0210347470519443
2022-12-19T15:59:49.3386624,0.00166495570730275
2022-12-19T15:59:49.3387648,0.0296283586775321
2022-12-19T15:59:49.3388544,-0.0272853897115341
2022-12-19T15:59:49.3481088,0.0510121381880419
2022-12-19T15:59:49.3483136,0.0154821664451246
2022-12-19T15:59:49.3484288,-0.0338650135038022
2022-12-19T15:59:49.3485184,0.0694350872291021
2022-12-19T15:59:49.3486208,-0.0506430538971631
2022-12-19T15:59:49.3487104,0.0240356779927391
2022-12-19T15:59:49.3488128,0.0115343919204599
2022-12-19T15:59:49.3596032,-0.00688855556400039
2022-12-19T15:59:49.3600256,0.005941711382419
2022-12-19T15:59:49.3602944,-0.0414315807891646
2022-12-19T15:59:49.3605120,0.0444325136518585
2022-12-19T15:59:49.3607296,-0.0536038845136896
2022-12-19T15:59:49.3738368,0.0253516028556522
2022-12-19T15:59:49.3741184,0.00725763621083642
2022-12-19T15:59:49.3742976,-0.0447213926271611
2022-12-19T15:59:49.3744128,0.00265189932229863
2022-12-19T15:59:49.3745152,0.00725763621083642
2022-12-19T15:59:49.3880832,0.0033098617330751
2022-12-19T15:59:49.3883520,0.00528374896914695
2022-12-19T15:59:49.3885184,-0.0101783675634727
2022-12-19T15:59:49.3886336,-0.0105073487625675
2022-12-19T15:59:49.3887360,-0.0207057658577945
2022-12-19T15:59:49.3888512,0.00528374896914695
2022-12-19T15:59:49.3889536,0.0292993774595181
2022-12-19T15:59:49.3979648,-0.0338650135038022
2022-12-19T15:59:49.3982848,0.0569338003251055
2022-12-19T15:59:49.3985408,0.0171270725037292
2022-12-19T15:59:49.3987200,-0.0378127877497363
2022-12-19T15:59:49.3988352,0.064829349921753
2022-12-19T15:59:49.3989376,-0.0312331639942593
2022-12-19T15:59:49.3990528,0.0302863211140333
2022-12-19T15:59:49.3991552,0.00692865500349785
2022-12-19T15:59:49.4082432,-0.0282723332842885
2022-12-19T15:59:49.4084992,0.00659967379631543
2022-12-19T15:59:49.4086272,-0.0312331639942593
2022-12-19T15:59:49.4087424,0.0411427014076124
2022-12-19T15:59:49.4088576,-0.0443924114440477
2022-12-19T15:59:49.4216960,0.00692865500349785
2022-12-19T15:59:49.4220288,0.00890254224987264
2022-12-19T15:59:49.4221824,-0.0519589786171381
2022-12-19T15:59:49.4222976,0.0121923543396712
2022-12-19T15:59:49.4224128,0.00659967379631543
2022-12-19T15:59:49.4339584,-0.00655957436320019
2022-12-19T15:59:49.4342656,-0.00129587512927513
2022-12-19T15:59:49.4344320,0.00923152345814872
2022-12-19T15:59:49.4345728,-0.0216927094397817
2022-12-19T15:59:49.4346880,-0.0134681795474529
2022-12-19T15:59:49.4348032,0.00133597450261574
2022-12-19T15:59:49.4434944,0.0240356779927391
2022-12-19T15:59:49.4437120,-0.0230086342136077
2022-12-19T15:59:49.4438272,0.0546309317101028
2022-12-19T15:59:49.4439424,-0.00359874354901193
2022-12-19T15:59:49.4440448,-0.0332070511273362
2022-12-19T15:59:49.4441728,0.0750277682875214
2022-12-19T15:59:49.4566400,-0.0315621451834888
2022-12-19T15:59:49.4569344,0.0322602084273265
2022-12-19T15:59:49.4571136,0.00923152345814872
2022-12-19T15:59:49.4572288,-0.027943352093524
2022-12-19T15:59:49.4573312,0.00923152345814872
2022-12-19T15:59:49.4715904,-0.0325490887502571
2022-12-19T15:59:49.4718080,0.0460774197799385
2022-12-19T15:59:49.4719360,-0.0664341503768083
2022-12-19T15:59:49.4720512,0.00692865500349785
2022-12-19T15:59:49.4721664,0.0138372603904395
2022-12-19T15:59:49.4722688,-0.0470242609046887
2022-12-19T15:59:49.4723712,-0.00228281873866669
2022-12-19T15:59:49.4835200,-0.00721753676464547
2022-12-19T15:59:49.4839808,0.0033098617330751
2022-12-19T15:59:49.4843136,-0.00952040516481843
2022-12-19T15:59:49.4845824,0.00528374896914695
2022-12-19T15:59:49.4848128,-0.0101783675634727
2022-12-19T15:59:49.4850688,-0.0111653111602924
2022-12-19T15:59:49.4852352,2.00496854250026E-05
2022-12-19T15:59:49.4975488,0.0260095652880537
2022-12-19T15:59:49.4977792,-0.0184028974944275
2022-12-19T15:59:49.4978944,0.0598946314130441
2022-12-19T15:59:49.4980096,0.0256805840717742
2022-12-19T15:59:49.4981120,-0.0332070511273362
2022-12-19T15:59:49.4982272,0.0858841492986537
2022-12-19T15:59:49.4983296,-0.0361678818166088
2022-12-19T15:59:49.5076352,0.0329181708663548
2022-12-19T15:59:49.5079680,0.0230487343472071
2022-12-19T15:59:49.5082240,-0.0137971607449997
2022-12-19T15:59:49.5084672,0.0105474482928166
2022-12-19T15:59:49.5086848,-0.0246535401774255
2022-12-19T15:59:49.5088512,0.0464064010060314
2022-12-19T15:59:49.5216768,-0.0447213926271611
2022-12-19T15:59:49.5219072,0.0174560537159208
2022-12-19T15:59:49.5220352,0.0167980912916946
2022-12-19T15:59:49.5221504,-0.0608414704134819
2022-12-19T15:59:49.5222528,-0.000637912722236303
2022-12-19T15:59:49.5223680,-0.00590161196113415
2022-12-19T15:59:49.5315968,-0.0039277247512097
2022-12-19T15:59:49.5318016,0.00232291811714419
2022-12-19T15:59:49.5319424,-0.00491466835687079
2022-12-19T15:59:49.5320448,-0.00688855556400039
2022-12-19T15:59:49.5321472,-0.0147841043367125
2022-12-19T15:59:49.5322624,-0.00326976234665881
2022-12-19T15:59:49.5433216,0.011205410711089
2022-12-19T15:59:49.5435264,-0.0236665965995966
2022-12-19T15:59:49.5436544,0.0539729692501105
2022-12-19T15:59:49.5437696,0.005941711382419
2022-12-19T15:59:49.5438720,-0.0358389006295243
2022-12-19T15:59:49.5552384,0.0809494306354247
2022-12-19T15:59:49.5555712,-0.0358389006295243
2022-12-19T15:59:49.5557376,0.0371949267354569
2022-12-19T15:59:49.5559040,0.0174560537159208
2022-12-19T15:59:49.5560576,-0.0154420667304147
2022-12-19T15:59:49.5561728,0.0312732647699692
2022-12-19T15:59:49.5674368,-0.0230086342136077
2022-12-19T15:59:49.5676544,0.0316022459889304
2022-12-19T15:59:49.5677824,-0.0539328656925445
2022-12-19T15:59:49.5678976,0.0121923543396712
2022-12-19T15:59:49.5680128,0.0115343919204599
2022-12-19T15:59:49.5681280,-0.0605124892378086
2022-12-19T15:59:49.5769472,0.00396782414447519
2022-12-19T15:59:49.5772416,0.00462578655649906
2022-12-19T15:59:49.5774848,-0.00688855556400039
2022-12-19T15:59:49.5776384,0.00528374896914695
2022-12-19T15:59:49.5777536,-0.000637912722236303
2022-12-19T15:59:49.5778688,-0.0230086342136077
2022-12-19T15:59:49.5888000,-0.0230086342136077
2022-12-19T15:59:49.5891200,0.0082445798337894
2022-12-19T15:59:49.5893632,0.0223907719176392
2022-12-19T15:59:49.5895552,-0.0184028974944275
2022-12-19T15:59:49.5896704,0.0493672320480272
2022-12-19T15:59:49.5988864,0.0033098617330751
2022-12-19T15:59:49.5994496,-0.038141768935903
2022-12-19T15:59:49.5996544,0.0700930497041503
2022-12-19T15:59:49.5997824,-0.0559067527624882
2022-12-19T15:59:49.5998976,0.0233777155622271
2022-12-19T15:59:49.6000128,0.0125213355495117
2022-12-19T15:59:49.6091392,-0.0170869727119661
2022-12-19T15:59:49.6095232,0.0220617907030912
2022-12-19T15:59:49.6099584,-0.0463662985404424
2022-12-19T15:59:49.6102912,0.0414716826313227
2022-12-19T15:59:49.6105600,-0.0486691668126406
2022-12-19T15:59:49.6265600,0.0552888941707336
2022-12-19T15:59:49.6268544,0.0210748470603906
2022-12-19T15:59:49.6271104,-0.0335360323156458
2022-12-19T15:59:49.6273152,0.0401557577374334
2022-12-19T15:59:49.6274560,-0.00721753676464547
2022-12-19T15:59:49.6382592,0.043774551201739
2022-12-19T15:59:49.6385664,0.0385108516236395
2022-12-19T15:59:49.6388224,-0.0351809382548961
2022-12-19T15:59:49.6390016,-0.00162485633256119
2022-12-19T15:59:49.6391168,-0.0542618468712477
2022-12-19T15:59:49.6392448,0.0651583311569491
2022-12-19T15:59:49.6393600,0.00627069258928915
2022-12-19T15:59:49.6394624,-0.0312331639942593
2022-12-19T15:59:49.6395648,0.0339051145260825
2022-12-19T15:59:49.6481664,-0.000966893925833531
2022-12-19T15:59:49.6484992,-0.0440634302607818
2022-12-19T15:59:49.6487552,0.0740408245679497
2022-12-19T15:59:49.6489600,-0.0496561103555861
2022-12-19T15:59:49.6491136,0.0348920581872335
2022-12-19T15:59:49.6492160,0.0171270725037292
2022-12-19T15:59:49.6596224,-0.0075465179651354
2022-12-19T15:59:49.6599808,0.00956050466658112
2022-12-19T15:59:49.6601728,-0.0282723332842885
2022-12-19T15:59:49.6602880,0.0283124338064231
2022-12-19T15:59:49.6604032,-0.0434054678937928
2022-12-19T15:59:49.6719232,0.0164691100798168
2022-12-19T15:59:49.6722816,0.0184429973534371
2022-12-19T15:59:49.6724608,-0.0532749033346829
2022-12-19T15:59:49.6726016,0.0161401288680959
2022-12-19T15:59:49.6727680,-0.000308931518483477
2022-12-19T15:59:49.6835968,-0.0144551231396295
2022-12-19T15:59:49.6839040,0.00988948587516988
2022-12-19T15:59:49.6840832,0.000349030889489121
2022-12-19T15:59:49.6841984,-0.0114942923589225
2022-12-19T15:59:49.6843136,-0.018731878689657
2022-12-19T15:59:49.6844544,0.0148242040227804
2022-12-19T15:59:49.6933120,0.0246936404238808
2022-12-19T15:59:49.6935296,-0.0295882580458106
2022-12-19T15:59:49.6936448,0.0391688140686815
2022-12-19T15:59:49.6937728,-0.00195383753569171
2022-12-19T15:59:49.6938752,-0.027943352093524
2022-12-19T15:59:49.6939776,0.068448143517735
2022-12-19T15:59:49.7051520,-0.0450503738101221
2022-12-19T15:59:49.7054848,0.0335761333060152
2022-12-19T15:59:49.7056512,0.0220617907030912
2022-12-19T15:59:49.7057920,-0.018731878689657
2022-12-19T15:59:49.7059072,0.0217328094887004
2022-12-19T15:59:49.7151744,-0.0111653111602924
2022-12-19T15:59:49.7154944,0.0233777155622271
2022-12-19T15:59:49.7156608,-0.0315621451834888
2022-12-19T15:59:49.7158016,0.0319312272080495
2022-12-19T15:59:49.7159040,0.0161401288680959
2022-12-19T15:59:49.7160064,-0.0641312821619009
2022-12-19T15:59:49.7268352,0.0118633731299873
2022-12-19T15:59:49.7270528,0.0164691100798168
2022-12-19T15:59:49.7271808,-0.000637912722236303
2022-12-19T15:59:49.7272832,0.00298088052760892
2022-12-19T15:59:49.7273856,0.00659967379631543
2022-12-19T15:59:49.7386880,-0.0105073487625675
2022-12-19T15:59:49.7391360,-0.0039277247512097
2022-12-19T15:59:49.7394304,0.00429680535040913
2022-12-19T15:59:49.7396608,0.0210748470603906
2022-12-19T15:59:49.7398784,-0.0197188222744198
2022-12-19T15:59:49.7401088,0.0523280631029221
2022-12-19T15:59:49.7524480,0.00725763621083642
2022-12-19T15:59:49.7527424,-0.0384707501219167
2022-12-19T15:59:49.7529088,0.0539729692501105
2022-12-19T15:59:49.7530368,-0.038141768935903
2022-12-19T15:59:49.7531392,0.0306153023325207
2022-12-19T15:59:49.7532544,0.0158111476565318
2022-12-19T15:59:49.7622784,-0.0305752016153402
2022-12-19T15:59:49.7626112,0.0161401288680959
2022-12-19T15:59:49.7628544,-0.0223506718270028
2022-12-19T15:59:49.7630336,0.0194299409923665
2022-12-19T15:59:49.7631616,-0.0503140727167894
2022-12-19T15:59:49.7632768,0.0115343919204599
2022-12-19T15:59:49.7633792,0.0148242040227804
2022-12-19T15:59:49.7725184,-0.0513010162574545
2022-12-19T15:59:49.7727744,0.0105474482928166
2022-12-19T15:59:49.7729024,0.00265189932229863
2022-12-19T15:59:49.7730048,-0.0121522547557184
2022-12-19T15:59:49.7731200,0.0161401288680959
2022-12-19T15:59:49.7884416,0.00627069258928915
2022-12-19T15:59:49.7888512,-0.016429010319809
2022-12-19T15:59:49.7890432,-0.000308931518483477
2022-12-19T15:59:49.7891584,0.0148242040227804
2022-12-19T15:59:49.7892864,0.0174560537159208
2022-12-19T15:59:49.7979520,-0.0114942923589225
2022-12-19T15:59:49.7981952,0.0516701006451631
2022-12-19T15:59:49.7983232,0.00725763621083642
2022-12-19T15:59:49.7984384,-0.0272853897115341
2022-12-19T15:59:49.7985408,0.0763436932492061
2022-12-19T15:59:49.7986944,-0.027943352093524
2022-12-19T15:59:49.7988352,0.0263385465044908
2022-12-19T15:59:49.7989888,0.0177850349282693
2022-12-19T15:59:49.8078720,-0.0335360323156458
2022-12-19T15:59:49.8080384,0.0105474482928166
2022-12-19T15:59:49.8081408,-0.0193898410796531
2022-12-19T15:59:49.8082688,0.0164691100798168
2022-12-19T15:59:49.8083840,-0.0401156560496931
2022-12-19T15:59:49.8179072,-0.00261179994148619
2022-12-19T15:59:49.8181376,0.0174560537159208
2022-12-19T15:59:49.8182784,-0.0338650135038022
2022-12-19T15:59:49.8183680,0.0214038282744669
2022-12-19T15:59:49.8282112,0.0125213355495117
2022-12-19T15:59:49.8285056,-0.0055726307598683
2022-12-19T15:59:49.8287488,0.00659967379631543
2022-12-19T15:59:49.8288896,0.0167980912916946
2022-12-19T15:59:49.8289920,-0.0121522547557184
2022-12-19T15:59:49.8403456,-0.00721753676464547
2022-12-19T15:59:49.8405376,0.00528374896914695
2022-12-19T15:59:49.8406528,0.00462578655649906
2022-12-19T15:59:49.8407552,-0.0078754991654702
2022-12-19T15:59:49.8408448,0.0421296450792193
2022-12-19T15:59:49.8409472,0.00956050466658112
2022-12-19T15:59:49.8547584,-0.0378127877497363
2022-12-19T15:59:49.8550400,0.0799624869071432
2022-12-19T15:59:49.8552704,-0.0651182256834811
2022-12-19T15:59:49.8554112,0.0233777155622271
2022-12-19T15:59:49.8555264,0.0214038282744669
2022-12-19T15:59:49.8556288,-0.0276143709026059
2022-12-19T15:59:49.8665728,0.00758661741833119
2022-12-19T15:59:49.8668800,-0.0286013144748993
2022-12-19T15:59:49.8670464,0.0135082791799726
2022-12-19T15:59:49.8672000,-0.0503140727167894
2022-12-19T15:59:49.8673920,0.0184429973534371
2022-12-19T15:59:49.8675328,0.0210748470603906
2022-12-19T15:59:49.8676736,-0.0529459221555245
2022-12-19T15:59:49.8780928,0.00659967379631543
2022-12-19T15:59:49.8785280,0.005941711382419
2022-12-19T15:59:49.8787200,-0.0147841043367125
2022-12-19T15:59:49.8788608,-0.000637912722236303
2022-12-19T15:59:49.8789760,0.0167980912916946
2022-12-19T15:59:49.8790784,-0.0055726307598683
2022-12-19T15:59:49.8899200,-0.0039277247512097
2022-12-19T15:59:49.8904064,0.0105474482928166
2022-12-19T15:59:49.8907008,0.0230487343472071
2022-12-19T15:59:49.8909824,-0.014126141942392
2022-12-19T15:59:49.8912768,0.0335761333060152
2022-12-19T15:59:49.8914560,0.0171270725037292
2022-12-19T15:59:49.9052160,-0.0348519570673523
2022-12-19T15:59:49.9055232,0.0552888941707336
2022-12-19T15:59:49.9057792,-0.0608414704134819
2022-12-19T15:59:49.9059456,0.0312732647699692
2022-12-19T15:59:49.9060608,0.0148242040227804
2022-12-19T15:59:49.9061760,-0.04044463723479
2022-12-19T15:59:49.9150592,-0.0105073487625675
2022-12-19T15:59:49.9153664,-0.0420895431579843
2022-12-19T15:59:49.9155328,0.0250226216396877
2022-12-19T15:59:49.9156480,-0.0364968630035403
2022-12-19T15:59:49.9157632,0.0210748470603906
2022-12-19T15:59:49.9158912,0.0210748470603906
2022-12-19T15:59:49.9159936,-0.0470242609046887
2022-12-19T15:59:49.9252992,0.00988948587516988
2022-12-19T15:59:49.9256704,0.00561273017570495
2022-12-19T15:59:49.9258496,-0.0118232735573979
2022-12-19T15:59:49.9259648,0.011205410711089
2022-12-19T15:59:49.9260800,0.00100699329808449
2022-12-19T15:59:49.9396992,-0.0039277247512097
2022-12-19T15:59:49.9400064,0.00561273017570495
2022-12-19T15:59:49.9401856,0.0151531852338741
2022-12-19T15:59:49.9403008,0.0233777155622271
2022-12-19T15:59:49.9404288,-0.0207057658577945
2022-12-19T15:59:49.9548672,0.0441035324267193
2022-12-19T15:59:49.9551872,0.00199393691214557
2022-12-19T15:59:49.9553664,-0.0371548253769442
2022-12-19T15:59:49.9555072,0.0483802883659295
2022-12-19T15:59:49.9556224,-0.0545908280497991
2022-12-19T15:59:49.9557376,0.0283124338064231
2022-12-19T15:59:49.9558400,0.00528374896914695
2022-12-19T15:59:49.9647488,-0.027943352093524
2022-12-19T15:59:49.9650816,0.00363884293869718
2022-12-19T15:59:49.9652480,-0.0328780699388733
2022-12-19T15:59:49.9653632,0.0105474482928166
2022-12-19T15:59:49.9654784,-0.0562357339402814
2022-12-19T15:59:49.9655808,0.0148242040227804
2022-12-19T15:59:49.9656960,0.0184429973534371
2022-12-19T15:59:49.9657984,-0.0536038845136896
2022-12-19T15:59:49.9750912,0.0210748470603906
2022-12-19T15:59:49.9755776,-0.00491466835687079
2022-12-19T15:59:49.9759104,-0.0177449351035055
2022-12-19T15:59:49.9760768,-0.00359874354901193
2022-12-19T15:59:49.9761920,0.0082445798337894
2022-12-19T15:59:49.9885824,-0.00195383753569171
2022-12-19T15:59:49.9891456,0.00429680535040913
2022-12-19T15:59:49.9894784,0.0194299409923665
2022-12-19T15:59:49.9896832,0.0181140161407747
2022-12-19T15:59:49.9898112,-0.0167579915159647
2022-12-19T15:59:50.0005504,2.40520734919393
2022-12-19T15:59:50.0007936,-0.0815672841769972
2022-12-19T15:59:50.0009600,-0.0282723332842885
2022-12-19T15:59:50.0011008,0.0635134249825725
2022-12-19T15:59:50.0012288,-0.0440634302607818
2022-12-19T15:59:50.0013440,0.0207458658464715
2022-12-19T15:59:50.0014720,0.0174560537159208
2022-12-19T15:59:50.0121472,-0.118084192698995
2022-12-19T15:59:50.0124800,0.00923152345814872
2022-12-19T15:59:50.0127360,-0.0200478034690322
2022-12-19T15:59:50.0129152,0.00758661741833119
2022-12-19T15:59:50.0130432,-0.0486691668126406
2022-12-19T15:59:50.0131584,0.0260095652880537
2022-12-19T15:59:50.0245248,0.0263385465044908
2022-12-19T15:59:50.0247168,-0.04044463723479
2022-12-19T15:59:50.0248320,0.0246936404238808
2022-12-19T15:59:50.0249728,-0.000637912722236303
2022-12-19T15:59:50.0252288,-0.00162485633256119
2022-12-19T15:59:50.0254464,-0.00820448036564994
2022-12-19T15:59:50.0380544,0.00758661741833119
2022-12-19T15:59:50.0383488,0.00462578655649906
2022-12-19T15:59:50.0385024,0.00363884293869718
2022-12-19T15:59:50.0386176,0.0135082791799726
2022-12-19T15:59:50.0387328,0.028970396241662
2022-12-19T15:59:50.0388480,-0.0226796530203822
2022-12-19T15:59:50.0479616,0.0447614948771567
2022-12-19T15:59:50.0482176,0.00100699329808449
2022-12-19T15:59:50.0483968,-0.0358389006295243
2022-12-19T15:59:50.0484992,0.0717379558945845
2022-12-19T15:59:50.0486016,-0.0262984461373967
2022-12-19T15:59:50.0486912,0.0207458658464715
2022-12-19T15:59:50.0594432,0.0187719785662566
2022-12-19T15:59:50.0596992,-0.0417605619736507
2022-12-19T15:59:50.0598784,0.0266675277210854
2022-12-19T15:59:50.0599808,-0.0401156560496931
2022-12-19T15:59:50.0600832,0.0220617907030912
2022-12-19T15:59:50.0720768,-0.0466952797226417
2022-12-19T15:59:50.0722816,0.0171270725037292
2022-12-19T15:59:50.0724224,0.0227197531323445
2022-12-19T15:59:50.0725504,-0.0447213926271611
2022-12-19T15:59:50.0726400,0.00857356104175289
2022-12-19T15:59:50.0727424,0.00166495570730275
2022-12-19T15:59:50.0843520,-0.00590161196113415
2022-12-19T15:59:50.0845696,0.0135082791799726
2022-12-19T15:59:50.0846720,0.00133597450261574
2022-12-19T15:59:50.0848000,0.0118633731299873
2022-12-19T15:59:50.0849024,-0.0128102171518951
2022-12-19T15:59:50.0849920,0.00988948587516988
2022-12-19T15:59:50.0970112,0.0348920581872335
2022-12-19T15:59:50.0972800,0.00166495570730275
2022-12-19T15:59:50.0974976,0.0378528891792314
2022-12-19T15:59:50.0976384,0.00857356104175289
2022-12-19T15:59:50.0977408,-0.0305752016153402
2022-12-19T15:59:50.0978432,0.0717379558945845
2022-12-19T15:59:50.0979328,-0.0266274273289295
2022-12-19T15:59:50.1071744,0.0174560537159208
2022-12-19T15:59:50.1074560,0.010218467083915
2022-12-19T15:59:50.1076992,-0.0207057658577945
2022-12-19T15:59:50.1078400,0.0467353822322834
2022-12-19T15:59:50.1079552,-0.0197188222744198
2022-12-19T15:59:50.1080576,0.0302863211140333
2022-12-19T15:59:50.1215104,-0.0506430538971631
2022-12-19T15:59:50.1217920,0.0171270725037292
2022-12-19T15:59:50.1219584,-0.0305752016153402
2022-12-19T15:59:50.1220736,-0.0338650135038022
2022-12-19T15:59:50.1221632,0.0858841492986537
2022-12-19T15:59:50.1333632,-0.0190608598847322
2022-12-19T15:59:50.1337088,-0.038141768935903
2022-12-19T15:59:50.1338880,0.0381818704013563
2022-12-19T15:59:50.1340160,2.00496854250026E-05
2022-12-19T15:59:50.1341184,2.00496854250026E-05
2022-12-19T15:59:50.1342464,0.00791559862598218
2022-12-19T15:59:50.1343616,0.0243646592082312
2022-12-19T15:59:50.1429376,0.0135082791799726
2022-12-19T15:59:50.1432576,-0.016429010319809
2022-12-19T15:59:50.1435264,0.0227197531323445
2022-12-19T15:59:50.1437056,0.0174560537159208
2022-12-19T15:59:50.1438208,-0.0401156560496931
2022-12-19T15:59:50.1439616,0.0694350872291021
2022-12-19T15:59:50.1553152,-0.0496561103555861
2022-12-19T15:59:50.1556352,0.0391688140686815
2022-12-19T15:59:50.1558016,0.0256805840717742
2022-12-19T15:59:50.1559168,-0.0401156560496931
2022-12-19T15:59:50.1560192,0.00429680535040913
2022-12-19T15:59:50.1672704,-0.0220216906334693
2022-12-19T15:59:50.1675904,0.0243646592082312
2022-12-19T15:59:50.1678592,-0.0588675833571724
2022-12-19T15:59:50.1680384,0.0227197531323445
2022-12-19T15:59:50.1681536,0.0214038282744669
2022-12-19T15:59:50.1682688,-0.0486691668126406
2022-12-19T15:59:50.1804032,0.0105474482928166
2022-12-19T15:59:50.1806336,-0.0039277247512097
2022-12-19T15:59:50.1807616,-0.0118232735573979
2022-12-19T15:59:50.1808896,0.000678012093708949
2022-12-19T15:59:50.1809920,0.0115343919204599
2022-12-19T15:59:50.1811072,-0.00425670595325207
2022-12-19T15:59:50.1922304,0.0115343919204599
2022-12-19T15:59:50.1925376,0.0299573398957038
2022-12-19T15:59:50.1927040,0.0230487343472071
2022-12-19T15:59:50.1928704,-0.0190608598847322
2022-12-19T15:59:50.1929984,0.0447614948771567
2022-12-19T15:59:50.1931392,0.00692865500349785
2022-12-19T15:59:50.1932672,-0.0249825213697274
2022-12-19T15:59:50.2059520,0.0697640684665458
2022-12-19T15:59:50.2062464,-0.0387997313077776
2022-12-19T15:59:50.2064128,0.0302863211140333
2022-12-19T15:59:50.2065280,0.0279834525890402
2022-12-19T15:59:50.2066304,-0.0453793549929307
2022-12-19T15:59:50.2067456,0.019100959779233
2022-12-19T15:59:50.2178688,-0.0292592768556604
2022-12-19T15:59:50.2181760,0.0184429973534371
2022-12-19T15:59:50.2183680,-0.0420895431579843
2022-12-19T15:59:50.2184960,0.0240356779927391
2022-12-19T15:59:50.2186240,0.0263385465044908
2022-12-19T15:59:50.2187392,-0.0443924114440477
2022-12-19T15:59:50.2274560,0.0171270725037292
2022-12-19T15:59:50.2276608,-0.00294078114415022
2022-12-19T15:59:50.2278016,-0.0210347470519443
2022-12-19T15:59:50.2279296,0.00627069258928915
2022-12-19T15:59:50.2280320,0.0184429973534371
2022-12-19T15:59:50.2281472,0.00265189932229863
2022-12-19T15:59:50.2391168,-0.00425670595325207
2022-12-19T15:59:50.2393600,0.0161401288680959
2022-12-19T15:59:50.2394752,0.0269965089378377
2022-12-19T15:59:50.2396032,-0.0131391983497513
2022-12-19T15:59:50.2397056,0.0457484385540046
2022-12-19T15:59:50.2510080,0.00265189932229863
2022-12-19T15:59:50.2514048,-0.0203767846634904
2022-12-19T15:59:50.2517376,0.0710799934179284
2022-12-19T15:59:50.2520448,-0.0368258441903187
2022-12-19T15:59:50.2522752,0.0227197531323445
2022-12-19T15:59:50.2524032,0.028970396241662
2022-12-19T15:59:50.2641536,-0.0434054678937928
2022-12-19T15:59:50.2644608,0.0174560537159208
2022-12-19T15:59:50.2646144,-0.0355099194422867
2022-12-19T15:59:50.2647296,0.0292993774595181
2022-12-19T15:59:50.2648448,-0.0499850915362638
2022-12-19T15:59:50.2649600,0.00429680535040913
2022-12-19T15:59:50.2742912,0.0230487343472071
2022-12-19T15:59:50.2745984,-0.0496561103555861
2022-12-19T15:59:50.2748672,0.0230487343472071
2022-12-19T15:59:50.2750848,0.0105474482928166
2022-12-19T15:59:50.2752256,-0.0121522547557184
2022-12-19T15:59:50.2753408,0.0108764295018745
2022-12-19T15:59:50.2754432,-0.00721753676464547
2022-12-19T15:59:50.2885504,0.0161401288680959
2022-12-19T15:59:50.2888704,-0.00228281873866669
2022-12-19T15:59:50.2890368,0.0204168846327095
2022-12-19T15:59:50.2891520,0.0250226216396877
2022-12-19T15:59:50.2892544,-0.0151130855336409
2022-12-19T15:59:50.2984960,0.0414716826313227
2022-12-19T15:59:50.2987904,0.0158111476565318
2022-12-19T15:59:50.2990336,-0.0328780699388733
2022-12-19T15:59:50.2994048,0.0717379558945845
2022-12-19T15:59:50.2996096,-0.0480112044499164
2022-12-19T15:59:50.2997504,0.0158111476565318
2022-12-19T15:59:50.2998528,0.0197589222056571
2022-12-19T15:59:50.3097856,-0.0503140727167894
2022-12-19T15:59:50.3101568,0.0227197531323445
2022-12-19T15:59:50.3102976,-0.0286013144748993
2022-12-19T15:59:50.3104128,0.034234095746308
2022-12-19T15:59:50.3105280,-0.0447213926271611
2022-12-19T15:59:50.3230848,0.00791559862598218
2022-12-19T15:59:50.3233920,0.0194299409923665
2022-12-19T15:59:50.3235968,-0.0713688679553041
2022-12-19T15:59:50.3237248,0.00890254224987264
2022-12-19T15:59:50.3238400,-0.00524364955844718
2022-12-19T15:59:50.3386240,-0.0085334615656746
2022-12-19T15:59:50.3389952,0.0135082791799726
2022-12-19T15:59:50.3391488,0.0161401288680959
2022-12-19T15:59:50.3392896,-0.0039277247512097
2022-12-19T15:59:50.3393920,-0.0105073487625675
2022-12-19T15:59:50.3395200,0.0269965089378377
2022-12-19T15:59:50.3396224,0.0325891896467616
2022-12-19T15:59:50.3503488,-0.0105073487625675
2022-12-19T15:59:50.3506560,0.0480513071388821
2022-12-19T15:59:50.3508224,0.0121923543396712
2022-12-19T15:59:50.3509504,-0.0345229758796555
2022-12-19T15:59:50.3510656,0.0608815751119031
2022-12-19T15:59:50.3511680,-0.0657761880304464
2022-12-19T15:59:50.3512704,0.00956050466658112
2022-12-19T15:59:50.3513728,0.0243646592082312
2022-12-19T15:59:50.3599872,-0.0545908280497991
2022-12-19T15:59:50.3603712,0.0197589222056571
2022-12-19T15:59:50.3605248,-0.0200478034690322
2022-12-19T15:59:50.3606400,0.0151531852338741
2022-12-19T15:59:50.3607424,-0.0430764867100695
2022-12-19T15:59:50.3608576,0.00692865500349785
2022-12-19T15:59:50.3729792,0.0312732647699692
2022-12-19T15:59:50.3732864,-0.0335360323156458
2022-12-19T15:59:50.3735424,0.0230487343472071
2022-12-19T15:59:50.3737600,0.00561273017570495
2022-12-19T15:59:50.3885824,-0.0157710479270339
2022-12-19T15:59:50.3888896,0.00561273017570495
2022-12-19T15:59:50.3890688,0.0223907719176392
2022-12-19T15:59:50.3891968,-0.00425670595325207
2022-12-19T15:59:50.3893120,-0.00491466835687079
2022-12-19T15:59:50.3894144,0.00100699329808449
2022-12-19T15:59:50.3895424,0.034234095746308
2022-12-19T15:59:50.3985024,-0.0355099194422867
2022-12-19T15:59:50.3987328,0.0292993774595181
2022-12-19T15:59:50.3988608,0.0148242040227804
2022-12-19T15:59:50.3989760,-0.0374838065634167
2022-12-19T15:59:50.3991040,0.0480513071388821
2022-12-19T15:59:50.3992064,-0.0440634302607818
2022-12-19T15:59:50.3993216,0.0131792979696624
2022-12-19T15:59:50.3994368,0.0210748470603906
2022-12-19T15:59:50.4099328,-0.0489981479937746
2022-12-19T15:59:50.4102400,0.0200879034191048
2022-12-19T15:59:50.4104960,-0.0243245589849698
2022-12-19T15:59:50.4106496,0.0223907719176392
2022-12-19T15:59:50.4107776,-0.0440634302607818
2022-12-19T15:59:50.4204416,0.0167980912916946
2022-12-19T15:59:50.4206976,0.0223907719176392
2022-12-19T15:59:50.4208640,-0.0539328656925445
2022-12-19T15:59:50.4210176,0.0240356779927391
2022-12-19T15:59:50.4211584,0.0082445798337894
2022-12-19T15:59:50.4322048,-0.0108363299615074
2022-12-19T15:59:50.4325760,0.0144952228118434
2022-12-19T15:59:50.4328320,0.0158111476565318
2022-12-19T15:59:50.4329856,-0.0124812359538841
2022-12-19T15:59:50.4331008,-0.00688855556400039
2022-12-19T15:59:50.4332160,0.005941711382419
2022-12-19T15:59:50.4420864,0.0161401288680959
2022-12-19T15:59:50.4424832,-0.0345229758796555
2022-12-19T15:59:50.4427904,0.0424586263034057
2022-12-19T15:59:50.4430464,0.00692865500349785
2022-12-19T15:59:50.4433024,-0.0272853897115341
2022-12-19T15:59:50.4435328,0.0700930497041503
2022-12-19T15:59:50.4615168,-0.0460373173580908
2022-12-19T15:59:50.4618112,0.0269965089378377
2022-12-19T15:59:50.4619392,0.0171270725037292
2022-12-19T15:59:50.4620672,-0.0457083361755869
2022-12-19T15:59:50.4621568,0.0292993774595181
2022-12-19T15:59:50.4736896,-0.0193898410796531
2022-12-19T15:59:50.4739072,0.0250226216396877
2022-12-19T15:59:50.4741248,-0.0555777715845434
2022-12-19T15:59:50.4743168,0.0138372603904395
2022-12-19T15:59:50.4744576,0.0279834525890402
2022-12-19T15:59:50.4745728,-0.0618284139395945
2022-12-19T15:59:50.4746752,0.0184429973534371
2022-12-19T15:59:50.4747648,-0.0111653111602924
2022-12-19T15:59:50.4748672,-0.0124812359538841
2022-12-19T15:59:50.4880000,0.0246936404238808
2022-12-19T15:59:50.4882176,0.000678012093708949
2022-12-19T15:59:50.4883328,-0.0144551231396295
2022-12-19T15:59:50.4884352,-0.000637912722236303
2022-12-19T15:59:50.4885376,0.0105474482928166
2022-12-19T15:59:50.4886400,0.0230487343472071
2022-12-19T15:59:50.5010432,-0.0246535401774255
2022-12-19T15:59:50.5013504,0.0362079830709829
2022-12-19T15:59:50.5016192,0.00956050466658112
2022-12-19T15:59:50.5018112,-0.0358389006295243
2022-12-19T15:59:50.5019392,0.064829349921753
2022-12-19T15:59:50.5020416,-0.0476822232683261
2022-12-19T15:59:50.5021568,0.027654471371815
2022-12-19T15:59:50.5132672,0.0217328094887004
2022-12-19T15:59:50.5134848,-0.0559067527624882
2022-12-19T15:59:50.5136128,0.0181140161407747
2022-12-19T15:59:50.5137280,-0.027943352093524
2022-12-19T15:59:50.5138432,0.0378528891792314
2022-12-19T15:59:50.5139456,-0.0411025996045257
2022-12-19T15:59:50.5140608,0.00659967379631543
2022-12-19T15:59:50.5234560,0.027654471371815
2022-12-19T15:59:50.5237632,-0.0526169409762142
2022-12-19T15:59:50.5239808,0.0263385465044908
2022-12-19T15:59:50.5241216,-0.0085334615656746
2022-12-19T15:59:50.5242368,-0.0207057658577945
2022-12-19T15:59:50.5243392,0.0227197531323445
2022-12-19T15:59:50.5385216,0.00659967379631543
2022-12-19T15:59:50.5388544,-0.00425670595325207
2022-12-19T15:59:50.5390464,-0.00623059316224477
2022-12-19T15:59:50.5391744,0.0197589222056571
2022-12-19T15:59:50.5393024,0.0273254901547475
2022-12-19T15:59:50.5507456,-0.0124812359538841
2022-12-19T15:59:50.5511040,0.0454194573282296
2022-12-19T15:59:50.5513728,0.0118633731299873
2022-12-19T15:59:50.5515520,-0.0384707501219167
2022-12-19T15:59:50.5516672,0.0559468566320032
2022-12-19T15:59:50.5517824,-0.0506430538971631
2022-12-19T15:59:50.5518848,0.00988948587516988
2022-12-19T15:59:50.5520000,0.0181140161407747
2022-12-19T15:59:50.5629952,-0.0628153574643467
2022-12-19T15:59:50.5633024,0.0217328094887004
2022-12-19T15:59:50.5634816,-0.0397866748644434
2022-12-19T15:59:50.5636224,0.010218467083915
2022-12-19T15:59:50.5637632,-0.0440634302607818
2022-12-19T15:59:50.5638784,0.00956050466658112
2022-12-19T15:59:50.5731456,0.0141662416010631
2022-12-19T15:59:50.5734528,-0.0555777715845434
2022-12-19T15:59:50.5737088,0.0536439880203538
2022-12-19T15:59:50.5739008,-0.00886244276554422
2022-12-19T15:59:50.5740160,-0.0216927094397817
2022-12-19T15:59:50.5741312,0.0118633731299873
2022-12-19T15:59:50.5885696,0.0207458658464715
2022-12-19T15:59:50.5888896,-0.00623059316224477
2022-12-19T15:59:50.5890560,0.0164691100798168
2022-12-19T15:59:50.5891840,0.00857356104175289
2022-12-19T15:59:50.5892992,0.0250226216396877
2022-12-19T15:59:50.6005888,-0.0299172392358072
2022-12-19T15:59:50.6008960,0.0414716826313227
2022-12-19T15:59:50.6010496,-0.00655957436320019
2022-12-19T15:59:50.6011776,-0.0539328656925445
2022-12-19T15:59:50.6012800,0.0546309317101028
2022-12-19T15:59:50.6013952,-0.0614994327643749
2022-12-19T15:59:50.6015104,0.00659967379631543
2022-12-19T15:59:50.6016256,0.0355500206287917
2022-12-19T15:59:50.6122880,-0.0710398867844586
2022-12-19T15:59:50.6127488,0.0319312272080495
2022-12-19T15:59:50.6130432,-0.0384707501219167
2022-12-19T15:59:50.6133120,0.14312688847511
2022-12-19T15:59:50.6134784,-0.157232948471912
2022-12-19T15:59:50.6135936,-0.0318911263725649
2022-12-19T15:59:50.6232576,0.0299573398957038
2022-12-19T15:59:50.6234368,-0.0516299974373722
2022-12-19T15:59:50.6235776,0.00956050466658112
2022-12-19T15:59:50.6236928,-0.0335360323156458
2022-12-19T15:59:50.6238080,0.0250226216396877
2022-12-19T15:59:50.6239232,0.00100699329808449
2022-12-19T15:59:50.6385920,0.0151531852338741
2022-12-19T15:59:50.6389376,-0.016429010319809
2022-12-19T15:59:50.6391296,0.0131792979696624
2022-12-19T15:59:50.6392448,0.0174560537159208
2022-12-19T15:59:50.6393472,0.0135082791799726
2022-12-19T15:59:50.6507776,-0.0114942923589225
2022-12-19T15:59:50.6511232,0.0418006638551917
2022-12-19T15:59:50.6512896,0.0125213355495117
2022-12-19T15:59:50.6514176,-0.039457693679041
2022-12-19T15:59:50.6515328,0.0612105563451762
2022-12-19T15:59:50.6516480,-0.0516299974373722
2022-12-19T15:59:50.6517888,0.019100959779233
2022-12-19T15:59:50.6519168,0.0177850349282693
2022-12-19T15:59:50.6622080,-0.0601835080619839
2022-12-19T15:59:50.6624768,0.0335761333060152
2022-12-19T15:59:50.6626688,-0.0292592768556604
2022-12-19T15:59:50.6627968,0.0243646592082312
2022-12-19T15:59:50.6628992,-0.0506430538971631
2022-12-19T15:59:50.6630144,0.00100699329808449
2022-12-19T15:59:50.6718464,0.0230487343472071
2022-12-19T15:59:50.6720128,-0.0434054678937928
2022-12-19T15:59:50.6721280,0.0253516028556522
2022-12-19T15:59:50.6722304,-0.0170869727119661
2022-12-19T15:59:50.6723328,-0.0118232735573979
2022-12-19T15:59:50.6724352,0.0138372603904395
2022-12-19T15:59:50.6818560,0.0174560537159208
2022-12-19T15:59:50.6820352,-0.0226796530203822
2022-12-19T15:59:50.6821632,-0.00261179994148619
2022-12-19T15:59:50.6822656,0.0394977952914403
2022-12-19T15:59:50.6932352,0.0312732647699692
2022-12-19T15:59:50.6934912,-0.0230086342136077
2022-12-19T15:59:50.6936576,0.0352210394079334
2022-12-19T15:59:50.6937984,0.0214038282744669
2022-12-19T15:59:50.6939520,-0.0315621451834888
2022-12-19T15:59:50.7029888,0.0450904761026137
2022-12-19T15:59:50.7031424,-0.0536038845136896
2022-12-19T15:59:50.7032448,0.00923152345814872
2022-12-19T15:59:50.7033344,0.0237066967774044
2022-12-19T15:59:50.7034368,-0.064789244509772
2022-12-19T15:59:50.7035264,0.0200879034191048
2022-12-19T15:59:50.7147136,-0.0305752016153402
2022-12-19T15:59:50.7149440,0.0256805840717742
2022-12-19T15:59:50.7150976,-0.0499850915362638
2022-12-19T15:59:50.7152128,0.005941711382419
2022-12-19T15:59:50.7153152,0.0250226216396877
2022-12-19T15:59:50.7244288,-0.0568936962954132
2022-12-19T15:59:50.7245824,0.0385108516236395
2022-12-19T15:59:50.7246848,0.000349030889489121
2022-12-19T15:59:50.7247872,0.00791559862598218
2022-12-19T15:59:50.7248768,0.0194299409923665
2022-12-19T15:59:50.7249792,0.0200879034191048
2022-12-19T15:59:50.7377536,-0.0289302956653566
2022-12-19T15:59:50.7379328,-0.00623059316224477
2022-12-19T15:59:50.7380352,0.010218467083915
2022-12-19T15:59:50.7381504,0.0260095652880537
2022-12-19T15:59:50.7382400,-0.0223506718270028
2022-12-19T15:59:50.7541632,0.0256805840717742
2022-12-19T15:59:50.7546240,-0.00195383753569171
2022-12-19T15:59:50.7548544,-0.0371548253769442
2022-12-19T15:59:50.7549952,0.0552888941707336
2022-12-19T15:59:50.7551104,-0.0391287124934857
2022-12-19T15:59:50.7552000,0.0184429973534371
2022-12-19T15:59:50.7637248,0.0316022459889304
2022-12-19T15:59:50.7639424,-0.0690659997562243
2022-12-19T15:59:50.7641472,0.0138372603904395
2022-12-19T15:59:50.7642880,-0.0272853897115341
2022-12-19T15:59:50.7643904,0.0322602084273265
2022-12-19T15:59:50.7645056,-0.0345229758796555
2022-12-19T15:59:50.7646080,0.00462578655649906
2022-12-19T15:59:50.7647232,0.0230487343472071
2022-12-19T15:59:50.7648256,-0.0568936962954132
2022-12-19T15:59:50.7746176,0.0220617907030912
2022-12-19T15:59:50.7747584,-0.00294078114415022
2022-12-19T15:59:50.7748736,-0.0233376154066791
2022-12-19T15:59:50.7749632,0.0082445798337894
2022-12-19T15:59:50.7875200,0.0194299409923665
2022-12-19T15:59:50.7876608,-0.02596946494571
2022-12-19T15:59:50.7877760,-0.00984938636422307
2022-12-19T15:59:50.7878784,0.0151531852338741
2022-12-19T15:59:50.7879808,0.0292993774595181
2022-12-19T15:59:50.7974784,-0.0121522547557184
2022-12-19T15:59:50.7976960,0.0404847389606678
2022-12-19T15:59:50.7978624,0.0161401288680959
2022-12-19T15:59:50.7979904,-0.0424185243421653
2022-12-19T15:59:50.7981184,0.064829349921753
2022-12-19T15:59:50.7983232,-0.0562357339402814
2022-12-19T15:59:50.7984768,0.0217328094887004
2022-12-19T15:59:50.8082176,0.028970396241662
2022-12-19T15:59:50.8086528,-0.0572226774727517
2022-12-19T15:59:50.8089088,0.0158111476565318
2022-12-19T15:59:50.8090752,-0.0430764867100695
2022-12-19T15:59:50.8091776,0.0125213355495117
2022-12-19T15:59:50.8208384,-0.0437344490773635
2022-12-19T15:59:50.8210816,0.000349030889489121
2022-12-19T15:59:50.8212864,0.0184429973534371
2022-12-19T15:59:50.8214272,-0.0601835080619839
2022-12-19T15:59:50.8215296,0.034234095746308
2022-12-19T15:59:50.8216320,-0.0137971607449997
2022-12-19T15:59:50.8316032,-0.00623059316224477
2022-12-19T15:59:50.8319616,0.000349030889489121
2022-12-19T15:59:50.8322048,0.0128503167595087
2022-12-19T15:59:50.8323584,-0.0118232735573979
2022-12-19T15:59:50.8324864,0.0131792979696624
2022-12-19T15:59:50.8325760,0.0125213355495117
2022-12-19T15:59:50.8418048,0.0418006638551917
2022-12-19T15:59:50.8420864,-0.0075465179651354
2022-12-19T15:59:50.8423680,0.0339051145260825
2022-12-19T15:59:50.8426112,0.00725763621083642
2022-12-19T15:59:50.8428288,-0.0282723332842885
2022-12-19T15:59:50.8536704,0.0575917627879726
2022-12-19T15:59:50.8539008,-0.0496561103555861
2022-12-19T15:59:50.8540544,0.0161401288680959
2022-12-19T15:59:50.8541568,0.0352210394079334
2022-12-19T15:59:50.8542592,-0.0575516586499388
2022-12-19T15:59:50.8644864,0.0141662416010631
2022-12-19T15:59:50.8648320,-0.0387997313077776
2022-12-19T15:59:50.8649856,0.0283124338064231
2022-12-19T15:59:50.8651136,-0.0368258441903187
2022-12-19T15:59:50.8653568,0.00462578655649906
2022-12-19T15:59:50.8655488,0.0121923543396712
2022-12-19T15:59:50.8766848,-0.0608414704134819
2022-12-19T15:59:50.8769024,0.0283124338064231
2022-12-19T15:59:50.8770560,-0.0177449351035055
2022-12-19T15:59:50.8771584,-0.016429010319809
2022-12-19T15:59:50.8772608,0.00956050466658112
2022-12-19T15:59:50.8773504,0.0121923543396712
2022-12-19T15:59:50.8861696,-0.0147841043367125
2022-12-19T15:59:50.8863744,0.0033098617330751
2022-12-19T15:59:50.8865152,0.0279834525890402
2022-12-19T15:59:50.8866304,0.0240356779927391
2022-12-19T15:59:50.8867584,-0.00458568715513909
2022-12-19T15:59:50.8868864,0.0381818704013563
2022-12-19T15:59:50.8968704,0.00265189932229863
2022-12-19T15:59:50.8970880,-0.0335360323156458
2022-12-19T15:59:50.8972928,0.0385108516236395
2022-12-19T15:59:50.8974336,-0.0463662985404424
2022-12-19T15:59:50.9063936,0.0283124338064231
2022-12-19T15:59:50.9065472,0.0391688140686815
2022-12-19T15:59:50.9066624,-0.0763035854999428
2022-12-19T15:59:50.9067648,0.030944283551166
2022-12-19T15:59:50.9068544,-0.0305752016153402
2022-12-19T15:59:50.9069568,0.0256805840717742
2022-12-19T15:59:50.9205120,-0.0506430538971631
2022-12-19T15:59:50.9207680,0.0148242040227804
2022-12-19T15:59:50.9209728,0.0237066967774044
2022-12-19T15:59:50.9211008,-0.0411025996045257
2022-12-19T15:59:50.9318400,0.0378528891792314
2022-12-19T15:59:50.9320704,-0.0177449351035055
2022-12-19T15:59:50.9322624,-0.016429010319809
2022-12-19T15:59:50.9324032,0.0243646592082312
2022-12-19T15:59:50.9325056,0.0230487343472071
2022-12-19T15:59:50.9326464,-0.0121522547557184
2022-12-19T15:59:50.9327488,0.00363884293869718
2022-12-19T15:59:50.9328512,0.0227197531323445
2022-12-19T15:59:50.9431296,0.0223907719176392
2022-12-19T15:59:50.9435136,-0.00984938636422307
2022-12-19T15:59:50.9437568,0.0362079830709829
2022-12-19T15:59:50.9439104,0.0158111476565318
2022-12-19T15:59:50.9440768,-0.0246535401774255
2022-12-19T15:59:50.9547776,0.0441035324267193
2022-12-19T15:59:50.9550976,-0.0601835080619839
2022-12-19T15:59:50.9552768,0.0148242040227804
2022-12-19T15:59:50.9553920,0.0352210394079334
2022-12-19T15:59:50.9555200,-0.0815672841769972
2022-12-19T15:59:50.9556352,0.0184429973534371
2022-12-19T15:59:50.9642880,-0.0430764867100695
2022-12-19T15:59:50.9645184,0.0164691100798168
2022-12-19T15:59:50.9646592,-0.0430764867100695
2022-12-19T15:59:50.9647744,0.0118633731299873
2022-12-19T15:59:50.9649024,0.0161401288680959
2022-12-19T15:59:50.9650176,-0.0499850915362638
2022-12-19T15:59:50.9820800,0.0296283586775321
2022-12-19T15:59:50.9824896,-0.0111653111602924
2022-12-19T15:59:50.9827328,0.00133597450261574
2022-12-19T15:59:50.9828608,0.0033098617330751
2022-12-19T15:59:50.9938688,-0.000637912722236303
2022-12-19T15:59:50.9943168,-0.018731878689657
2022-12-19T15:59:50.9946112,-0.00655957436320019
2022-12-19T15:59:50.9947648,0.00791559862598218
2022-12-19T15:59:50.9949056,0.0302863211140333
2022-12-19T15:59:50.9950336,0.000678012093708949
2022-12-19T15:59:50.9951488,0.0210748470603906
2022-12-19T15:59:50.9952512,0.00363884293869718
2022-12-19T15:59:50.9953536,-0.0305752016153402
2022-12-19T15:59:51.0058240,0.0529860255613189
2022-12-19T15:59:51.0062592,-0.0496561103555861
2022-12-19T15:59:51.0064768,0.0233777155622271
2022-12-19T15:59:51.0066048,0.0362079830709829
2022-12-19T15:59:51.0067072,-0.0624863762895804
2022-12-19T15:59:51.0068096,0.0187719785662566
2022-12-19T15:59:51.0069248,-0.0430764867100695
2022-12-19T15:59:51.0173056,0.0177850349282693
2022-12-19T15:59:51.0178432,-0.0427475055261936
2022-12-19T15:59:51.0181120,0.00659967379631543
2022-12-19T15:59:51.0182400,0.028970396241662
2022-12-19T15:59:51.0183424,-0.0427475055261936
2022-12-19T15:59:51.0289792,0.0246936404238808
2022-12-19T15:59:51.0291968,-0.0161000291234987
2022-12-19T15:59:51.0293248,-0.0118232735573979
2022-12-19T15:59:51.0294272,0.0144952228118434
2022-12-19T15:59:51.0295424,0.0174560537159208
2022-12-19T15:59:51.0296448,-0.0144551231396295
2022-12-19T15:59:51.0411648,0.00232291811714419
2022-12-19T15:59:51.0414592,0.00199393691214557
2022-12-19T15:59:51.0416384,0.0279834525890402
2022-12-19T15:59:51.0417920,0.00298088052760892
2022-12-19T15:59:51.0419328,0.0345630769666917
2022-12-19T15:59:51.0421120,0.00758661741833119
2022-12-19T15:59:51.0555136,-0.0351809382548961
2022-12-19T15:59:51.0557696,0.0510121381880419
2022-12-19T15:59:51.0559104,-0.0295882580458106
2022-12-19T15:59:51.0560128,0.0286414150239637
2022-12-19T15:59:51.0561280,0.0339051145260825
2022-12-19T15:59:51.0562432,-0.0687370185843248
2022-12-19T15:59:51.0714880,0.0220617907030912
2022-12-19T15:59:51.0718464,-0.0226796530203822
2022-12-19T15:59:51.0720128,0.010218467083915
2022-12-19T15:59:51.0721408,-0.0414315807891646
2022-12-19T15:59:51.0722560,0.00298088052760892
2022-12-19T15:59:51.0723584,0.0240356779927391
2022-12-19T15:59:51.0724736,-0.0463662985404424
2022-12-19T15:59:51.0812672,0.0286414150239637
2022-12-19T15:59:51.0814976,-0.014126141942392
2022-12-19T15:59:51.0816256,-0.00721753676464547
2022-12-19T15:59:51.0817280,0.00659967379631543
2022-12-19T15:59:51.0818432,0.0184429973534371
2022-12-19T15:59:51.0819456,-0.0121522547557184
2022-12-19T15:59:51.0820480,-0.02596946494571
2022-12-19T15:59:51.0821504,0.00890254224987264
2022-12-19T15:59:51.0928512,0.0174560537159208
2022-12-19T15:59:51.0931712,-0.0230086342136077
2022-12-19T15:59:51.0933120,0.0283124338064231
2022-12-19T15:59:51.0934784,-0.0118232735573979
2022-12-19T15:59:51.0936448,-0.0289302956653566
2022-12-19T15:59:51.1060224,0.0431165887522547
2022-12-19T15:59:51.1063552,-0.0203767846634904
2022-12-19T15:59:51.1065216,0.010218467083915
2022-12-19T15:59:51.1066368,0.0562758378628775
2022-12-19T15:59:51.1067392,-0.0144551231396295
2022-12-19T15:59:51.1068544,0.0269965089378377
2022-12-19T15:59:51.1160448,-0.0302462204256504
2022-12-19T15:59:51.1163776,1.14652065950316
2022-12-19T15:59:51.1165568,-0.0999902292454656
2022-12-19T15:59:51.1166720,0.0302863211140333
2022-12-19T15:59:51.1167872,0.0263385465044908
2022-12-19T15:59:51.1169024,-0.0437344490773635
2022-12-19T15:59:51.1275136,0.0299573398957038
2022-12-19T15:59:51.1277312,-0.017415953907813
2022-12-19T15:59:51.1278464,-0.0302462204256504
2022-12-19T15:59:51.1279616,0.0329181708663548
2022-12-19T15:59:51.1280640,0.0108764295018745
2022-12-19T15:59:51.1389184,-0.0269564085203087
2022-12-19T15:59:51.1393408,-0.0197188222744198
2022-12-19T15:59:51.1396096,0.0105474482928166
2022-12-19T15:59:51.1399296,0.0148242040227804
2022-12-19T15:59:51.1401856,-0.0193898410796531
2022-12-19T15:59:51.1404544,0.0312732647699692
2022-12-19T15:59:51.1488512,0.00396782414447519
2022-12-19T15:59:51.1492608,-0.0447213926271611
2022-12-19T15:59:51.1495552,0.0365369642923159
2022-12-19T15:59:51.1498240,-0.0536038845136896
2022-12-19T15:59:51.1500672,0.037523907957265
2022-12-19T15:59:51.1502208,0.0460774197799385
2022-12-19T15:59:51.1599744,-0.064789244509772
2022-12-19T15:59:51.1601536,0.0227197531323445
2022-12-19T15:59:51.1602688,-0.0161000291234987
2022-12-19T15:59:51.1603840,0.0385108516236395
2022-12-19T15:59:51.1604992,-0.0249825213697274
2022-12-19T15:59:51.1730048,0.0158111476565318
2022-12-19T15:59:51.1733760,0.0421296450792193
2022-12-19T15:59:51.1735552,-0.0371548253769442
2022-12-19T15:59:51.1736832,0.0246936404238808
2022-12-19T15:59:51.1737856,-0.0114942923589225
2022-12-19T15:59:51.1886848,-0.0220216906334693
2022-12-19T15:59:51.1889152,0.00298088052760892
2022-12-19T15:59:51.1890432,-0.00195383753569171
2022-12-19T15:59:51.1891456,-0.0286013144748993
2022-12-19T15:59:51.1892608,-0.0121522547557184
2022-12-19T15:59:51.1893632,0.0138372603904395
2022-12-19T15:59:51.1894656,0.0174560537159208
2022-12-19T15:59:51.1986688,-0.00688855556400039
2022-12-19T15:59:51.1989120,0.0217328094887004
2022-12-19T15:59:51.1990400,0.00363884293869718
2022-12-19T15:59:51.1991552,-0.0226796530203822
2022-12-19T15:59:51.1992576,0.0516701006451631
2022-12-19T15:59:51.1993728,-0.0364968630035403
2022-12-19T15:59:51.1994752,0.0246936404238808
2022-12-19T15:59:51.1996288,0.0365369642923159
2022-12-19T15:59:51.2101504,-0.0582096210038585
2022-12-19T15:59:51.2106752,0.0371949267354569
2022-12-19T15:59:51.2110720,-0.027943352093524
2022-12-19T15:59:51.2113408,0.0240356779927391
2022-12-19T15:59:51.2115968,-0.0361678818166088
2022-12-19T15:59:51.2234368,0.0227197531323445
2022-12-19T15:59:51.2237568,0.0227197531323445
2022-12-19T15:59:51.2239488,-0.0253115025618754
2022-12-19T15:59:51.2240640,0.0299573398957038
2022-12-19T15:59:51.2241792,-0.0177449351035055
2022-12-19T15:59:51.2243072,-0.0147841043367125
2022-12-19T15:59:51.2388608,0.0207458658464715
2022-12-19T15:59:51.2393472,0.0177850349282693
2022-12-19T15:59:51.2396928,-0.00688855556400039
2022-12-19T15:59:51.2399616,0.0154821664451246
2022-12-19T15:59:51.2402816,0.0115343919204599
2022-12-19T15:59:51.2404352,0.0210748470603906
2022-12-19T15:59:51.2554112,-0.00655957436320019
2022-12-19T15:59:51.2557440,0.0299573398957038
2022-12-19T15:59:51.2559616,0.00725763621083642
2022-12-19T15:59:51.2561920,-0.0397866748644434
2022-12-19T15:59:51.2565120,0.0598946314130441
2022-12-19T15:59:51.2567680,-0.0516299974373722
2022-12-19T15:59:51.2569088,0.00725763621083642
2022-12-19T15:59:51.2570240,0.0217328094887004
2022-12-19T15:59:51.2724096,-0.0674210938952199
2022-12-19T15:59:51.2727168,0.0197589222056571
2022-12-19T15:59:51.2729600,-0.0256404837538696
2022-12-19T15:59:51.2730880,0.00363884293869718
2022-12-19T15:59:51.2732160,-0.0493271291747564
2022-12-19T15:59:51.2733440,0.0161401288680959
2022-12-19T15:59:51.2734720,0.0158111476565318
2022-12-19T15:59:51.2735744,-0.014126141942392
2022-12-19T15:59:51.2847232,0.0411427014076124
2022-12-19T15:59:51.2850432,-0.00524364955844718
2022-12-19T15:59:51.2852224,-0.00655957436320019
2022-12-19T15:59:51.2853504,0.0246936404238808
2022-12-19T15:59:51.2854528,0.0210748470603906
2022-12-19T15:59:51.2855808,-0.018731878689657
2022-12-19T15:59:51.2856832,0.00923152345814872
2022-12-19T15:59:51.2857856,0.0161401288680959
2022-12-19T15:59:51.2858880,0.0148242040227804
2022-12-19T15:59:51.2943104,-0.0190608598847322
2022-12-19T15:59:51.2946048,0.0227197531323445
2022-12-19T15:59:51.2947712,-0.00524364955844718
2022-12-19T15:59:51.2948864,-0.0269564085203087
2022-12-19T15:59:51.2950016,0.0602236126458371
2022-12-19T15:59:51.2951808,-0.055248790406447
2022-12-19T15:59:51.3060736,0.0144952228118434
2022-12-19T15:59:51.3065984,0.0306153023325207
2022-12-19T15:59:51.3069312,-0.0772905290048149
2022-12-19T15:59:51.3072384,0.00363884293869718
2022-12-19T15:59:51.3075200,-0.0262984461373967
2022-12-19T15:59:51.3221120,0.0233777155622271
2022-12-19T15:59:51.3224320,-0.0325490887502571
2022-12-19T15:59:51.3225856,0.010218467083915
2022-12-19T15:59:51.3227136,0.0181140161407747
2022-12-19T15:59:51.3228160,-0.0473532420865835
2022-12-19T15:59:51.3229312,0.0286414150239637
2022-12-19T15:59:51.3320832,-0.00195383753569171
2022-12-19T15:59:51.3323520,-0.0128102171518951
2022-12-19T15:59:51.3324928,0.0138372603904395
2022-12-19T15:59:51.3326080,0.0207458658464715
2022-12-19T15:59:51.3327232,-0.0184028974944275
2022-12-19T15:59:51.3328256,0.00758661741833119
2022-12-19T15:59:51.3329408,0.0151531852338741
2022-12-19T15:59:51.3421824,0.0154821664451246
2022-12-19T15:59:51.3425024,-0.0039277247512097
2022-12-19T15:59:51.3426816,0.0401557577374334
2022-12-19T15:59:51.3428096,-0.00425670595325207
2022-12-19T15:59:51.3429248,-0.0338650135038022
2022-12-19T15:59:51.3564032,0.0454194573282296
2022-12-19T15:59:51.3567232,-0.0506430538971631
2022-12-19T15:59:51.3569280,0.0187719785662566
2022-12-19T15:59:51.3570432,0.0177850349282693
2022-12-19T15:59:51.3571456,-0.0677500750677222
2022-12-19T15:59:51.3667200,0.0154821664451246
2022-12-19T15:59:51.3671424,-0.0305752016153402
2022-12-19T15:59:51.3674240,0.0197589222056571
2022-12-19T15:59:51.3676928,-0.0345229758796555
2022-12-19T15:59:51.3678848,0.00199393691214557
2022-12-19T15:59:51.3680640,0.0332471520861059
2022-12-19T15:59:51.3682560,-0.0384707501219167
2022-12-19T15:59:51.3684608,0.0325891896467616
2022-12-19T15:59:51.3765120,-0.0213637282459401
2022-12-19T15:59:51.3768960,-0.0157710479270339
2022-12-19T15:59:51.3771776,0.0141662416010631
2022-12-19T15:59:51.3774080,0.0223907719176392
2022-12-19T15:59:51.3776768,-0.00326976234665881
2022-12-19T15:59:51.3861376,0.00791559862598218
2022-12-19T15:59:51.3864704,0.0118633731299873
2022-12-19T15:59:51.3867392,0.0256805840717742
2022-12-19T15:59:51.3869312,-0.0124812359538841
2022-12-19T15:59:51.3871104,0.0230487343472071
2022-12-19T15:59:51.3958272,0.00462578655649906
2022-12-19T15:59:51.3962112,-0.0348519570673523
2022-12-19T15:59:51.3964928,0.0523280631029221
2022-12-19T15:59:51.3967360,-0.0522879597967521
2022-12-19T15:59:51.3969664,0.0161401288680959
2022-12-19T15:59:51.4054272,0.0253516028556522
2022-12-19T15:59:51.4056832,-0.0920946814162079
2022-12-19T15:59:51.4058368,0.0246936404238808
2022-12-19T15:59:51.4059904,-0.0325490887502571
2022-12-19T15:59:51.4169216,0.0223907719176392
2022-12-19T15:59:51.4172288,-0.027943352093524
2022-12-19T15:59:51.4174336,0.010218467083915
2022-12-19T15:59:51.4176384,0.0256805840717742
2022-12-19T15:59:51.4178432,-0.0463662985404424
2022-12-19T15:59:51.4270208,0.0204168846327095
2022-12-19T15:59:51.4273152,-0.00326976234665881
2022-12-19T15:59:51.4275840,-0.0101783675634727
2022-12-19T15:59:51.4278272,0.028970396241662
2022-12-19T15:59:51.4280320,0.0325891896467616
2022-12-19T15:59:51.4281600,-0.00294078114415022
2022-12-19T15:59:51.4369408,0.0164691100798168
2022-12-19T15:59:51.4373120,0.00265189932229863
2022-12-19T15:59:51.4375552,0.0269965089378377
2022-12-19T15:59:51.4378240,-0.000637912722236303
2022-12-19T15:59:51.4380800,0.0273254901547475
2022-12-19T15:59:51.4466048,-0.0085334615656746
2022-12-19T15:59:51.4467840,-0.04044463723479
2022-12-19T15:59:51.4469376,0.0635134249825725
2022-12-19T15:59:51.4470784,-0.0532749033346829
2022-12-19T15:59:51.4471936,0.0174560537159208
2022-12-19T15:59:51.4563072,0.0460774197799385
2022-12-19T15:59:51.4567168,-0.0871599639793692
2022-12-19T15:59:51.4569600,0.0302863211140333
2022-12-19T15:59:51.4572288,-0.0309041828048764
2022-12-19T15:59:51.4574464,0.00857356104175289
2022-12-19T15:59:51.4733056,-0.0355099194422867
2022-12-19T15:59:51.4734848,0.00627069258928915
2022-12-19T15:59:51.4736000,0.0214038282744669
2022-12-19T15:59:51.4737152,-0.0503140727167894
2022-12-19T15:59:51.4738304,0.0391688140686815
2022-12-19T15:59:51.4889344,0.00100699329808449
2022-12-19T15:59:51.4892032,-0.014126141942392
2022-12-19T15:59:51.4893440,0.011205410711089
2022-12-19T15:59:51.4894592,0.00956050466658112
2022-12-19T15:59:51.4895744,0.00857356104175289
2022-12-19T15:59:51.4897408,0.00396782414447519
2022-12-19T15:59:51.4898688,0.0214038282744669
2022-12-19T15:59:51.4900352,0.0266675277210854
2022-12-19T15:59:51.5064704,-0.0039277247512097
2022-12-19T15:59:51.5066496,0.037523907957265
2022-12-19T15:59:51.5067648,0.0161401288680959
2022-12-19T15:59:51.5068800,-0.0345229758796555
2022-12-19T15:59:51.5069952,0.0638424062171271
2022-12-19T15:59:51.5070976,-0.0463662985404424
2022-12-19T15:59:51.5072128,0.0184429973534371
2022-12-19T15:59:51.5073280,0.0292993774595181
2022-12-19T15:59:51.5213312,-0.0871599639793692
2022-12-19T15:59:51.5215104,0.027654471371815
2022-12-19T15:59:51.5216256,-0.0236665965995966
2022-12-19T15:59:51.5217408,0.0131792979696624
2022-12-19T15:59:51.5218432,-0.0368258441903187
2022-12-19T15:59:51.5219584,0.0177850349282693
2022-12-19T15:59:51.5220736,0.028970396241662
2022-12-19T15:59:51.5222016,-0.055248790406447
2022-12-19T15:59:51.5223040,0.0325891896467616
2022-12-19T15:59:51.5311744,-0.0253115025618754
2022-12-19T15:59:51.5313408,-0.0230086342136077
2022-12-19T15:59:51.5314432,0.0260095652880537
2022-12-19T15:59:51.5315200,0.011205410711089
2022-12-19T15:59:51.5315968,0.0105474482928166
2022-12-19T15:59:51.5316608,0.00166495570730275
2022-12-19T15:59:51.5317376,0.00363884293869718
2022-12-19T15:59:51.5429760,0.0115343919204599
2022-12-19T15:59:51.5432320,-0.0118232735573979
2022-12-19T15:59:51.5433856,0.0381818704013563
2022-12-19T15:59:51.5435008,0.0154821664451246
2022-12-19T15:59:51.5435648,-0.0450503738101221
2022-12-19T15:59:51.5572992,0.0674611998078136
2022-12-19T15:59:51.5574144,-0.0473532420865835
2022-12-19T15:59:51.5574912,0.034234095746308
2022-12-19T15:59:51.5575424,0.0319312272080495
2022-12-19T15:59:51.5576192,-0.0782774725083365
2022-12-19T15:59:51.5576704,0.0345630769666917
2022-12-19T15:59:51.5718144,-0.0335360323156458
2022-12-19T15:59:51.5719424,0.0283124338064231
2022-12-19T15:59:51.5720192,-0.0522879597967521
2022-12-19T15:59:51.5720704,0.0230487343472071
2022-12-19T15:59:51.5721216,0.0240356779927391
2022-12-19T15:59:51.5721600,-0.0427475055261936
2022-12-19T15:59:51.5722112,0.0194299409923665
2022-12-19T15:59:51.5836928,-0.0302462204256504
2022-12-19T15:59:51.5839360,-0.0118232735573979
2022-12-19T15:59:51.5840512,0.028970396241662
2022-12-19T15:59:51.5841152,0.0223907719176392
2022-12-19T15:59:51.5841920,-0.0121522547557184
2022-12-19T15:59:51.5842432,0.0589076877156253
2022-12-19T15:59:51.5843072,0.00956050466658112
2022-12-19T15:59:51.5958016,0.0717379558945845
2022-12-19T15:59:51.5959040,-0.0624863762895804
2022-12-19T15:59:51.5959936,0.00199393691214557
2022-12-19T15:59:51.5960960,0.137863188112964
2022-12-19T15:59:51.5961600,-0.0828832088402676
2022-12-19T15:59:51.5962240,0.0572627815564591
2022-12-19T15:59:51.6136576,-0.0769615478366743
2022-12-19T15:59:51.6139136,0.0302863211140333
2022-12-19T15:59:51.6140544,0.0464064010060314
2022-12-19T15:59:51.6141568,-0.0967004176603482
2022-12-19T15:59:51.6142848,0.0299573398957038
2022-12-19T15:59:51.6144000,-0.0361678818166088
2022-12-19T15:59:51.6269568,0.0164691100798168
2022-12-19T15:59:51.6271232,-0.0177449351035055
2022-12-19T15:59:51.6272384,0.0135082791799726
2022-12-19T15:59:51.6273280,0.0253516028556522
2022-12-19T15:59:51.6273920,-0.0332070511273362
2022-12-19T15:59:51.6274688,0.0352210394079334
2022-12-19T15:59:51.6275584,-0.00984938636422307
2022-12-19T15:59:51.6276224,-0.0180739162990437
2022-12-19T15:59:51.6276992,0.030944283551166
2022-12-19T15:59:51.6380672,-0.0128102171518951
2022-12-19T15:59:51.6381952,-0.0105073487625675
2022-12-19T15:59:51.6382976,-0.0108363299615074
2022-12-19T15:59:51.6383616,0.0033098617330751
2022-12-19T15:59:51.6384256,0.0135082791799726
2022-12-19T15:59:51.6384896,-0.000308931518483477
2022-12-19T15:59:51.6385408,0.0302863211140333
2022-12-19T15:59:51.6507264,0.010218467083915
2022-12-19T15:59:51.6508544,-0.0424185243421653
2022-12-19T15:59:51.6509312,0.0470643634586944
2022-12-19T15:59:51.6509952,-0.0443924114440477
2022-12-19T15:59:51.6510592,0.0158111476565318
2022-12-19T15:59:51.6602624,0.0339051145260825
2022-12-19T15:59:51.6604160,-0.0838701523361491
2022-12-19T15:59:51.6604928,0.0526570443320408
2022-12-19T15:59:51.6605568,-0.0302462204256504
2022-12-19T15:59:51.6606208,-0.00425670595325207
2022-12-19T15:59:51.6606848,-0.0282723332842885
2022-12-19T15:59:51.6724352,0.00495476776274499
2022-12-19T15:59:51.6725632,0.0207458658464715
2022-12-19T15:59:51.6726784,-0.0463662985404424
2022-12-19T15:59:51.6727808,0.0411427014076124
2022-12-19T15:59:51.6728832,-0.0118232735573979
2022-12-19T15:59:51.6875776,-0.0180739162990437
2022-12-19T15:59:51.6877312,0.0223907719176392
2022-12-19T15:59:51.6878080,0.00692865500349785
2022-12-19T15:59:51.6878720,2.00496854250026E-05
2022-12-19T15:59:51.6879360,0.00100699329808449
2022-12-19T15:59:51.6880000,-0.0085334615656746
2022-12-19T15:59:51.7002752,0.0174560537159208
2022-12-19T15:59:51.7005056,-0.0134681795474529
2022-12-19T15:59:51.7006720,0.0131792979696624
2022-12-19T15:59:51.7008000,0.0135082791799726
2022-12-19T15:59:51.7008896,-0.0341939946918055
2022-12-19T15:59:51.7009664,0.0418006638551917
2022-12-19T15:59:51.7010432,-0.0638023009877389
2022-12-19T15:59:51.7011200,0.00956050466658112
2022-12-19T15:59:51.7099520,0.0332471520861059
2022-12-19T15:59:51.7102208,-0.0795933971775991
2022-12-19T15:59:51.7103488,0.0253516028556522
2022-12-19T15:59:51.7104640,-0.0414315807891646
2022-12-19T15:59:51.7105792,0.0171270725037292
2022-12-19T15:59:51.7107968,-0.0177449351035055
2022-12-19T15:59:51.7230848,0.0335761333060152
2022-12-19T15:59:51.7233024,0.0144952228118434
2022-12-19T15:59:51.7234304,-0.0378127877497363
2022-12-19T15:59:51.7235328,0.0411427014076124
2022-12-19T15:59:51.7236480,0.00298088052760892
2022-12-19T15:59:51.7350016,-0.00820448036564994
2022-12-19T15:59:51.7354112,0.0174560537159208
2022-12-19T15:59:51.7356032,0.011205410711089
2022-12-19T15:59:51.7357184,-0.00129587512927513
2022-12-19T15:59:51.7358208,-0.0121522547557184
2022-12-19T15:59:51.7359360,-0.0055726307598683
2022-12-19T15:59:51.7360640,0.00495476776274499
2022-12-19T15:59:51.7466880,-0.00820448036564994
2022-12-19T15:59:51.7470080,0.0105474482928166
2022-12-19T15:59:51.7471744,0.000678012093708949
2022-12-19T15:59:51.7473024,-0.0401156560496931
2022-12-19T15:59:51.7474048,0.0516701006451631
2022-12-19T15:59:51.7475072,-0.0736717361470106
2022-12-19T15:59:51.7568896,0.00659967379631543
2022-12-19T15:59:51.7571968,0.0135082791799726
2022-12-19T15:59:51.7574528,-0.0684080374122746
2022-12-19T15:59:51.7576064,0.0260095652880537
2022-12-19T15:59:51.7577216,-0.0223506718270028
2022-12-19T15:59:51.7578496,0.0154821664451246
2022-12-19T15:59:51.7723648,-0.0236665965995966
2022-12-19T15:59:51.7726976,0.0207458658464715
2022-12-19T15:59:51.7728768,0.0306153023325207
2022-12-19T15:59:51.7730304,-0.0562357339402814
2022-12-19T15:59:51.7731584,0.0470643634586944
2022-12-19T15:59:51.7846016,-0.00425670595325207
2022-12-19T15:59:51.7848320,-0.017415953907813
2022-12-19T15:59:51.7849472,0.000349030889489121
2022-12-19T15:59:51.7850624,0.0135082791799726
2022-12-19T15:59:51.7851776,-0.0157710479270339
2022-12-19T15:59:51.7852800,-0.00491466835687079
2022-12-19T15:59:51.7853952,-0.0075465179651354
2022-12-19T15:59:51.7854976,0.0368659455138072
2022-12-19T15:59:51.7941504,-0.00458568715513909
2022-12-19T15:59:51.7944704,0.0302863211140333
2022-12-19T15:59:51.7946496,0.00659967379631543
2022-12-19T15:59:51.7947648,-0.0295882580458106
2022-12-19T15:59:51.7948800,0.0500251945035551
2022-12-19T15:59:51.7949824,-0.0391287124934857
2022-12-19T15:59:51.8059776,0.00758661741833119
2022-12-19T15:59:51.8063232,0.0401557577374334
2022-12-19T15:59:51.8065280,-0.0664341503768083
2022-12-19T15:59:51.8066688,0.0299573398957038
2022-12-19T15:59:51.8178560,-0.0387997313077776
2022-12-19T15:59:51.8181632,0.0141662416010631
2022-12-19T15:59:51.8183552,-0.039457693679041
2022-12-19T15:59:51.8184960,0.0187719785662566
2022-12-19T15:59:51.8185984,0.0194299409923665
2022-12-19T15:59:51.8187008,-0.0401156560496931
2022-12-19T15:59:51.8274816,0.0493672320480272
2022-12-19T15:59:51.8278016,0.00133597450261574
2022-12-19T15:59:51.8279808,-0.0184028974944275
2022-12-19T15:59:51.8280960,0.028970396241662
2022-12-19T15:59:51.8282112,0.0171270725037292
2022-12-19T15:59:51.8283136,-0.0161000291234987
2022-12-19T15:59:51.8396928,0.00232291811714419
2022-12-19T15:59:51.8400000,0.00232291811714419
2022-12-19T15:59:51.8402048,0.0266675277210854
2022-12-19T15:59:51.8403328,-0.0055726307598683
2022-12-19T15:59:51.8404480,0.0306153023325207
2022-12-19T15:59:51.8515072,0.00528374896914695
2022-12-19T15:59:51.8518144,-0.055248790406447
2022-12-19T15:59:51.8520704,0.0510121381880419
2022-12-19T15:59:51.8522368,-0.0509720350773848
2022-12-19T15:59:51.8523648,0.019100959779233
2022-12-19T15:59:51.8524672,0.0352210394079334
2022-12-19T15:59:51.8610816,-0.0878179263062205
2022-12-19T15:59:51.8614016,0.028970396241662
2022-12-19T15:59:51.8615552,-0.0299172392358072
2022-12-19T15:59:51.8616704,0.0223907719176392
2022-12-19T15:59:51.8617856,-0.0289302956653566
2022-12-19T15:59:51.8619008,0.0148242040227804
2022-12-19T15:59:51.8740736,0.030944283551166
2022-12-19T15:59:51.8743936,-0.0473532420865835
2022-12-19T15:59:51.8745856,0.0424586263034057
2022-12-19T15:59:51.8747136,-0.000966893925833531
2022-12-19T15:59:51.8748288,-0.00952040516481843
2022-12-19T15:59:51.8889472,0.0200879034191048
2022-12-19T15:59:51.8892928,0.00462578655649906
2022-12-19T15:59:51.8894592,-0.0118232735573979
2022-12-19T15:59:51.8895744,0.000349030889489121
2022-12-19T15:59:51.8896896,-0.0078754991654702
2022-12-19T15:59:51.8897920,0.00462578655649906
2022-12-19T15:59:51.9011968,0.00265189932229863
2022-12-19T15:59:51.9015168,0.0237066967774044
2022-12-19T15:59:51.9016960,0.0135082791799726
2022-12-19T15:59:51.9018112,-0.0470242609046887
2022-12-19T15:59:51.9019264,0.0516701006451631
2022-12-19T15:59:51.9020288,-0.0575516586499388
2022-12-19T15:59:51.9021696,0.0118633731299873
2022-12-19T15:59:51.9022976,0.0306153023325207
2022-12-19T15:59:51.9128448,-0.0924236625774711
2022-12-19T15:59:51.9131520,0.0269965089378377
2022-12-19T15:59:51.9133696,-0.0282723332842885
2022-12-19T15:59:51.9135104,0.00758661741833119
2022-12-19T15:59:51.9137152,-0.0351809382548961
2022-12-19T15:59:51.9138560,0.00758661741833119
2022-12-19T15:59:51.9245824,0.0131792979696624
2022-12-19T15:59:51.9249280,-0.0443924114440477
2022-12-19T15:59:51.9250816,0.0411427014076124
2022-12-19T15:59:51.9251968,-0.0055726307598683
2022-12-19T15:59:51.9253120,-0.00886244276554422
2022-12-19T15:59:51.9254144,0.0292993774595181
2022-12-19T15:59:51.9390720,-0.00261179994148619
2022-12-19T15:59:51.9395072,0.00396782414447519
2022-12-19T15:59:51.9396992,-0.000308931518483477
2022-12-19T15:59:51.9398272,0.028970396241662
2022-12-19T15:59:51.9399552,0.0171270725037292
2022-12-19T15:59:51.9400704,-0.0118232735573979
2022-12-19T15:59:51.9508480,0.0273254901547475
2022-12-19T15:59:51.9511424,-0.000966893925833531
2022-12-19T15:59:51.9512960,-0.0506430538971631
2022-12-19T15:59:51.9514112,0.0533150067907566
2022-12-19T15:59:51.9515264,-0.0503140727167894
2022-12-19T15:59:51.9516416,0.010218467083915
2022-12-19T15:59:51.9517440,0.0348920581872335
2022-12-19T15:59:51.9607808,-0.0805803406779723
2022-12-19T15:59:51.9609600,0.0332471520861059
2022-12-19T15:59:51.9610880,-0.0345229758796555
2022-12-19T15:59:51.9611904,-0.00886244276554422
2022-12-19T15:59:51.9613056,-0.0253115025618754
2022-12-19T15:59:51.9614208,0.0154821664451246
2022-12-19T15:59:51.9707904,0.0266675277210854
2022-12-19T15:59:51.9709696,-0.0338650135038022
2022-12-19T15:59:51.9710976,0.0450904761026137
2022-12-19T15:59:51.9712128,-0.00228281873866669
2022-12-19T15:59:51.9713280,-0.0154420667304147
2022-12-19T15:59:51.9807872,0.019100959779233
2022-12-19T15:59:51.9810560,0.00495476776274499
2022-12-19T15:59:51.9812736,0.00692865500349785
2022-12-19T15:59:51.9814528,-0.000637912722236303
2022-12-19T15:59:51.9816192,0.00265189932229863
2022-12-19T15:59:51.9908352,0.0082445798337894
2022-12-19T15:59:51.9912576,-0.00129587512927513
2022-12-19T15:59:51.9915648,0.0286414150239637
2022-12-19T15:59:51.9917696,-0.00425670595325207
2022-12-19T15:59:51.9919488,-0.0417605619736507
2022-12-19T15:59:52.0048896,0.0549599129403384
2022-12-19T15:59:52.0052480,-0.0460373173580908
2022-12-19T15:59:52.0054144,-0.000637912722236303
2022-12-19T15:59:52.0055296,0.0404847389606678
2022-12-19T15:59:52.0056320,-0.0654472068570392
2022-12-19T15:59:52.0161536,0.0243646592082312
2022-12-19T15:59:52.0166528,-0.0305752016153402
2022-12-19T15:59:52.0170112,0.010218467083915
2022-12-19T15:59:52.0172928,-0.0295882580458106
2022-12-19T15:59:52.0175360,0.010218467083915
2022-12-19T15:59:52.0177024,0.0207458658464715
2022-12-19T15:59:52.0178176,-0.0417605619736507
2022-12-19T15:59:52.0295936,0.0408137201840608
2022-12-19T15:59:52.0298624,-0.00458568715513909
2022-12-19T15:59:52.0300928,-0.0272853897115341
2022-12-19T15:59:52.0302592,0.0227197531323445
2022-12-19T15:59:52.0303744,0.0181140161407747
2022-12-19T15:59:52.0304768,-0.00195383753569171
2022-12-19T15:59:52.0399104,-0.0105073487625675
2022-12-19T15:59:52.0402304,-0.0137971607449997
2022-12-19T15:59:52.0405504,0.0266675277210854
2022-12-19T15:59:52.0408192,0.00462578655649906
2022-12-19T15:59:52.0410752,0.0171270725037292
2022-12-19T15:59:52.0413952,-0.0108363299615074
2022-12-19T15:59:52.0494976,-0.0154420667304147
2022-12-19T15:59:52.0497792,0.0411427014076124
2022-12-19T15:59:52.0500224,-0.0420895431579843
2022-12-19T15:59:52.0501888,0.0082445798337894
2022-12-19T15:59:52.0503424,0.0332471520861059
2022-12-19T15:59:52.0504832,-0.0657761880304464
2022-12-19T15:59:52.0590848,0.0283124338064231
2022-12-19T15:59:52.0593408,-0.0325490887502571
2022-12-19T15:59:52.0595968,0.0161401288680959
2022-12-19T15:59:52.0599936,0.005941711382419
2022-12-19T15:59:52.0696960,0.0250226216396877
2022-12-19T15:59:52.0699648,0.0418006638551917
2022-12-19T15:59:52.0702080,-0.00952040516481843
2022-12-19T15:59:52.0703744,0.0533150067907566
2022-12-19T15:59:52.0704896,-0.016429010319809
2022-12-19T15:59:52.0883200,-0.066763131549763
2022-12-19T15:59:52.0885248,-0.0917657002547956
2022-12-19T15:59:52.0886400,0.0273254901547475
2022-12-19T15:59:52.0887552,0.0829233180963501
2022-12-19T15:59:52.0888832,0.00363884293869718
2022-12-19T15:59:52.1052928,-0.0137971607449997
2022-12-19T15:59:52.1055872,0.00956050466658112
2022-12-19T15:59:52.1057664,0.00495476776274499
2022-12-19T15:59:52.1059072,0.0365369642923159
2022-12-19T15:59:52.1060480,-0.00458568715513909
2022-12-19T15:59:52.1061760,-0.0286013144748993
2022-12-19T15:59:52.1063168,0.0348920581872335
2022-12-19T15:59:52.1064448,-0.0453793549929307
2022-12-19T15:59:52.1065984,0.0118633731299873
2022-12-19T15:59:52.1218048,0.0256805840717742
2022-12-19T15:59:52.1221760,-0.0763035854999428
2022-12-19T15:59:52.1224576,0.0322602084273265
2022-12-19T15:59:52.1227520,-0.0302462204256504
2022-12-19T15:59:52.1229184,0.0105474482928166
2022-12-19T15:59:52.1230336,-0.0151130855336409
2022-12-19T15:59:52.1231488,0.0243646592082312
2022-12-19T15:59:52.1232768,0.0269965089378377
2022-12-19T15:59:52.1233920,-0.0420895431579843
2022-12-19T15:59:52.1372544,0.0523280631029221
2022-12-19T15:59:52.1375360,-0.00688855556400039
2022-12-19T15:59:52.1376896,-0.0197188222744198
2022-12-19T15:59:52.1378560,-0.00261179994148619
2022-12-19T15:59:52.1379712,0.0167980912916946
2022-12-19T15:59:52.1380736,-0.00655957436320019
2022-12-19T15:59:52.1381888,0.00298088052760892
2022-12-19T15:59:52.1382912,0.00495476776274499
2022-12-19T15:59:52.1384064,-0.0039277247512097
2022-12-19T15:59:52.1473152,0.0148242040227804
2022-12-19T15:59:52.1476096,0.0207458658464715
2022-12-19T15:59:52.1478528,0.00791559862598218
2022-12-19T15:59:52.1480704,-0.0506430538971631
2022-12-19T15:59:52.1482752,0.0411427014076124
2022-12-19T15:59:52.1484928,-0.0368258441903187
2022-12-19T15:59:52.1486976,0.0131792979696624
2022-12-19T15:59:52.1608576,0.0302863211140333
2022-12-19T15:59:52.1612800,-0.0674210938952199
2022-12-19T15:59:52.1615488,0.0220617907030912
2022-12-19T15:59:52.1618688,-0.0332070511273362
2022-12-19T15:59:52.1622144,0.00988948587516988
2022-12-19T15:59:52.1726464,-0.0325490887502571
2022-12-19T15:59:52.1730048,0.0141662416010631
2022-12-19T15:59:52.1733120,0.0171270725037292
2022-12-19T15:59:52.1735424,-0.0407736184197342
2022-12-19T15:59:52.1737344,0.0444325136518585
2022-12-19T15:59:52.1738624,0.00791559862598218
2022-12-19T15:59:52.1739648,-0.0085334615656746
2022-12-19T15:59:52.1892096,0.0115343919204599
2022-12-19T15:59:52.1894272,0.019100959779233
2022-12-19T15:59:52.1895680,-0.0128102171518951
2022-12-19T15:59:52.1897088,-0.00458568715513909
2022-12-19T15:59:52.1898496,0.0144952228118434
2022-12-19T15:59:52.1900160,0.0121923543396712
2022-12-19T15:59:52.1995776,-0.00425670595325207
2022-12-19T15:59:52.1998592,0.0214038282744669
2022-12-19T15:59:52.2000384,0.00298088052760892
2022-12-19T15:59:52.2002048,-0.039457693679041
2022-12-19T15:59:52.2003712,0.0526570443320408
2022-12-19T15:59:52.2005504,-0.0450503738101221
2022-12-19T15:59:52.2007168,-0.0055726307598683
2022-12-19T15:59:52.2009088,0.0411427014076124
2022-12-19T15:59:52.2119680,-0.0746586796554868
2022-12-19T15:59:52.2122112,0.0269965089378377
2022-12-19T15:59:52.2123648,-0.0351809382548961
2022-12-19T15:59:52.2125312,-0.0039277247512097
2022-12-19T15:59:52.2126848,-0.0361678818166088
2022-12-19T15:59:52.2218880,0.0279834525890402
2022-12-19T15:59:52.2221696,0.0240356779927391
2022-12-19T15:59:52.2223616,-0.0453793549929307
2022-12-19T15:59:52.2225536,0.0385108516236395
2022-12-19T15:59:52.2227968,-0.0121522547557184
2022-12-19T15:59:52.2230144,-0.0124812359538841
2022-12-19T15:59:52.2355456,0.0177850349282693
2022-12-19T15:59:52.2358784,0.00363884293869718
2022-12-19T15:59:52.2362112,0.622123811682334
2022-12-19T15:59:52.2364288,-0.0489981479937746
2022-12-19T15:59:52.2365952,0.00988948587516988
2022-12-19T15:59:52.2466560,0.0339051145260825
2022-12-19T15:59:52.2470784,0.00429680535040913
2022-12-19T15:59:52.2473984,0.0253516028556522
2022-12-19T15:59:52.2476544,-0.00162485633256119
2022-12-19T15:59:52.2478976,0.00725763621083642
2022-12-19T15:59:52.2481408,0.00232291811714419
2022-12-19T15:59:52.2483712,-0.0361678818166088
2022-12-19T15:59:52.2569344,0.0227197531323445
2022-12-19T15:59:52.2571904,0.0460774197799385
2022-12-19T15:59:52.2573952,-0.0608414704134819
2022-12-19T15:59:52.2576128,0.0207458658464715
2022-12-19T15:59:52.2578048,-0.0453793549929307
2022-12-19T15:59:52.2580224,0.0082445798337894
2022-12-19T15:59:52.2667008,-0.0391287124934857
2022-12-19T15:59:52.2670208,0.0200879034191048
2022-12-19T15:59:52.2672256,0.0296283586775321
2022-12-19T15:59:52.2674176,-0.0371548253769442
2022-12-19T15:59:52.2676096,0.0490382508205021
2022-12-19T15:59:52.2781696,-0.0085334615656746
2022-12-19T15:59:52.2784512,-0.00886244276554422
2022-12-19T15:59:52.2786688,0.0230487343472071
2022-12-19T15:59:52.2789120,0.0204168846327095
2022-12-19T15:59:52.2792064,0.00725763621083642
2022-12-19T15:59:52.2880000,0.00265189932229863
2022-12-19T15:59:52.2883584,0.00561273017570495
2022-12-19T15:59:52.2886144,0.0181140161407747
2022-12-19T15:59:52.2888576,-0.0085334615656746
2022-12-19T15:59:52.2890624,0.0217328094887004
2022-12-19T15:59:52.2893568,-0.0114942923589225
2022-12-19T15:59:52.2990848,-0.0529459221555245
2022-12-19T15:59:52.2994432,0.0559468566320032
2022-12-19T15:59:52.2996992,-0.0542618468712477
2022-12-19T15:59:52.2999040,-0.00359874354901193
2022-12-19T15:59:52.3000960,0.0411427014076124
2022-12-19T15:59:52.3158400,-0.0825542276746745
2022-12-19T15:59:52.3161344,0.0381818704013563
2022-12-19T15:59:52.3163392,-0.0328780699388733
2022-12-19T15:59:52.3165568,0.000349030889489121
2022-12-19T15:59:52.3168000,-0.0075465179651354
2022-12-19T15:59:52.3279232,0.0240356779927391
2022-12-19T15:59:52.3281920,0.0371949267354569
2022-12-19T15:59:52.3283456,-0.0299172392358072
2022-12-19T15:59:52.3284864,0.0612105563451762
2022-12-19T15:59:52.3286272,-0.00491466835687079
2022-12-19T15:59:52.3288192,-0.00524364955844718
2022-12-19T15:59:52.3290880,0.0260095652880537
2022-12-19T15:59:52.3294336,0.00396782414447519
2022-12-19T15:59:52.3447168,0.000678012093708949
2022-12-19T15:59:52.3450112,-0.00294078114415022
2022-12-19T15:59:52.3451776,0.00166495570730275
2022-12-19T15:59:52.3453056,0.0105474482928166
2022-12-19T15:59:52.3454080,0.000349030889489121
2022-12-19T15:59:52.3455360,0.0269965089378377
2022-12-19T15:59:52.3456384,-0.0039277247512097
2022-12-19T15:59:52.3550208,-0.0437344490773635
2022-12-19T15:59:52.3551872,0.0441035324267193
2022-12-19T15:59:52.3552896,-0.0417605619736507
2022-12-19T15:59:52.3553792,0.010218467083915
2022-12-19T15:59:52.3554688,0.0447614948771567
2022-12-19T15:59:52.3555840,-0.0786064536758771
2022-12-19T15:59:52.3556736,0.0269965089378377
2022-12-19T15:59:52.3557632,-0.0341939946918055
2022-12-19T15:59:52.3713280,0.0171270725037292
2022-12-19T15:59:52.3715712,-0.0128102171518951
2022-12-19T15:59:52.3717632,0.0246936404238808
2022-12-19T15:59:52.3719296,0.0312732647699692
2022-12-19T15:59:52.3720960,-0.0364968630035403
2022-12-19T15:59:52.3812608,0.0335761333060152
2022-12-19T15:59:52.3814272,-0.0256404837538696
2022-12-19T15:59:52.3815296,-0.016429010319809
2022-12-19T15:59:52.3816320,0.0220617907030912
2022-12-19T15:59:52.3817088,0.0158111476565318
2022-12-19T15:59:52.3817984,-0.00359874354901193
2022-12-19T15:59:52.3818880,0.00133597450261574
2022-12-19T15:59:52.3819776,0.00659967379631543
2022-12-19T15:59:52.3936128,0.019100959779233
2022-12-19T15:59:52.3937664,-0.0184028974944275
2022-12-19T15:59:52.3938560,0.0279834525890402
2022-12-19T15:59:52.3939456,-0.00458568715513909
2022-12-19T15:59:52.3940352,-0.04044463723479
2022-12-19T15:59:52.4109696,0.0332471520861059
2022-12-19T15:59:52.4111872,-0.0483401856313546
2022-12-19T15:59:52.4113152,0.00363884293869718
2022-12-19T15:59:52.4114432,0.030944283551166
2022-12-19T15:59:52.4115328,-0.0568936962954132
2022-12-19T15:59:52.4115968,0.0296283586775321
2022-12-19T15:59:52.4231040,-0.0256404837538696
2022-12-19T15:59:52.4232576,0.0296283586775321
2022-12-19T15:59:52.4233600,-0.017415953907813
2022-12-19T15:59:52.4234752,0.019100959779233
2022-12-19T15:59:52.4235264,0.0404847389606678
2022-12-19T15:59:52.4235776,-0.0302462204256504
2022-12-19T15:59:52.4236288,0.0671322185714943
2022-12-19T15:59:52.4236800,-0.0114942923589225
2022-12-19T15:59:52.4237312,-0.0233376154066791
2022-12-19T15:59:52.4331904,0.0335761333060152
2022-12-19T15:59:52.4333440,0.0115343919204599
2022-12-19T15:59:52.4334592,-0.000966893925833531
2022-12-19T15:59:52.4335232,-0.0184028974944275
2022-12-19T15:59:52.4335744,-0.00359874354901193
2022-12-19T15:59:52.4336256,0.00528374896914695
2022-12-19T15:59:52.4431488,-0.000966893925833531
2022-12-19T15:59:52.4433536,0.0082445798337894
2022-12-19T15:59:52.4434304,-0.00820448036564994
2022-12-19T15:59:52.4435200,-0.0447213926271611
2022-12-19T15:59:52.4435968,0.0362079830709829
2022-12-19T15:59:52.4527744,-0.0519589786171381
2022-12-19T15:59:52.4529920,-0.00129587512927513
2022-12-19T15:59:52.4531456,0.0431165887522547
2022-12-19T15:59:52.4532480,-0.0799223783445401
2022-12-19T15:59:52.4533248,0.0414716826313227
2022-12-19T15:59:52.4653824,-0.0114942923589225
2022-12-19T15:59:52.4655360,0.00923152345814872
2022-12-19T15:59:52.4656128,-0.0246535401774255
2022-12-19T15:59:52.4657024,0.0184429973534371
2022-12-19T15:59:52.4657792,0.0230487343472071
2022-12-19T15:59:52.4753024,-0.0295882580458106
2022-12-19T15:59:52.4754560,0.0503541757315581
2022-12-19T15:59:52.4755456,-0.0131391983497513
2022-12-19T15:59:52.4756352,-0.0131391983497513
2022-12-19T15:59:52.4757248,0.0256805840717742
2022-12-19T15:59:52.4758272,0.00890254224987264
2022-12-19T15:59:52.4899968,-0.0118232735573979
2022-12-19T15:59:52.4902272,0.00429680535040913
2022-12-19T15:59:52.4903680,0.00166495570730275
2022-12-19T15:59:52.4905088,0.00100699329808449
2022-12-19T15:59:52.4906112,-0.0118232735573979
2022-12-19T15:59:52.4996736,0.0296283586775321
2022-12-19T15:59:52.4999040,-0.00195383753569171
2022-12-19T15:59:52.5000704,-0.0634733198134259
2022-12-19T15:59:52.5002112,0.0385108516236395
2022-12-19T15:59:52.5003008,-0.0536038845136896
2022-12-19T15:59:52.5003776,0.0128503167595087
2022-12-19T15:59:52.5004416,0.0345630769666917
2022-12-19T15:59:52.5105536,-0.0726847926371815
2022-12-19T15:59:52.5106688,0.0401557577374334
2022-12-19T15:59:52.5107456,-0.0384707501219167
2022-12-19T15:59:52.5108608,0.00956050466658112
2022-12-19T15:59:52.5109376,-0.027943352093524
2022-12-19T15:59:52.5255552,0.0204168846327095
2022-12-19T15:59:52.5257344,0.0273254901547475
2022-12-19T15:59:52.5259264,-0.0299172392358072
2022-12-19T15:59:52.5260544,0.0779885994549393
2022-12-19T15:59:52.5261184,-0.00688855556400039
2022-12-19T15:59:52.5393408,-0.0216927094397817
2022-12-19T15:59:52.5395712,0.0292993774595181
2022-12-19T15:59:52.5396864,0.00561273017570495
2022-12-19T15:59:52.5397760,-0.0105073487625675
2022-12-19T15:59:52.5398528,0.0533150067907566
2022-12-19T15:59:52.5399296,-0.0203767846634904
2022-12-19T15:59:52.5400064,0.0115343919204599
2022-12-19T15:59:52.5400960,-0.00952040516481843
2022-12-19T15:59:52.5561472,0.0151531852338741
2022-12-19T15:59:52.5567872,0.00199393691214557
2022-12-19T15:59:52.5570816,-0.0226796530203822
2022-12-19T15:59:52.5572608,0.0105474482928166
2022-12-19T15:59:52.5573760,-0.0677500750677222
2022-12-19T15:59:52.5574912,0.028970396241662
2022-12-19T15:59:52.5575936,0.0322602084273265
2022-12-19T15:59:52.5729920,-0.0641312821619009
2022-12-19T15:59:52.5733504,0.0200879034191048
2022-12-19T15:59:52.5735040,-0.125321777955607
2022-12-19T15:59:52.5736192,0.0154821664451246
2022-12-19T15:59:52.5737344,-0.00294078114415022
2022-12-19T15:59:52.5738496,0.019100959779233
2022-12-19T15:59:52.5739520,0.00462578655649906
2022-12-19T15:59:52.5740544,0.0292993774595181
2022-12-19T15:59:52.5741696,0.034234095746308
2022-12-19T15:59:52.5851264,-0.0213637282459401
2022-12-19T15:59:52.5854336,-0.00688855556400039
2022-12-19T15:59:52.5856384,0.0418006638551917
2022-12-19T15:59:52.5857664,0.0230487343472071
2022-12-19T15:59:52.5858688,-0.0114942923589225
2022-12-19T15:59:52.5859712,-0.00425670595325207
2022-12-19T15:59:52.5860864,-0.0114942923589225
2022-12-19T15:59:52.5861888,0.00692865500349785
2022-12-19T15:59:52.5946496,-0.00590161196113415
2022-12-19T15:59:52.5948672,0.0210748470603906
2022-12-19T15:59:52.5949824,2.00496854250026E-05
2022-12-19T15:59:52.5950976,-0.0401156560496931
2022-12-19T15:59:52.5952000,0.0408137201840608
2022-12-19T15:59:52.5953024,-0.0328780699388733
2022-12-19T15:59:52.6078464,-0.00886244276554422
2022-12-19T15:59:52.6081920,0.0414716826313227
2022-12-19T15:59:52.6083584,-0.089133850958132
2022-12-19T15:59:52.6084736,0.0401557577374334
2022-12-19T15:59:52.6086144,-0.0210347470519443
2022-12-19T15:59:52.6225280,0.00298088052760892
2022-12-19T15:59:52.6228352,-0.0177449351035055
2022-12-19T15:59:52.6229888,0.0181140161407747
2022-12-19T15:59:52.6231168,0.0292993774595181
2022-12-19T15:59:52.6232320,-0.0368258441903187
2022-12-19T15:59:52.6233344,0.0661452748634996
2022-12-19T15:59:52.6343680,-0.0111653111602924
2022-12-19T15:59:52.6346752,-0.00294078114415022
2022-12-19T15:59:52.6349312,0.0339051145260825
2022-12-19T15:59:52.6351104,0.0233777155622271
2022-12-19T15:59:52.6352512,-0.00162485633256119
2022-12-19T15:59:52.6353792,0.0033098617330751
2022-12-19T15:59:52.6354816,-0.00425670595325207
2022-12-19T15:59:52.6355840,0.0217328094887004
2022-12-19T15:59:52.6439808,0.00758661741833119
2022-12-19T15:59:52.6443904,0.0296283586775321
2022-12-19T15:59:52.6446336,0.00988948587516988
2022-12-19T15:59:52.6447616,-0.0470242609046887
2022-12-19T15:59:52.6448640,0.0388398328460813
2022-12-19T15:59:52.6449792,-0.0450503738101221
2022-12-19T15:59:52.6572288,0.0174560537159208
2022-12-19T15:59:52.6574592,0.0381818704013563
2022-12-19T15:59:52.6575744,-0.0670921127225668
2022-12-19T15:59:52.6576896,0.0292993774595181
2022-12-19T15:59:52.6673920,-0.0269564085203087
2022-12-19T15:59:52.6677120,0.0171270725037292
2022-12-19T15:59:52.6679168,-0.0246535401774255
2022-12-19T15:59:52.6680320,0.00725763621083642
2022-12-19T15:59:52.6681856,0.0194299409923665
2022-12-19T15:59:52.6683008,-0.0341939946918055
2022-12-19T15:59:52.6684032,0.0546309317101028
2022-12-19T15:59:52.6799872,-0.000308931518483477
2022-12-19T15:59:52.6803072,-0.0167579915159647
2022-12-19T15:59:52.6804736,0.027654471371815
2022-12-19T15:59:52.6805888,0.0230487343472071
2022-12-19T15:59:52.6807040,-0.0147841043367125
2022-12-19T15:59:52.6918400,-0.0108363299615074
2022-12-19T15:59:52.6920576,0.000349030889489121
2022-12-19T15:59:52.6921984,0.00659967379631543
2022-12-19T15:59:52.6923136,-0.00491466835687079
2022-12-19T15:59:52.6924288,0.0306153023325207
2022-12-19T15:59:52.6925440,0.00298088052760892
2022-12-19T15:59:52.7061376,-0.0335360323156458
2022-12-19T15:59:52.7064192,0.0470643634586944
2022-12-19T15:59:52.7065984,-0.0513010162574545
2022-12-19T15:59:52.7067264,-0.00326976234665881
2022-12-19T15:59:52.7068288,0.0441035324267193
2022-12-19T15:59:52.7069568,-0.077948491340646
2022-12-19T15:59:52.7166464,0.0269965089378377
2022-12-19T15:59:52.7168128,-0.038141768935903
2022-12-19T15:59:52.7169408,0.0154821664451246
2022-12-19T15:59:52.7170560,-0.0157710479270339
2022-12-19T15:59:52.7171712,0.00956050466658112
2022-12-19T15:59:52.7172864,0.0220617907030912
2022-12-19T15:59:52.7174016,-0.04044463723479
2022-12-19T15:59:52.7266304,0.0615395375786094
2022-12-19T15:59:52.7270272,-0.0226796530203822
2022-12-19T15:59:52.7273344,-0.0131391983497513
2022-12-19T15:59:52.7276032,0.0362079830709829
2022-12-19T15:59:52.7277568,0.0174560537159208
2022-12-19T15:59:52.7278848,-0.0253115025618754
2022-12-19T15:59:52.7388032,0.000678012093708949
2022-12-19T15:59:52.7390464,-0.00359874354901193
2022-12-19T15:59:52.7392000,0.0148242040227804
2022-12-19T15:59:52.7393408,-0.00524364955844718
2022-12-19T15:59:52.7394816,0.005941711382419
2022-12-19T15:59:52.7551616,0.00232291811714419
2022-12-19T15:59:52.7553408,-0.02596946494571
2022-12-19T15:59:52.7554560,0.0348920581872335
2022-12-19T15:59:52.7555712,-0.0493271291747564
2022-12-19T15:59:52.7556736,-0.00326976234665881
2022-12-19T15:59:52.7557888,0.0516701006451631
2022-12-19T15:59:52.7654528,-0.0795933971775991
2022-12-19T15:59:52.7657344,0.0286414150239637
2022-12-19T15:59:52.7659008,-0.0243245589849698
2022-12-19T15:59:52.7660288,0.000678012093708949
2022-12-19T15:59:52.7661440,-0.016429010319809
2022-12-19T15:59:52.7662464,0.0171270725037292
2022-12-19T15:59:52.7663616,0.0184429973534371
2022-12-19T15:59:52.7664640,-0.0430764867100695
2022-12-19T15:59:52.7769984,0.0766726744900302
2022-12-19T15:59:52.7772928,-0.0239955777923602
2022-12-19T15:59:52.7774592,-0.0154420667304147
2022-12-19T15:59:52.7775744,0.0450904761026137
2022-12-19T15:59:52.7776896,0.0292993774595181
2022-12-19T15:59:52.7893120,-0.0055726307598683
2022-12-19T15:59:52.7895808,0.00363884293869718
2022-12-19T15:59:52.7898368,-0.00294078114415022
2022-12-19T15:59:52.7899904,0.00758661741833119
2022-12-19T15:59:52.7901056,-0.0151130855336409
2022-12-19T15:59:52.7902336,0.0260095652880537
2022-12-19T15:59:52.8050048,0.00100699329808449
2022-12-19T15:59:52.8052352,-0.0312331639942593
2022-12-19T15:59:52.8053760,0.0325891896467616
2022-12-19T15:59:52.8055168,-0.0384707501219167
2022-12-19T15:59:52.8056448,-0.00129587512927513
2022-12-19T15:59:52.8057856,0.0572627815564591
2022-12-19T15:59:52.8148224,-0.0838701523361491
2022-12-19T15:59:52.8150016,0.0427876075277508
2022-12-19T15:59:52.8151296,-0.0309041828048764
2022-12-19T15:59:52.8152448,0.0164691100798168
2022-12-19T15:59:52.8153600,-0.0256404837538696
2022-12-19T15:59:52.8154624,0.0197589222056571
2022-12-19T15:59:52.8156032,0.0263385465044908
2022-12-19T15:59:52.8157184,-0.0503140727167894
2022-12-19T15:59:52.8270336,0.0687771247546967
2022-12-19T15:59:52.8272768,-0.00984938636422307
2022-12-19T15:59:52.8275200,-0.0203767846634904
2022-12-19T15:59:52.8276864,0.0243646592082312
2022-12-19T15:59:52.8278400,0.0339051145260825
2022-12-19T15:59:52.8371840,-0.0111653111602924
2022-12-19T15:59:52.8373376,-0.00820448036564994
2022-12-19T15:59:52.8374784,0.00232291811714419
2022-12-19T15:59:52.8376064,0.00857356104175289
2022-12-19T15:59:52.8376960,-0.00359874354901193
2022-12-19T15:59:52.8377856,0.0260095652880537
2022-12-19T15:59:52.8472576,0.000349030889489121
2022-12-19T15:59:52.8474112,-0.0289302956653566
2022-12-19T15:59:52.8475136,0.0450904761026137
2022-12-19T15:59:52.8476032,-0.0355099194422867
2022-12-19T15:59:52.8476928,0.00890254224987264
2022-12-19T15:59:52.8570496,0.06252648127987
2022-12-19T15:59:52.8572416,-0.0835411711710049
2022-12-19T15:59:52.8573568,0.0348920581872335
2022-12-19T15:59:52.8574464,-0.0437344490773635
2022-12-19T15:59:52.8575360,0.0108764295018745
2022-12-19T15:59:52.8669056,-0.0262984461373967
2022-12-19T15:59:52.8671616,0.00166495570730275
2022-12-19T15:59:52.8673536,0.0332471520861059
2022-12-19T15:59:52.8674944,-0.0230086342136077
2022-12-19T15:59:52.8676736,0.0671322185714943
2022-12-19T15:59:52.8765312,-0.0184028974944275
2022-12-19T15:59:52.8767744,-0.0210347470519443
2022-12-19T15:59:52.8769664,0.0381818704013563
2022-12-19T15:59:52.8771200,0.0319312272080495
2022-12-19T15:59:52.8772736,-0.0151130855336409
2022-12-19T15:59:52.8861568,0.00462578655649906
2022-12-19T15:59:52.8863872,0.00956050466658112
2022-12-19T15:59:52.8865664,0.0174560537159208
2022-12-19T15:59:52.8867328,-0.00359874354901193
2022-12-19T15:59:52.8868352,0.0223907719176392
2022-12-19T15:59:52.8965120,0.00100699329808449
2022-12-19T15:59:52.8966784,-0.0335360323156458
2022-12-19T15:59:52.8967808,0.0243646592082312
2022-12-19T15:59:52.8968704,-0.0506430538971631
2022-12-19T15:59:52.9082240,-0.00195383753569171
2022-12-19T15:59:52.9084672,0.0322602084273265
2022-12-19T15:59:52.9086592,-0.0865020016519206
2022-12-19T15:59:52.9088256,0.0194299409923665
2022-12-19T15:59:52.9089664,-0.0272853897115341
2022-12-19T15:59:52.9182464,0.0184429973534371
2022-12-19T15:59:52.9184128,-0.0295882580458106
2022-12-19T15:59:52.9185408,0.0171270725037292
2022-12-19T15:59:52.9186560,0.0332471520861059
2022-12-19T15:59:52.9187840,-0.00228281873866669
2022-12-19T15:59:52.9188992,0.0710799934179284
2022-12-19T15:59:52.9303552,-0.0111653111602924
2022-12-19T15:59:52.9305344,0.0082445798337894
2022-12-19T15:59:52.9307136,0.0401557577374334
2022-12-19T15:59:52.9308288,0.0151531852338741
2022-12-19T15:59:52.9309056,-0.00886244276554422
2022-12-19T15:59:52.9426176,-0.00623059316224477
2022-12-19T15:59:52.9428096,0.00956050466658112
2022-12-19T15:59:52.9429376,0.00923152345814872
2022-12-19T15:59:52.9431168,-0.00623059316224477
2022-12-19T15:59:52.9433088,0.0296283586775321
2022-12-19T15:59:52.9434880,0.0033098617330751
2022-12-19T15:59:52.9531392,-0.0299172392358072
2022-12-19T15:59:52.9533056,0.0286414150239637
2022-12-19T15:59:52.9533952,-0.0417605619736507
2022-12-19T15:59:52.9534848,-0.0055726307598683
2022-12-19T15:59:52.9535488,0.0454194573282296
2022-12-19T15:59:52.9536256,-0.0874889451428695
2022-12-19T15:59:52.9536896,0.0339051145260825
2022-12-19T15:59:52.9655040,-0.0246535401774255
2022-12-19T15:59:52.9657216,0.00988948587516988
2022-12-19T15:59:52.9658368,-0.0144551231396295
2022-12-19T15:59:52.9659136,0.0115343919204599
2022-12-19T15:59:52.9659904,0.0151531852338741
2022-12-19T15:59:52.9780992,-0.0305752016153402
2022-12-19T15:59:52.9783040,0.0569338003251055
2022-12-19T15:59:52.9784192,-0.0128102171518951
2022-12-19T15:59:52.9784960,-0.014126141942392
2022-12-19T15:59:52.9785600,0.037523907957265
2022-12-19T15:59:52.9786240,0.0115343919204599
2022-12-19T15:59:52.9906432,-0.00162485633256119
2022-12-19T15:59:52.9908992,0.00758661741833119
2022-12-19T15:59:52.9910272,-0.00162485633256119
2022-12-19T15:59:52.9911296,0.0187719785662566
2022-12-19T15:59:52.9912320,0.00758661741833119
2022-12-19T15:59:52.9913216,0.00988948587516988
2022-12-19T15:59:53.0076800,0.0105474482928166
2022-12-19T15:59:53.0081920,-0.0286013144748993
2022-12-19T15:59:53.0083584,0.0339051145260825
2022-12-19T15:59:53.0084736,-0.0499850915362638
2022-12-19T15:59:53.0085760,0.00232291811714419
2022-12-19T15:59:53.0087040,0.0513411194165228
2022-12-19T15:59:53.0088192,-0.0917657002547956
2022-12-19T15:59:53.0228992,0.0358790018498081
2022-12-19T15:59:53.0234240,-0.0348519570673523
2022-12-19T15:59:53.0237952,0.00462578655649906
2022-12-19T15:59:53.0240000,-0.0269564085203087
2022-12-19T15:59:53.0241280,0.00988948587516988
2022-12-19T15:59:53.0242560,0.0391688140686815
2022-12-19T15:59:53.0243584,-0.0243245589849698
2022-12-19T15:59:53.0244736,0.0687771247546967
2022-12-19T15:59:53.0386816,0.00462578655649906
2022-12-19T15:59:53.0388736,-0.0137971607449997
2022-12-19T15:59:53.0389888,0.0292993774595181
2022-12-19T15:59:53.0391040,0.0385108516236395
2022-12-19T15:59:53.0392064,-0.0111653111602924
2022-12-19T15:59:53.0393088,2.00496854250026E-05
2022-12-19T15:59:53.0394112,-0.0075465179651354
2022-12-19T15:59:53.0395264,0.0108764295018745
2022-12-19T15:59:53.0504448,0.00363884293869718
2022-12-19T15:59:53.0507264,-0.0105073487625675
2022-12-19T15:59:53.0508928,0.0154821664451246
2022-12-19T15:59:53.0510080,-0.0407736184197342
2022-12-19T15:59:53.0511232,0.0108764295018745
2022-12-19T15:59:53.0512256,0.0829233180963501
2022-12-19T15:59:53.0513792,-0.0914367190932344
2022-12-19T15:59:53.0514816,0.128322731314613
2022-12-19T15:59:53.0630784,-0.093739587221035
2022-12-19T15:59:53.0632960,-0.00228281873866669
2022-12-19T15:59:53.0634240,-0.0638023009877389
2022-12-19T15:59:53.0635264,0.0220617907030912
2022-12-19T15:59:53.0636416,-0.0213637282459401
2022-12-19T15:59:53.0637440,0.0227197531323445
2022-12-19T15:59:53.0748288,0.0391688140686815
2022-12-19T15:59:53.0751744,-0.0361678818166088
2022-12-19T15:59:53.0754304,0.0631844437481781
2022-12-19T15:59:53.0756736,-0.0197188222744198
2022-12-19T15:59:53.0757888,-0.00623059316224477
2022-12-19T15:59:53.0759168,0.0454194573282296
2022-12-19T15:59:53.0845824,0.028970396241662
2022-12-19T15:59:53.0849408,-0.00524364955844718
2022-12-19T15:59:53.0851712,0.0121923543396712
2022-12-19T15:59:53.0852992,0.00988948587516988
2022-12-19T15:59:53.0854144,0.0223907719176392
2022-12-19T15:59:53.0855168,-0.0170869727119661
2022-12-19T15:59:53.0935680,0.0223907719176392
2022-12-19T15:59:53.0939264,0.00561273017570495
2022-12-19T15:59:53.1034368,-0.0355099194422867
2022-12-19T15:59:53.1035904,0.0306153023325207
2022-12-19T15:59:53.1037056,-0.0476822232683261
2022-12-19T15:59:53.1156608,-0.00919142396525881
2022-12-19T15:59:53.1158912,0.0510121381880419
2022-12-19T15:59:53.1160192,-0.0818962653430394
2022-12-19T15:59:53.1161472,0.0250226216396877
2022-12-19T15:59:53.1162624,-0.0341939946918055
2022-12-19T15:59:53.1163648,0.00363884293869718
2022-12-19T15:59:53.1164800,-0.0210347470519443
2022-12-19T15:59:53.1165824,0.0177850349282693
2022-12-19T15:59:53.1167104,0.0260095652880537
2022-12-19T15:59:53.1272064,-0.0312331639942593
2022-12-19T15:59:53.1275520,0.0697640684665458
2022-12-19T15:59:53.1277696,-0.016429010319809
2022-12-19T15:59:53.1280000,-0.0131391983497513
2022-12-19T15:59:53.1281536,0.0352210394079334
2022-12-19T15:59:53.1282944,0.0263385465044908
2022-12-19T15:59:53.1401984,0.00166495570730275
2022-12-19T15:59:53.1404160,0.00758661741833119
2022-12-19T15:59:53.1405568,0.00396782414447519
2022-12-19T15:59:53.1406592,-0.000308931518483477
2022-12-19T15:59:53.1407744,-0.00458568715513909
2022-12-19T15:59:53.1408768,0.0220617907030912
2022-12-19T15:59:53.1501824,-0.014126141942392
2022-12-19T15:59:53.1504384,-0.0424185243421653
2022-12-19T15:59:53.1505920,0.0312732647699692
2022-12-19T15:59:53.1507072,-0.0414315807891646
2022-12-19T15:59:53.1508224,0.0135082791799726
2022-12-19T15:59:53.1509376,0.0421296450792193
2022-12-19T15:59:53.1632000,-0.0690659997562243
2022-12-19T15:59:53.1635200,0.0322602084273265
2022-12-19T15:59:53.1636864,-0.0345229758796555
2022-12-19T15:59:53.1638016,0.0082445798337894
2022-12-19T15:59:53.1639168,-0.0233376154066791
2022-12-19T15:59:53.1749632,0.0148242040227804
2022-12-19T15:59:53.1752960,0.0246936404238808
2022-12-19T15:59:53.1754752,-0.0358389006295243
2022-12-19T15:59:53.1756288,0.0661452748634996
2022-12-19T15:59:53.1757568,-0.00623059316224477
2022-12-19T15:59:53.1759104,-0.0108363299615074
2022-12-19T15:59:53.1760384,0.0352210394079334
2022-12-19T15:59:53.1893632,0.0256805840717742
2022-12-19T15:59:53.1896704,-0.00261179994148619
2022-12-19T15:59:53.1898624,-0.0085334615656746
2022-12-19T15:59:53.1900160,0.00199393691214557
2022-12-19T15:59:53.1901568,-0.00655957436320019
2022-12-19T15:59:53.1902976,0.00166495570730275
2022-12-19T15:59:53.1992576,0.0161401288680959
2022-12-19T15:59:53.1995648,-0.0216927094397817
2022-12-19T15:59:53.1997568,-0.0414315807891646
2022-12-19T15:59:53.1998976,0.0243646592082312
2022-12-19T15:59:53.2000128,-0.0605124892378086
2022-12-19T15:59:53.2001280,0.0105474482928166
2022-12-19T15:59:53.2002304,0.037523907957265
2022-12-19T15:59:53.2105856,-0.0825542276746745
2022-12-19T15:59:53.2109184,0.0493672320480272
2022-12-19T15:59:53.2111104,-0.0450503738101221
2022-12-19T15:59:53.2112896,0.0121923543396712
2022-12-19T15:59:53.2115072,-0.0108363299615074
2022-12-19T15:59:53.2244992,0.0223907719176392
2022-12-19T15:59:53.2248192,0.0230487343472071
2022-12-19T15:59:53.2249856,-0.0289302956653566
2022-12-19T15:59:53.2251008,0.0707510121798415
2022-12-19T15:59:53.2252160,-0.0305752016153402
2022-12-19T15:59:53.2253184,-0.0128102171518951
2022-12-19T15:59:53.2396672,0.0378528891792314
2022-12-19T15:59:53.2400384,0.0128503167595087
2022-12-19T15:59:53.2402432,-0.0039277247512097
2022-12-19T15:59:53.2403712,0.0105474482928166
2022-12-19T15:59:53.2404864,0.0082445798337894
2022-12-19T15:59:53.2406016,-0.000637912722236303
2022-12-19T15:59:53.2407040,-0.0111653111602924
2022-12-19T15:59:53.2514432,0.0220617907030912
2022-12-19T15:59:53.2518144,-0.0134681795474529
2022-12-19T15:59:53.2520320,-0.0473532420865835
2022-12-19T15:59:53.2523520,0.0223907719176392
2022-12-19T15:59:53.2525952,-0.0575516586499388
2022-12-19T15:59:53.2527360,-0.00359874354901193
2022-12-19T15:59:53.2528512,0.0404847389606678
2022-12-19T15:59:53.2643840,-0.089133850958132
2022-12-19T15:59:53.2646016,0.0355500206287917
2022-12-19T15:59:53.2647296,-0.02596946494571
2022-12-19T15:59:53.2648448,0.00758661741833119
2022-12-19T15:59:53.2649472,-0.0216927094397817
2022-12-19T15:59:53.2650624,0.0256805840717742
2022-12-19T15:59:53.2745728,0.0283124338064231
2022-12-19T15:59:53.2748800,-0.00491466835687079
2022-12-19T15:59:53.2750720,0.0668032373353356
2022-12-19T15:59:53.2752000,-0.018731878689657
2022-12-19T15:59:53.2753152,-0.0118232735573979
2022-12-19T15:59:53.2754304,0.0332471520861059
2022-12-19T15:59:53.2896384,0.0128503167595087
2022-12-19T15:59:53.2898560,-0.0075465179651354
2022-12-19T15:59:53.2899968,-0.0039277247512097
2022-12-19T15:59:53.2900992,0.00956050466658112
2022-12-19T15:59:53.2902016,0.0154821664451246
2022-12-19T15:59:53.2903168,0.00166495570730275
2022-12-19T15:59:53.2999040,0.0269965089378377
2022-12-19T15:59:53.3002624,-0.00294078114415022
2022-12-19T15:59:53.3004032,-0.0266274273289295
2022-12-19T15:59:53.3005696,0.0131792979696624
2022-12-19T15:59:53.3006848,-0.0470242609046887
2022-12-19T15:59:53.3007872,0.00561273017570495
2022-12-19T15:59:53.3008896,0.0424586263034057
2022-12-19T15:59:53.3119488,-0.0736717361470106
2022-12-19T15:59:53.3122560,0.037523907957265
2022-12-19T15:59:53.3124736,-0.027943352093524
2022-12-19T15:59:53.3127040,0.00495476776274499
2022-12-19T15:59:53.3128704,-0.0128102171518951
2022-12-19T15:59:53.3236480,0.00495476776274499
2022-12-19T15:59:53.3240064,0.0306153023325207
2022-12-19T15:59:53.3243264,-0.0134681795474529
2022-12-19T15:59:53.3245056,0.0450904761026137
2022-12-19T15:59:53.3246336,-0.0154420667304147
2022-12-19T15:59:53.3247360,-0.017415953907813
2022-12-19T15:59:53.3336960,0.0246936404238808
2022-12-19T15:59:53.3340160,0.0181140161407747
2022-12-19T15:59:53.3341952,-0.00886244276554422
2022-12-19T15:59:53.3343104,0.00528374896914695
2022-12-19T15:59:53.3344256,0.0108764295018745
2022-12-19T15:59:53.3345280,0.0131792979696624
2022-12-19T15:59:53.3436800,-0.00162485633256119
2022-12-19T15:59:53.3439360,0.0177850349282693
2022-12-19T15:59:53.3440768,0.00298088052760892
2022-12-19T15:59:53.3441920,-0.0325490887502571
2022-12-19T15:59:53.3443200,0.0253516028556522
2022-12-19T15:59:53.3567232,-0.0371548253769442
2022-12-19T15:59:53.3570688,0.342160590495695
2022-12-19T15:59:53.3573632,0.00166495570730275
2022-12-19T15:59:53.3575680,-0.077948491340646
2022-12-19T15:59:53.3577088,0.0368659455138072
2022-12-19T15:59:53.3731584,-0.0424185243421653
2022-12-19T15:59:53.3734016,-0.000966893925833531
2022-12-19T15:59:53.3735296,-0.0299172392358072
2022-12-19T15:59:53.3736448,0.0635134249825725
2022-12-19T15:59:53.3737600,0.00495476776274499
2022-12-19T15:59:53.3738624,-0.0358389006295243
2022-12-19T15:59:53.3739776,0.06055259387879
2022-12-19T15:59:53.3850368,-0.0315621451834888
2022-12-19T15:59:53.3853568,-0.000637912722236303
2022-12-19T15:59:53.3855488,0.0454194573282296
2022-12-19T15:59:53.3856640,0.00298088052760892
2022-12-19T15:59:53.3857664,-0.0147841043367125
2022-12-19T15:59:53.3858688,0.00528374896914695
2022-12-19T15:59:53.3859968,-0.00425670595325207
2022-12-19T15:59:53.3861120,0.00561273017570495
2022-12-19T15:59:53.3946880,0.00100699329808449
2022-12-19T15:59:53.3949824,0.0319312272080495
2022-12-19T15:59:53.3952256,-0.00261179994148619
2022-12-19T15:59:53.3953792,-0.0417605619736507
2022-12-19T15:59:53.3955072,0.0329181708663548
2022-12-19T15:59:53.3956224,-0.0430764867100695
2022-12-19T15:59:53.4065280,-0.00294078114415022
2022-12-19T15:59:53.4067456,0.0477223259119937
2022-12-19T15:59:53.4068736,-0.0815672841769972
2022-12-19T15:59:53.4069888,0.0283124338064231
2022-12-19T15:59:53.4071040,-0.0295882580458106
2022-12-19T15:59:53.4164480,0.0158111476565318
2022-12-19T15:59:53.4167680,-0.0216927094397817
2022-12-19T15:59:53.4170368,0.0108764295018745
2022-12-19T15:59:53.4172544,0.0269965089378377
2022-12-19T15:59:53.4173824,-0.0328780699388733
2022-12-19T15:59:53.4265472,0.0615395375786094
2022-12-19T15:59:53.4268672,-0.0197188222744198
2022-12-19T15:59:53.4270464,-0.0210347470519443
2022-12-19T15:59:53.4271744,0.0513411194165228
2022-12-19T15:59:53.4273024,0.0240356779927391
2022-12-19T15:59:53.4275584,-0.0085334615656746
2022-12-19T15:59:53.4396416,0.005941711382419
2022-12-19T15:59:53.4401408,0.000349030889489121
2022-12-19T15:59:53.4403712,0.0184429973534371
2022-12-19T15:59:53.4405248,0.00561273017570495
2022-12-19T15:59:53.4406400,0.0319312272080495
2022-12-19T15:59:53.4514688,0.00988948587516988
2022-12-19T15:59:53.4517888,-0.0430764867100695
2022-12-19T15:59:53.4519936,0.0260095652880537
2022-12-19T15:59:53.4521216,-0.0397866748644434
2022-12-19T15:59:53.4522368,0.00659967379631543
2022-12-19T15:59:53.4523520,0.0519990818739629
2022-12-19T15:59:53.4610048,-0.0832121900057111
2022-12-19T15:59:53.4614016,0.0329181708663548
2022-12-19T15:59:53.4616448,-0.0289302956653566
2022-12-19T15:59:53.4617984,-0.00294078114415022
2022-12-19T15:59:53.4619264,-0.0105073487625675
2022-12-19T15:59:53.4620288,0.0154821664451246
2022-12-19T15:59:53.4732800,0.0283124338064231
2022-12-19T15:59:53.4735360,-0.04044463723479
2022-12-19T15:59:53.4737408,0.0635134249825725
2022-12-19T15:59:53.4739200,-0.0055726307598683
2022-12-19T15:59:53.4740992,-0.00919142396525881
2022-12-19T15:59:53.4835456,0.0378528891792314
2022-12-19T15:59:53.4839552,0.0227197531323445
2022-12-19T15:59:53.4843008,-0.0078754991654702
2022-12-19T15:59:53.4845696,-0.000308931518483477
2022-12-19T15:59:53.4848128,-0.00425670595325207
2022-12-19T15:59:53.4849664,0.00857356104175289
2022-12-19T15:59:53.4937984,0.00166495570730275
2022-12-19T15:59:53.4940416,0.0167980912916946
2022-12-19T15:59:53.4942080,-0.00491466835687079
2022-12-19T15:59:53.4943488,-0.0299172392358072
2022-12-19T15:59:53.4944896,0.0348920581872335
2022-12-19T15:59:53.5043072,-0.0358389006295243
2022-12-19T15:59:53.5045632,0.000678012093708949
2022-12-19T15:59:53.5047296,0.0661452748634996
2022-12-19T15:59:53.5048448,-0.0693949809279731
2022-12-19T15:59:53.5049600,0.0470643634586944
2022-12-19T15:59:53.5141888,-0.039457693679041
2022-12-19T15:59:53.5143552,0.000349030889489121
2022-12-19T15:59:53.5144704,-0.0226796530203822
2022-12-19T15:59:53.5145984,0.0391688140686815
2022-12-19T15:59:53.5147008,0.0464064010060314
2022-12-19T15:59:53.5244032,-0.0289302956653566
2022-12-19T15:59:53.5246592,0.0658162936278223
2022-12-19T15:59:53.5248128,-0.0216927094397817
2022-12-19T15:59:53.5249280,-0.017415953907813
2022-12-19T15:59:53.5250432,0.069106105991819
2022-12-19T15:59:53.5339776,0.111544686936486
2022-12-19T15:59:53.5341568,-0.0506430538971631
2022-12-19T15:59:53.5342720,0.0240356779927391
2022-12-19T15:59:53.5343872,-0.0161000291234987
2022-12-19T15:59:53.5344896,0.0519990818739629
2022-12-19T15:59:53.5465472,0.0677901810442935
2022-12-19T15:59:53.5467904,-0.0595255457098809
2022-12-19T15:59:53.5469440,-0.00425670595325207
2022-12-19T15:59:53.5470976,0.0306153023325207
2022-12-19T15:59:53.5472384,0.0450904761026137
2022-12-19T15:59:53.5565952,-0.0427475055261936
2022-12-19T15:59:53.5569536,0.00758661741833119
2022-12-19T15:59:53.5572224,0.0730538808498274
2022-12-19T15:59:53.5574784,-0.0664341503768083
2022-12-19T15:59:53.5576576,0.0306153023325207
2022-12-19T15:59:53.5577856,-0.0167579915159647
2022-12-19T15:59:53.5719936,0.00363884293869718
2022-12-19T15:59:53.5722368,0.00100699329808449
2022-12-19T15:59:53.5723904,0.0408137201840608
2022-12-19T15:59:53.5725440,0.0431165887522547
2022-12-19T15:59:53.5726848,-0.0345229758796555
2022-12-19T15:59:53.5728256,0.064829349921753
2022-12-19T15:59:53.5832960,-0.00195383753569171
2022-12-19T15:59:53.5835264,-0.0128102171518951
2022-12-19T15:59:53.5836928,0.0510121381880419
2022-12-19T15:59:53.5838080,0.0082445798337894
2022-12-19T15:59:53.5839232,-0.0124812359538841
2022-12-19T15:59:53.5840384,-0.00425670595325207
2022-12-19T15:59:53.5841920,-0.0055726307598683
2022-12-19T15:59:53.5949824,-0.00458568715513909
2022-12-19T15:59:53.5952512,-0.00326976234665881
2022-12-19T15:59:53.5954048,0.0164691100798168
2022-12-19T15:59:53.5955200,0.00133597450261574
2022-12-19T15:59:53.5956352,-0.0341939946918055
2022-12-19T15:59:53.5957504,0.037523907957265
2022-12-19T15:59:53.6071168,-0.0460373173580908
2022-12-19T15:59:53.6072960,0.00396782414447519
2022-12-19T15:59:53.6074112,0.0464064010060314
2022-12-19T15:59:53.6075264,-0.064789244509772
2022-12-19T15:59:53.6076288,0.0546309317101028
2022-12-19T15:59:53.6077312,-0.0131391983497513
2022-12-19T15:59:53.6200448,0.005941711382419
2022-12-19T15:59:53.6204160,-0.0101783675634727
2022-12-19T15:59:53.6206976,0.0220617907030912
2022-12-19T15:59:53.6209664,0.0408137201840608
2022-12-19T15:59:53.6211968,-0.0374838065634167
2022-12-19T15:59:53.6214528,0.0546309317101028
2022-12-19T15:59:53.6303232,-0.0118232735573979
2022-12-19T15:59:53.6305664,-0.00984938636422307
2022-12-19T15:59:53.6307328,0.0414716826313227
2022-12-19T15:59:53.6308736,0.0200879034191048
2022-12-19T15:59:53.6310144,-0.00359874354901193
2022-12-19T15:59:53.6311680,0.00396782414447519
2022-12-19T15:59:53.6312960,0.00363884293869718
2022-12-19T15:59:53.6399872,-0.000966893925833531
2022-12-19T15:59:53.6402688,-0.00326976234665881
2022-12-19T15:59:53.6404992,0.0220617907030912
2022-12-19T15:59:53.6406656,0.00429680535040913
2022-12-19T15:59:53.6527872,-0.0562357339402814
2022-12-19T15:59:53.6531968,0.0237066967774044
2022-12-19T15:59:53.6534144,-0.0480112044499164
2022-12-19T15:59:53.6535552,-0.0144551231396295
2022-12-19T15:59:53.6536832,0.0378528891792314
2022-12-19T15:59:53.6640768,-0.0795933971775991
2022-12-19T15:59:53.6642688,0.0480513071388821
2022-12-19T15:59:53.6643840,-0.0157710479270339
2022-12-19T15:59:53.6644992,0.00725763621083642
2022-12-19T15:59:53.6646016,-0.016429010319809
2022-12-19T15:59:53.6647040,0.0194299409923665
2022-12-19T15:59:53.6648576,0.0273254901547475
2022-12-19T15:59:53.6742272,-0.0318911263725649
2022-12-19T15:59:53.6743936,0.0707510121798415
2022-12-19T15:59:53.6745088,-0.000308931518483477
2022-12-19T15:59:53.6746112,-0.0210347470519443
2022-12-19T15:59:53.6747392,0.0483802883659295
2022-12-19T15:59:53.6846080,-0.00129587512927513
2022-12-19T15:59:53.6849408,-0.00721753676464547
2022-12-19T15:59:53.6852608,0.000349030889489121
2022-12-19T15:59:53.6854784,-0.0039277247512097
2022-12-19T15:59:53.6856576,0.000678012093708949
2022-12-19T15:59:53.6940544,0.000678012093708949
2022-12-19T15:59:53.6943232,0.0128503167595087
2022-12-19T15:59:53.6945408,0.00692865500349785
2022-12-19T15:59:53.6947968,-0.0351809382548961
2022-12-19T15:59:53.6950016,0.027654471371815
2022-12-19T15:59:53.6951424,-0.0450503738101221
2022-12-19T15:59:53.7088000,-0.0157710479270339
2022-12-19T15:59:53.7091328,0.0214038282744669
2022-12-19T15:59:53.7094528,-0.0782774725083365
2022-12-19T15:59:53.7100160,0.0352210394079334
2022-12-19T15:59:53.7228288,-0.0348519570673523
2022-12-19T15:59:53.7229952,0.0174560537159208
2022-12-19T15:59:53.7231232,-0.0111653111602924
2022-12-19T15:59:53.7232256,0.0131792979696624
2022-12-19T15:59:53.7233280,0.0296283586775321
2022-12-19T15:59:53.7234432,-0.0269564085203087
2022-12-19T15:59:53.7235584,0.0556178754012885
2022-12-19T15:59:53.7236608,-0.0118232735573979
2022-12-19T15:59:53.7333248,-0.0154420667304147
2022-12-19T15:59:53.7335040,0.0450904761026137
2022-12-19T15:59:53.7336192,0.0240356779927391
2022-12-19T15:59:53.7337344,0.00265189932229863
2022-12-19T15:59:53.7338496,0.0154821664451246
2022-12-19T15:59:53.7339648,-0.0151130855336409
2022-12-19T15:59:53.7340800,-0.00458568715513909
2022-12-19T15:59:53.7442048,-0.0154420667304147
2022-12-19T15:59:53.7444480,0.0177850349282693
2022-12-19T15:59:53.7446016,0.0148242040227804
2022-12-19T15:59:53.7447424,-0.0453793549929307
2022-12-19T15:59:53.7448960,0.0207458658464715
2022-12-19T15:59:53.7552000,-0.0414315807891646
2022-12-19T15:59:53.7554560,-0.000966893925833531
2022-12-19T15:59:53.7557120,0.0552888941707336
2022-12-19T15:59:53.7559552,-0.074329698486145
2022-12-19T15:59:53.7561216,0.0408137201840608
2022-12-19T15:59:53.7648000,-0.0299172392358072
2022-12-19T15:59:53.7650432,0.0105474482928166
2022-12-19T15:59:53.7652224,0.000678012093708949
2022-12-19T15:59:53.7654528,0.0230487343472071
2022-12-19T15:59:53.7656960,0.0227197531323445
2022-12-19T15:59:53.7658880,-0.0417605619736507
2022-12-19T15:59:53.7795584,0.0631844437481781
2022-12-19T15:59:53.7798528,0.00462578655649906
2022-12-19T15:59:53.7800192,-0.02596946494571
2022-12-19T15:59:53.7801344,0.0549599129403384
2022-12-19T15:59:53.7802368,0.00462578655649906
2022-12-19T15:59:53.7909632,-0.000308931518483477
2022-12-19T15:59:53.7911808,-0.00524364955844718
2022-12-19T15:59:53.7913088,-0.0078754991654702
2022-12-19T15:59:53.7914240,-0.00919142396525881
2022-12-19T15:59:53.7915264,0.0167980912916946
2022-12-19T15:59:53.7916416,0.0223907719176392
2022-12-19T15:59:53.7917440,0.00890254224987264
2022-12-19T15:59:53.8061568,-0.0348519570673523
2022-12-19T15:59:53.8064000,0.0329181708663548
2022-12-19T15:59:53.8065152,-0.0387997313077776
2022-12-19T15:59:53.8066304,0.00133597450261574
2022-12-19T15:59:53.8067328,0.0404847389606678
2022-12-19T15:59:53.8068480,-0.0828832088402676
2022-12-19T15:59:53.8178432,0.0362079830709829
2022-12-19T15:59:53.8180736,-0.0299172392358072
2022-12-19T15:59:53.8182144,-0.00195383753569171
2022-12-19T15:59:53.8183296,-0.00195383753569171
2022-12-19T15:59:53.8184704,0.0220617907030912
2022-12-19T15:59:53.8185728,0.0174560537159208
2022-12-19T15:59:53.8186880,-0.0371548253769442
2022-12-19T15:59:53.8298112,0.0615395375786094
2022-12-19T15:59:53.8301184,-0.0118232735573979
2022-12-19T15:59:53.8302720,-0.0249825213697274
2022-12-19T15:59:53.8304128,0.0513411194165228
2022-12-19T15:59:53.8305280,0.0141662416010631
2022-12-19T15:59:53.8306944,0.00363884293869718
2022-12-19T15:59:53.8415360,0.0118633731299873
2022-12-19T15:59:53.8418432,-0.00425670595325207
2022-12-19T15:59:53.8420096,0.0125213355495117
2022-12-19T15:59:53.8421248,0.0204168846327095
2022-12-19T15:59:53.8422400,0.0174560537159208
2022-12-19T15:59:53.8423552,0.0164691100798168
2022-12-19T15:59:53.8564480,-0.0397866748644434
2022-12-19T15:59:53.8567680,0.0365369642923159
2022-12-19T15:59:53.8569344,-0.0450503738101221
2022-12-19T15:59:53.8570624,-0.00359874354901193
2022-12-19T15:59:53.8571648,0.0240356779927391
2022-12-19T15:59:53.8572800,-0.0726847926371815
2022-12-19T15:59:53.8687488,0.0398267765143575
2022-12-19T15:59:53.8689920,-0.0348519570673523
2022-12-19T15:59:53.8691200,2.00496854250026E-05
2022-12-19T15:59:53.8692352,-0.00820448036564994
2022-12-19T15:59:53.8693504,0.00363884293869718
2022-12-19T15:59:53.8694528,0.0269965089378377
2022-12-19T15:59:53.8695680,-0.0401156560496931
2022-12-19T15:59:53.8805504,0.0697640684665458
2022-12-19T15:59:53.8808576,0.005941711382419
2022-12-19T15:59:53.8810368,-0.00623059316224477
2022-12-19T15:59:53.8811904,0.0398267765143575
2022-12-19T15:59:53.8813312,0.00988948587516988
2022-12-19T15:59:53.8814592,-0.016429010319809
2022-12-19T15:59:53.8816000,0.00298088052760892
2022-12-19T15:59:53.8914304,0.0033098617330751
2022-12-19T15:59:53.8917248,-0.00162485633256119
2022-12-19T15:59:53.8919936,0.0141662416010631
2022-12-19T15:59:53.8921472,0.0167980912916946
2022-12-19T15:59:53.8922752,-0.00688855556400039
2022-12-19T15:59:53.8924288,-0.0387997313077776
2022-12-19T15:59:53.9065344,0.0362079830709829
2022-12-19T15:59:53.9067520,-0.0466952797226417
2022-12-19T15:59:53.9068800,0.00462578655649906
2022-12-19T15:59:53.9069952,0.0411427014076124
2022-12-19T15:59:53.9071104,-0.0861730204879722
2022-12-19T15:59:53.9182976,0.0503541757315581
2022-12-19T15:59:53.9185280,-0.0338650135038022
2022-12-19T15:59:53.9187200,0.00890254224987264
2022-12-19T15:59:53.9188480,-0.00623059316224477
2022-12-19T15:59:53.9189504,0.00890254224987264
2022-12-19T15:59:53.9190784,0.0161401288680959
2022-12-19T15:59:53.9191936,-0.0364968630035403
2022-12-19T15:59:53.9305344,0.0654873123923055
2022-12-19T15:59:53.9309952,-0.0128102171518951
2022-12-19T15:59:53.9311488,-0.00590161196113415
2022-12-19T15:59:53.9312640,0.0559468566320032
2022-12-19T15:59:53.9313792,-0.00590161196113415
2022-12-19T15:59:53.9314816,-0.00228281873866669
2022-12-19T15:59:53.9414016,0.00462578655649906
2022-12-19T15:59:53.9417472,-0.0128102171518951
2022-12-19T15:59:53.9419136,-0.00655957436320019
2022-12-19T15:59:53.9420416,0.00923152345814872
2022-12-19T15:59:53.9421696,0.0352210394079334
2022-12-19T15:59:53.9422848,0.00166495570730275
2022-12-19T15:59:53.9424000,-0.0361678818166088
2022-12-19T15:59:53.9565824,0.0378528891792314
2022-12-19T15:59:53.9568256,-0.0483401856313546
2022-12-19T15:59:53.9569536,-0.0147841043367125
2022-12-19T15:59:53.9570560,0.0352210394079334
2022-12-19T15:59:53.9571840,-0.0720268302965437
2022-12-19T15:59:53.9700352,0.0441035324267193
2022-12-19T15:59:53.9703680,-0.0302462204256504
2022-12-19T15:59:53.9705600,-0.00326976234665881
2022-12-19T15:59:53.9706880,-0.00590161196113415
2022-12-19T15:59:53.9708160,0.0118633731299873
2022-12-19T15:59:53.9709184,0.0391688140686815
2022-12-19T15:59:53.9710336,-0.0315621451834888
2022-12-19T15:59:53.9822336,0.0582497252514792
2022-12-19T15:59:53.9825408,0.00199393691214557
2022-12-19T15:59:53.9827072,-0.0292592768556604
2022-12-19T15:59:53.9828224,0.0516701006451631
2022-12-19T15:59:53.9829248,-0.000966893925833531
2022-12-19T15:59:53.9830400,0.0033098617330751
2022-12-19T15:59:53.9831552,-0.0144551231396295
2022-12-19T15:59:53.9923840,-0.00261179994148619
2022-12-19T15:59:53.9926912,-0.0121522547557184
2022-12-19T15:59:53.9928832,0.00528374896914695
2022-12-19T15:59:53.9930240,0.0434455699769174
2022-12-19T15:59:53.9931392,-0.0147841043367125
2022-12-19T15:59:53.9932544,-0.0417605619736507
2022-12-19T15:59:54.0072192,0.0427876075277508
2022-12-19T15:59:54.0075520,-0.0542618468712477
2022-12-19T15:59:54.0077440,-0.000308931518483477
2022-12-19T15:59:54.0078848,0.0516701006451631
2022-12-19T15:59:54.0080512,-0.0453793549929307
2022-12-19T15:59:54.0191488,0.0388398328460813
2022-12-19T15:59:54.0194944,-0.0605124892378086
2022-12-19T15:59:54.0197120,-0.0947265307021448
2022-12-19T15:59:54.0198912,-0.000308931518483477
2022-12-19T15:59:54.0200576,-0.055248790406447
2022-12-19T15:59:54.0202368,-0.0167579915159647
2022-12-19T15:59:54.0203904,-0.100977172718106
2022-12-19T15:59:54.0205440,-0.00524364955844718
2022-12-19T15:59:54.0315776,-0.070052943271019
2022-12-19T15:59:54.0318080,0.0914768304943551
2022-12-19T15:59:54.0319616,0.00528374896914695
2022-12-19T15:59:54.0320768,0.0164691100798168
2022-12-19T15:59:54.0321920,-0.00359874354901193
2022-12-19T15:59:54.0322944,-0.00458568715513909
2022-12-19T15:59:54.0438400,-0.0167579915159647
2022-12-19T15:59:54.0441728,-0.0230086342136077
2022-12-19T15:59:54.0444800,-0.0055726307598683
2022-12-19T15:59:54.0446464,0.0237066967774044
2022-12-19T15:59:54.0447872,0.00857356104175289
2022-12-19T15:59:54.0450304,-0.0460373173580908
2022-12-19T15:59:54.0569600,0.0388398328460813
2022-12-19T15:59:54.0572800,-0.0374838065634167
2022-12-19T15:59:54.0575360,0.00956050466658112
2022-12-19T15:59:54.0577408,0.0339051145260825
2022-12-19T15:59:54.0578560,-0.070381924442316
2022-12-19T15:59:54.0579712,0.0582497252514792
2022-12-19T15:59:54.0670080,-0.0391287124934857
2022-12-19T15:59:54.0672384,-0.00721753676464547
2022-12-19T15:59:54.0673664,-0.0078754991654702
2022-12-19T15:59:54.0674944,0.0266675277210854
2022-12-19T15:59:54.0675968,0.0246936404238808
2022-12-19T15:59:54.0676992,-0.0361678818166088
2022-12-19T15:59:54.0678016,0.06055259387879
2022-12-19T15:59:54.0783872,0.00199393691214557
2022-12-19T15:59:54.0786048,-0.00688855556400039
2022-12-19T15:59:54.0787328,0.0388398328460813
2022-12-19T15:59:54.0788480,0.0121923543396712
2022-12-19T15:59:54.0789504,0.00857356104175289
2022-12-19T15:59:54.0901632,0.00561273017570495
2022-12-19T15:59:54.0904064,-0.000966893925833531
2022-12-19T15:59:54.0905216,-0.0131391983497513
2022-12-19T15:59:54.0906368,0.0135082791799726
2022-12-19T15:59:54.0907648,0.028970396241662
2022-12-19T15:59:54.1018752,-0.00491466835687079
2022-12-19T15:59:54.1020928,-0.0450503738101221
2022-12-19T15:59:54.1022208,0.0381818704013563
2022-12-19T15:59:54.1023360,-0.039457693679041
2022-12-19T15:59:54.1024512,-0.00721753676464547
2022-12-19T15:59:54.1025920,0.0388398328460813
2022-12-19T15:59:54.1115648,-0.0716978491259991
2022-12-19T15:59:54.1118720,0.0500251945035551
2022-12-19T15:59:54.1121280,-0.0351809382548961
2022-12-19T15:59:54.1122816,-0.000637912722236303
2022-12-19T15:59:54.1124096,-0.0114942923589225
2022-12-19T15:59:54.1125248,0.0138372603904395
2022-12-19T15:59:54.1218944,0.0220617907030912
2022-12-19T15:59:54.1222016,-0.0246535401774255
2022-12-19T15:59:54.1224704,0.06252648127987
2022-12-19T15:59:54.1226496,-0.0220216906334693
2022-12-19T15:59:54.1227776,-0.0121522547557184
2022-12-19T15:59:54.1336704,0.0421296450792193
2022-12-19T15:59:54.1339520,0.0131792979696624
2022-12-19T15:59:54.1340928,0.00166495570730275
2022-12-19T15:59:54.1342080,0.00791559862598218
2022-12-19T15:59:54.1343360,0.00758661741833119
2022-12-19T15:59:54.1462784,0.000349030889489121
2022-12-19T15:59:54.1466368,0.0194299409923665
2022-12-19T15:59:54.1467904,0.0260095652880537
2022-12-19T15:59:54.1469056,0.00857356104175289
2022-12-19T15:59:54.1470208,-0.0463662985404424
2022-12-19T15:59:54.1471232,0.0411427014076124
2022-12-19T15:59:54.1584896,-0.04044463723479
2022-12-19T15:59:54.1586560,0.00363884293869718
2022-12-19T15:59:54.1587840,0.0365369642923159
2022-12-19T15:59:54.1588992,-0.0792644160105083
2022-12-19T15:59:54.1590144,0.0470643634586944
2022-12-19T15:59:54.1591168,-0.0170869727119661
2022-12-19T15:59:54.1726592,-0.000308931518483477
2022-12-19T15:59:54.1729664,-0.00458568715513909
2022-12-19T15:59:54.1731584,0.0108764295018745
2022-12-19T15:59:54.1732864,0.0253516028556522
2022-12-19T15:59:54.1734016,-0.0318911263725649
2022-12-19T15:59:54.1735040,0.0654873123923055
2022-12-19T15:59:54.1825280,-0.000966893925833531
2022-12-19T15:59:54.1828352,-0.0180739162990437
2022-12-19T15:59:54.1830144,0.0519990818739629
2022-12-19T15:59:54.1831552,-0.00294078114415022
2022-12-19T15:59:54.1832576,-0.00524364955844718
2022-12-19T15:59:54.1833728,-0.00623059316224477
2022-12-19T15:59:54.1834752,0.00561273017570495
2022-12-19T15:59:54.1835904,-0.0134681795474529
2022-12-19T15:59:54.1926528,0.0082445798337894
2022-12-19T15:59:54.1930496,0.0158111476565318
2022-12-19T15:59:54.1932672,-0.0236665965995966
2022-12-19T15:59:54.1934080,-0.0443924114440477
2022-12-19T15:59:54.1935232,0.0246936404238808
2022-12-19T15:59:54.2064768,-0.0526169409762142
2022-12-19T15:59:54.2068224,-0.0085334615656746
2022-12-19T15:59:54.2070144,0.0246936404238808
2022-12-19T15:59:54.2071424,-0.0845281146659889
2022-12-19T15:59:54.2072448,0.037523907957265
2022-12-19T15:59:54.2197760,-0.0499850915362638
2022-12-19T15:59:54.2200832,0.00528374896914695
2022-12-19T15:59:54.2202496,-0.00228281873866669
2022-12-19T15:59:54.2203648,0.0283124338064231
2022-12-19T15:59:54.2204928,0.0306153023325207
2022-12-19T15:59:54.2205952,-0.0434054678937928
2022-12-19T15:59:54.2295296,0.0516701006451631
2022-12-19T15:59:54.2297728,-0.00952040516481843
2022-12-19T15:59:54.2299264,-0.00590161196113415
2022-12-19T15:59:54.2300544,0.0447614948771567
2022-12-19T15:59:54.2301952,0.00495476776274499
2022-12-19T15:59:54.2303360,0.0135082791799726
2022-12-19T15:59:54.2304640,0.0121923543396712
2022-12-19T15:59:54.2412416,-0.0151130855336409
2022-12-19T15:59:54.2415616,-0.00326976234665881
2022-12-19T15:59:54.2417408,0.0118633731299873
2022-12-19T15:59:54.2418688,0.0230487343472071
2022-12-19T15:59:54.2419968,-0.000308931518483477
2022-12-19T15:59:54.2566784,-0.0470242609046887
2022-12-19T15:59:54.2570496,0.037523907957265
2022-12-19T15:59:54.2573184,-0.0374838065634167
2022-12-19T15:59:54.2575360,0.00725763621083642
2022-12-19T15:59:54.2577408,0.0398267765143575
2022-12-19T15:59:54.2579328,-0.064789244509772
2022-12-19T15:59:54.2732928,0.0477223259119937
2022-12-19T15:59:54.2736128,-0.0374838065634167
2022-12-19T15:59:54.2738048,-0.00326976234665881
2022-12-19T15:59:54.2739328,-0.000637912722236303
2022-12-19T15:59:54.2740352,0.00561273017570495
2022-12-19T15:59:54.2741504,0.0316022459889304
2022-12-19T15:59:54.2742656,-0.0411025996045257
2022-12-19T15:59:54.2743680,0.0536439880203538
2022-12-19T15:59:54.2841856,-0.0128102171518951
2022-12-19T15:59:54.2844928,-0.0236665965995966
2022-12-19T15:59:54.2847872,0.0368659455138072
2022-12-19T15:59:54.2849536,-0.00655957436320019
2022-12-19T15:59:54.2850688,0.00232291811714419
2022-12-19T15:59:54.2851712,0.00692865500349785
2022-12-19T15:59:54.2852864,0.00725763621083642
2022-12-19T15:59:54.2854016,-0.0114942923589225
2022-12-19T15:59:54.2939264,0.00857356104175289
2022-12-19T15:59:54.2942592,0.0148242040227804
2022-12-19T15:59:54.2944384,0.00133597450261574
2022-12-19T15:59:54.2945792,-0.027943352093524
2022-12-19T15:59:54.2947072,0.0460774197799385
2022-12-19T15:59:54.3069440,-0.0325490887502571
2022-12-19T15:59:54.3072640,-0.00359874354901193
2022-12-19T15:59:54.3074432,0.0345630769666917
2022-12-19T15:59:54.3075840,-0.075974604331352
2022-12-19T15:59:54.3076992,0.0391688140686815
2022-12-19T15:59:54.3169280,-0.0309041828048764
2022-12-19T15:59:54.3172608,-0.0118232735573979
2022-12-19T15:59:54.3174272,-0.00195383753569171
2022-12-19T15:59:54.3175680,0.0227197531323445
2022-12-19T15:59:54.3176960,0.0329181708663548
2022-12-19T15:59:54.3178368,-0.0427475055261936
2022-12-19T15:59:54.3179776,0.0674611998078136
2022-12-19T15:59:54.3283968,-0.0124812359538841
2022-12-19T15:59:54.3288064,-0.0213637282459401
2022-12-19T15:59:54.3290240,0.0352210394079334
2022-12-19T15:59:54.3291392,0.00988948587516988
2022-12-19T15:59:54.3292672,0.00363884293869718
2022-12-19T15:59:54.3402496,0.00462578655649906
2022-12-19T15:59:54.3405696,0.00956050466658112
2022-12-19T15:59:54.3408512,-0.0137971607449997
2022-12-19T15:59:54.3410304,0.0177850349282693
2022-12-19T15:59:54.3411456,0.0316022459889304
2022-12-19T15:59:54.3535104,-0.0101783675634727
2022-12-19T15:59:54.3538560,-0.0345229758796555
2022-12-19T15:59:54.3541120,0.0371949267354569
2022-12-19T15:59:54.3542784,-0.0437344490773635
2022-12-19T15:59:54.3543936,0.00166495570730275
2022-12-19T15:59:54.3545088,0.0427876075277508
2022-12-19T15:59:54.3668096,-0.0674210938952199
2022-12-19T15:59:54.3671168,0.0500251945035551
2022-12-19T15:59:54.3672832,-0.0161000291234987
2022-12-19T15:59:54.3673984,-0.00294078114415022
2022-12-19T15:59:54.3675136,-0.0108363299615074
2022-12-19T15:59:54.3676288,0.0125213355495117
2022-12-19T15:59:54.3677440,0.0250226216396877
2022-12-19T15:59:54.3784192,-0.0292592768556604
2022-12-19T15:59:54.3788928,0.0533150067907566
2022-12-19T15:59:54.3792000,-0.0253115025618754
2022-12-19T15:59:54.3793792,-0.0253115025618754
2022-12-19T15:59:54.3794944,0.0401557577374334
2022-12-19T15:59:54.3796096,0.0082445798337894
2022-12-19T15:59:54.3797120,-0.0039277247512097
2022-12-19T15:59:54.3910528,-0.000637912722236303
2022-12-19T15:59:54.3913728,0.00298088052760892
2022-12-19T15:59:54.3916288,-0.00721753676464547
2022-12-19T15:59:54.3917952,0.00561273017570495
2022-12-19T15:59:54.3919104,0.0207458658464715
2022-12-19T15:59:54.3920256,0.00495476776274499
2022-12-19T15:59:54.4065920,-0.038141768935903
2022-12-19T15:59:54.4068992,0.0473933446852645
2022-12-19T15:59:54.4070912,-0.0239955777923602
2022-12-19T15:59:54.4072192,-0.0101783675634727
2022-12-19T15:59:54.4073472,0.0427876075277508
2022-12-19T15:59:54.4074624,-0.0661051692037028
2022-12-19T15:59:54.4164736,0.0490382508205021
2022-12-19T15:59:54.4167808,-0.0427475055261936
2022-12-19T15:59:54.4169856,-0.00491466835687079
2022-12-19T15:59:54.4171136,0.0082445798337894
2022-12-19T15:59:54.4172160,0.0194299409923665
2022-12-19T15:59:54.4173312,0.0256805840717742
2022-12-19T15:59:54.4174336,-0.0391287124934857
2022-12-19T15:59:54.4266496,0.0506831569597203
2022-12-19T15:59:54.4269696,-0.00458568715513909
2022-12-19T15:59:54.4271488,-0.0147841043367125
2022-12-19T15:59:54.4272640,0.0470643634586944
2022-12-19T15:59:54.4273792,-0.00590161196113415
2022-12-19T15:59:54.4389248,-0.00491466835687079
2022-12-19T15:59:54.4393984,0.0033098617330751
2022-12-19T15:59:54.4396928,0.0151531852338741
2022-12-19T15:59:54.4399616,0.0033098617330751
2022-12-19T15:59:54.4401152,0.0204168846327095
2022-12-19T15:59:54.4505984,0.0227197531323445
2022-12-19T15:59:54.4509312,0.00396782414447519
2022-12-19T15:59:54.4510976,-0.0299172392358072
2022-12-19T15:59:54.4512256,0.0322602084273265
2022-12-19T15:59:54.4513280,-0.0230086342136077
2022-12-19T15:59:54.4514688,-0.0137971607449997
2022-12-19T15:59:54.4515840,0.0316022459889304
2022-12-19T15:59:54.4619264,-0.0746586796554868
2022-12-19T15:59:54.4622208,0.0408137201840608
2022-12-19T15:59:54.4624128,-0.0374838065634167
2022-12-19T15:59:54.4625408,-0.00886244276554422
2022-12-19T15:59:54.4626560,0.00528374896914695
2022-12-19T15:59:54.4627584,-0.00590161196113415
2022-12-19T15:59:54.4737792,0.0135082791799726
2022-12-19T15:59:54.4740096,-0.0318911263725649
2022-12-19T15:59:54.4741376,0.231951838576141
2022-12-19T15:59:54.4742656,-0.0572226774727517
2022-12-19T15:59:54.4743808,-0.0180739162990437
2022-12-19T15:59:54.4837248,0.0516701006451631
2022-12-19T15:59:54.4840320,0.00363884293869718
2022-12-19T15:59:54.4841856,0.00462578655649906
2022-12-19T15:59:54.4843136,0.00199393691214557
2022-12-19T15:59:54.4844416,0.00692865500349785
2022-12-19T15:59:54.4845440,-0.0496561103555861
2022-12-19T15:59:54.4939264,0.0210748470603906
2022-12-19T15:59:54.4943488,0.028970396241662
2022-12-19T15:59:54.4946432,0.0121923543396712
2022-12-19T15:59:54.4948992,-0.0506430538971631
2022-12-19T15:59:54.4950912,0.028970396241662
2022-12-19T15:59:54.5076224,-0.0368258441903187
2022-12-19T15:59:54.5080192,-0.0503140727167894
2022-12-19T15:59:54.5082112,0.0812784118785083
2022-12-19T15:59:54.5083904,-0.0276143709026059
2022-12-19T15:59:54.5085440,0.0158111476565318
2022-12-19T15:59:54.5234048,-0.0223506718270028
2022-12-19T15:59:54.5236224,-0.070381924442316
2022-12-19T15:59:54.5237504,-0.0470242609046887
2022-12-19T15:59:54.5238784,-0.0299172392358072
2022-12-19T15:59:54.5239936,0.030944283551166
2022-12-19T15:59:54.5240960,-0.0361678818166088
2022-12-19T15:59:54.5242112,0.0529860255613189
2022-12-19T15:59:54.5405952,-0.0177449351035055
2022-12-19T15:59:54.5408000,-0.0121522547557184
2022-12-19T15:59:54.5409280,0.0651583311569491
2022-12-19T15:59:54.5410432,-0.00491466835687079
2022-12-19T15:59:54.5411456,-0.00491466835687079
2022-12-19T15:59:54.5412480,0.00166495570730275
2022-12-19T15:59:54.5413632,-0.0108363299615074
2022-12-19T15:59:54.5414656,-0.00820448036564994
2022-12-19T15:59:54.5572992,0.00232291811714419
2022-12-19T15:59:54.5576064,0.00857356104175289
2022-12-19T15:59:54.5577472,0.00627069258928915
2022-12-19T15:59:54.5578624,-0.0457083361755869
2022-12-19T15:59:54.5579648,0.034234095746308
2022-12-19T15:59:54.5580800,-0.0457083361755869
2022-12-19T15:59:54.5581824,-0.00228281873866669
2022-12-19T15:59:54.5582976,0.0414716826313227
2022-12-19T15:59:54.5738752,-0.066763131549763
2022-12-19T15:59:54.5741184,0.0536439880203538
2022-12-19T15:59:54.5742464,-0.0200478034690322
2022-12-19T15:59:54.5743616,0.00528374896914695
2022-12-19T15:59:54.5744640,-0.0151130855336409
2022-12-19T15:59:54.5745920,0.00429680535040913
2022-12-19T15:59:54.5746944,0.0233777155622271
2022-12-19T15:59:54.5748096,-0.0493271291747564
2022-12-19T15:59:54.5749248,0.0543019504800269
2022-12-19T15:59:54.5903872,-0.0253115025618754
2022-12-19T15:59:54.5906944,-0.0282723332842885
2022-12-19T15:59:54.5908608,0.0543019504800269
2022-12-19T15:59:54.5909760,-0.00294078114415022
2022-12-19T15:59:54.5910912,-0.00721753676464547
2022-12-19T15:59:54.5912064,0.00659967379631543
2022-12-19T15:59:54.5913216,-0.0161000291234987
2022-12-19T15:59:54.5914368,-0.000966893925833531
2022-12-19T15:59:54.6071296,0.0115343919204599
2022-12-19T15:59:54.6073472,0.0194299409923665
2022-12-19T15:59:54.6074752,-0.00590161196113415
2022-12-19T15:59:54.6075776,-0.0266274273289295
2022-12-19T15:59:54.6077056,0.0283124338064231
2022-12-19T15:59:54.6078208,-0.038141768935903
2022-12-19T15:59:54.6079360,-0.00984938636422307
2022-12-19T15:59:54.6080512,0.037523907957265
2022-12-19T15:59:54.6240384,-0.0746586796554868
2022-12-19T15:59:54.6243968,0.0424586263034057
2022-12-19T15:59:54.6246400,-0.017415953907813
2022-12-19T15:59:54.6247680,-0.0101783675634727
2022-12-19T15:59:54.6249088,0.0141662416010631
2022-12-19T15:59:54.6250240,0.0082445798337894
2022-12-19T15:59:54.6251392,0.0279834525890402
2022-12-19T15:59:54.6252416,-0.0424185243421653
2022-12-19T15:59:54.6253568,0.0621975000459563
2022-12-19T15:59:54.6399616,-0.0101783675634727
2022-12-19T15:59:54.6402688,-0.0236665965995966
2022-12-19T15:59:54.6404480,0.0483802883659295
2022-12-19T15:59:54.6405760,0.000349030889489121
2022-12-19T15:59:54.6406784,-0.00294078114415022
2022-12-19T15:59:54.6407936,-0.000637912722236303
2022-12-19T15:59:54.6409088,-0.00228281873866669
2022-12-19T15:59:54.6410112,-0.00195383753569171
2022-12-19T15:59:54.6573056,0.0177850349282693
2022-12-19T15:59:54.6576128,0.0121923543396712
2022-12-19T15:59:54.6578688,0.00462578655649906
2022-12-19T15:59:54.6580352,-0.0361678818166088
2022-12-19T15:59:54.6581632,0.0141662416010631
2022-12-19T15:59:54.6582912,-0.0246535401774255
2022-12-19T15:59:54.6584064,-0.0108363299615074
2022-12-19T15:59:54.6585344,0.0506831569597203
2022-12-19T15:59:54.6738304,-0.0677500750677222
2022-12-19T15:59:54.6740480,0.0385108516236395
2022-12-19T15:59:54.6741632,-0.0348519570673523
2022-12-19T15:59:54.6742656,-0.00458568715513909
2022-12-19T15:59:54.6743808,0.00758661741833119
2022-12-19T15:59:54.6744832,0.0144952228118434
2022-12-19T15:59:54.6745856,0.034234095746308
2022-12-19T15:59:54.6746880,-0.0220216906334693
2022-12-19T15:59:54.6747904,0.0536439880203538
2022-12-19T15:59:54.6907264,-0.0193898410796531
2022-12-19T15:59:54.6912512,-0.0223506718270028
2022-12-19T15:59:54.6914048,0.0480513071388821
2022-12-19T15:59:54.6915200,0.00100699329808449
2022-12-19T15:59:54.6916224,-0.0055726307598683
2022-12-19T15:59:54.6917248,0.00495476776274499
2022-12-19T15:59:54.6918784,-0.0137971607449997
2022-12-19T15:59:54.6920192,0.010218467083915
2022-12-19T15:59:54.7070720,-0.00820448036564994
2022-12-19T15:59:54.7074176,0.0082445798337894
2022-12-19T15:59:54.7075968,-0.0105073487625675
2022-12-19T15:59:54.7077120,-0.0407736184197342
2022-12-19T15:59:54.7078272,0.0299573398957038
2022-12-19T15:59:54.7079296,-0.039457693679041
2022-12-19T15:59:54.7080320,-0.0121522547557184
2022-12-19T15:59:54.7081344,0.028970396241662
2022-12-19T15:59:54.7082368,-0.0661051692037028
2022-12-19T15:59:54.7238144,0.0556178754012885
2022-12-19T15:59:54.7241344,-0.02596946494571
2022-12-19T15:59:54.7243904,0.00923152345814872
2022-12-19T15:59:54.7245696,2.00496854250026E-05
2022-12-19T15:59:54.7246976,-0.00294078114415022
2022-12-19T15:59:54.7248000,0.0352210394079334
2022-12-19T15:59:54.7249024,-0.0460373173580908
2022-12-19T15:59:54.7250176,0.0664742560993373
2022-12-19T15:59:54.7405312,-0.00524364955844718
2022-12-19T15:59:54.7408384,-0.0121522547557184
2022-12-19T15:59:54.7410304,0.0536439880203538
2022-12-19T15:59:54.7411456,-0.00524364955844718
2022-12-19T15:59:54.7412608,2.00496854250026E-05
2022-12-19T15:59:54.7413632,0.00462578655649906
2022-12-19T15:59:54.7414656,0.00462578655649906
2022-12-19T15:59:54.7415808,-0.00688855556400039
2022-12-19T15:59:54.7576192,0.00166495570730275
2022-12-19T15:59:54.7580288,0.010218467083915
2022-12-19T15:59:54.7582080,-0.00491466835687079
2022-12-19T15:59:54.7583488,-0.0315621451834888
2022-12-19T15:59:54.7584512,0.0181140161407747
2022-12-19T15:59:54.7585792,-0.0325490887502571
2022-12-19T15:59:54.7586944,-0.0269564085203087
2022-12-19T15:59:54.7587968,0.0523280631029221
2022-12-19T15:59:54.7589120,-0.0865020016519206
2022-12-19T15:59:54.7724928,0.0585787064834723
2022-12-19T15:59:54.7726720,-0.0207057658577945
2022-12-19T15:59:54.7728000,-0.00952040516481843
2022-12-19T15:59:54.7729024,0.0138372603904395
2022-12-19T15:59:54.7730048,-0.00129587512927513
2022-12-19T15:59:54.7731072,0.0371949267354569
2022-12-19T15:59:54.7732224,-0.0216927094397817
2022-12-19T15:59:54.7733248,0.0618685188122028
2022-12-19T15:59:54.7892224,-0.027943352093524
2022-12-19T15:59:54.7895808,-0.0335360323156458
2022-12-19T15:59:54.7898624,0.0543019504800269
2022-12-19T15:59:54.7900928,0.00857356104175289
2022-12-19T15:59:54.7903616,-0.00623059316224477
2022-12-19T15:59:54.7906432,0.00363884293869718
2022-12-19T15:59:54.7909248,-0.0124812359538841
2022-12-19T15:59:54.8072832,0.000349030889489121
2022-12-19T15:59:54.8076032,0.00100699329808449
2022-12-19T15:59:54.8078592,0.0121923543396712
2022-12-19T15:59:54.8080512,0.00561273017570495
2022-12-19T15:59:54.8081664,-0.027943352093524
2022-12-19T15:59:54.8083072,0.0214038282744669
2022-12-19T15:59:54.8084096,-0.0378127877497363
2022-12-19T15:59:54.8085248,-0.0111653111602924
2022-12-19T15:59:54.8086272,0.0454194573282296
2022-12-19T15:59:54.8237184,-0.0733427549772179
2022-12-19T15:59:54.8242432,0.0575917627879726
2022-12-19T15:59:54.8245760,-0.0325490887502571
2022-12-19T15:59:54.8248192,0.019100959779233
2022-12-19T15:59:54.8250624,0.0128503167595087
2022-12-19T15:59:54.8253056,0.00133597450261574
2022-12-19T15:59:54.8255488,0.0414716826313227
2022-12-19T15:59:54.8257920,-0.0266274273289295
2022-12-19T15:59:54.8260352,0.0533150067907566
2022-12-19T15:59:54.8400896,-0.0203767846634904
2022-12-19T15:59:54.8403072,-0.0161000291234987
2022-12-19T15:59:54.8404224,0.0621975000459563
2022-12-19T15:59:54.8405248,0.011205410711089
2022-12-19T15:59:54.8406400,-0.0131391983497513
2022-12-19T15:59:54.8407552,0.00758661741833119
2022-12-19T15:59:54.8408576,-0.0114942923589225
2022-12-19T15:59:54.8409600,-0.00458568715513909
2022-12-19T15:59:54.8410752,0.0148242040227804
2022-12-19T15:59:54.8573952,0.00495476776274499
2022-12-19T15:59:54.8576896,-0.00261179994148619
2022-12-19T15:59:54.8578560,-0.0328780699388733
2022-12-19T15:59:54.8579712,0.0121923543396712
2022-12-19T15:59:54.8580736,-0.0503140727167894
2022-12-19T15:59:54.8581888,-0.00294078114415022
2022-12-19T15:59:54.8583040,0.0365369642923159
2022-12-19T15:59:54.8740864,-0.0726847926371815
2022-12-19T15:59:54.8743808,0.0418006638551917
2022-12-19T15:59:54.8745216,-0.0210347470519443
2022-12-19T15:59:54.8746240,0.0214038282744669
2022-12-19T15:59:54.8747392,0.0171270725037292
2022-12-19T15:59:54.8748416,-0.00820448036564994
2022-12-19T15:59:54.8749696,0.0381818704013563
2022-12-19T15:59:54.8750848,-0.0358389006295243
2022-12-19T15:59:54.8752000,0.0585787064834723
2022-12-19T15:59:54.8905216,-0.0239955777923602
2022-12-19T15:59:54.8908288,-0.0243245589849698
2022-12-19T15:59:54.8910208,0.0467353822322834
2022-12-19T15:59:54.8911360,-0.0075465179651354
2022-12-19T15:59:54.8912512,-0.0256404837538696
2022-12-19T15:59:54.8913664,0.0135082791799726
2022-12-19T15:59:54.8914688,-0.0154420667304147
2022-12-19T15:59:54.8915712,0.010218467083915
2022-12-19T15:59:54.9073280,0.00923152345814872
2022-12-19T15:59:54.9076352,0.0371949267354569
2022-12-19T15:59:54.9078016,-0.00688855556400039
2022-12-19T15:59:54.9079296,-0.0299172392358072
2022-12-19T15:59:54.9080448,0.0371949267354569
2022-12-19T15:59:54.9081600,-0.0322201075614877
2022-12-19T15:59:54.9082880,0.000349030889489121
2022-12-19T15:59:54.9085056,0.0503541757315581
2022-12-19T15:59:54.9086464,-0.074329698486145
2022-12-19T15:59:54.9237504,0.0460774197799385
2022-12-19T15:59:54.9240704,-0.0420895431579843
2022-12-19T15:59:54.9242368,-0.00228281873866669
2022-12-19T15:59:54.9243648,0.0151531852338741
2022-12-19T15:59:54.9244672,0.00363884293869718
2022-12-19T15:59:54.9245824,0.0233777155622271
2022-12-19T15:59:54.9246976,-0.0460373173580908
2022-12-19T15:59:54.9248128,0.0539729692501105
2022-12-19T15:59:54.9408640,-0.0299172392358072
2022-12-19T15:59:54.9412736,-0.0233376154066791
2022-12-19T15:59:54.9414656,0.0727248996107753
2022-12-19T15:59:54.9416064,0.00659967379631543
2022-12-19T15:59:54.9417472,-0.00952040516481843
2022-12-19T15:59:54.9418496,-0.00952040516481843
2022-12-19T15:59:54.9419648,-0.0167579915159647
2022-12-19T15:59:54.9420672,-0.0157710479270339
2022-12-19T15:59:54.9567872,-0.00491466835687079
2022-12-19T15:59:54.9571072,0.0105474482928166
2022-12-19T15:59:54.9573632,0.0115343919204599
2022-12-19T15:59:54.9575552,-0.0128102171518951
2022-12-19T15:59:54.9576704,0.0362079830709829
2022-12-19T15:59:54.9577984,-0.0509720350773848
2022-12-19T15:59:54.9579008,-0.00261179994148619
2022-12-19T15:59:54.9580032,0.0464064010060314
2022-12-19T15:59:54.9581184,-0.0697239620995714
2022-12-19T15:59:54.9740288,0.0533150067907566
2022-12-19T15:59:54.9743488,0.00561273017570495
2022-12-19T15:59:54.9745280,-0.0276143709026059
2022-12-19T15:59:54.9746432,0.0121923543396712
2022-12-19T15:59:54.9747456,-0.000308931518483477
2022-12-19T15:59:54.9748608,0.0286414150239637
2022-12-19T15:59:54.9750016,-0.0361678818166088
2022-12-19T15:59:54.9751168,0.011205410711089
2022-12-19T15:59:54.9906816,-0.0147841043367125
2022-12-19T15:59:54.9909376,-0.105582908906121
2022-12-19T15:59:54.9911808,0.0299573398957038
2022-12-19T15:59:54.9913728,-0.0407736184197342
2022-12-19T15:59:54.9915008,0.027654471371815
2022-12-19T15:59:54.9916160,-0.0588675833571724
2022-12-19T15:59:54.9917312,-0.0397866748644434
2022-12-19T15:59:54.9918336,0.0585787064834723
2022-12-19T15:59:55.0068608,0.0151531852338741
2022-12-19T15:59:55.0072064,0.0253516028556522
2022-12-19T15:59:55.0074880,-0.0184028974944275
2022-12-19T15:59:55.0077056,-0.0318911263725649
2022-12-19T15:59:55.0078208,0.0325891896467616
2022-12-19T15:59:55.0079360,-0.0516299974373722
2022-12-19T15:59:55.0080384,0.0167980912916946
2022-12-19T15:59:55.0081536,0.0401557577374334
2022-12-19T15:59:55.0082560,-0.0651182256834811
2022-12-19T15:59:55.0240640,0.0641713874518421
2022-12-19T15:59:55.0244864,-0.00655957436320019
2022-12-19T15:59:55.0247296,0.000349030889489121
2022-12-19T15:59:55.0248960,0.0184429973534371
2022-12-19T15:59:55.0250880,0.00692865500349785
2022-12-19T15:59:55.0252672,0.0388398328460813
2022-12-19T15:59:55.0254208,-0.0272853897115341
2022-12-19T15:59:55.0255872,0.0470643634586944
2022-12-19T15:59:55.0264704,-0.0318911263725649
2022-12-19T15:59:55.0266496,-0.0167579915159647
2022-12-19T15:59:55.0269696,0.0411427014076124
2022-12-19T15:59:55.0271488,-0.000966893925833531
2022-12-19T15:59:55.0273152,-0.0177449351035055
2022-12-19T15:59:55.0274688,0.00528374896914695
2022-12-19T15:59:55.0276352,-0.0207057658577945
2022-12-19T15:59:55.0277888,0.00100699329808449
2022-12-19T15:59:55.0279424,-0.0078754991654702
2022-12-19T15:59:55.0405632,0.0233777155622271
2022-12-19T15:59:55.0574720,-0.000637912722236303
2022-12-19T15:59:55.0582144,-0.0249825213697274
2022-12-19T15:59:55.0584064,0.0217328094887004
2022-12-19T15:59:55.0585344,-0.0262984461373967
2022-12-19T15:59:55.0586496,-0.00195383753569171
2022-12-19T15:59:55.0587904,0.043774551201739
2022-12-19T15:59:55.0675200,-0.075974604331352
2022-12-19T15:59:55.0678400,0.0602236126458371
2022-12-19T15:59:55.0680832,-0.0121522547557184
2022-12-19T15:59:55.0682368,0.0151531852338741
2022-12-19T15:59:55.0683520,-0.00129587512927513
2022-12-19T15:59:55.0684672,-0.00491466835687079
2022-12-19T15:59:55.0685696,0.030944283551166
2022-12-19T15:59:55.0686848,-0.0276143709026059
2022-12-19T15:59:55.0688512,0.0404847389606678
2022-12-19T15:59:55.0793472,-0.0161000291234987
2022-12-19T15:59:55.0796544,-0.0210347470519443
2022-12-19T15:59:55.0799104,0.0411427014076124
2022-12-19T15:59:55.0800768,-0.00195383753569171
2022-12-19T15:59:55.0802048,-0.0111653111602924
2022-12-19T15:59:55.0902016,-0.00458568715513909
2022-12-19T15:59:55.0903936,-0.0147841043367125
2022-12-19T15:59:55.0905088,-0.0055726307598683
2022-12-19T15:59:55.0906240,-0.00129587512927513
2022-12-19T15:59:55.0907264,0.00561273017570495
2022-12-19T15:59:55.0908416,0.000349030889489121
2022-12-19T15:59:55.1062016,-0.0289302956653566
2022-12-19T15:59:55.1063808,0.0167980912916946
2022-12-19T15:59:55.1064960,-0.0299172392358072
2022-12-19T15:59:55.1066112,-0.00129587512927513
2022-12-19T15:59:55.1067136,0.0638424062171271
2022-12-19T15:59:55.1230208,-0.0664341503768083
2022-12-19T15:59:55.1234176,0.0572627815564591
2022-12-19T15:59:55.1236736,-0.0220216906334693
2022-12-19T15:59:55.1239424,-0.00162485633256119
2022-12-19T15:59:55.1241856,0.0171270725037292
2022-12-19T15:59:55.1244416,0.00166495570730275
2022-12-19T15:59:55.1246208,0.0332471520861059
2022-12-19T15:59:55.1247744,-0.0233376154066791
2022-12-19T15:59:55.1427584,0.0358790018498081
2022-12-19T15:59:55.1430656,-0.0272853897115341
2022-12-19T15:59:55.1432576,-0.0108363299615074
2022-12-19T15:59:55.1435136,0.0480513071388821
2022-12-19T15:59:55.1436672,-0.00590161196113415
2022-12-19T15:59:55.1437824,-0.0223506718270028
2022-12-19T15:59:55.1438976,0.0128503167595087
2022-12-19T15:59:55.1440128,-0.0085334615656746
2022-12-19T15:59:55.1441152,0.00758661741833119
2022-12-19T15:59:55.1582592,0.00725763621083642
2022-12-19T15:59:55.1585792,0.0128503167595087
2022-12-19T15:59:55.1588480,-0.000637912722236303
2022-12-19T15:59:55.1590656,-0.016429010319809
2022-12-19T15:59:55.1591936,0.0187719785662566
2022-12-19T15:59:55.1593088,-0.0286013144748993
2022-12-19T15:59:55.1594240,-0.00590161196113415
2022-12-19T15:59:55.1595264,0.0526570443320408
2022-12-19T15:59:55.1596416,-0.0726847926371815
2022-12-19T15:59:55.1597696,0.06055259387879
2022-12-19T15:59:55.1738240,-0.0378127877497363
2022-12-19T15:59:55.1741952,0.00561273017570495
2022-12-19T15:59:55.1743744,0.0187719785662566
2022-12-19T15:59:55.1745024,-0.0128102171518951
2022-12-19T15:59:55.1746304,0.0348920581872335
2022-12-19T15:59:55.1747584,-0.0078754991654702
2022-12-19T15:59:55.1748608,0.0240356779927391
2022-12-19T15:59:55.1749760,-0.0292592768556604
2022-12-19T15:59:55.1905664,-0.00261179994148619
2022-12-19T15:59:55.1909120,0.0496962132757115
2022-12-19T15:59:55.1910784,0.00627069258928915
2022-12-19T15:59:55.1911936,-0.0105073487625675
2022-12-19T15:59:55.1913216,0.00791559862598218
2022-12-19T15:59:55.1914496,0.00659967379631543
2022-12-19T15:59:55.1915776,-0.00294078114415022
2022-12-19T15:59:55.2074368,-0.00524364955844718
2022-12-19T15:59:55.2076672,0.0141662416010631
2022-12-19T15:59:55.2077824,-0.00195383753569171
2022-12-19T15:59:55.2078976,-0.0272853897115341
2022-12-19T15:59:55.2080128,0.00100699329808449
2022-12-19T15:59:55.2081280,-0.0384707501219167
2022-12-19T15:59:55.2082432,-0.0128102171518951
2022-12-19T15:59:55.2083584,0.0388398328460813
2022-12-19T15:59:55.2084736,-0.09933226692963
2022-12-19T15:59:55.2242816,0.057920744019646
2022-12-19T15:59:55.2245504,-0.0289302956653566
2022-12-19T15:59:55.2246784,-0.00195383753569171
2022-12-19T15:59:55.2247936,0.0121923543396712
2022-12-19T15:59:55.2248960,0.0082445798337894
2022-12-19T15:59:55.2249984,0.0427876075277508
2022-12-19T15:59:55.2251392,-0.0378127877497363
2022-12-19T15:59:55.2252800,0.0569338003251055
2022-12-19T15:59:55.2407424,-0.0262984461373967
2022-12-19T15:59:55.2410496,-0.00491466835687079
2022-12-19T15:59:55.2412928,0.0536439880203538
2022-12-19T15:59:55.2414720,0.0167980912916946
2022-12-19T15:59:55.2415872,-0.0114942923589225
2022-12-19T15:59:55.2416896,0.00396782414447519
2022-12-19T15:59:55.2418048,-0.00195383753569171
2022-12-19T15:59:55.2419200,-0.0105073487625675
2022-12-19T15:59:55.2575360,0.00495476776274499
2022-12-19T15:59:55.2579456,0.0125213355495117
2022-12-19T15:59:55.2582528,0.00923152345814872
2022-12-19T15:59:55.2585728,-0.0223506718270028
2022-12-19T15:59:55.2588160,0.0207458658464715
2022-12-19T15:59:55.2591104,-0.0358389006295243
2022-12-19T15:59:55.2592512,-0.00655957436320019
2022-12-19T15:59:55.2593792,0.0549599129403384
2022-12-19T15:59:55.2594816,-0.0707109056134626
2022-12-19T15:59:55.2738432,0.0457484385540046
2022-12-19T15:59:55.2741504,-0.0157710479270339
2022-12-19T15:59:55.2743424,-0.000966893925833531
2022-12-19T15:59:55.2744704,0.00528374896914695
2022-12-19T15:59:55.2746112,-0.000308931518483477
2022-12-19T15:59:55.2747392,0.0269965089378377
2022-12-19T15:59:55.2748416,-0.02596946494571
2022-12-19T15:59:55.2749440,0.0510121381880419
2022-12-19T15:59:55.2910080,-0.0262984461373967
2022-12-19T15:59:55.2912896,-0.0157710479270339
2022-12-19T15:59:55.2914176,0.0582497252514792
2022-12-19T15:59:55.2915328,-0.00162485633256119
2022-12-19T15:59:55.2916352,-0.016429010319809
2022-12-19T15:59:55.2917504,-0.00458568715513909
2022-12-19T15:59:55.2918528,-0.00228281873866669
2022-12-19T15:59:55.2919936,0.00265189932229863
2022-12-19T15:59:55.3074048,0.0167980912916946
2022-12-19T15:59:55.3076096,0.00363884293869718
2022-12-19T15:59:55.3077376,-0.00623059316224477
2022-12-19T15:59:55.3078400,-0.00425670595325207
2022-12-19T15:59:55.3079552,0.0256805840717742
2022-12-19T15:59:55.3080704,-0.0374838065634167
2022-12-19T15:59:55.3081856,-0.00326976234665881
2022-12-19T15:59:55.3082880,0.0503541757315581
2022-12-19T15:59:55.3083904,-0.0631443386389618
2022-12-19T15:59:55.3241984,0.0552888941707336
2022-12-19T15:59:55.3245824,-0.0207057658577945
2022-12-19T15:59:55.3248384,0.00199393691214557
2022-12-19T15:59:55.3249920,0.0125213355495117
2022-12-19T15:59:55.3251328,0.00429680535040913
2022-12-19T15:59:55.3252480,0.028970396241662
2022-12-19T15:59:55.3253632,-0.0361678818166088
2022-12-19T15:59:55.3254656,0.0444325136518585
2022-12-19T15:59:55.3400960,-0.0203767846634904
2022-12-19T15:59:55.3403520,-0.0276143709026059
2022-12-19T15:59:55.3404928,0.0447614948771567
2022-12-19T15:59:55.3406336,-0.00458568715513909
2022-12-19T15:59:55.3407616,-0.0131391983497513
2022-12-19T15:59:55.3408896,0.00561273017570495
2022-12-19T15:59:55.3409920,-0.00919142396525881
2022-12-19T15:59:55.3410944,0.00133597450261574
2022-12-19T15:59:55.3577600,0.00462578655649906
2022-12-19T15:59:55.3580160,0.0246936404238808
2022-12-19T15:59:55.3581440,-0.00688855556400039
2022-12-19T15:59:55.3582592,-0.0230086342136077
2022-12-19T15:59:55.3583616,0.00923152345814872
2022-12-19T15:59:55.3584640,-0.0325490887502571
2022-12-19T15:59:55.3585792,-0.0101783675634727
2022-12-19T15:59:55.3586816,0.0325891896467616
2022-12-19T15:59:55.3741952,-0.066763131549763
2022-12-19T15:59:55.3744384,0.0394977952914403
2022-12-19T15:59:55.3745664,-0.0262984461373967
2022-12-19T15:59:55.3746816,0.00627069258928915
2022-12-19T15:59:55.3747968,0.00363884293869718
2022-12-19T15:59:55.3749504,0.00857356104175289
2022-12-19T15:59:55.3751424,0.0253516028556522
2022-12-19T15:59:55.3752576,-0.0216927094397817
2022-12-19T15:59:55.3753600,0.0500251945035551
2022-12-19T15:59:55.3847552,-0.0210347470519443
2022-12-19T15:59:55.3849344,-0.0269564085203087
2022-12-19T15:59:55.3850496,0.0608815751119031
2022-12-19T15:59:55.3851776,2.00496854250026E-05
2022-12-19T15:59:55.3852800,0.0033098617330751
2022-12-19T15:59:55.3853952,0.0121923543396712
2022-12-19T15:59:55.3855232,-0.0101783675634727
2022-12-19T15:59:55.3856256,-0.014126141942392
2022-12-19T15:59:55.3943040,2.00496854250026E-05
2022-12-19T15:59:55.3945856,0.0138372603904395
2022-12-19T15:59:55.3948544,-0.00655957436320019
2022-12-19T15:59:55.3951872,-0.0338650135038022
2022-12-19T15:59:55.3954560,0.00857356104175289
2022-12-19T15:59:55.3957120,-0.0361678818166088
2022-12-19T15:59:55.4037248,-0.00425670595325207
2022-12-19T15:59:55.4039040,0.0385108516236395
2022-12-19T15:59:55.4040320,-0.064460263335912
2022-12-19T15:59:55.4041856,0.0385108516236395
2022-12-19T15:59:55.4043264,-0.0272853897115341
2022-12-19T15:59:55.4139776,0.000349030889489121
2022-12-19T15:59:55.4142720,0.0171270725037292
2022-12-19T15:59:55.4144896,-0.0055726307598683
2022-12-19T15:59:55.4146688,0.030944283551166
2022-12-19T15:59:55.4237696,-0.0184028974944275
2022-12-19T15:59:55.4238336,0.0852261868081202
2022-12-19T15:59:55.4238720,-0.0223506718270028
2022-12-19T15:59:55.4239104,-0.0111653111602924
2022-12-19T15:59:55.4239616,0.0493672320480272
2022-12-19T15:59:55.4335232,-0.00919142396525881
2022-12-19T15:59:55.4335872,0.000349030889489121
2022-12-19T15:59:55.4336256,0.00199393691214557
2022-12-19T15:59:55.4336640,-0.00919142396525881
2022-12-19T15:59:55.4337024,-0.0124812359538841
2022-12-19T15:59:55.4434432,-0.00919142396525881
2022-12-19T15:59:55.4435328,0.00166495570730275
2022-12-19T15:59:55.4435968,0.00725763621083642
2022-12-19T15:59:55.4436608,-0.0295882580458106
2022-12-19T15:59:55.4437120,0.000349030889489121
2022-12-19T15:59:55.4531072,-0.0322201075614877
2022-12-19T15:59:55.4532096,-0.0108363299615074
2022-12-19T15:59:55.4532608,0.0496962132757115
2022-12-19T15:59:55.4533120,-0.064460263335912
2022-12-19T15:59:55.4533376,-0.0746586796554868
2022-12-19T15:59:55.4627584,-0.106240871216325
2022-12-19T15:59:55.4628608,-0.0555777715845434
2022-12-19T15:59:55.4629120,0.0431165887522547
2022-12-19T15:59:55.4629632,-0.0055726307598683
2022-12-19T15:59:55.4740096,0.0316022459889304
2022-12-19T15:59:55.4741120,0.00265189932229863
2022-12-19T15:59:55.4741760,0.0450904761026137
2022-12-19T15:59:55.4742656,-0.00623059316224477
2022-12-19T15:59:55.4743296,-0.0108363299615074
2022-12-19T15:59:55.4891136,0.0319312272080495
2022-12-19T15:59:55.4892416,0.0033098617330751
2022-12-19T15:59:55.4893312,-0.0108363299615074
2022-12-19T15:59:55.4893952,0.019100959779233
2022-12-19T15:59:55.4894464,0.00100699329808449
2022-12-19T15:59:55.4895104,-0.0101783675634727
2022-12-19T15:59:55.5070208,0.00561273017570495
2022-12-19T15:59:55.5072384,0.0131792979696624
2022-12-19T15:59:55.5073664,-0.00326976234665881
2022-12-19T15:59:55.5074432,-0.0236665965995966
2022-12-19T15:59:55.5075072,0.0256805840717742
2022-12-19T15:59:55.5075712,-0.0374838065634167
2022-12-19T15:59:55.5076224,-0.0105073487625675
2022-12-19T15:59:55.5237248,0.0398267765143575
2022-12-19T15:59:55.5238912,-0.0595255457098809
2022-12-19T15:59:55.5239936,0.0506831569597203
2022-12-19T15:59:55.5240704,-0.0401156560496931
2022-12-19T15:59:55.5241472,-0.00952040516481843
2022-12-19T15:59:55.5242368,0.00988948587516988
2022-12-19T15:59:55.5243136,0.0125213355495117
2022-12-19T15:59:55.5244032,0.0220617907030912
2022-12-19T15:59:55.5244800,-0.0223506718270028
2022-12-19T15:59:55.5394688,0.0506831569597203
2022-12-19T15:59:55.5396992,-0.0101783675634727
2022-12-19T15:59:55.5398400,-0.0184028974944275
2022-12-19T15:59:55.5399552,0.0473933446852645
2022-12-19T15:59:55.5400704,0.0082445798337894
2022-12-19T15:59:55.5402240,-0.0200478034690322
2022-12-19T15:59:55.5403520,0.000349030889489121
2022-12-19T15:59:55.5404544,0.000678012093708949
2022-12-19T15:59:55.5405696,-0.0239955777923602
2022-12-19T15:59:55.5491968,-0.00984938636422307
2022-12-19T15:59:55.5495552,0.0128503167595087
2022-12-19T15:59:55.5498368,-0.00359874354901193
2022-12-19T15:59:55.5500160,-0.0309041828048764
2022-12-19T15:59:55.5501312,0.00133597450261574
2022-12-19T15:59:55.5502592,-0.0328780699388733
2022-12-19T15:59:55.5503744,-0.00820448036564994
2022-12-19T15:59:55.5504896,0.0414716826313227
2022-12-19T15:59:55.5588736,-0.0687370185843248
2022-12-19T15:59:55.5591296,0.0717379558945845
2022-12-19T15:59:55.5594368,-0.0216927094397817
2022-12-19T15:59:55.5596672,0.00100699329808449
2022-12-19T15:59:55.5599104,0.0292993774595181
2022-12-19T15:59:55.5728512,0.0138372603904395
2022-12-19T15:59:55.5731584,0.0368659455138072
2022-12-19T15:59:55.5733376,-0.0220216906334693
2022-12-19T15:59:55.5734784,0.0519990818739629
2022-12-19T15:59:55.5736320,-0.0256404837538696
2022-12-19T15:59:55.5883136,-0.0085334615656746
2022-12-19T15:59:55.5884928,0.0460774197799385
2022-12-19T15:59:55.5886208,-0.00590161196113415
2022-12-19T15:59:55.5887232,-0.00655957436320019
2022-12-19T15:59:55.5888384,0.00363884293869718
2022-12-19T15:59:55.5889408,-0.0118232735573979
2022-12-19T15:59:55.5890688,-0.0111653111602924
2022-12-19T15:59:55.6059776,-0.00623059316224477
2022-12-19T15:59:55.6061568,-0.00129587512927513
2022-12-19T15:59:55.6062720,-0.0407736184197342
2022-12-19T15:59:55.6063488,-0.0355099194422867
2022-12-19T15:59:55.6064256,0.0292993774595181
2022-12-19T15:59:55.6064896,-0.0216927094397817
2022-12-19T15:59:55.6065664,0.00561273017570495
2022-12-19T15:59:55.6225024,0.019100959779233
2022-12-19T15:59:55.6226688,0.0506831569597203
2022-12-19T15:59:55.6228224,0.0220617907030912
2022-12-19T15:59:55.6229248,-0.0239955777923602
2022-12-19T15:59:55.6230272,0.00462578655649906
2022-12-19T15:59:55.6231040,0.00659967379631543
2022-12-19T15:59:55.6231680,0.0220617907030912
2022-12-19T15:59:55.6232448,0.043774551201739
2022-12-19T15:59:55.6233088,-0.0286013144748993
2022-12-19T15:59:55.6328576,0.0362079830709829
2022-12-19T15:59:55.6329600,-0.0253115025618754
2022-12-19T15:59:55.6330368,-0.0282723332842885
2022-12-19T15:59:55.6331136,0.0473933446852645
2022-12-19T15:59:55.6331776,-0.0039277247512097
2022-12-19T15:59:55.6332544,-0.0078754991654702
2022-12-19T15:59:55.6333184,0.005941711382419
2022-12-19T15:59:55.6333952,-0.0161000291234987
2022-12-19T15:59:55.6425344,-0.0253115025618754
2022-12-19T15:59:55.6426368,-0.00458568715513909
2022-12-19T15:59:55.6427136,0.000678012093708949
2022-12-19T15:59:55.6427776,-0.0121522547557184
2022-12-19T15:59:55.6428544,-0.0325490887502571
2022-12-19T15:59:55.6522240,0.0348920581872335
2022-12-19T15:59:55.6524928,-0.0361678818166088
2022-12-19T15:59:55.6526976,-0.00688855556400039
2022-12-19T15:59:55.6528512,0.0598946314130441
2022-12-19T15:59:55.6530048,-0.0736717361470106
2022-12-19T15:59:55.6638080,0.0441035324267193
2022-12-19T15:59:55.6641664,-0.0105073487625675
2022-12-19T15:59:55.6642944,-0.00655957436320019
2022-12-19T15:59:55.6643712,0.0292993774595181
2022-12-19T15:59:55.6644480,0.00396782414447519
2022-12-19T15:59:55.6740480,0.027654471371815
2022-12-19T15:59:55.6742016,-0.0335360323156458
2022-12-19T15:59:55.6743552,0.0368659455138072
2022-12-19T15:59:55.6744448,-0.0161000291234987
2022-12-19T15:59:55.6745216,-0.014126141942392
2022-12-19T15:59:55.6745984,0.0470643634586944
2022-12-19T15:59:55.6849280,-0.0161000291234987
2022-12-19T15:59:55.6850944,-0.00984938636422307
2022-12-19T15:59:55.6851968,0.0141662416010631
2022-12-19T15:59:55.6852608,-0.00820448036564994
2022-12-19T15:59:55.6853504,-0.0282723332842885
2022-12-19T15:59:55.6954240,0.00199393691214557
2022-12-19T15:59:55.6956800,0.011205410711089
2022-12-19T15:59:55.6958592,-0.00425670595325207
2022-12-19T15:59:55.6959744,-0.0411025996045257
2022-12-19T15:59:55.6960640,0.0227197531323445
2022-12-19T15:59:55.7052288,-0.0315621451834888
2022-12-19T15:59:55.7053696,-0.00919142396525881
2022-12-19T15:59:55.7054464,0.0460774197799385
2022-12-19T15:59:55.7055232,-0.0674210938952199
2022-12-19T15:59:55.7056000,0.0658162936278223
2022-12-19T15:59:55.7056640,-0.0309041828048764
2022-12-19T15:59:55.7149440,-0.0131391983497513
2022-12-19T15:59:55.7150720,0.00561273017570495
2022-12-19T15:59:55.7151616,0.0151531852338741
2022-12-19T15:59:55.7152512,0.0378528891792314
2022-12-19T15:59:55.7255168,-0.0302462204256504
2022-12-19T15:59:55.7256960,0.0506831569597203
2022-12-19T15:59:55.7258240,-0.00524364955844718
2022-12-19T15:59:55.7259008,-0.0184028974944275
2022-12-19T15:59:55.7259776,0.0552888941707336
2022-12-19T15:59:55.7351040,-0.00590161196113415
2022-12-19T15:59:55.7353856,-0.00952040516481843
2022-12-19T15:59:55.7355776,-0.00195383753569171
2022-12-19T15:59:55.7356544,-0.0101783675634727
2022-12-19T15:59:55.7357440,-0.0220216906334693
2022-12-19T15:59:55.7358336,0.00890254224987264
2022-12-19T15:59:55.7492352,-0.000966893925833531
2022-12-19T15:59:55.7495680,-0.00162485633256119
2022-12-19T15:59:55.7497856,-0.0585386021805911
2022-12-19T15:59:55.7499136,0.0358790018498081
2022-12-19T15:59:55.7500672,-0.0338650135038022
2022-12-19T15:59:55.7627520,-0.000637912722236303
2022-12-19T15:59:55.7630464,0.0394977952914403
2022-12-19T15:59:55.7632896,-0.0687370185843248
2022-12-19T15:59:55.7634688,0.0615395375786094
2022-12-19T15:59:55.7635968,-0.0223506718270028
2022-12-19T15:59:55.7637120,-0.0124812359538841
2022-12-19T15:59:55.7638272,0.019100959779233
2022-12-19T15:59:55.7743360,0.0135082791799726
2022-12-19T15:59:55.7746944,0.0381818704013563
2022-12-19T15:59:55.7748736,-0.0282723332842885
2022-12-19T15:59:55.7749888,0.0322602084273265
2022-12-19T15:59:55.7751040,-0.016429010319809
2022-12-19T15:59:55.7752320,-0.0085334615656746
2022-12-19T15:59:55.7753344,0.0510121381880419
2022-12-19T15:59:55.7909760,-0.0039277247512097
2022-12-19T15:59:55.7912576,-0.00162485633256119
2022-12-19T15:59:55.7913856,-0.00261179994148619
2022-12-19T15:59:55.7915008,-0.0105073487625675
2022-12-19T15:59:55.7916160,-0.00655957436320019
2022-12-19T15:59:55.8072704,0.0108764295018745
2022-12-19T15:59:55.8076544,0.0273254901547475
2022-12-19T15:59:55.8078208,-0.0114942923589225
2022-12-19T15:59:55.8079488,-0.0414315807891646
2022-12-19T15:59:55.8080512,0.0138372603904395
2022-12-19T15:59:55.8082048,-0.0437344490773635
2022-12-19T15:59:55.8083072,-0.0157710479270339
2022-12-19T15:59:55.8084224,0.0329181708663548
2022-12-19T15:59:55.8242816,-0.0562357339402814
2022-12-19T15:59:55.8246272,0.0746987870475031
2022-12-19T15:59:55.8247936,-0.0266274273289295
2022-12-19T15:59:55.8249088,0.000678012093708949
2022-12-19T15:59:55.8250112,0.0325891896467616
2022-12-19T15:59:55.8251264,-0.0101783675634727
2022-12-19T15:59:55.8252416,0.0319312272080495
2022-12-19T15:59:55.8253440,-0.0401156560496931
2022-12-19T15:59:55.8254464,0.0526570443320408
2022-12-19T15:59:55.8411520,-0.0200478034690322
2022-12-19T15:59:55.8414080,-0.0207057658577945
2022-12-19T15:59:55.8415232,0.0447614948771567
2022-12-19T15:59:55.8416512,-0.00458568715513909
2022-12-19T15:59:55.8417664,0.00725763621083642
2022-12-19T15:59:55.8418688,-0.00129587512927513
2022-12-19T15:59:55.8419712,-0.0124812359538841
2022-12-19T15:59:55.8420864,-0.0134681795474529
2022-12-19T15:59:55.8574208,0.019100959779233
2022-12-19T15:59:55.8576512,-0.000308931518483477
2022-12-19T15:59:55.8577792,2.00496854250026E-05
2022-12-19T15:59:55.8578944,-0.0414315807891646
2022-12-19T15:59:55.8580096,0.0273254901547475
2022-12-19T15:59:55.8581120,-0.0473532420865835
2022-12-19T15:59:55.8582272,-0.0111653111602924
2022-12-19T15:59:55.8583424,0.0513411194165228
2022-12-19T15:59:55.8584576,-0.075974604331352
2022-12-19T15:59:55.8744448,0.0582497252514792
2022-12-19T15:59:55.8747136,-0.0286013144748993
2022-12-19T15:59:55.8748544,-0.0085334615656746
2022-12-19T15:59:55.8749696,0.0227197531323445
2022-12-19T15:59:55.8750720,-0.00294078114415022
2022-12-19T15:59:55.8751872,0.0329181708663548
2022-12-19T15:59:55.8753024,-0.0371548253769442
2022-12-19T15:59:55.8754048,0.0473933446852645
2022-12-19T15:59:55.8910592,-0.0230086342136077
2022-12-19T15:59:55.8912768,-0.00984938636422307
2022-12-19T15:59:55.8914176,0.0454194573282296
2022-12-19T15:59:55.8915200,-0.0210347470519443
2022-12-19T15:59:55.8916480,0.00298088052760892
2022-12-19T15:59:55.8917504,-0.0144551231396295
2022-12-19T15:59:55.8918528,-0.0289302956653566
2022-12-19T15:59:55.8919680,-0.02596946494571
2022-12-19T15:59:55.9077632,-0.00458568715513909
2022-12-19T15:59:55.9082112,0.0131792979696624
2022-12-19T15:59:55.9085056,-0.00590161196113415
2022-12-19T15:59:55.9086592,-0.0236665965995966
2022-12-19T15:59:55.9088128,0.0335761333060152
2022-12-19T15:59:55.9089280,-0.0516299974373722
2022-12-19T15:59:55.9090304,-0.0180739162990437
2022-12-19T15:59:55.9091456,0.0733828620890405
2022-12-19T15:59:55.9092480,-0.0947265307021448
2022-12-19T15:59:55.9241728,0.0654873123923055
2022-12-19T15:59:55.9244800,-0.0184028974944275
2022-12-19T15:59:55.9246720,-0.0220216906334693
2022-12-19T15:59:55.9248128,0.0325891896467616
2022-12-19T15:59:55.9249280,0.00298088052760892
2022-12-19T15:59:55.9250432,0.00265189932229863
2022-12-19T15:59:55.9251456,-0.0213637282459401
2022-12-19T15:59:55.9252480,0.0697640684665458
2022-12-19T15:59:55.9410944,-0.116110305798484
2022-12-19T15:59:55.9413504,-0.0555777715845434
2022-12-19T15:59:55.9414784,0.0687771247546967
2022-12-19T15:59:55.9415936,-0.00919142396525881
2022-12-19T15:59:55.9417088,-0.0489981479937746
2022-12-19T15:59:55.9418112,2.00496854250026E-05
2022-12-19T15:59:55.9419264,0.0319312272080495
2022-12-19T15:59:55.9420288,-0.0207057658577945
2022-12-19T15:59:55.9575936,0.00462578655649906
2022-12-19T15:59:55.9579136,0.00396782414447519
2022-12-19T15:59:55.9580928,-0.0134681795474529
2022-12-19T15:59:55.9582080,-0.0440634302607818
2022-12-19T15:59:55.9583232,0.0391688140686815
2022-12-19T15:59:55.9584256,-0.0519589786171381
2022-12-19T15:59:55.9585792,-0.0118232735573979
2022-12-19T15:59:55.9587200,0.0362079830709829
2022-12-19T15:59:55.9588224,-0.0687370185843248
2022-12-19T15:59:55.9742464,0.057920744019646
2022-12-19T15:59:55.9744640,-0.0243245589849698
2022-12-19T15:59:55.9745920,-0.00491466835687079
2022-12-19T15:59:55.9747072,0.0237066967774044
2022-12-19T15:59:55.9748224,-0.00294078114415022
2022-12-19T15:59:55.9749504,0.0345630769666917
2022-12-19T15:59:55.9750656,-0.0249825213697274
2022-12-19T15:59:55.9751808,0.0493672320480272
2022-12-19T15:59:55.9911552,-0.0147841043367125
2022-12-19T15:59:55.9914624,-0.0236665965995966
2022-12-19T15:59:55.9916288,0.0319312272080495
2022-12-19T15:59:55.9917824,0.00100699329808449
2022-12-19T15:59:55.9919232,-0.0128102171518951
2022-12-19T15:59:55.9920640,0.00265189932229863
2022-12-19T15:59:55.9922048,-0.0239955777923602
2022-12-19T15:59:55.9923328,-0.0305752016153402
2022-12-19T15:59:56.0032512,0.0237066967774044
2022-12-19T15:59:56.0036352,0.019100959779233
2022-12-19T15:59:56.0039040,-0.00458568715513909
2022-12-19T15:59:56.0042112,-0.0361678818166088
2022-12-19T15:59:56.0044032,0.034234095746308
2022-12-19T15:59:56.0045312,-0.0233376154066791
2022-12-19T15:59:56.0046464,-0.0161000291234987
2022-12-19T15:59:56.0047744,0.0306153023325207
2022-12-19T15:59:56.0049280,-0.0730137738072749
2022-12-19T15:59:56.0127360,0.0575917627879726
2022-12-19T15:59:56.0129920,-0.0374838065634167
2022-12-19T15:59:56.0131456,-0.014126141942392
2022-12-19T15:59:56.0132608,0.0322602084273265
2022-12-19T15:59:56.0133760,0.0108764295018745
2022-12-19T15:59:56.0134912,0.0283124338064231
2022-12-19T15:59:56.0223104,-0.0338650135038022
2022-12-19T15:59:56.0225536,0.0378528891792314
2022-12-19T15:59:56.0227072,-0.00458568715513909
2022-12-19T15:59:56.0228736,-0.0213637282459401
2022-12-19T15:59:56.0414336,0.0602236126458371
2022-12-19T15:59:56.0419328,-0.0101783675634727
2022-12-19T15:59:56.0422400,-0.000308931518483477
2022-12-19T15:59:56.0424448,-0.000308931518483477
2022-12-19T15:59:56.0426368,-0.0253115025618754
2022-12-19T15:59:56.0569600,-0.014126141942392
2022-12-19T15:59:56.0572672,0.0151531852338741
2022-12-19T15:59:56.0574464,0.011205410711089
2022-12-19T15:59:56.0575744,0.00462578655649906
2022-12-19T15:59:56.0576896,-0.0368258441903187
2022-12-19T15:59:56.0578048,0.0385108516236395
2022-12-19T15:59:56.0579072,-0.0358389006295243
2022-12-19T15:59:56.0580224,-0.00688855556400039
2022-12-19T15:59:56.0581248,0.0319312272080495
2022-12-19T15:59:56.0582272,-0.0713688679553041
2022-12-19T15:59:56.0745216,0.0661452748634996
2022-12-19T15:59:56.0748032,-0.0216927094397817
2022-12-19T15:59:56.0749312,-0.0190608598847322
2022-12-19T15:59:56.0750336,0.0246936404238808
2022-12-19T15:59:56.0751360,0.00561273017570495
2022-12-19T15:59:56.0752384,0.0243646592082312
2022-12-19T15:59:56.0753536,-0.0368258441903187
2022-12-19T15:59:56.0754688,0.0401557577374334
2022-12-19T15:59:56.0910592,-0.00590161196113415
2022-12-19T15:59:56.0914432,-0.0223506718270028
2022-12-19T15:59:56.0916224,0.0516701006451631
2022-12-19T15:59:56.0917376,-0.0131391983497513
2022-12-19T15:59:56.0918656,-0.0114942923589225
2022-12-19T15:59:56.0919808,0.00692865500349785
2022-12-19T15:59:56.0920832,-0.00820448036564994
2022-12-19T15:59:56.0921984,-0.0147841043367125
2022-12-19T15:59:56.1074048,0.0177850349282693
2022-12-19T15:59:56.1077120,0.0243646592082312
2022-12-19T15:59:56.1079680,-0.00655957436320019
2022-12-19T15:59:56.1081216,-0.0460373173580908
2022-12-19T15:59:56.1082496,0.0457484385540046
2022-12-19T15:59:56.1083648,-0.0371548253769442
2022-12-19T15:59:56.1084672,-0.0213637282459401
2022-12-19T15:59:56.1085696,0.0322602084273265
2022-12-19T15:59:56.1086976,-0.0542618468712477
2022-12-19T15:59:56.1245312,0.0447614948771567
2022-12-19T15:59:56.1248000,-0.0226796530203822
2022-12-19T15:59:56.1250560,-0.0134681795474529
2022-12-19T15:59:56.1252352,0.0187719785662566
2022-12-19T15:59:56.1253760,0.00495476776274499
2022-12-19T15:59:56.1255936,0.0220617907030912
2022-12-19T15:59:56.1257600,-0.0513010162574545
2022-12-19T15:59:56.1259008,0.0543019504800269
2022-12-19T15:59:56.1407104,-0.0075465179651354
2022-12-19T15:59:56.1410176,-0.0239955777923602
2022-12-19T15:59:56.1411584,0.0631844437481781
2022-12-19T15:59:56.1412864,-0.00228281873866669
2022-12-19T15:59:56.1414016,-0.00425670595325207
2022-12-19T15:59:56.1415040,-0.00458568715513909
2022-12-19T15:59:56.1416064,-0.017415953907813
2022-12-19T15:59:56.1417216,-0.00359874354901193
2022-12-19T15:59:56.1418240,0.0286414150239637
2022-12-19T15:59:56.1578752,0.0187719785662566
2022-12-19T15:59:56.1582976,-0.00952040516481843
2022-12-19T15:59:56.1584640,-0.0460373173580908
2022-12-19T15:59:56.1585792,0.0362079830709829
2022-12-19T15:59:56.1586944,-0.0457083361755869
2022-12-19T15:59:56.1587968,-0.0203767846634904
2022-12-19T15:59:56.1588992,0.0411427014076124
2022-12-19T15:59:56.1590144,-0.0690659997562243
2022-12-19T15:59:56.1741440,0.0549599129403384
2022-12-19T15:59:56.1744640,-0.0266274273289295
2022-12-19T15:59:56.1746304,-0.0177449351035055
2022-12-19T15:59:56.1747456,0.0158111476565318
2022-12-19T15:59:56.1748864,0.0144952228118434
2022-12-19T15:59:56.1750016,0.0306153023325207
2022-12-19T15:59:56.1751040,-0.04044463723479
2022-12-19T15:59:56.1752192,0.0536439880203538
2022-12-19T15:59:56.1911936,0.00298088052760892
2022-12-19T15:59:56.1915520,-0.0193898410796531
2022-12-19T15:59:56.1918336,0.0480513071388821
2022-12-19T15:59:56.1920000,-0.00359874354901193
2022-12-19T15:59:56.1921152,-0.00458568715513909
2022-12-19T15:59:56.1922304,-0.000966893925833531
2022-12-19T15:59:56.1923584,-0.00326976234665881
2022-12-19T15:59:56.1924736,-0.0269564085203087
2022-12-19T15:59:56.2074368,0.0108764295018745
2022-12-19T15:59:56.2078336,0.011205410711089
2022-12-19T15:59:56.2080128,-0.00952040516481843
2022-12-19T15:59:56.2081280,-0.0249825213697274
2022-12-19T15:59:56.2082304,0.0332471520861059
2022-12-19T15:59:56.2083456,-0.0262984461373967
2022-12-19T15:59:56.2084480,-0.018731878689657
2022-12-19T15:59:56.2085504,0.027654471371815
2022-12-19T15:59:56.2086656,-0.066763131549763
2022-12-19T15:59:56.2245120,0.06252648127987
2022-12-19T15:59:56.2248192,-0.0078754991654702
2022-12-19T15:59:56.2249856,-0.0121522547557184
2022-12-19T15:59:56.2251136,0.0177850349282693
2022-12-19T15:59:56.2252288,-0.00228281873866669
2022-12-19T15:59:56.2253440,0.0299573398957038
2022-12-19T15:59:56.2254464,-0.0328780699388733
2022-12-19T15:59:56.2255616,0.0493672320480272
2022-12-19T15:59:56.2411008,-0.00261179994148619
2022-12-19T15:59:56.2414080,-0.00590161196113415
2022-12-19T15:59:56.2415872,0.0526570443320408
2022-12-19T15:59:56.2417152,-0.00359874354901193
2022-12-19T15:59:56.2418304,-0.000637912722236303
2022-12-19T15:59:56.2419456,0.0194299409923665
2022-12-19T15:59:56.2420480,-0.0200478034690322
2022-12-19T15:59:56.2421632,-0.0299172392358072
2022-12-19T15:59:56.2577792,0.0167980912916946
2022-12-19T15:59:56.2581504,0.00857356104175289
2022-12-19T15:59:56.2584832,-0.0105073487625675
2022-12-19T15:59:56.2588672,-0.0355099194422867
2022-12-19T15:59:56.2591488,0.0217328094887004
2022-12-19T15:59:56.2593664,-0.0513010162574545
2022-12-19T15:59:56.2595584,-0.00984938636422307
2022-12-19T15:59:56.2597760,0.0299573398957038
2022-12-19T15:59:56.2599936,-0.0799223783445401
2022-12-19T15:59:56.2747776,0.0543019504800269
2022-12-19T15:59:56.2750080,-0.0322201075614877
2022-12-19T15:59:56.2751232,-0.0269564085203087
2022-12-19T15:59:56.2752512,0.0273254901547475
2022-12-19T15:59:56.2753664,0.00265189932229863
2022-12-19T15:59:56.2754688,0.0322602084273265
2022-12-19T15:59:56.2756096,-0.0335360323156458
2022-12-19T15:59:56.2757248,0.0450904761026137
2022-12-19T15:59:56.2758272,-0.00655957436320019
2022-12-19T15:59:56.2910592,-0.0200478034690322
2022-12-19T15:59:56.2913664,0.0394977952914403
2022-12-19T15:59:56.2915328,2.00496854250026E-05
2022-12-19T15:59:56.2916480,0.0128503167595087
2022-12-19T15:59:56.2917504,0.00561273017570495
2022-12-19T15:59:56.2918912,-0.0170869727119661
2022-12-19T15:59:56.2920064,-0.0180739162990437
2022-12-19T15:59:56.2921216,0.0194299409923665
2022-12-19T15:59:56.3078272,0.00166495570730275
2022-12-19T15:59:56.3081344,-0.00162485633256119
2022-12-19T15:59:56.3083904,-0.0460373173580908
2022-12-19T15:59:56.3085568,0.0332471520861059
2022-12-19T15:59:56.3086720,-0.0549198092281989
2022-12-19T15:59:56.3088000,-0.0213637282459401
2022-12-19T15:59:56.3089152,0.0358790018498081
2022-12-19T15:59:56.3090304,-0.0638023009877389
2022-12-19T15:59:56.3244160,0.0496962132757115
2022-12-19T15:59:56.3247360,-0.0233376154066791
2022-12-19T15:59:56.3248640,-0.016429010319809
2022-12-19T15:59:56.3249664,0.0230487343472071
2022-12-19T15:59:56.3250816,-0.000966893925833531
2022-12-19T15:59:56.3251968,0.0339051145260825
2022-12-19T15:59:56.3252992,-0.0486691668126406
2022-12-19T15:59:56.3254016,0.0411427014076124
2022-12-19T15:59:56.3413504,-0.000308931518483477
2022-12-19T15:59:56.3416960,-0.00952040516481843
2022-12-19T15:59:56.3418752,0.0355500206287917
2022-12-19T15:59:56.3420800,0.00627069258928915
2022-12-19T15:59:56.3422464,-0.0236665965995966
2022-12-19T15:59:56.3423616,-0.00261179994148619
2022-12-19T15:59:56.3424768,-0.0154420667304147
2022-12-19T15:59:56.3425920,-0.0246535401774255
2022-12-19T15:59:56.3577728,0.0246936404238808
2022-12-19T15:59:56.3579904,-0.00326976234665881
2022-12-19T15:59:56.3581312,-0.0134681795474529
2022-12-19T15:59:56.3582336,-0.0457083361755869
2022-12-19T15:59:56.3583488,0.0233777155622271
2022-12-19T15:59:56.3584512,-0.0289302956653566
2022-12-19T15:59:56.3585664,-0.00688855556400039
2022-12-19T15:59:56.3586688,0.0358790018498081
2022-12-19T15:59:56.3587712,-0.0483401856313546
2022-12-19T15:59:56.3742592,0.0733828620890405
2022-12-19T15:59:56.3745792,-0.0144551231396295
2022-12-19T15:59:56.3747328,-0.0197188222744198
2022-12-19T15:59:56.3748608,0.0230487343472071
2022-12-19T15:59:56.3749632,0.00199393691214557
2022-12-19T15:59:56.3750912,0.0434455699769174
2022-12-19T15:59:56.3752064,-0.0312331639942593
2022-12-19T15:59:56.3753216,0.0424586263034057
2022-12-19T15:59:56.3913088,-0.00261179994148619
2022-12-19T15:59:56.3916032,-0.0417605619736507
2022-12-19T15:59:56.3917568,0.028970396241662
2022-12-19T15:59:56.3918720,-0.00294078114415022
2022-12-19T15:59:56.3920128,-0.0118232735573979
2022-12-19T15:59:56.3921408,0.0128503167595087
2022-12-19T15:59:56.3922432,-0.00721753676464547
2022-12-19T15:59:56.3923584,-0.0170869727119661
2022-12-19T15:59:56.4079232,0.0335761333060152
2022-12-19T15:59:56.4085376,0.00725763621083642
2022-12-19T15:59:56.4086912,0.0246936404238808
2022-12-19T15:59:56.4088192,-0.0740007173166529
2022-12-19T15:59:56.4089216,0.0394977952914403
2022-12-19T15:59:56.4090240,-0.0601835080619839
2022-12-19T15:59:56.4091392,-0.0055726307598683
2022-12-19T15:59:56.4092544,0.0582497252514792
2022-12-19T15:59:56.4093568,-0.163154608830156
2022-12-19T15:59:56.4180352,0.0536439880203538
2022-12-19T15:59:56.4183552,-0.102622078502874
2022-12-19T15:59:56.4185216,-0.0368258441903187
2022-12-19T15:59:56.4186368,-0.097687361137443
2022-12-19T15:59:56.4187648,-0.0391287124934857
2022-12-19T15:59:56.4188800,0.0358790018498081
2022-12-19T15:59:56.4189952,-0.0414315807891646
2022-12-19T15:59:56.4191104,0.0398267765143575
2022-12-19T15:59:56.4291328,-0.00129587512927513
2022-12-19T15:59:56.4293632,-0.0220216906334693
2022-12-19T15:59:56.4294912,0.0638424062171271
2022-12-19T15:59:56.4296064,0.00462578655649906
2022-12-19T15:59:56.4297216,0.0220617907030912
2022-12-19T15:59:56.4413824,0.0207458658464715
2022-12-19T15:59:56.4416896,-0.00984938636422307
2022-12-19T15:59:56.4418560,-0.0177449351035055
2022-12-19T15:59:56.4419712,0.0204168846327095
2022-12-19T15:59:56.4420736,0.00791559862598218
2022-12-19T15:59:56.4579712,-0.0269564085203087
2022-12-19T15:59:56.4582144,-0.0417605619736507
2022-12-19T15:59:56.4583424,0.0296283586775321
2022-12-19T15:59:56.4584576,-0.0341939946918055
2022-12-19T15:59:56.4585728,-0.0167579915159647
2022-12-19T15:59:56.4586752,0.0385108516236395
2022-12-19T15:59:56.4587904,-0.0661051692037028
2022-12-19T15:59:56.4746496,0.0414716826313227
2022-12-19T15:59:56.4748928,-0.0226796530203822
2022-12-19T15:59:56.4750080,-0.0144551231396295
2022-12-19T15:59:56.4751232,0.011205410711089
2022-12-19T15:59:56.4752256,0.005941711382419
2022-12-19T15:59:56.4753408,0.0230487343472071
2022-12-19T15:59:56.4754432,-0.0417605619736507
2022-12-19T15:59:56.4755456,0.0562758378628775
2022-12-19T15:59:56.4911232,0.00528374896914695
2022-12-19T15:59:56.4914304,-0.0121522547557184
2022-12-19T15:59:56.4915968,0.0523280631029221
2022-12-19T15:59:56.4917248,0.000349030889489121
2022-12-19T15:59:56.4918400,0.00725763621083642
2022-12-19T15:59:56.4919552,0.0181140161407747
2022-12-19T15:59:56.4920704,0.00429680535040913
2022-12-19T15:59:56.4921728,-0.00162485633256119
2022-12-19T15:59:56.5080832,0.0217328094887004
2022-12-19T15:59:56.5086080,0.00396782414447519
2022-12-19T15:59:56.5089152,-0.00458568715513909
2022-12-19T15:59:56.5091712,-0.0407736184197342
2022-12-19T15:59:56.5094528,0.005941711382419
2022-12-19T15:59:56.5097344,-0.0539328656925445
2022-12-19T15:59:56.5099264,-0.00919142396525881
2022-12-19T15:59:56.5100416,0.0339051145260825
2022-12-19T15:59:56.5101568,-0.0638023009877389
2022-12-19T15:59:56.5242624,0.0513411194165228
2022-12-19T15:59:56.5244800,-0.0312331639942593
2022-12-19T15:59:56.5245952,-0.0292592768556604
2022-12-19T15:59:56.5247104,0.0237066967774044
2022-12-19T15:59:56.5248512,0.00265189932229863
2022-12-19T15:59:56.5249536,0.0279834525890402
2022-12-19T15:59:56.5250816,-0.0358389006295243
2022-12-19T15:59:56.5251968,0.0503541757315581
2022-12-19T15:59:56.5252992,-0.00359874354901193
2022-12-19T15:59:56.5414016,-0.0144551231396295
2022-12-19T15:59:56.5419648,0.0414716826313227
2022-12-19T15:59:56.5422976,-0.0105073487625675
2022-12-19T15:59:56.5425536,0.00627069258928915
2022-12-19T15:59:56.5428224,0.0151531852338741
2022-12-19T15:59:56.5430272,-0.0167579915159647
2022-12-19T15:59:56.5431680,-0.0118232735573979
2022-12-19T15:59:56.5578624,0.0174560537159208
2022-12-19T15:59:56.5580928,0.00232291811714419
2022-12-19T15:59:56.5582080,-0.00984938636422307
2022-12-19T15:59:56.5583232,-0.0289302956653566
2022-12-19T15:59:56.5584256,0.0207458658464715
2022-12-19T15:59:56.5585536,-0.0338650135038022
2022-12-19T15:59:56.5586560,0.00528374896914695
2022-12-19T15:59:56.5587584,0.0358790018498081
2022-12-19T15:59:56.5588736,-0.0506430538971631
2022-12-19T15:59:56.5748352,0.0552888941707336
2022-12-19T15:59:56.5751424,-0.0295882580458106
2022-12-19T15:59:56.5753216,-0.0325490887502571
2022-12-19T15:59:56.5754624,0.0441035324267193
2022-12-19T15:59:56.5756416,0.00396782414447519
2022-12-19T15:59:56.5757824,0.0404847389606678
2022-12-19T15:59:56.5759232,-0.0332070511273362
2022-12-19T15:59:56.5760640,0.0549599129403384
2022-12-19T15:59:56.5910784,-0.00952040516481843
2022-12-19T15:59:56.5912960,-0.0108363299615074
2022-12-19T15:59:56.5914240,0.0345630769666917
2022-12-19T15:59:56.5915392,-0.0085334615656746
2022-12-19T15:59:56.5916544,-0.000966893925833531
2022-12-19T15:59:56.5917696,0.0144952228118434
2022-12-19T15:59:56.5918720,-0.0233376154066791
2022-12-19T15:59:56.5919872,-0.0230086342136077
2022-12-19T15:59:56.5920896,0.00758661741833119
2022-12-19T15:59:56.6080768,0.00528374896914695
2022-12-19T15:59:56.6083072,-0.0137971607449997
2022-12-19T15:59:56.6084480,-0.0397866748644434
2022-12-19T15:59:56.6085632,0.0316022459889304
2022-12-19T15:59:56.6086912,-0.0516299974373722
2022-12-19T15:59:56.6088064,-0.0151130855336409
2022-12-19T15:59:56.6089216,0.0348920581872335
2022-12-19T15:59:56.6090368,-0.0621573951146631
2022-12-19T15:59:56.6242048,0.0510121381880419
2022-12-19T15:59:56.6247168,-0.0137971607449997
2022-12-19T15:59:56.6250624,-0.0078754991654702
2022-12-19T15:59:56.6252288,0.027654471371815
2022-12-19T15:59:56.6253440,-0.0075465179651354
2022-12-19T15:59:56.6254592,0.0299573398957038
2022-12-19T15:59:56.6255616,-0.0262984461373967
2022-12-19T15:59:56.6256768,0.0368659455138072
2022-12-19T15:59:56.6334720,-0.0108363299615074
2022-12-19T15:59:56.6337024,-0.0170869727119661
2022-12-19T15:59:56.6338688,0.0546309317101028
2022-12-19T15:59:56.6340224,-0.00129587512927513
2022-12-19T15:59:56.6341504,0.00561273017570495
2022-12-19T15:59:56.6343168,0.0151531852338741
2022-12-19T15:59:56.6344576,-0.0157710479270339
2022-12-19T15:59:56.6345984,-0.00623059316224477
2022-12-19T15:59:56.6454656,0.0237066967774044
2022-12-19T15:59:56.6457344,0.010218467083915
2022-12-19T15:59:56.6459520,-0.00590161196113415
2022-12-19T15:59:56.6461184,-0.0351809382548961
2022-12-19T15:59:56.6462592,0.00363884293869718
2022-12-19T15:59:56.6564864,-0.0239955777923602
2022-12-19T15:59:56.6566528,-0.0167579915159647
2022-12-19T15:59:56.6567680,0.0368659455138072
2022-12-19T15:59:56.6568704,-0.0486691668126406
2022-12-19T15:59:56.6569728,0.0529860255613189
2022-12-19T15:59:56.6570880,-0.0197188222744198
2022-12-19T15:59:56.6739712,-0.0200478034690322
2022-12-19T15:59:56.6743296,0.0260095652880537
2022-12-19T15:59:56.6744960,-0.0039277247512097
2022-12-19T15:59:56.6746240,0.0171270725037292
2022-12-19T15:59:56.6747392,-0.0318911263725649
2022-12-19T15:59:56.6913920,0.0595656501804112
2022-12-19T15:59:56.6917120,-0.00623059316224477
2022-12-19T15:59:56.6919680,-0.0161000291234987
2022-12-19T15:59:56.6921344,0.0441035324267193
2022-12-19T15:59:56.6922368,-0.00655957436320019
2022-12-19T15:59:56.6923520,-0.00919142396525881
2022-12-19T15:59:56.6924544,0.00725763621083642
2022-12-19T15:59:56.6925568,-0.0134681795474529
2022-12-19T15:59:56.6926976,-0.0118232735573979
2022-12-19T15:59:56.7073920,0.0154821664451246
2022-12-19T15:59:56.7076992,0.00890254224987264
2022-12-19T15:59:56.7078912,-0.0236665965995966
2022-12-19T15:59:56.7080064,-0.0266274273289295
2022-12-19T15:59:56.7081216,0.0260095652880537
2022-12-19T15:59:56.7082240,-0.0341939946918055
2022-12-19T15:59:56.7083520,-0.0147841043367125
2022-12-19T15:59:56.7084672,0.0467353822322834
2022-12-19T15:59:56.7085696,-0.064460263335912
2022-12-19T15:59:56.7247360,0.0543019504800269
2022-12-19T15:59:56.7249408,-0.0253115025618754
2022-12-19T15:59:56.7250560,-0.114136418892673
2022-12-19T15:59:56.7251712,0.00758661741833119
2022-12-19T15:59:56.7252864,0.0128503167595087
2022-12-19T15:59:56.7253888,0.0283124338064231
2022-12-19T15:59:56.7255168,-0.0345229758796555
2022-12-19T15:59:56.7256448,0.0615395375786094
2022-12-19T15:59:56.7414912,-0.0282723332842885
2022-12-19T15:59:56.7418624,0.043774551201739
2022-12-19T15:59:56.7420288,0.0197589222056571
2022-12-19T15:59:56.7421440,-0.0226796530203822
2022-12-19T15:59:56.7422592,-0.0055726307598683
2022-12-19T15:59:56.7423616,-0.00623059316224477
2022-12-19T15:59:56.7424896,-0.0223506718270028
2022-12-19T15:59:56.7426048,-0.0197188222744198
2022-12-19T15:59:56.7561728,0.0108764295018745
2022-12-19T15:59:56.7564160,0.00429680535040913
2022-12-19T15:59:56.7565312,-0.0131391983497513
2022-12-19T15:59:56.7566464,-0.0289302956653566
2022-12-19T15:59:56.7567744,0.0115343919204599
2022-12-19T15:59:56.7568896,-0.0591965645336023
2022-12-19T15:59:56.7570048,0.0033098617330751
2022-12-19T15:59:56.7571200,0.0444325136518585
2022-12-19T15:59:56.7572224,-0.0582096210038585
2022-12-19T15:59:56.7749120,0.0539729692501105
2022-12-19T15:59:56.7751424,-0.0239955777923602
2022-12-19T15:59:56.7752704,-0.0124812359538841
2022-12-19T15:59:56.7753856,0.0391688140686815
2022-12-19T15:59:56.7755008,-0.0151130855336409
2022-12-19T15:59:56.7756032,0.0378528891792314
2022-12-19T15:59:56.7757184,-0.0236665965995966
2022-12-19T15:59:56.7912576,0.0427876075277508
2022-12-19T15:59:56.7914752,-0.0101783675634727
2022-12-19T15:59:56.7916032,-0.014126141942392
2022-12-19T15:59:56.7917056,0.0352210394079334
2022-12-19T15:59:56.7918208,-0.00590161196113415
2022-12-19T15:59:56.7919232,0.005941711382419
2022-12-19T15:59:56.7920384,-0.000966893925833531
2022-12-19T15:59:56.7921408,-0.0128102171518951
2022-12-19T15:59:56.7922432,-0.0197188222744198
2022-12-19T15:59:56.8082176,0.0214038282744669
2022-12-19T15:59:56.8085504,0.0108764295018745
2022-12-19T15:59:56.8087168,-0.00195383753569171
2022-12-19T15:59:56.8088320,-0.0253115025618754
2022-12-19T15:59:56.8089472,0.00791559862598218
2022-12-19T15:59:56.8090624,-0.0414315807891646
2022-12-19T15:59:56.8091776,-0.0170869727119661
2022-12-19T15:59:56.8092800,0.0348920581872335
2022-12-19T15:59:56.8094080,-0.0674210938952199
2022-12-19T15:59:56.8245248,0.0687771247546967
2022-12-19T15:59:56.8248448,-0.0121522547557184
2022-12-19T15:59:56.8251008,-0.00261179994148619
2022-12-19T15:59:56.8252544,0.011205410711089
2022-12-19T15:59:56.8253696,0.0154821664451246
2022-12-19T15:59:56.8254720,0.0391688140686815
2022-12-19T15:59:56.8255872,-0.0249825213697274
2022-12-19T15:59:56.8256896,0.0556178754012885
2022-12-19T15:59:56.8413312,-0.00195383753569171
2022-12-19T15:59:56.8416384,-0.0161000291234987
2022-12-19T15:59:56.8418432,0.0628554625139439
2022-12-19T15:59:56.8419712,-0.00721753676464547
2022-12-19T15:59:56.8420864,-0.0161000291234987
2022-12-19T15:59:56.8421888,0.0033098617330751
2022-12-19T15:59:56.8423040,-0.0147841043367125
2022-12-19T15:59:56.8424192,-0.014126141942392
2022-12-19T15:59:56.8578048,0.0128503167595087
2022-12-19T15:59:56.8581120,0.00429680535040913
2022-12-19T15:59:56.8582656,-0.00688855556400039
2022-12-19T15:59:56.8583936,-0.0315621451834888
2022-12-19T15:59:56.8584960,0.0108764295018745
2022-12-19T15:59:56.8585984,-0.0575516586499388
2022-12-19T15:59:56.8587136,0.00791559862598218
2022-12-19T15:59:56.8588160,0.034234095746308
2022-12-19T15:59:56.8589312,-0.0736717361470106
2022-12-19T15:59:56.8748928,0.06252648127987
2022-12-19T15:59:56.8751744,-0.00721753676464547
2022-12-19T15:59:56.8753024,-0.0262984461373967
2022-12-19T15:59:56.8754176,0.0263385465044908
2022-12-19T15:59:56.8755328,-0.0101783675634727
2022-12-19T15:59:56.8756352,0.00758661741833119
2022-12-19T15:59:56.8757504,-0.00820448036564994
2022-12-19T15:59:56.8758528,-0.0105073487625675
2022-12-19T15:59:56.8914176,-0.150324344661552
2022-12-19T15:59:56.8917248,0.116808387087541
2022-12-19T15:59:56.8918784,-0.0424185243421653
2022-12-19T15:59:56.8920064,-0.0470242609046887
2022-12-19T15:59:56.8921216,-0.0184028974944275
2022-12-19T15:59:56.8922240,0.00791559862598218
2022-12-19T15:59:56.8923392,-0.0295882580458106
2022-12-19T15:59:56.8924416,-0.0216927094397817
2022-12-19T15:59:56.8925440,0.00462578655649906
2022-12-19T15:59:56.9079808,0.019100959779233
2022-12-19T15:59:56.9082880,-0.0249825213697274
2022-12-19T15:59:56.9085568,-0.0295882580458106
2022-12-19T15:59:56.9087488,0.0358790018498081
2022-12-19T15:59:56.9088768,-0.039457693679041
2022-12-19T15:59:56.9089792,0.0033098617330751
2022-12-19T15:59:56.9090816,0.0460774197799385
2022-12-19T15:59:56.9092096,-0.0631443386389618
2022-12-19T15:59:56.9244928,0.0575917627879726
2022-12-19T15:59:56.9248000,-0.0516299974373722
2022-12-19T15:59:56.9249664,0.00100699329808449
2022-12-19T15:59:56.9250816,0.0299573398957038
2022-12-19T15:59:56.9251968,0.00166495570730275
2022-12-19T15:59:56.9253120,0.0358790018498081
2022-12-19T15:59:56.9254272,-0.027943352093524
2022-12-19T15:59:56.9255296,0.0427876075277508
2022-12-19T15:59:56.9415936,-0.0184028974944275
2022-12-19T15:59:56.9419264,-0.00623059316224477
2022-12-19T15:59:56.9421440,0.0526570443320408
2022-12-19T15:59:56.9422592,-0.0128102171518951
2022-12-19T15:59:56.9423744,-0.00590161196113415
2022-12-19T15:59:56.9424896,-0.0114942923589225
2022-12-19T15:59:56.9427328,-0.0282723332842885
2022-12-19T15:59:56.9428864,-0.0322201075614877
2022-12-19T15:59:56.9577216,0.00627069258928915
2022-12-19T15:59:56.9580288,0.00528374896914695
2022-12-19T15:59:56.9582848,-0.0108363299615074
2022-12-19T15:59:56.9584384,-0.0269564085203087
2022-12-19T15:59:56.9585536,0.0266675277210854
2022-12-19T15:59:56.9586560,-0.0309041828048764
2022-12-19T15:59:56.9587712,0.0135082791799726
2022-12-19T15:59:56.9588736,0.0556178754012885
2022-12-19T15:59:56.9589760,-0.075974604331352
2022-12-19T15:59:56.9747328,0.0598946314130441
2022-12-19T15:59:56.9750400,-0.0210347470519443
2022-12-19T15:59:56.9753216,-0.00590161196113415
2022-12-19T15:59:56.9754880,0.0329181708663548
2022-12-19T15:59:56.9756032,0.00725763621083642
2022-12-19T15:59:56.9757312,0.0237066967774044
2022-12-19T15:59:56.9758464,-0.0177449351035055
2022-12-19T15:59:56.9759488,0.0562758378628775
2022-12-19T15:59:56.9910272,-0.0134681795474529
2022-12-19T15:59:56.9912448,-0.0213637282459401
2022-12-19T15:59:56.9913856,0.0503541757315581
2022-12-19T15:59:56.9915008,-0.014126141942392
2022-12-19T15:59:56.9916032,-0.00688855556400039
2022-12-19T15:59:56.9917056,-0.0039277247512097
2022-12-19T15:59:56.9918208,-0.0128102171518951
2022-12-19T15:59:56.9919360,-0.0358389006295243
2022-12-19T15:59:56.9920384,0.00363884293869718
2022-12-19T15:59:57.0082432,-0.000637912722236303
2022-12-19T15:59:57.0085760,-0.0236665965995966
2022-12-19T15:59:57.0087680,-0.0480112044499164
2022-12-19T15:59:57.0089216,0.00363884293869718
2022-12-19T15:59:57.0090752,-0.0318911263725649
2022-12-19T15:59:57.0092288,-0.0121522547557184
2022-12-19T15:59:57.0093568,0.0552888941707336
2022-12-19T15:59:57.0094976,-0.0562357339402814
2022-12-19T15:59:57.0242176,0.0651583311569491
2022-12-19T15:59:57.0245760,-0.00590161196113415
2022-12-19T15:59:57.0248192,-0.0105073487625675
2022-12-19T15:59:57.0249472,0.0447614948771567
2022-12-19T15:59:57.0250880,0.00166495570730275
2022-12-19T15:59:57.0252160,0.0388398328460813
2022-12-19T15:59:57.0253312,-0.0246535401774255
2022-12-19T15:59:57.0254336,0.057920744019646
2022-12-19T15:59:57.0409088,-0.00458568715513909
2022-12-19T15:59:57.0412288,-0.0124812359538841
2022-12-19T15:59:57.0414208,0.0592366689479383
2022-12-19T15:59:57.0415488,0.000678012093708949
2022-12-19T15:59:57.0416896,-0.0075465179651354
2022-12-19T15:59:57.0418048,0.00791559862598218
2022-12-19T15:59:57.0419072,-0.0282723332842885
2022-12-19T15:59:57.0420352,-0.0332070511273362
2022-12-19T15:59:57.0583680,-0.00590161196113415
2022-12-19T15:59:57.0590592,0.0105474482928166
2022-12-19T15:59:57.0595200,-0.0108363299615074
2022-12-19T15:59:57.0599040,-0.0397866748644434
2022-12-19T15:59:57.0600832,0.0154821664451246
2022-12-19T15:59:57.0601984,-0.0437344490773635
2022-12-19T15:59:57.0603136,-0.00359874354901193
2022-12-19T15:59:57.0604160,0.0322602084273265
2022-12-19T15:59:57.0605184,-0.0710398867844586
2022-12-19T15:59:57.0748544,0.0766726744900302
2022-12-19T15:59:57.0751232,-0.0147841043367125
2022-12-19T15:59:57.0752512,-0.0108363299615074
2022-12-19T15:59:57.0753536,0.0181140161407747
2022-12-19T15:59:57.0754688,0.0141662416010631
2022-12-19T15:59:57.0755840,0.0283124338064231
2022-12-19T15:59:57.0756992,-0.0177449351035055
2022-12-19T15:59:57.0758144,0.0631844437481781
2022-12-19T15:59:57.0759168,-0.0292592768556604
2022-12-19T15:59:57.0914688,-0.0184028974944275
2022-12-19T15:59:57.0917760,0.0681191622809339
2022-12-19T15:59:57.0920320,-0.0039277247512097
2022-12-19T15:59:57.0921984,-0.0184028974944275
2022-12-19T15:59:57.0923136,-0.000966893925833531
2022-12-19T15:59:57.0924288,-0.0312331639942593
2022-12-19T15:59:57.0925440,-0.014126141942392
2022-12-19T15:59:57.0926464,0.0118633731299873
2022-12-19T15:59:57.1080320,-0.00458568715513909
2022-12-19T15:59:57.1083264,-0.000966893925833531
2022-12-19T15:59:57.1085184,-0.0361678818166088
2022-12-19T15:59:57.1086464,0.0194299409923665
2022-12-19T15:59:57.1087744,-0.0407736184197342
2022-12-19T15:59:57.1088768,0.00659967379631543
2022-12-19T15:59:57.1089920,0.0355500206287917
2022-12-19T15:59:57.1090944,-0.0769615478366743
2022-12-19T15:59:57.1248640,0.0477223259119937
2022-12-19T15:59:57.1250944,-0.0078754991654702
2022-12-19T15:59:57.1252352,-0.0220216906334693
2022-12-19T15:59:57.1253632,0.0335761333060152
2022-12-19T15:59:57.1254784,0.00199393691214557
2022-12-19T15:59:57.1255936,0.0506831569597203
2022-12-19T15:59:57.1256960,-0.0203767846634904
2022-12-19T15:59:57.1258112,0.0500251945035551
2022-12-19T15:59:57.1411712,-0.02596946494571
2022-12-19T15:59:57.1414784,-0.00326976234665881
2022-12-19T15:59:57.1416192,0.0602236126458371
2022-12-19T15:59:57.1417344,-0.00655957436320019
2022-12-19T15:59:57.1418368,-0.0134681795474529
2022-12-19T15:59:57.1419392,-0.0151130855336409
2022-12-19T15:59:57.1420416,-0.0226796530203822
2022-12-19T15:59:57.1421568,-0.0154420667304147
2022-12-19T15:59:57.1582080,0.000678012093708949
2022-12-19T15:59:57.1585152,0.005941711382419
2022-12-19T15:59:57.1587712,-0.0078754991654702
2022-12-19T15:59:57.1589248,-0.0443924114440477
2022-12-19T15:59:57.1590528,0.0082445798337894
2022-12-19T15:59:57.1591808,-0.04044463723479
2022-12-19T15:59:57.1593088,-0.00984938636422307
2022-12-19T15:59:57.1594112,0.0454194573282296
2022-12-19T15:59:57.1595264,-0.0690659997562243
2022-12-19T15:59:57.1742464,0.0664742560993373
2022-12-19T15:59:57.1745664,-0.00491466835687079
2022-12-19T15:59:57.1747584,-0.0161000291234987
2022-12-19T15:59:57.1748864,0.0312732647699692
2022-12-19T15:59:57.1750016,-0.0101783675634727
2022-12-19T15:59:57.1751040,0.0362079830709829
2022-12-19T15:59:57.1752064,-0.0411025996045257
2022-12-19T15:59:57.1753344,0.0454194573282296
2022-12-19T15:59:57.1917312,-0.00886244276554422
2022-12-19T15:59:57.1920256,-0.0203767846634904
2022-12-19T15:59:57.1921536,0.06055259387879
2022-12-19T15:59:57.1922688,-0.0147841043367125
2022-12-19T15:59:57.1923840,-0.0180739162990437
2022-12-19T15:59:57.1924992,0.00988948587516988
2022-12-19T15:59:57.1926272,-0.0220216906334693
2022-12-19T15:59:57.1927424,-0.0167579915159647
2022-12-19T15:59:57.2080000,-0.000966893925833531
2022-12-19T15:59:57.2083072,0.00166495570730275
2022-12-19T15:59:57.2085632,-0.016429010319809
2022-12-19T15:59:57.2087296,-0.0295882580458106
2022-12-19T15:59:57.2088576,0.00100699329808449
2022-12-19T15:59:57.2089984,-0.0503140727167894
2022-12-19T15:59:57.2091136,-0.0157710479270339
2022-12-19T15:59:57.2092160,0.0424586263034057
2022-12-19T15:59:57.2093184,-0.0621573951146631
2022-12-19T15:59:57.2247680,0.0671322185714943
2022-12-19T15:59:57.2251008,-0.0286013144748993
2022-12-19T15:59:57.2252928,-0.00294078114415022
2022-12-19T15:59:57.2254208,0.027654471371815
2022-12-19T15:59:57.2255232,0.00988948587516988
2022-12-19T15:59:57.2256384,0.0388398328460813
2022-12-19T15:59:57.2257408,-0.00984938636422307
2022-12-19T15:59:57.2258432,0.0552888941707336
2022-12-19T15:59:57.2411136,-0.0075465179651354
2022-12-19T15:59:57.2414336,-0.0289302956653566
2022-12-19T15:59:57.2416384,0.0628554625139439
2022-12-19T15:59:57.2417536,-0.00655957436320019
2022-12-19T15:59:57.2418688,-0.00623059316224477
2022-12-19T15:59:57.2419840,-0.000308931518483477
2022-12-19T15:59:57.2420864,-0.0203767846634904
2022-12-19T15:59:57.2421888,-0.0167579915159647
2022-12-19T15:59:57.2423040,-0.000308931518483477
2022-12-19T15:59:57.2583936,0.011205410711089
2022-12-19T15:59:57.2588288,-0.0236665965995966
2022-12-19T15:59:57.2591744,-0.0312331639942593
2022-12-19T15:59:57.2594304,0.0151531852338741
2022-12-19T15:59:57.2596608,-0.0516299974373722
2022-12-19T15:59:57.2598912,-0.00984938636422307
2022-12-19T15:59:57.2601216,0.0506831569597203
2022-12-19T15:59:57.2603776,-0.0677500750677222
2022-12-19T15:59:57.2745856,0.0556178754012885
2022-12-19T15:59:57.2749568,-0.0180739162990437
2022-12-19T15:59:57.2752128,-0.00886244276554422
2022-12-19T15:59:57.2754816,0.0460774197799385
2022-12-19T15:59:57.2757248,0.0148242040227804
2022-12-19T15:59:57.2759680,0.0381818704013563
2022-12-19T15:59:57.2762112,-0.0213637282459401
2022-12-19T15:59:57.2764032,0.0490382508205021
2022-12-19T15:59:57.2765440,-0.00820448036564994
2022-12-19T15:59:57.2905600,-0.0309041828048764
2022-12-19T15:59:57.2908800,0.0638424062171271
2022-12-19T15:59:57.2910720,-0.0167579915159647
2022-12-19T15:59:57.2911872,-0.0220216906334693
2022-12-19T15:59:57.2913152,0.00857356104175289
2022-12-19T15:59:57.2914176,-0.0249825213697274
2022-12-19T15:59:57.2915328,-0.0216927094397817
2022-12-19T15:59:57.2916480,-0.0039277247512097
2022-12-19T15:59:57.3083392,-0.00228281873866669
2022-12-19T15:59:57.3086592,-0.0128102171518951
2022-12-19T15:59:57.3088384,-0.0249825213697274
2022-12-19T15:59:57.3089536,0.00396782414447519
2022-12-19T15:59:57.3090688,-0.0453793549929307
2022-12-19T15:59:57.3091840,-0.0137971607449997
2022-12-19T15:59:57.3092864,0.0464064010060314
2022-12-19T15:59:57.3249024,-0.075974604331352
2022-12-19T15:59:57.3251968,0.0585787064834723
2022-12-19T15:59:57.3253248,-0.0302462204256504
2022-12-19T15:59:57.3254400,0.000349030889489121
2022-12-19T15:59:57.3255552,0.0421296450792193
2022-12-19T15:59:57.3256960,-0.0085334615656746
2022-12-19T15:59:57.3257984,0.0431165887522547
2022-12-19T15:59:57.3259008,-0.0262984461373967
2022-12-19T15:59:57.3260160,0.0562758378628775
2022-12-19T15:59:57.3416064,-0.00820448036564994
2022-12-19T15:59:57.3418496,-0.0157710479270339
2022-12-19T15:59:57.3419776,0.0697640684665458
2022-12-19T15:59:57.3420928,-0.0197188222744198
2022-12-19T15:59:57.3422080,-0.000308931518483477
2022-12-19T15:59:57.3423104,0.0852261868081202
2022-12-19T15:59:57.3424384,-0.0651182256834811
2022-12-19T15:59:57.3425536,-0.0920946814162079
2022-12-19T15:59:57.3426688,-0.0318911263725649
2022-12-19T15:59:57.3576448,0.0585787064834723
2022-12-19T15:59:57.3579648,0.0128503167595087
2022-12-19T15:59:57.3581696,-0.0575516586499388
2022-12-19T15:59:57.3583616,-0.00162485633256119
2022-12-19T15:59:57.3585280,-0.0483401856313546
2022-12-19T15:59:57.3586688,0.00758661741833119
2022-12-19T15:59:57.3588096,0.0500251945035551
2022-12-19T15:59:57.3589376,-0.0684080374122746
2022-12-19T15:59:57.3750400,0.0621975000459563
2022-12-19T15:59:57.3754240,-0.0286013144748993
2022-12-19T15:59:57.3756032,-0.0101783675634727
2022-12-19T15:59:57.3757184,0.0246936404238808
2022-12-19T15:59:57.3758336,0.00561273017570495
2022-12-19T15:59:57.3759360,0.030944283551166
2022-12-19T15:59:57.3760768,-0.00425670595325207
2022-12-19T15:59:57.3761792,0.0473933446852645
2022-12-19T15:59:57.3915008,-0.0223506718270028
2022-12-19T15:59:57.3917440,-0.02596946494571
2022-12-19T15:59:57.3918848,0.0460774197799385
2022-12-19T15:59:57.3920000,-0.00886244276554422
2022-12-19T15:59:57.3921024,-0.0328780699388733
2022-12-19T15:59:57.3922048,0.0118633731299873
2022-12-19T15:59:57.3923200,-0.0253115025618754
2022-12-19T15:59:57.3924224,-0.0193898410796531
2022-12-19T15:59:57.3925248,0.005941711382419
2022-12-19T15:59:57.4082816,0.00462578655649906
2022-12-19T15:59:57.4085888,-0.0220216906334693
2022-12-19T15:59:57.4087808,-0.0078754991654702
2022-12-19T15:59:57.4088960,0.00462578655649906
2022-12-19T15:59:57.4090112,-0.0312331639942593
2022-12-19T15:59:57.4091136,0.00429680535040913
2022-12-19T15:59:57.4092160,0.0559468566320032
2022-12-19T15:59:57.4093312,-0.0664341503768083
2022-12-19T15:59:57.4248832,0.0674611998078136
2022-12-19T15:59:57.4251776,-0.0131391983497513
2022-12-19T15:59:57.4253440,-0.0121522547557184
2022-12-19T15:59:57.4254592,0.034234095746308
2022-12-19T15:59:57.4255616,-0.00655957436320019
2022-12-19T15:59:57.4256640,0.030944283551166
2022-12-19T15:59:57.4257920,-0.00886244276554422
2022-12-19T15:59:57.4258944,0.0427876075277508
2022-12-19T15:59:57.4417280,-0.0200478034690322
2022-12-19T15:59:57.4420992,-0.0193898410796531
2022-12-19T15:59:57.4422656,0.0598946314130441
2022-12-19T15:59:57.4423936,-0.00919142396525881
2022-12-19T15:59:57.4425344,-0.0105073487625675
2022-12-19T15:59:57.4426624,-0.00129587512927513
2022-12-19T15:59:57.4427904,-0.00129587512927513
2022-12-19T15:59:57.4429184,-0.0121522547557184
2022-12-19T15:59:57.4430336,-0.00623059316224477
2022-12-19T15:59:57.4580608,0.0033098617330751
2022-12-19T15:59:57.4584192,-0.00919142396525881
2022-12-19T15:59:57.4587264,-0.0230086342136077
2022-12-19T15:59:57.4589056,0.0220617907030912
2022-12-19T15:59:57.4590336,-0.0341939946918055
2022-12-19T15:59:57.4591616,-0.00688855556400039
2022-12-19T15:59:57.4592896,0.0506831569597203
2022-12-19T15:59:57.4594176,-0.0572226774727517
2022-12-19T15:59:57.4748544,0.0414716826313227
2022-12-19T15:59:57.4751744,-0.0253115025618754
2022-12-19T15:59:57.4753664,-0.00688855556400039
2022-12-19T15:59:57.4754944,0.0454194573282296
2022-12-19T15:59:57.4755968,-0.000637912722236303
2022-12-19T15:59:57.4757248,0.0368659455138072
2022-12-19T15:59:57.4758272,-0.0101783675634727
2022-12-19T15:59:57.4759296,0.0467353822322834
2022-12-19T15:59:57.4914560,-0.00655957436320019
2022-12-19T15:59:57.4917504,-0.0262984461373967
2022-12-19T15:59:57.4919424,0.0533150067907566
2022-12-19T15:59:57.4920832,-0.0190608598847322
2022-12-19T15:59:57.4922112,-0.00458568715513909
2022-12-19T15:59:57.4923136,0.0161401288680959
2022-12-19T15:59:57.4924160,-0.00359874354901193
2022-12-19T15:59:57.4925312,-0.0233376154066791
2022-12-19T15:59:57.4926336,0.0154821664451246
2022-12-19T15:59:57.5083776,-0.0039277247512097
2022-12-19T15:59:57.5087488,-0.00326976234665881
2022-12-19T15:59:57.5089664,-0.0239955777923602
2022-12-19T15:59:57.5092608,0.0154821664451246
2022-12-19T15:59:57.5095680,-0.0371548253769442
2022-12-19T15:59:57.5098240,-0.00326976234665881
2022-12-19T15:59:57.5100928,0.0602236126458371
2022-12-19T15:59:57.5102592,-0.0707109056134626
2022-12-19T15:59:57.5247232,0.0503541757315581
2022-12-19T15:59:57.5250048,-0.0262984461373967
2022-12-19T15:59:57.5252480,-0.00491466835687079
2022-12-19T15:59:57.5254016,0.0352210394079334
2022-12-19T15:59:57.5255168,0.005941711382419
2022-12-19T15:59:57.5256448,0.0378528891792314
2022-12-19T15:59:57.5257472,-0.00820448036564994
2022-12-19T15:59:57.5258624,0.0404847389606678
2022-12-19T15:59:57.5259776,-0.0302462204256504
2022-12-19T15:59:57.5351040,-0.0216927094397817
2022-12-19T15:59:57.5352960,0.0539729692501105
2022-12-19T15:59:57.5354112,-0.0210347470519443
2022-12-19T15:59:57.5355264,-0.00984938636422307
2022-12-19T15:59:57.5356288,0.0105474482928166
2022-12-19T15:59:57.5357440,-0.0118232735573979
2022-12-19T15:59:57.5358464,-0.0151130855336409
2022-12-19T15:59:57.5359488,-0.00359874354901193
2022-12-19T15:59:57.5451904,0.0227197531323445
2022-12-19T15:59:57.5455104,-0.0170869727119661
2022-12-19T15:59:57.5457408,-0.0253115025618754
2022-12-19T15:59:57.5459712,0.00528374896914695
2022-12-19T15:59:57.5461888,-0.0315621451834888
2022-12-19T15:59:57.5551872,-0.00952040516481843
2022-12-19T15:59:57.5554304,0.0480513071388821
2022-12-19T15:59:57.5555840,-0.0651182256834811
2022-12-19T15:59:57.5556992,0.0536439880203538
2022-12-19T15:59:57.5558144,-0.0345229758796555
2022-12-19T15:59:57.5667072,-0.00129587512927513
2022-12-19T15:59:57.5670016,0.043774551201739
2022-12-19T15:59:57.5671936,-0.0121522547557184
2022-12-19T15:59:57.5673344,0.034234095746308
2022-12-19T15:59:57.5788160,-0.00294078114415022
2022-12-19T15:59:57.5792128,0.0552888941707336
2022-12-19T15:59:57.5794304,-0.02596946494571
2022-12-19T15:59:57.5795712,-0.0249825213697274
2022-12-19T15:59:57.5796864,0.0418006638551917
2022-12-19T15:59:57.5797888,-0.0193898410796531
2022-12-19T15:59:57.5883776,0.0128503167595087
2022-12-19T15:59:57.5886208,0.00692865500349785
2022-12-19T15:59:57.5887744,-0.00359874354901193
2022-12-19T15:59:57.5889024,-0.00952040516481843
2022-12-19T15:59:57.5890176,0.00627069258928915
2022-12-19T15:59:57.5891328,0.00199393691214557
2022-12-19T15:59:57.6070272,-0.0180739162990437
2022-12-19T15:59:57.6073984,-0.0233376154066791
2022-12-19T15:59:57.6076672,0.0115343919204599
2022-12-19T15:59:57.6079232,-0.0239955777923602
2022-12-19T15:59:57.6081920,0.00133597450261574
2022-12-19T15:59:57.6236928,0.0444325136518585
2022-12-19T15:59:57.6239232,-0.0670921127225668
2022-12-19T15:59:57.6240768,0.0516701006451631
2022-12-19T15:59:57.6242304,-0.0124812359538841
2022-12-19T15:59:57.6243840,-0.0154420667304147
2022-12-19T15:59:57.6245376,0.0418006638551917
2022-12-19T15:59:57.6246912,-0.00688855556400039
2022-12-19T15:59:57.6248576,0.0263385465044908
2022-12-19T15:59:57.6249472,-0.017415953907813
2022-12-19T15:59:57.6250240,0.0388398328460813
2022-12-19T15:59:57.6344064,-0.00721753676464547
2022-12-19T15:59:57.6345856,-0.0272853897115341
2022-12-19T15:59:57.6347520,0.0592366689479383
2022-12-19T15:59:57.6348288,-0.0246535401774255
2022-12-19T15:59:57.6348800,-0.00623059316224477
2022-12-19T15:59:57.6349312,0.0033098617330751
2022-12-19T15:59:57.6349952,-0.0101783675634727
2022-12-19T15:59:57.6350464,-0.0078754991654702
2022-12-19T15:59:57.6446080,0.011205410711089
2022-12-19T15:59:57.6447232,0.00988948587516988
2022-12-19T15:59:57.6447872,-0.00984938636422307
2022-12-19T15:59:57.6448512,-0.00491466835687079
2022-12-19T15:59:57.6449024,0.00725763621083642
2022-12-19T15:59:57.6544000,-0.0499850915362638
2022-12-19T15:59:57.6545920,-0.00425670595325207
2022-12-19T15:59:57.6547456,0.0552888941707336
2022-12-19T15:59:57.6548736,-0.0585386021805911
2022-12-19T15:59:57.6550144,0.0582497252514792
2022-12-19T15:59:57.6640000,-0.0200478034690322
2022-12-19T15:59:57.6642432,-0.00886244276554422
2022-12-19T15:59:57.6643968,0.0388398328460813
2022-12-19T15:59:57.6644864,-0.000637912722236303
2022-12-19T15:59:57.6645376,0.0269965089378377
2022-12-19T15:59:57.6740480,-0.00886244276554422
2022-12-19T15:59:57.6742016,0.0529860255613189
2022-12-19T15:59:57.6742784,-0.0262984461373967
2022-12-19T15:59:57.6743424,-0.0213637282459401
2022-12-19T15:59:57.6744064,0.0243646592082312
2022-12-19T15:59:57.6838784,-0.0161000291234987
2022-12-19T15:59:57.6840064,-0.0101783675634727
2022-12-19T15:59:57.6840960,0.0082445798337894
2022-12-19T15:59:57.6841728,-0.0118232735573979
2022-12-19T15:59:57.6842496,-0.0197188222744198
2022-12-19T15:59:57.6952704,0.00133597450261574
2022-12-19T15:59:57.6954880,-0.00623059316224477
2022-12-19T15:59:57.6956416,-0.0207057658577945
2022-12-19T15:59:57.6957952,-0.0368258441903187
2022-12-19T15:59:57.6959616,0.0154821664451246
2022-12-19T15:59:57.7073792,-0.0272853897115341
2022-12-19T15:59:57.7077504,0.0118633731299873
2022-12-19T15:59:57.7080192,0.0510121381880419
2022-12-19T15:59:57.7082368,-0.0526169409762142
2022-12-19T15:59:57.7083648,0.0635134249825725
2022-12-19T15:59:57.7084800,-0.00886244276554422
2022-12-19T15:59:57.7180672,-0.00228281873866669
2022-12-19T15:59:57.7184256,0.0464064010060314
2022-12-19T15:59:57.7186944,-0.00195383753569171
2022-12-19T15:59:57.7190016,0.0418006638551917
2022-12-19T15:59:57.7192576,-0.0157710479270339
2022-12-19T15:59:57.7194240,0.0401557577374334
2022-12-19T15:59:57.7293056,-0.0177449351035055
2022-12-19T15:59:57.7295744,-0.0200478034690322
2022-12-19T15:59:57.7297280,0.0362079830709829
2022-12-19T15:59:57.7298432,-0.0137971607449997
2022-12-19T15:59:57.7299584,-0.017415953907813
2022-12-19T15:59:57.7412992,0.0033098617330751
2022-12-19T15:59:57.7414784,-0.0154420667304147
2022-12-19T15:59:57.7415936,-0.0213637282459401
2022-12-19T15:59:57.7416960,0.00791559862598218
2022-12-19T15:59:57.7418112,0.00988948587516988
2022-12-19T15:59:57.7419264,-0.0137971607449997
2022-12-19T15:59:57.7559040,-0.0197188222744198
2022-12-19T15:59:57.7561728,0.0174560537159208
2022-12-19T15:59:57.7563392,-0.0286013144748993
2022-12-19T15:59:57.7564800,0.00659967379631543
2022-12-19T15:59:57.7566208,0.0348920581872335
2022-12-19T15:59:57.7662336,-0.059854526886008
2022-12-19T15:59:57.7664128,0.0598946314130441
2022-12-19T15:59:57.7665152,-0.0197188222744198
2022-12-19T15:59:57.7666304,-0.00820448036564994
2022-12-19T15:59:57.7667328,0.0411427014076124
2022-12-19T15:59:57.7668480,0.00133597450261574
2022-12-19T15:59:57.7669760,0.0444325136518585
2022-12-19T15:59:57.7670912,-0.0223506718270028
2022-12-19T15:59:57.7799168,0.0325891896467616
2022-12-19T15:59:57.7801344,-0.0154420667304147
2022-12-19T15:59:57.7802624,-0.0262984461373967
2022-12-19T15:59:57.7803776,0.0552888941707336
2022-12-19T15:59:57.7804928,-0.0213637282459401
2022-12-19T15:59:57.7895424,-0.0105073487625675
2022-12-19T15:59:57.7897984,0.0125213355495117
2022-12-19T15:59:57.7899264,-0.0075465179651354
2022-12-19T15:59:57.7900544,-0.00359874354901193
2022-12-19T15:59:57.7901568,-0.00820448036564994
2022-12-19T15:59:57.7902720,-0.000308931518483477
2022-12-19T15:59:57.7903744,-0.0226796530203822
2022-12-19T15:59:57.8085760,-0.0239955777923602
2022-12-19T15:59:57.8087936,-0.00294078114415022
2022-12-19T15:59:57.8177920,0.0135082791799726
2022-12-19T15:59:57.8179712,-0.0463662985404424
2022-12-19T15:59:57.8180992,0.0802914681497422
2022-12-19T15:59:57.8293248,-0.0447213926271611
2022-12-19T15:59:57.8295040,0.0829233180963501
2022-12-19T15:59:57.8296192,0.0164691100798168
2022-12-19T15:59:57.8297472,0.131612543987996
2022-12-19T15:59:57.8298752,-0.059854526886008
2022-12-19T15:59:57.8299776,-0.0799223783445401
2022-12-19T15:59:57.8301056,0.00561273017570495
2022-12-19T15:59:57.8302208,-0.00984938636422307
2022-12-19T15:59:57.8303232,0.0121923543396712
2022-12-19T15:59:57.8304384,-0.0114942923589225
2022-12-19T15:59:57.8305536,-0.0384707501219167
2022-12-19T15:59:57.8306688,0.0362079830709829
2022-12-19T15:59:57.8307712,-0.0131391983497513
2022-12-19T15:59:57.8308864,-0.154930080542203
2022-12-19T15:59:57.8409088,0.00100699329808449
2022-12-19T15:59:57.8411520,-0.000308931518483477
2022-12-19T15:59:57.8412800,-0.0154420667304147
2022-12-19T15:59:57.8413824,0.0148242040227804
2022-12-19T15:59:57.8414848,0.00396782414447519
2022-12-19T15:59:57.8416000,-0.0147841043367125
2022-12-19T15:59:57.8585728,-0.0345229758796555
2022-12-19T15:59:57.8588032,-0.0144551231396295
2022-12-19T15:59:57.8589312,-0.0516299974373722
2022-12-19T15:59:57.8590336,-0.00359874354901193
2022-12-19T15:59:57.8591488,0.043774551201739
2022-12-19T15:59:57.8749696,-0.0634733198134259
2022-12-19T15:59:57.8752896,0.0661452748634996
2022-12-19T15:59:57.8754560,-0.0322201075614877
2022-12-19T15:59:57.8756096,-0.027943352093524
2022-12-19T15:59:57.8757632,0.0385108516236395
2022-12-19T15:59:57.8758912,-0.0039277247512097
2022-12-19T15:59:57.8760192,0.0200879034191048
2022-12-19T15:59:57.8761600,-0.0137971607449997
2022-12-19T15:59:57.8762880,0.0427876075277508
2022-12-19T15:59:57.8908928,-0.0184028974944275
2022-12-19T15:59:57.8912640,-0.0226796530203822
2022-12-19T15:59:57.8914688,0.0503541757315581
2022-12-19T15:59:57.8915968,-0.00623059316224477
2022-12-19T15:59:57.8916992,-0.0105073487625675
2022-12-19T15:59:57.8918144,0.00725763621083642
2022-12-19T15:59:57.8919296,-0.0243245589849698
2022-12-19T15:59:57.8920320,-0.0338650135038022
2022-12-19T15:59:57.8921344,0.00923152345814872
2022-12-19T15:59:57.9060864,-0.00458568715513909
2022-12-19T15:59:57.9063808,-0.0157710479270339
2022-12-19T15:59:57.9065472,-0.0417605619736507
2022-12-19T15:59:57.9066624,0.0033098617330751
2022-12-19T15:59:57.9067776,-0.0348519570673523
2022-12-19T15:59:57.9068928,0.00265189932229863
2022-12-19T15:59:57.9069952,0.0421296450792193
2022-12-19T15:59:57.9071104,-0.0677500750677222
2022-12-19T15:59:57.9239040,0.0562758378628775
2022-12-19T15:59:57.9240960,-0.0299172392358072
2022-12-19T15:59:57.9242240,-0.0193898410796531
2022-12-19T15:59:57.9243264,0.0513411194165228
2022-12-19T15:59:57.9244288,-0.00326976234665881
2022-12-19T15:59:57.9245312,0.0306153023325207
2022-12-19T15:59:57.9246464,-0.00228281873866669
2022-12-19T15:59:57.9406464,0.0411427014076124
2022-12-19T15:59:57.9409024,-0.0184028974944275
2022-12-19T15:59:57.9410688,-0.0134681795474529
2022-12-19T15:59:57.9412096,0.064829349921753
2022-12-19T15:59:57.9413504,-0.027943352093524
2022-12-19T15:59:57.9414912,-0.0137971607449997
2022-12-19T15:59:57.9418240,0.00627069258928915
2022-12-19T15:59:57.9420672,-0.00162485633256119
2022-12-19T15:59:57.9422208,-0.039457693679041
2022-12-19T15:59:57.9574784,0.00890254224987264
2022-12-19T15:59:57.9576960,-0.00162485633256119
2022-12-19T15:59:57.9578368,-0.0151130855336409
2022-12-19T15:59:57.9579520,-0.0289302956653566
2022-12-19T15:59:57.9580544,0.0227197531323445
2022-12-19T15:59:57.9581696,-0.0236665965995966
2022-12-19T15:59:57.9582720,-0.0131391983497513
2022-12-19T15:59:57.9583744,0.0447614948771567
2022-12-19T15:59:57.9584896,-0.0740007173166529
2022-12-19T15:59:57.9753216,0.0427876075277508
2022-12-19T15:59:57.9756416,-0.0312331639942593
2022-12-19T15:59:57.9758080,-0.0144551231396295
2022-12-19T15:59:57.9759360,0.0378528891792314
2022-12-19T15:59:57.9760512,0.00791559862598218
2022-12-19T15:59:57.9761536,0.028970396241662
2022-12-19T15:59:57.9762944,-0.0157710479270339
2022-12-19T15:59:57.9764096,0.0394977952914403
2022-12-19T15:59:57.9912192,-0.0124812359538841
2022-12-19T15:59:57.9915392,-0.0197188222744198
2022-12-19T15:59:57.9917824,0.0493672320480272
2022-12-19T15:59:57.9919488,-0.0207057658577945
2022-12-19T15:59:57.9920768,-0.00162485633256119
2022-12-19T15:59:57.9921792,0.0187719785662566
2022-12-19T15:59:57.9922944,-0.0309041828048764
2022-12-19T15:59:57.9923968,-0.0253115025618754
2022-12-19T15:59:57.9925120,-0.000966893925833531
2022-12-19T15:59:58.0085632,-0.00721753676464547
2022-12-19T15:59:58.0088960,-0.0121522547557184
2022-12-19T15:59:58.0090880,-0.0348519570673523
2022-12-19T15:59:58.0092288,0.0217328094887004
2022-12-19T15:59:58.0093952,-0.0513010162574545
2022-12-19T15:59:58.0095744,-0.0039277247512097
2022-12-19T15:59:58.0097024,0.0473933446852645
2022-12-19T15:59:58.0098432,-0.0707109056134626
2022-12-19T15:59:58.0250368,0.0536439880203538
2022-12-19T15:59:58.0254464,0.00100699329808449
2022-12-19T15:59:58.0257408,-0.0325490887502571
2022-12-19T15:59:58.0259328,0.043774551201739
2022-12-19T15:59:58.0260736,0.00725763621083642
2022-12-19T15:59:58.0262272,0.0365369642923159
2022-12-19T15:59:58.0263680,-0.0292592768556604
2022-12-19T15:59:58.0265088,0.0470643634586944
2022-12-19T15:59:58.0415360,-0.00952040516481843
2022-12-19T15:59:58.0419072,-0.0269564085203087
2022-12-19T15:59:58.0421120,0.0572627815564591
2022-12-19T15:59:58.0422400,-0.0243245589849698
2022-12-19T15:59:58.0423424,-0.00129587512927513
2022-12-19T15:59:58.0424576,0.00956050466658112
2022-12-19T15:59:58.0425728,-0.0364968630035403
2022-12-19T15:59:58.0426752,-0.0486691668126406
2022-12-19T15:59:58.0427904,0.0230487343472071
2022-12-19T15:59:58.0585088,-0.0114942923589225
2022-12-19T15:59:58.0587520,-0.000308931518483477
2022-12-19T15:59:58.0588928,-0.0111653111602924
2022-12-19T15:59:58.0590336,0.0174560537159208
2022-12-19T15:59:58.0591488,-0.0358389006295243
2022-12-19T15:59:58.0592640,0.00298088052760892
2022-12-19T15:59:58.0593792,0.0457484385540046
2022-12-19T15:59:58.0594816,-0.0559067527624882
2022-12-19T15:59:58.0753408,0.0602236126458371
2022-12-19T15:59:58.0758784,-0.0147841043367125
2022-12-19T15:59:58.0763008,-0.0167579915159647
2022-12-19T15:59:58.0765056,0.0664742560993373
2022-12-19T15:59:58.0766208,-0.00294078114415022
2022-12-19T15:59:58.0767360,0.0391688140686815
2022-12-19T15:59:58.0768384,-0.0302462204256504
2022-12-19T15:59:58.0769408,0.0450904761026137
2022-12-19T15:59:58.0914816,-0.0108363299615074
2022-12-19T15:59:58.0917376,-0.0220216906334693
2022-12-19T15:59:58.0918528,0.0477223259119937
2022-12-19T15:59:58.0919680,-0.0167579915159647
2022-12-19T15:59:58.0920704,0.00199393691214557
2022-12-19T15:59:58.0921856,0.0128503167595087
2022-12-19T15:59:58.0922880,-0.0325490887502571
2022-12-19T15:59:58.0924032,-0.0348519570673523
2022-12-19T15:59:58.0925056,0.00298088052760892
2022-12-19T15:59:58.1083392,-0.00228281873866669
2022-12-19T15:59:58.1085696,-0.0177449351035055
2022-12-19T15:59:58.1086976,-0.0401156560496931
2022-12-19T15:59:58.1088384,0.0273254901547475
2022-12-19T15:59:58.1089792,-0.0470242609046887
2022-12-19T15:59:58.1090944,-0.00458568715513909
2022-12-19T15:59:58.1091968,0.0371949267354569
2022-12-19T15:59:58.1093120,-0.0641312821619009
2022-12-19T15:59:58.1253248,0.0582497252514792
2022-12-19T15:59:58.1258240,-0.0200478034690322
2022-12-19T15:59:58.1261952,-0.0328780699388733
2022-12-19T15:59:58.1263744,0.06252648127987
2022-12-19T15:59:58.1264896,-0.00359874354901193
2022-12-19T15:59:58.1266176,0.0332471520861059
2022-12-19T15:59:58.1267200,-0.0193898410796531
2022-12-19T15:59:58.1268224,0.0418006638551917
2022-12-19T15:59:58.1414656,0.00363884293869718
2022-12-19T15:59:58.1417088,-0.0286013144748993
2022-12-19T15:59:58.1418368,0.0664742560993373
2022-12-19T15:59:58.1419520,-0.0230086342136077
2022-12-19T15:59:58.1420672,-0.00820448036564994
2022-12-19T15:59:58.1421824,0.00627069258928915
2022-12-19T15:59:58.1422976,-0.0223506718270028
2022-12-19T15:59:58.1424000,-0.0378127877497363
2022-12-19T15:59:58.1425024,0.0210748470603906
2022-12-19T15:59:58.1585664,0.00561273017570495
2022-12-19T15:59:58.1588864,-0.0216927094397817
2022-12-19T15:59:58.1590656,-0.0286013144748993
2022-12-19T15:59:58.1591808,0.0181140161407747
2022-12-19T15:59:58.1592832,-0.0450503738101221
2022-12-19T15:59:58.1593856,0.00133597450261574
2022-12-19T15:59:58.1595008,0.0312732647699692
2022-12-19T15:59:58.1596032,-0.0562357339402814
2022-12-19T15:59:58.1752064,0.0490382508205021
2022-12-19T15:59:58.1755136,-0.018731878689657
2022-12-19T15:59:58.1757696,-0.0226796530203822
2022-12-19T15:59:58.1759872,0.0493672320480272
2022-12-19T15:59:58.1761024,-0.0121522547557184
2022-12-19T15:59:58.1762176,0.0378528891792314
2022-12-19T15:59:58.1763200,-0.0249825213697274
2022-12-19T15:59:58.1764224,0.0450904761026137
2022-12-19T15:59:58.1916416,-0.0147841043367125
2022-12-19T15:59:58.1920000,-0.017415953907813
2022-12-19T15:59:58.1921280,0.0664742560993373
2022-12-19T15:59:58.1922432,-0.0210347470519443
2022-12-19T15:59:58.1923584,0.0144952228118434
2022-12-19T15:59:58.1924608,0.0158111476565318
2022-12-19T15:59:58.1925760,-0.0286013144748993
2022-12-19T15:59:58.1926912,-0.0213637282459401
2022-12-19T15:59:58.1927936,0.0223907719176392
2022-12-19T15:59:58.2085632,0.00561273017570495
2022-12-19T15:59:58.2089088,-0.00458568715513909
2022-12-19T15:59:58.2090752,-0.0371548253769442
2022-12-19T15:59:58.2092032,0.0256805840717742
2022-12-19T15:59:58.2093184,-0.0295882580458106
2022-12-19T15:59:58.2094208,-0.0144551231396295
2022-12-19T15:59:58.2095232,0.0292993774595181
2022-12-19T15:59:58.2096384,-0.0680790562400737
2022-12-19T15:59:58.2246016,0.0549599129403384
2022-12-19T15:59:58.2249088,-0.0230086342136077
2022-12-19T15:59:58.2250880,-0.0200478034690322
2022-12-19T15:59:58.2252032,0.0559468566320032
2022-12-19T15:59:58.2253184,-0.0312331639942593
2022-12-19T15:59:58.2254208,0.0345630769666917
2022-12-19T15:59:58.2255360,-0.0289302956653566
2022-12-19T15:59:58.2256512,0.0454194573282296
2022-12-19T15:59:58.2419840,-0.00228281873866669
2022-12-19T15:59:58.2422912,-0.0207057658577945
2022-12-19T15:59:58.2424704,0.0552888941707336
2022-12-19T15:59:58.2425856,-0.0134681795474529
2022-12-19T15:59:58.2427008,0.0135082791799726
2022-12-19T15:59:58.2428160,0.00956050466658112
2022-12-19T15:59:58.2429184,-0.0207057658577945
2022-12-19T15:59:58.2430208,-0.0253115025618754
2022-12-19T15:59:58.2586240,0.0286414150239637
2022-12-19T15:59:58.2590336,0.000678012093708949
2022-12-19T15:59:58.2593408,-0.00623059316224477
2022-12-19T15:59:58.2596352,-0.00886244276554422
2022-12-19T15:59:58.2598272,0.0339051145260825
2022-12-19T15:59:58.2601216,-0.0309041828048764
2022-12-19T15:59:58.2602752,-0.0230086342136077
2022-12-19T15:59:58.2603904,0.0283124338064231
2022-12-19T15:59:58.2604928,-0.0430764867100695
2022-12-19T15:59:58.2749952,0.0398267765143575
2022-12-19T15:59:58.2753536,-0.0364968630035403
2022-12-19T15:59:58.2755968,-0.0575516586499388
2022-12-19T15:59:58.2757632,0.0697640684665458
2022-12-19T15:59:58.2759168,-0.0338650135038022
2022-12-19T15:59:58.2760704,0.0082445798337894
2022-12-19T15:59:58.2762240,-0.0983453234547634
2022-12-19T15:59:58.2763520,0.0842392430735338
2022-12-19T15:59:58.2764928,-0.000966893925833531
2022-12-19T15:59:58.2918272,-0.075645623162611
2022-12-19T15:59:58.2921344,0.0388398328460813
2022-12-19T15:59:58.2923904,-0.103609021971956
2022-12-19T15:59:58.2925440,0.0358790018498081
2022-12-19T15:59:58.2926720,0.00528374896914695
2022-12-19T15:59:58.2927744,-0.0128102171518951
2022-12-19T15:59:58.2929024,-0.0213637282459401
2022-12-19T15:59:58.2930048,0.0269965089378377
2022-12-19T15:59:58.3085824,0.00199393691214557
2022-12-19T15:59:58.3088896,-0.0151130855336409
2022-12-19T15:59:58.3090560,-0.00952040516481843
2022-12-19T15:59:58.3091840,0.0325891896467616
2022-12-19T15:59:58.3092864,-0.0272853897115341
2022-12-19T15:59:58.3094016,0.00528374896914695
2022-12-19T15:59:58.3095040,0.0319312272080495
2022-12-19T15:59:58.3096064,-0.0582096210038585
2022-12-19T15:59:58.3252992,0.0582497252514792
2022-12-19T15:59:58.3255680,-0.0085334615656746
2022-12-19T15:59:58.3256960,-0.0272853897115341
2022-12-19T15:59:58.3258112,0.0496962132757115
2022-12-19T15:59:58.3259136,-0.0108363299615074
2022-12-19T15:59:58.3260288,0.00988948587516988
2022-12-19T15:59:58.3261312,-0.0351809382548961
2022-12-19T15:59:58.3262336,0.043774551201739
2022-12-19T15:59:58.3419008,-0.0128102171518951
2022-12-19T15:59:58.3422080,-0.0309041828048764
2022-12-19T15:59:58.3423616,0.0608815751119031
2022-12-19T15:59:58.3424768,-0.0318911263725649
2022-12-19T15:59:58.3425920,-0.0039277247512097
2022-12-19T15:59:58.3427072,-0.00195383753569171
2022-12-19T15:59:58.3428224,-0.0322201075614877
2022-12-19T15:59:58.3429248,-0.017415953907813
2022-12-19T15:59:58.3430272,0.005941711382419
2022-12-19T15:59:58.3586816,0.0154821664451246
2022-12-19T15:59:58.3590272,-0.0151130855336409
2022-12-19T15:59:58.3593088,-0.0338650135038022
2022-12-19T15:59:58.3594880,0.0411427014076124
2022-12-19T15:59:58.3596032,-0.0134681795474529
2022-12-19T15:59:58.3597184,0.00363884293869718
2022-12-19T15:59:58.3598336,0.0460774197799385
2022-12-19T15:59:58.3599360,-0.0506430538971631
2022-12-19T15:59:58.3750656,0.0585787064834723
2022-12-19T15:59:58.3753600,-0.016429010319809
2022-12-19T15:59:58.3755264,-0.0387997313077776
2022-12-19T15:59:58.3756416,0.0723959183718841
2022-12-19T15:59:58.3757440,0.00758661741833119
2022-12-19T15:59:58.3758592,0.030944283551166
2022-12-19T15:59:58.3759744,-0.0180739162990437
2022-12-19T15:59:58.3760768,0.0473933446852645
2022-12-19T15:59:58.3921536,0.00462578655649906
2022-12-19T15:59:58.3925760,-0.0312331639942593
2022-12-19T15:59:58.3927680,0.0575917627879726
2022-12-19T15:59:58.3928960,-0.0420895431579843
2022-12-19T15:59:58.3930240,0.00232291811714419
2022-12-19T15:59:58.3931392,0.0105474482928166
2022-12-19T15:59:58.3932544,-0.0236665965995966
2022-12-19T15:59:58.3933568,-0.0239955777923602
2022-12-19T15:59:58.3934592,0.00988948587516988
2022-12-19T15:59:58.4087040,0.00396782414447519
2022-12-19T15:59:58.4090112,0.00100699329808449
2022-12-19T15:59:58.4092544,-0.038141768935903
2022-12-19T15:59:58.4094336,0.0362079830709829
2022-12-19T15:59:58.4095616,-0.0322201075614877
2022-12-19T15:59:58.4096640,-0.00984938636422307
2022-12-19T15:59:58.4097792,0.0233777155622271
2022-12-19T15:59:58.4098816,-0.0384707501219167
2022-12-19T15:59:58.4252672,0.0549599129403384
2022-12-19T15:59:58.4255744,-0.0147841043367125
2022-12-19T15:59:58.4257664,-0.0249825213697274
2022-12-19T15:59:58.4258816,0.0668032373353356
2022-12-19T15:59:58.4260096,-0.00491466835687079
2022-12-19T15:59:58.4261120,0.0240356779927391
2022-12-19T15:59:58.4262272,-0.0226796530203822
2022-12-19T15:59:58.4263424,0.0473933446852645
2022-12-19T15:59:58.4418688,-0.00590161196113415
2022-12-19T15:59:58.4421632,-0.038141768935903
2022-12-19T15:59:58.4423424,0.0477223259119937
2022-12-19T15:59:58.4424576,-0.0286013144748993
2022-12-19T15:59:58.4425728,0.0144952228118434
2022-12-19T15:59:58.4426752,0.0204168846327095
2022-12-19T15:59:58.4427904,-0.0292592768556604
2022-12-19T15:59:58.4429056,-0.0348519570673523
2022-12-19T15:59:58.4430080,0.0253516028556522
2022-12-19T15:59:58.4584704,0.0082445798337894
2022-12-19T15:59:58.4588416,-0.00623059316224477
2022-12-19T15:59:58.4590592,-0.0299172392358072
2022-12-19T15:59:58.4592128,0.0243646592082312
2022-12-19T15:59:58.4593792,-0.0292592768556604
2022-12-19T15:59:58.4595584,0.005941711382419
2022-12-19T15:59:58.4596864,0.0487092695931362
2022-12-19T15:59:58.4597888,-0.0387997313077776
2022-12-19T15:59:58.4749696,0.0582497252514792
2022-12-19T15:59:58.4751872,-0.0114942923589225
2022-12-19T15:59:58.4753024,-0.0358389006295243
2022-12-19T15:59:58.4754304,0.0618685188122028
2022-12-19T15:59:58.4755328,-0.0039277247512097
2022-12-19T15:59:58.4756480,0.0408137201840608
2022-12-19T15:59:58.4757760,-0.0220216906334693
2022-12-19T15:59:58.4758912,0.0230487343472071
2022-12-19T15:59:58.4920704,-0.00655957436320019
2022-12-19T15:59:58.4924032,-0.0407736184197342
2022-12-19T15:59:58.4926720,0.0457484385540046
2022-12-19T15:59:58.4928512,-0.0315621451834888
2022-12-19T15:59:58.4929664,-0.00688855556400039
2022-12-19T15:59:58.4930944,0.0161401288680959
2022-12-19T15:59:58.4932096,-0.0108363299615074
2022-12-19T15:59:58.4933248,-0.0272853897115341
2022-12-19T15:59:58.5085056,0.0194299409923665
2022-12-19T15:59:58.5088128,-0.00326976234665881
2022-12-19T15:59:58.5089792,-0.0184028974944275
2022-12-19T15:59:58.5091072,-0.0351809382548961
2022-12-19T15:59:58.5092224,0.0200879034191048
2022-12-19T15:59:58.5093248,-0.0256404837538696
2022-12-19T15:59:58.5094400,-0.00425670595325207
2022-12-19T15:59:58.5095424,0.0441035324267193
2022-12-19T15:59:58.5096448,-0.0568936962954132
2022-12-19T15:59:58.5254400,0.0546309317101028
2022-12-19T15:59:58.5257728,-0.0131391983497513
2022-12-19T15:59:58.5260416,-0.0411025996045257
2022-12-19T15:59:58.5262208,0.0756857307680414
2022-12-19T15:59:58.5263872,-0.0177449351035055
2022-12-19T15:59:58.5265024,0.0299573398957038
2022-12-19T15:59:58.5266176,-0.0266274273289295
2022-12-19T15:59:58.5267200,0.0237066967774044
2022-12-19T15:59:58.5415040,-0.00524364955844718
2022-12-19T15:59:58.5417984,-0.0371548253769442
2022-12-19T15:59:58.5419648,0.0635134249825725
2022-12-19T15:59:58.5420800,-0.0364968630035403
2022-12-19T15:59:58.5421952,-0.00919142396525881
2022-12-19T15:59:58.5423104,0.00133597450261574
2022-12-19T15:59:58.5424384,-0.0220216906334693
2022-12-19T15:59:58.5425536,-0.0243245589849698
2022-12-19T15:59:58.5426560,0.0177850349282693
2022-12-19T15:59:58.5587072,0.00429680535040913
2022-12-19T15:59:58.5589248,-0.0151130855336409
2022-12-19T15:59:58.5590400,-0.0170869727119661
2022-12-19T15:59:58.5591680,0.0121923543396712
2022-12-19T15:59:58.5592832,-0.0200478034690322
2022-12-19T15:59:58.5593856,-0.000637912722236303
2022-12-19T15:59:58.5595008,0.0394977952914403
2022-12-19T15:59:58.5596032,-0.0549198092281989
2022-12-19T15:59:58.5754240,0.0546309317101028
2022-12-19T15:59:58.5757312,-0.016429010319809
2022-12-19T15:59:58.5758848,-0.0233376154066791
2022-12-19T15:59:58.5760128,0.0756857307680414
2022-12-19T15:59:58.5761152,-0.0055726307598683
2022-12-19T15:59:58.5762176,0.0329181708663548
2022-12-19T15:59:58.5763456,-0.0210347470519443
2022-12-19T15:59:58.5764480,0.0513411194165228
2022-12-19T15:59:58.5920896,-0.017415953907813
2022-12-19T15:59:58.5924608,-0.0312331639942593
2022-12-19T15:59:58.5927296,0.0447614948771567
2022-12-19T15:59:58.5929344,-0.0335360323156458
2022-12-19T15:59:58.5930624,-0.0124812359538841
2022-12-19T15:59:58.5931776,0.0128503167595087
2022-12-19T15:59:58.5932928,-0.0253115025618754
2022-12-19T15:59:58.5933952,-0.0220216906334693
2022-12-19T15:59:58.5934976,0.027654471371815
2022-12-19T15:59:58.6083840,0.00166495570730275
2022-12-19T15:59:58.6086144,-0.0170869727119661
2022-12-19T15:59:58.6087424,-0.02596946494571
2022-12-19T15:59:58.6088576,0.0227197531323445
2022-12-19T15:59:58.6089600,-0.0272853897115341
2022-12-19T15:59:58.6090624,-0.0124812359538841
2022-12-19T15:59:58.6091776,0.0378528891792314
2022-12-19T15:59:58.6092928,-0.0407736184197342
2022-12-19T15:59:58.6254720,0.0487092695931362
2022-12-19T15:59:58.6257792,-0.0161000291234987
2022-12-19T15:59:58.6259456,-0.02596946494571
2022-12-19T15:59:58.6260608,0.0598946314130441
2022-12-19T15:59:58.6261760,-0.00162485633256119
2022-12-19T15:59:58.6262784,0.0312732647699692
2022-12-19T15:59:58.6264064,-0.0151130855336409
2022-12-19T15:59:58.6265216,0.0348920581872335
2022-12-19T15:59:58.6420352,-0.00952040516481843
2022-12-19T15:59:58.6424064,-0.0128102171518951
2022-12-19T15:59:58.6425856,0.0256805840717742
2022-12-19T15:59:58.6427136,-0.0276143709026059
2022-12-19T15:59:58.6428288,0.000349030889489121
2022-12-19T15:59:58.6429312,0.0161401288680959
2022-12-19T15:59:58.6430336,-0.0315621451834888
2022-12-19T15:59:58.6431488,-0.0144551231396295
2022-12-19T15:59:58.6432512,0.0148242040227804
2022-12-19T15:59:58.6586496,-0.000308931518483477
2022-12-19T15:59:58.6590080,-0.016429010319809
2022-12-19T15:59:58.6592256,-0.0378127877497363
2022-12-19T15:59:58.6593408,0.00791559862598218
2022-12-19T15:59:58.6594560,-0.0325490887502571
2022-12-19T15:59:58.6595584,0.00462578655649906
2022-12-19T15:59:58.6596736,0.0391688140686815
2022-12-19T15:59:58.6597760,-0.0417605619736507
2022-12-19T15:59:58.6753024,0.0552888941707336
2022-12-19T15:59:58.6756224,-0.0190608598847322
2022-12-19T15:59:58.6757760,-0.0437344490773635
2022-12-19T15:59:58.6759040,0.0671322185714943
2022-12-19T15:59:58.6760064,-0.0039277247512097
2022-12-19T15:59:58.6761216,0.0421296450792193
2022-12-19T15:59:58.6762240,-0.0134681795474529
2022-12-19T15:59:58.6763520,0.0398267765143575
2022-12-19T15:59:58.6920832,-0.0111653111602924
2022-12-19T15:59:58.6923776,-0.0207057658577945
2022-12-19T15:59:58.6925696,0.0312732647699692
2022-12-19T15:59:58.6926976,-0.0272853897115341
2022-12-19T15:59:58.6928128,0.00627069258928915
2022-12-19T15:59:58.6929152,0.0115343919204599
2022-12-19T15:59:58.6930304,-0.0184028974944275
2022-12-19T15:59:58.6931456,-0.0328780699388733
2022-12-19T15:59:58.6932480,0.00791559862598218
2022-12-19T15:59:58.7086848,-0.00623059316224477
2022-12-19T15:59:58.7090560,-0.0177449351035055
2022-12-19T15:59:58.7092352,-0.0361678818166088
2022-12-19T15:59:58.7093632,0.00923152345814872
2022-12-19T15:59:58.7094656,-0.0384707501219167
2022-12-19T15:59:58.7095808,0.0164691100798168
2022-12-19T15:59:58.7096960,0.0345630769666917
2022-12-19T15:59:58.7097984,-0.0397866748644434
2022-12-19T15:59:58.7254016,0.0589076877156253
2022-12-19T15:59:58.7257088,-0.00655957436320019
2022-12-19T15:59:58.7258752,-0.0391287124934857
2022-12-19T15:59:58.7259904,0.0641713874518421
2022-12-19T15:59:58.7260928,-0.0114942923589225
2022-12-19T15:59:58.7261952,0.0286414150239637
2022-12-19T15:59:58.7263104,-0.0147841043367125
2022-12-19T15:59:58.7264128,0.0539729692501105
2022-12-19T15:59:58.7420800,-0.00458568715513909
2022-12-19T15:59:58.7423872,0.000678012093708949
2022-12-19T15:59:58.7425536,0.0187719785662566
2022-12-19T15:59:58.7426688,-0.0453793549929307
2022-12-19T15:59:58.7427840,0.0197589222056571
2022-12-19T15:59:58.7428864,-0.059854526886008
2022-12-19T15:59:58.7430016,0.00659967379631543
2022-12-19T15:59:58.7431168,0.0464064010060314
2022-12-19T15:59:58.7432192,0.102662193026597
2022-12-19T15:59:58.7587200,-0.0118232735573979
2022-12-19T15:59:58.7589760,-0.0216927094397817
2022-12-19T15:59:58.7591168,-0.0085334615656746
2022-12-19T15:59:58.7592192,0.00659967379631543
2022-12-19T15:59:58.7593472,-0.00491466835687079
2022-12-19T15:59:58.7594624,-0.00326976234665881
2022-12-19T15:59:58.7595776,0.0398267765143575
2022-12-19T15:59:58.7596800,-0.0585386021805911
2022-12-19T15:59:58.7755520,0.0444325136518585
2022-12-19T15:59:58.7760000,-0.0111653111602924
2022-12-19T15:59:58.7763200,-0.0332070511273362
2022-12-19T15:59:58.7764864,0.0779885994549393
2022-12-19T15:59:58.7766016,-0.00590161196113415
2022-12-19T15:59:58.7767296,0.0283124338064231
2022-12-19T15:59:58.7768320,-0.0105073487625675
2022-12-19T15:59:58.7769472,0.0335761333060152
2022-12-19T15:59:58.7916160,-0.0039277247512097
2022-12-19T15:59:58.7919360,-0.0305752016153402
2022-12-19T15:59:58.7921024,0.0401557577374334
2022-12-19T15:59:58.7922176,-0.0302462204256504
2022-12-19T15:59:58.7923328,0.00462578655649906
2022-12-19T15:59:58.7924352,0.00396782414447519
2022-12-19T15:59:58.7925504,-0.0180739162990437
2022-12-19T15:59:58.7926528,-0.0249825213697274
2022-12-19T15:59:58.7927808,0.0154821664451246
2022-12-19T15:59:58.8088832,0.005941711382419
2022-12-19T15:59:58.8092160,-0.0114942923589225
2022-12-19T15:59:58.8093824,-0.0243245589849698
2022-12-19T15:59:58.8095104,0.019100959779233
2022-12-19T15:59:58.8096256,-0.0226796530203822
2022-12-19T15:59:58.8097408,0.00100699329808449
2022-12-19T15:59:58.8098432,0.0490382508205021
2022-12-19T15:59:58.8100352,-0.0684080374122746
2022-12-19T15:59:58.8253440,0.06055259387879
2022-12-19T15:59:58.8256640,-0.00886244276554422
2022-12-19T15:59:58.8258432,-0.0269564085203087
2022-12-19T15:59:58.8259584,0.068448143517735
2022-12-19T15:59:58.8260864,-0.00721753676464547
2022-12-19T15:59:58.8262144,0.0394977952914403
2022-12-19T15:59:58.8263168,-0.0233376154066791
2022-12-19T15:59:58.8264192,0.0519990818739629
2022-12-19T15:59:58.8407424,-0.0220216906334693
2022-12-19T15:59:58.8410368,-0.0309041828048764
2022-12-19T15:59:58.8413184,0.0654873123923055
2022-12-19T15:59:58.8415488,-0.04044463723479
2022-12-19T15:59:58.8417152,0.0131792979696624
2022-12-19T15:59:58.8418560,0.0161401288680959
2022-12-19T15:59:58.8419968,-0.0220216906334693
2022-12-19T15:59:58.8421248,-0.0411025996045257
2022-12-19T15:59:58.8422656,0.000678012093708949
2022-12-19T15:59:58.8578560,-0.00655957436320019
2022-12-19T15:59:58.8583680,-0.00886244276554422
2022-12-19T15:59:58.8587520,-0.0305752016153402
2022-12-19T15:59:58.8589056,0.0082445798337894
2022-12-19T15:59:58.8590208,-0.0170869727119661
2022-12-19T15:59:58.8591360,0.0082445798337894
2022-12-19T15:59:58.8592384,0.0385108516236395
2022-12-19T15:59:58.8593536,-0.0499850915362638
2022-12-19T15:59:58.8750464,0.0618685188122028
2022-12-19T15:59:58.8753792,-0.00952040516481843
2022-12-19T15:59:58.8755456,-0.0272853897115341
2022-12-19T15:59:58.8756608,0.0766726744900302
2022-12-19T15:59:58.8757760,-0.00228281873866669
2022-12-19T15:59:58.8758784,0.030944283551166
2022-12-19T15:59:58.8759936,-0.00655957436320019
2022-12-19T15:59:58.8761088,0.0345630769666917
2022-12-19T15:59:58.8921984,-0.018731878689657
2022-12-19T15:59:58.8924288,-0.0335360323156458
2022-12-19T15:59:58.8925568,0.0371949267354569
2022-12-19T15:59:58.8926592,-0.0355099194422867
2022-12-19T15:59:58.8927744,-0.0055726307598683
2022-12-19T15:59:58.8928768,0.00890254224987264
2022-12-19T15:59:58.8930048,-0.0239955777923602
2022-12-19T15:59:58.8931200,-0.0233376154066791
2022-12-19T15:59:58.8932224,0.0105474482928166
2022-12-19T15:59:58.9088000,0.00791559862598218
2022-12-19T15:59:58.9091072,-0.0128102171518951
2022-12-19T15:59:58.9093504,-0.0276143709026059
2022-12-19T15:59:58.9095168,0.0253516028556522
2022-12-19T15:59:58.9096320,-0.0371548253769442
2022-12-19T15:59:58.9097600,0.00100699329808449
2022-12-19T15:59:58.9098624,0.0477223259119937
2022-12-19T15:59:58.9099648,-0.0716978491259991
2022-12-19T15:59:58.9255168,0.0516701006451631
2022-12-19T15:59:58.9257728,-0.0075465179651354
2022-12-19T15:59:58.9259008,-0.0315621451834888
2022-12-19T15:59:58.9260288,0.0569338003251055
2022-12-19T15:59:58.9261440,0.00363884293869718
2022-12-19T15:59:58.9262592,0.0240356779927391
2022-12-19T15:59:58.9263744,-0.0111653111602924
2022-12-19T15:59:58.9264768,0.0325891896467616
2022-12-19T15:59:58.9422080,-0.00688855556400039
2022-12-19T15:59:58.9424512,-0.0480112044499164
2022-12-19T15:59:58.9425920,0.0391688140686815
2022-12-19T15:59:58.9427072,-0.0361678818166088
2022-12-19T15:59:58.9428608,0.00232291811714419
2022-12-19T15:59:58.9429888,0.027654471371815
2022-12-19T15:59:58.9430912,-0.0262984461373967
2022-12-19T15:59:58.9431936,-0.0177449351035055
2022-12-19T15:59:58.9433088,0.0135082791799726
2022-12-19T15:59:58.9588224,-0.0075465179651354
2022-12-19T15:59:58.9591680,-0.0243245589849698
2022-12-19T15:59:58.9593856,-0.0154420667304147
2022-12-19T15:59:58.9595008,0.00923152345814872
2022-12-19T15:59:58.9596160,-0.0262984461373967
2022-12-19T15:59:58.9597184,-0.234543510633854
2022-12-19T15:59:58.9598464,0.0322602084273265
2022-12-19T15:59:58.9599616,-0.0489981479937746
2022-12-19T15:59:58.9754496,0.0533150067907566
2022-12-19T15:59:58.9757568,-0.0111653111602924
2022-12-19T15:59:58.9759360,-0.0292592768556604
2022-12-19T15:59:58.9760640,0.071408974656176
2022-12-19T15:59:58.9761792,-0.0121522547557184
2022-12-19T15:59:58.9762944,0.00659967379631543
2022-12-19T15:59:58.9763968,-0.00623059316224477
2022-12-19T15:59:58.9765248,0.0316022459889304
2022-12-19T15:59:58.9919872,-0.0559067527624882
2022-12-19T15:59:58.9923840,-0.027943352093524
2022-12-19T15:59:58.9925632,0.0569338003251055
2022-12-19T15:59:58.9926784,-0.0427475055261936
2022-12-19T15:59:58.9927808,-0.00590161196113415
2022-12-19T15:59:58.9928832,0.00956050466658112
2022-12-19T15:59:58.9929856,-0.0249825213697274
2022-12-19T15:59:58.9931008,-0.0272853897115341
2022-12-19T15:59:58.9932032,0.00692865500349785
2022-12-19T15:59:59.0088320,0.000678012093708949
2022-12-19T15:59:59.0091648,-0.0114942923589225
2022-12-19T15:59:59.0094208,-0.0220216906334693
2022-12-19T15:59:59.0096128,0.0243646592082312
2022-12-19T15:59:59.0097280,-0.0286013144748993
2022-12-19T15:59:59.0098304,0.0125213355495117
2022-12-19T15:59:59.0099456,0.057920744019646
2022-12-19T15:59:59.0100480,-0.0559067527624882
2022-12-19T15:59:59.0257664,0.064829349921753
2022-12-19T15:59:59.0260608,-0.0105073487625675
2022-12-19T15:59:59.0262400,-0.0407736184197342
2022-12-19T15:59:59.0264064,0.0789755431803149
2022-12-19T15:59:59.0265856,-0.0108363299615074
2022-12-19T15:59:59.0267520,0.0246936404238808
2022-12-19T15:59:59.0269056,-0.00590161196113415
2022-12-19T15:59:59.0270592,0.0352210394079334
2022-12-19T15:59:59.0418176,-0.00261179994148619
2022-12-19T15:59:59.0420480,-0.0266274273289295
2022-12-19T15:59:59.0421632,0.0585787064834723
2022-12-19T15:59:59.0423040,-0.0466952797226417
2022-12-19T15:59:59.0424064,-0.0055726307598683
2022-12-19T15:59:59.0425216,0.0204168846327095
2022-12-19T15:59:59.0426368,-0.00294078114415022
2022-12-19T15:59:59.0427520,-0.0378127877497363
2022-12-19T15:59:59.0428544,0.00627069258928915
2022-12-19T15:59:59.0589952,0.0105474482928166
2022-12-19T15:59:59.0593536,-0.00458568715513909
2022-12-19T15:59:59.0595072,-0.0197188222744198
2022-12-19T15:59:59.0596480,0.0128503167595087
2022-12-19T15:59:59.0597504,-0.0315621451834888
2022-12-19T15:59:59.0598656,-0.00688855556400039
2022-12-19T15:59:59.0599936,0.0556178754012885
2022-12-19T15:59:59.0600960,-0.0532749033346829
2022-12-19T15:59:59.0754176,0.0589076877156253
2022-12-19T15:59:59.0757248,-0.0121522547557184
2022-12-19T15:59:59.0759168,-0.0312331639942593
2022-12-19T15:59:59.0760448,0.0681191622809339
2022-12-19T15:59:59.0761600,-0.0075465179651354
2022-12-19T15:59:59.0762624,0.0135082791799726
2022-12-19T15:59:59.0763776,-0.0078754991654702
2022-12-19T15:59:59.0764800,0.0467353822322834
2022-12-19T15:59:59.0765824,-0.0167579915159647
2022-12-19T15:59:59.0923776,-0.0114942923589225
2022-12-19T15:59:59.0929408,0.0575917627879726
2022-12-19T15:59:59.0934272,-0.0200478034690322
2022-12-19T15:59:59.0937088,0.0125213355495117
2022-12-19T15:59:59.0939904,0.00429680535040913
2022-12-19T15:59:59.0942976,-0.0137971607449997
2022-12-19T15:59:59.0945152,-0.0134681795474529
2022-12-19T15:59:59.0947968,0.0128503167595087
2022-12-19T15:59:59.1082752,0.00627069258928915
2022-12-19T15:59:59.1084928,-0.0213637282459401
2022-12-19T15:59:59.1086208,-0.0170869727119661
2022-12-19T15:59:59.1087360,0.0177850349282693
2022-12-19T15:59:59.1088384,-0.0368258441903187
2022-12-19T15:59:59.1089536,-0.00195383753569171
2022-12-19T15:59:59.1090688,0.0381818704013563
2022-12-19T15:59:59.1091968,-0.0638023009877389
2022-12-19T15:59:59.1093248,0.0460774197799385
2022-12-19T15:59:59.1257728,-0.00984938636422307
2022-12-19T15:59:59.1260288,-0.018731878689657
2022-12-19T15:59:59.1261568,0.0763436932492061
2022-12-19T15:59:59.1262720,-0.0147841043367125
2022-12-19T15:59:59.1263744,0.0398267765143575
2022-12-19T15:59:59.1265024,-0.0137971607449997
2022-12-19T15:59:59.1266304,0.0404847389606678
2022-12-19T15:59:59.1420288,-0.0128102171518951
2022-12-19T15:59:59.1422592,-0.0253115025618754
2022-12-19T15:59:59.1424000,0.0539729692501105
2022-12-19T15:59:59.1425280,-0.0506430538971631
2022-12-19T15:59:59.1426560,-0.0118232735573979
2022-12-19T15:59:59.1427712,0.0148242040227804
2022-12-19T15:59:59.1428736,-0.0387997313077776
2022-12-19T15:59:59.1429888,-0.0200478034690322
2022-12-19T15:59:59.1430912,-0.0039277247512097
2022-12-19T15:59:59.1619456,0.00956050466658112
2022-12-19T15:59:59.1622400,0.00561273017570495
2022-12-19T15:59:59.1623936,-0.00228281873866669
2022-12-19T15:59:59.1625216,0.0154821664451246
2022-12-19T15:59:59.1626496,-0.0157710479270339
2022-12-19T15:59:59.1627520,0.0105474482928166
2022-12-19T15:59:59.1628672,0.0602236126458371
2022-12-19T15:59:59.1629824,-0.0443924114440477
2022-12-19T15:59:59.1754752,0.0658162936278223
2022-12-19T15:59:59.1757952,-0.00195383753569171
2022-12-19T15:59:59.1760512,-0.0226796530203822
2022-12-19T15:59:59.1762304,0.0671322185714943
2022-12-19T15:59:59.1763712,-0.016429010319809
2022-12-19T15:59:59.1764864,0.0204168846327095
2022-12-19T15:59:59.1765888,-0.00425670595325207
2022-12-19T15:59:59.1766912,0.0210748470603906
2022-12-19T15:59:59.1768064,-0.0184028974944275
2022-12-19T15:59:59.1769216,-0.0341939946918055
2022-12-19T15:59:59.1917440,0.0651583311569491
2022-12-19T15:59:59.1920128,-0.0476822232683261
2022-12-19T15:59:59.1921536,-0.00491466835687079
2022-12-19T15:59:59.1922816,0.00133597450261574
2022-12-19T15:59:59.1923968,-0.0108363299615074
2022-12-19T15:59:59.1924992,-0.0134681795474529
2022-12-19T15:59:59.1926144,0.0292993774595181
2022-12-19T15:59:59.2089984,-0.0447213926271611
2022-12-19T15:59:59.2093056,0.0141662416010631
2022-12-19T15:59:59.2095232,0.0319312272080495
2022-12-19T15:59:59.2096384,0.0700930497041503
2022-12-19T15:59:59.2097536,-0.0282723332842885
2022-12-19T15:59:59.2098688,0.0872000742816637
2022-12-19T15:59:59.2099712,0.137863188112964
2022-12-19T15:59:59.2100864,-0.0430764867100695
2022-12-19T15:59:59.2253952,0.0286414150239637
2022-12-19T15:59:59.2256512,-0.000637912722236303
2022-12-19T15:59:59.2257792,-0.0230086342136077
2022-12-19T15:59:59.2258944,0.0681191622809339
2022-12-19T15:59:59.2260096,-0.00886244276554422
2022-12-19T15:59:59.2261376,0.0253516028556522
2022-12-19T15:59:59.2262528,-0.00326976234665881
2022-12-19T15:59:59.2263680,0.0223907719176392
2022-12-19T15:59:59.2264704,-0.00655957436320019
2022-12-19T15:59:59.2421504,-0.0384707501219167
2022-12-19T15:59:59.2425728,0.037523907957265
2022-12-19T15:59:59.2427648,-0.0407736184197342
2022-12-19T15:59:59.2429056,-0.0114942923589225
2022-12-19T15:59:59.2430336,0.0204168846327095
2022-12-19T15:59:59.2431360,-0.0516299974373722
2022-12-19T15:59:59.2432384,-0.0345229758796555
2022-12-19T15:59:59.2433408,0.0128503167595087
2022-12-19T15:59:59.2588160,0.005941711382419
2022-12-19T15:59:59.2591232,-0.0105073487625675
2022-12-19T15:59:59.2593152,-0.0131391983497513
2022-12-19T15:59:59.2594816,0.0174560537159208
2022-12-19T15:59:59.2597504,-0.0286013144748993
2022-12-19T15:59:59.2600448,0.00725763621083642
2022-12-19T15:59:59.2604160,0.0487092695931362
2022-12-19T15:59:59.2606848,-0.0536038845136896
2022-12-19T15:59:59.2752128,0.064829349921753
2022-12-19T15:59:59.2755456,-0.00524364955844718
2022-12-19T15:59:59.2757120,-0.0302462204256504
2022-12-19T15:59:59.2758272,0.0819363743651601
2022-12-19T15:59:59.2759680,-0.0137971607449997
2022-12-19T15:59:59.2760832,0.0243646592082312
2022-12-19T15:59:59.2761984,-0.00984938636422307
2022-12-19T15:59:59.2763008,0.0194299409923665
2022-12-19T15:59:59.2764032,-0.0180739162990437
2022-12-19T15:59:59.2923648,-0.0341939946918055
2022-12-19T15:59:59.2926208,0.0424586263034057
2022-12-19T15:59:59.2927488,-0.0496561103555861
2022-12-19T15:59:59.2928512,-0.000308931518483477
2022-12-19T15:59:59.2930048,0.00692865500349785
2022-12-19T15:59:59.2931072,-0.0335360323156458
2022-12-19T15:59:59.2932096,-0.0233376154066791
2022-12-19T15:59:59.2933248,0.0161401288680959
2022-12-19T15:59:59.3089152,0.0125213355495117
2022-12-19T15:59:59.3091328,-0.0239955777923602
2022-12-19T15:59:59.3092736,-0.00294078114415022
2022-12-19T15:59:59.3093888,0.00265189932229863
2022-12-19T15:59:59.3094912,-0.0226796530203822
2022-12-19T15:59:59.3096064,-0.00162485633256119
2022-12-19T15:59:59.3097216,0.06252648127987
2022-12-19T15:59:59.3098368,-0.0582096210038585
2022-12-19T15:59:59.3256704,0.0529860255613189
2022-12-19T15:59:59.3259776,-0.0134681795474529
2022-12-19T15:59:59.3261696,-0.017415953907813
2022-12-19T15:59:59.3262976,0.0694350872291021
2022-12-19T15:59:59.3264000,-0.0249825213697274
2022-12-19T15:59:59.3265152,0.0365369642923159
2022-12-19T15:59:59.3266304,-0.00261179994148619
2022-12-19T15:59:59.3267328,0.0223907719176392
2022-12-19T15:59:59.3421440,-0.017415953907813
2022-12-19T15:59:59.3424640,-0.0315621451834888
2022-12-19T15:59:59.3426560,0.0529860255613189
2022-12-19T15:59:59.3427840,-0.0575516586499388
2022-12-19T15:59:59.3428864,-0.0207057658577945
2022-12-19T15:59:59.3430144,0.0197589222056571
2022-12-19T15:59:59.3431424,-0.0305752016153402
2022-12-19T15:59:59.3432448,-0.0151130855336409
2022-12-19T15:59:59.3433472,0.005941711382419
2022-12-19T15:59:59.3590784,0.00528374896914695
2022-12-19T15:59:59.3595008,-0.0108363299615074
2022-12-19T15:59:59.3596800,-0.0170869727119661
2022-12-19T15:59:59.3597952,0.00528374896914695
2022-12-19T15:59:59.3599104,-0.0332070511273362
2022-12-19T15:59:59.3600128,-0.00886244276554422
2022-12-19T15:59:59.3601280,0.0480513071388821
2022-12-19T15:59:59.3602944,-0.0638023009877389
2022-12-19T15:59:59.3755648,0.064829349921753
2022-12-19T15:59:59.3759232,-0.0131391983497513
2022-12-19T15:59:59.3761152,-0.0266274273289295
2022-12-19T15:59:59.3762560,0.06055259387879
2022-12-19T15:59:59.3763840,-0.00623059316224477
2022-12-19T15:59:59.3764864,0.0358790018498081
2022-12-19T15:59:59.3765888,-0.00688855556400039
2022-12-19T15:59:59.3767040,0.0299573398957038
2022-12-19T15:59:59.3768064,-0.0161000291234987
2022-12-19T15:59:59.3922048,-0.0121522547557184
2022-12-19T15:59:59.3925120,0.0450904761026137
2022-12-19T15:59:59.3927040,-0.0407736184197342
2022-12-19T15:59:59.3928320,-0.016429010319809
2022-12-19T15:59:59.3929472,0.0121923543396712
2022-12-19T15:59:59.3930624,-0.0453793549929307
2022-12-19T15:59:59.3931776,-0.0269564085203087
2022-12-19T15:59:59.3932928,-0.00162485633256119
2022-12-19T15:59:59.4087808,0.00100699329808449
2022-12-19T15:59:59.4090880,-0.0101783675634727
2022-12-19T15:59:59.4092672,-0.0151130855336409
2022-12-19T15:59:59.4093952,-0.000637912722236303
2022-12-19T15:59:59.4094976,-0.0374838065634167
2022-12-19T15:59:59.4096256,0.00133597450261574
2022-12-19T15:59:59.4097280,0.0697640684665458
2022-12-19T15:59:59.4098432,-0.0509720350773848
2022-12-19T15:59:59.4257664,0.0569338003251055
2022-12-19T15:59:59.4262016,-0.00261179994148619
2022-12-19T15:59:59.4265216,-0.0325490887502571
2022-12-19T15:59:59.4268160,0.0737118433284146
2022-12-19T15:59:59.4269824,-0.00491466835687079
2022-12-19T15:59:59.4270976,0.0388398328460813
2022-12-19T15:59:59.4272000,-0.00688855556400039
2022-12-19T15:59:59.4273024,0.0385108516236395
2022-12-19T15:59:59.4421760,-0.0190608598847322
2022-12-19T15:59:59.4425472,-0.0295882580458106
2022-12-19T15:59:59.4428288,0.0381818704013563
2022-12-19T15:59:59.4429824,-0.0513010162574545
2022-12-19T15:59:59.4430976,2.00496854250026E-05
2022-12-19T15:59:59.4432000,0.010218467083915
2022-12-19T15:59:59.4433152,-0.0269564085203087
2022-12-19T15:59:59.4434304,-0.0220216906334693
2022-12-19T15:59:59.4435328,0.0135082791799726
2022-12-19T15:59:59.4579584,0.00462578655649906
2022-12-19T15:59:59.4581376,-0.0134681795474529
2022-12-19T15:59:59.4582656,-0.0128102171518951
2022-12-19T15:59:59.4583808,0.00396782414447519
2022-12-19T15:59:59.4584960,-0.0249825213697274
2022-12-19T15:59:59.4586112,-0.00524364955844718
2022-12-19T15:59:59.4587136,0.0516701006451631
2022-12-19T15:59:59.4588288,-0.0536038845136896
2022-12-19T15:59:59.4742272,0.0552888941707336
2022-12-19T15:59:59.4744704,0.00791559862598218
2022-12-19T15:59:59.4746240,-0.0262984461373967
2022-12-19T15:59:59.4747520,0.069106105991819
2022-12-19T15:59:59.4748800,-0.0197188222744198
2022-12-19T15:59:59.4749952,0.0302863211140333
2022-12-19T15:59:59.4751104,0.000349030889489121
2022-12-19T15:59:59.4752256,0.0329181708663548
2022-12-19T15:59:59.4900608,-0.0184028974944275
2022-12-19T15:59:59.4902656,-0.0220216906334693
2022-12-19T15:59:59.4904064,0.0381818704013563
2022-12-19T15:59:59.4905216,-0.0384707501219167
2022-12-19T15:59:59.4906240,-0.0128102171518951
2022-12-19T15:59:59.4907392,0.0279834525890402
2022-12-19T15:59:59.4908416,-0.0411025996045257
2022-12-19T15:59:59.4909440,-0.0401156560496931
2022-12-19T15:59:59.5092096,-0.00294078114415022
2022-12-19T15:59:59.5094656,-0.0121522547557184
2022-12-19T15:59:59.5095936,-0.017415953907813
2022-12-19T15:59:59.5096960,-0.0108363299615074
2022-12-19T15:59:59.5098240,0.00692865500349785
2022-12-19T15:59:59.5099264,-0.0203767846634904
2022-12-19T15:59:59.5100416,-0.00129587512927513
2022-12-19T15:59:59.5101568,0.071408974656176
2022-12-19T15:59:59.5251968,-0.0605124892378086
2022-12-19T15:59:59.5257088,0.0727248996107753
2022-12-19T15:59:59.5260288,0.00659967379631543
2022-12-19T15:59:59.5261952,-0.0243245589849698
2022-12-19T15:59:59.5263232,0.0582497252514792
2022-12-19T15:59:59.5264512,-0.0108363299615074
2022-12-19T15:59:59.5265536,0.0355500206287917
2022-12-19T15:59:59.5266688,-0.000966893925833531
2022-12-19T15:59:59.5267712,0.0398267765143575
2022-12-19T15:59:59.5268736,-0.016429010319809
2022-12-19T15:59:59.5412352,-0.0262984461373967
2022-12-19T15:59:59.5414400,0.0273254901547475
2022-12-19T15:59:59.5415552,-0.0486691668126406
2022-12-19T15:59:59.5416704,-0.00688855556400039
2022-12-19T15:59:59.5417856,0.0355500206287917
2022-12-19T15:59:59.5418880,-0.0341939946918055
2022-12-19T15:59:59.5420032,-0.00984938636422307
2022-12-19T15:59:59.5421312,0.0197589222056571
2022-12-19T15:59:59.5516800,-0.00326976234665881
2022-12-19T15:59:59.5519360,-0.000966893925833531
2022-12-19T15:59:59.5520896,0.00166495570730275
2022-12-19T15:59:59.5522304,0.00166495570730275
2022-12-19T15:59:59.5523968,-0.0262984461373967
2022-12-19T15:59:59.5525376,0.0141662416010631
2022-12-19T15:59:59.5526784,0.0411427014076124
2022-12-19T15:59:59.5616128,-0.0483401856313546
2022-12-19T15:59:59.5618688,0.0552888941707336
2022-12-19T15:59:59.5620480,-0.00261179994148619
2022-12-19T15:59:59.5621632,-0.0266274273289295
2022-12-19T15:59:59.5622912,0.0710799934179284
2022-12-19T15:59:59.5624192,0.00363884293869718
2022-12-19T15:59:59.5746688,0.0237066967774044
2022-12-19T15:59:59.5748352,-0.00294078114415022
2022-12-19T15:59:59.5749504,0.0296283586775321
2022-12-19T15:59:59.5750656,-0.0157710479270339
2022-12-19T15:59:59.5751808,-0.0269564085203087
2022-12-19T15:59:59.5910144,0.0483802883659295
2022-12-19T15:59:59.5911936,-0.0532749033346829
2022-12-19T15:59:59.5913088,-0.00162485633256119
2022-12-19T15:59:59.5914240,0.0148242040227804
2022-12-19T15:59:59.5915264,-0.0443924114440477
2022-12-19T15:59:59.5916288,-0.00294078114415022
2022-12-19T15:59:59.6077184,0.00528374896914695
2022-12-19T15:59:59.6080768,-0.000966893925833531
2022-12-19T15:59:59.6083328,0.00232291811714419
2022-12-19T15:59:59.6085888,-0.00590161196113415
2022-12-19T15:59:59.6088704,-0.00261179994148619
2022-12-19T15:59:59.6091264,-0.0272853897115341
2022-12-19T15:59:59.6093952,0.00100699329808449
2022-12-19T15:59:59.6096256,0.06055259387879
2022-12-19T15:59:59.6245888,-0.0450503738101221
2022-12-19T15:59:59.6247936,0.0575917627879726
2022-12-19T15:59:59.6249216,-0.0085334615656746
2022-12-19T15:59:59.6250240,-0.0200478034690322
2022-12-19T15:59:59.6251904,0.0441035324267193
2022-12-19T15:59:59.6253184,-0.0239955777923602
2022-12-19T15:59:59.6254464,0.0312732647699692
2022-12-19T15:59:59.6256128,0.00363884293869718
2022-12-19T15:59:59.6257536,0.0164691100798168
2022-12-19T15:59:59.6345344,-0.0262984461373967
2022-12-19T15:59:59.6347264,-0.000966893925833531
2022-12-19T15:59:59.6348672,0.0378528891792314
2022-12-19T15:59:59.6349568,-0.0605124892378086
2022-12-19T15:59:59.6350080,0.00988948587516988
2022-12-19T15:59:59.6350720,-0.000637912722236303
2022-12-19T15:59:59.6351360,-0.018731878689657
2022-12-19T15:59:59.6351872,-0.0269564085203087
2022-12-19T15:59:59.6444928,-0.00721753676464547
2022-12-19T15:59:59.6446464,-0.0184028974944275
2022-12-19T15:59:59.6447104,2.00496854250026E-05
2022-12-19T15:59:59.6447872,0.0125213355495117
2022-12-19T15:59:59.6448768,-0.0239955777923602
2022-12-19T15:59:59.6545920,-0.0253115025618754
2022-12-19T15:59:59.6547968,0.00692865500349785
2022-12-19T15:59:59.6549120,0.0227197531323445
2022-12-19T15:59:59.6549760,-0.0493271291747564
2022-12-19T15:59:59.6550144,0.0612105563451762
2022-12-19T15:59:59.6643456,0.0618685188122028
2022-12-19T15:59:59.6644480,-0.100648191560708
2022-12-19T15:59:59.6645376,0.0812784118785083
2022-12-19T15:59:59.6646272,0.116808387087541
2022-12-19T15:59:59.6646784,0.11450551826629
2022-12-19T15:59:59.6742400,0.154312251885945
2022-12-19T15:59:59.6743680,0.0835812805846185
2022-12-19T15:59:59.6744448,-0.0914367190932344
2022-12-19T15:59:59.6745216,-0.0309041828048764
2022-12-19T15:59:59.6745984,0.0253516028556522
2022-12-19T15:59:59.6846720,-0.0559067527624882
2022-12-19T15:59:59.6847744,-0.0121522547557184
2022-12-19T15:59:59.6848384,0.0296283586775321
2022-12-19T15:59:59.6848896,-0.0309041828048764
2022-12-19T15:59:59.6849536,-0.0262984461373967
2022-12-19T15:59:59.6942976,-0.00688855556400039
2022-12-19T15:59:59.6944384,0.0158111476565318
2022-12-19T15:59:59.6945152,-0.0118232735573979
2022-12-19T15:59:59.6945792,-0.0151130855336409
2022-12-19T15:59:59.6946304,-0.00326976234665881
2022-12-19T15:59:59.7040512,-0.0144551231396295
2022-12-19T15:59:59.7042688,0.0108764295018745
2022-12-19T15:59:59.7044608,0.0569338003251055
2022-12-19T15:59:59.7045632,-0.0483401856313546
2022-12-19T15:59:59.7046400,0.0549599129403384
2022-12-19T15:59:59.7144320,-0.00491466835687079
2022-12-19T15:59:59.7145984,-0.0216927094397817
2022-12-19T15:59:59.7147392,0.0454194573282296
2022-12-19T15:59:59.7148160,0.00561273017570495
2022-12-19T15:59:59.7148672,0.0394977952914403
2022-12-19T15:59:59.7246720,-0.00721753676464547
2022-12-19T15:59:59.7248000,0.030944283551166
2022-12-19T15:59:59.7249024,-0.0200478034690322
2022-12-19T15:59:59.7249664,-0.0256404837538696
2022-12-19T15:59:59.7250304,0.0322602084273265
2022-12-19T15:59:59.7407232,-0.0710398867844586
2022-12-19T15:59:59.7409664,-0.0144551231396295
2022-12-19T15:59:59.7412736,0.0131792979696624
2022-12-19T15:59:59.7414144,-0.0243245589849698
2022-12-19T15:59:59.7415040,-0.0269564085203087
2022-12-19T15:59:59.7582336,0.0128503167595087
2022-12-19T15:59:59.7585024,-0.00261179994148619
2022-12-19T15:59:59.7586304,-0.0216927094397817
2022-12-19T15:59:59.7587456,-0.0114942923589225
2022-12-19T15:59:59.7588608,0.00265189932229863
2022-12-19T15:59:59.7589632,-0.0325490887502571
2022-12-19T15:59:59.7590784,0.00429680535040913
2022-12-19T15:59:59.7591936,0.0391688140686815
2022-12-19T15:59:59.7760896,-0.0460373173580908
2022-12-19T15:59:59.7764736,0.0421296450792193
2022-12-19T15:59:59.7766912,-0.00228281873866669
2022-12-19T15:59:59.7768320,-0.0272853897115341
2022-12-19T15:59:59.7769600,0.0546309317101028
2022-12-19T15:59:59.7770624,0.00100699329808449
2022-12-19T15:59:59.7771648,0.0348920581872335
2022-12-19T15:59:59.7772800,0.00659967379631543
2022-12-19T15:59:59.7773952,0.0256805840717742
2022-12-19T15:59:59.7915392,-0.00688855556400039
2022-12-19T15:59:59.7918464,-0.0236665965995966
2022-12-19T15:59:59.7920384,0.0441035324267193
2022-12-19T15:59:59.7921536,-0.0519589786171381
2022-12-19T15:59:59.7922688,-0.0114942923589225
2022-12-19T15:59:59.7923840,0.0217328094887004
2022-12-19T15:59:59.7924992,-0.027943352093524
2022-12-19T15:59:59.7926144,-0.0246535401774255
2022-12-19T15:59:59.7927168,0.00100699329808449
2022-12-19T15:59:59.8092288,-0.00129587512927513
2022-12-19T15:59:59.8095360,-0.0137971607449997
2022-12-19T15:59:59.8097152,-0.0161000291234987
2022-12-19T15:59:59.8098432,-0.0078754991654702
2022-12-19T15:59:59.8099584,-0.0190608598847322
2022-12-19T15:59:59.8100608,0.00561273017570495
2022-12-19T15:59:59.8101632,0.0385108516236395
2022-12-19T15:59:59.8102784,-0.0476822232683261
2022-12-19T15:59:59.8257152,0.0562758378628775
2022-12-19T15:59:59.8260736,-0.00425670595325207
2022-12-19T15:59:59.8262528,-0.02596946494571
2022-12-19T15:59:59.8263552,0.0608815751119031
2022-12-19T15:59:59.8264704,-0.016429010319809
2022-12-19T15:59:59.8265856,0.0200879034191048
2022-12-19T15:59:59.8266880,-0.000637912722236303
2022-12-19T15:59:59.8268288,0.037523907957265
2022-12-19T15:59:59.8269568,-0.016429010319809
2022-12-19T15:59:59.8422272,-0.0289302956653566
2022-12-19T15:59:59.8424704,0.0421296450792193
2022-12-19T15:59:59.8429056,-0.0536038845136896
2022-12-19T15:59:59.8431360,-0.0085334615656746
2022-12-19T15:59:59.8432384,0.0158111476565318
2022-12-19T15:59:59.8433536,-0.0239955777923602
2022-12-19T15:59:59.8434688,-0.0361678818166088
2022-12-19T15:59:59.8435840,0.000678012093708949
2022-12-19T15:59:59.8588800,-0.00688855556400039
2022-12-19T15:59:59.8591872,-0.0262984461373967
2022-12-19T15:59:59.8594304,-0.0216927094397817
2022-12-19T15:59:59.8595840,0.00956050466658112
2022-12-19T15:59:59.8596992,-0.0226796530203822
2022-12-19T15:59:59.8598528,-0.00721753676464547
2022-12-19T15:59:59.8599552,0.0460774197799385
2022-12-19T15:59:59.8600832,-0.0378127877497363
2022-12-19T15:59:59.8759168,0.0533150067907566
2022-12-19T15:59:59.8762752,0.0207458658464715
2022-12-19T15:59:59.8765056,-0.0440634302607818
2022-12-19T15:59:59.8766464,0.0418006638551917
2022-12-19T15:59:59.8768000,-0.00261179994148619
2022-12-19T15:59:59.8769152,0.0427876075277508
2022-12-19T15:59:59.8770176,0.00528374896914695
2022-12-19T15:59:59.8771200,0.0187719785662566
2022-12-19T15:59:59.8923648,-0.0397866748644434
2022-12-19T15:59:59.8927104,-0.0203767846634904
2022-12-19T15:59:59.8928768,0.0325891896467616
2022-12-19T15:59:59.8929920,-0.0651182256834811
2022-12-19T15:59:59.8931072,0.00692865500349785
2022-12-19T15:59:59.8932096,0.0197589222056571
2022-12-19T15:59:59.8933248,-0.0332070511273362
2022-12-19T15:59:59.8934400,-0.0262984461373967
2022-12-19T15:59:59.8935424,0.00561273017570495
2022-12-19T15:59:59.9091584,-0.000637912722236303
2022-12-19T15:59:59.9094656,-0.00820448036564994
2022-12-19T15:59:59.9097216,-0.00294078114415022
2022-12-19T15:59:59.9098752,0.00166495570730275
2022-12-19T15:59:59.9100032,-0.0262984461373967
2022-12-19T15:59:59.9101056,0.0204168846327095
2022-12-19T15:59:59.9102208,0.0408137201840608
2022-12-19T15:59:59.9103232,-0.0266274273289295
2022-12-19T15:59:59.9258624,0.0447614948771567
2022-12-19T15:59:59.9260928,-0.00261179994148619
2022-12-19T15:59:59.9262080,-0.0318911263725649
2022-12-19T15:59:59.9263232,0.06055259387879
2022-12-19T15:59:59.9264256,-0.00984938636422307
2022-12-19T15:59:59.9265280,0.0480513071388821
2022-12-19T15:59:59.9266560,0.005941711382419
2022-12-19T15:59:59.9267712,0.0164691100798168
2022-12-19T15:59:59.9268992,-0.0078754991654702
2022-12-19T15:59:59.9425408,-0.0230086342136077
2022-12-19T15:59:59.9427712,0.0345630769666917
2022-12-19T15:59:59.9429120,-0.066763131549763
2022-12-19T15:59:59.9430272,-0.00228281873866669
2022-12-19T15:59:59.9431424,0.0187719785662566
2022-12-19T15:59:59.9432448,-0.0170869727119661
2022-12-19T15:59:59.9433600,-0.0105073487625675
2022-12-19T15:59:59.9434624,-0.00655957436320019
2022-12-19T15:59:59.9591936,-0.0055726307598683
2022-12-19T15:59:59.9594496,-0.017415953907813
2022-12-19T15:59:59.9595776,-0.00886244276554422
2022-12-19T15:59:59.9596928,0.0033098617330751
2022-12-19T15:59:59.9598080,-0.0161000291234987
2022-12-19T15:59:59.9599104,0.00561273017570495
2022-12-19T15:59:59.9600128,0.0556178754012885
2022-12-19T15:59:59.9601280,-0.0348519570673523
2022-12-19T15:59:59.9759360,0.069106105991819
2022-12-19T15:59:59.9761664,0.00692865500349785
2022-12-19T15:59:59.9762816,-0.0378127877497363
2022-12-19T15:59:59.9763968,0.0710799934179284
2022-12-19T15:59:59.9764992,-0.0101783675634727
2022-12-19T15:59:59.9766016,0.0306153023325207
2022-12-19T15:59:59.9767040,0.0223907719176392
2022-12-19T15:59:59.9768320,0.0237066967774044
2022-12-19T15:59:59.9924480,-0.0147841043367125
2022-12-19T15:59:59.9927552,-0.0345229758796555
2022-12-19T15:59:59.9929344,0.0500251945035551
2022-12-19T15:59:59.9930496,-0.0509720350773848
2022-12-19T15:59:59.9931904,-0.00524364955844718
2022-12-19T15:59:59.9933056,0.0158111476565318
2022-12-19T15:59:59.9934080,-0.0355099194422867
2022-12-19T15:59:59.9935104,-0.0210347470519443
2022-12-19T15:59:59.9936256,0.0118633731299873
2022-12-19T16:00:00.0092800,-0.00655957436320019
2022-12-19T16:00:00.0096384,-0.00590161196113415
2022-12-19T16:00:00.0098176,-0.0121522547557184
2022-12-19T16:00:00.0099456,-0.000308931518483477
2022-12-19T16:00:00.0100608,-0.0289302956653566
2022-12-19T16:00:00.0102144,-0.00228281873866669
2022-12-19T16:00:00.0103296,0.0322602084273265
2022-12-19T16:00:00.0104320,-0.0302462204256504
2022-12-19T16:00:00.0260736,0.0585787064834723
2022-12-19T16:00:00.0263680,0.000678012093708949
2022-12-19T16:00:00.0266240,-0.0305752016153402
2022-12-19T16:00:00.0267904,0.0615395375786094
2022-12-19T16:00:00.0269184,-0.0177449351035055
2022-12-19T16:00:00.0270208,0.0378528891792314
2022-12-19T16:00:00.0271360,-0.00721753676464547
2022-12-19T16:00:00.0272384,0.0171270725037292
2022-12-19T16:00:00.0273536,-0.0197188222744198
2022-12-19T16:00:00.0421504,-0.0197188222744198
2022-12-19T16:00:00.0424832,0.0424586263034057
2022-12-19T16:00:00.0426496,-0.0582096210038585
2022-12-19T16:00:00.0427648,0.00561273017570495
2022-12-19T16:00:00.0428928,0.0158111476565318
2022-12-19T16:00:00.0429952,-0.0361678818166088
2022-12-19T16:00:00.0431232,-0.0243245589849698
2022-12-19T16:00:00.0432256,0.0138372603904395
2022-12-19T16:00:00.0593024,-0.0239955777923602
2022-12-19T16:00:00.0595456,-0.0055726307598683
2022-12-19T16:00:00.0596864,-0.0128102171518951
2022-12-19T16:00:00.0598016,0.00956050466658112
2022-12-19T16:00:00.0599296,-0.0239955777923602
2022-12-19T16:00:00.0600448,0.00988948587516988
2022-12-19T16:00:00.0601856,0.037523907957265
2022-12-19T16:00:00.0603008,-0.0335360323156458
2022-12-19T16:00:00.0759808,0.0582497252514792
2022-12-19T16:00:00.0763776,0.0197589222056571
2022-12-19T16:00:00.0766976,-0.0282723332842885
2022-12-19T16:00:00.0770176,0.0635134249825725
2022-12-19T16:00:00.0771840,-0.0151130855336409
2022-12-19T16:00:00.0772992,0.0322602084273265
2022-12-19T16:00:00.0774144,-0.0101783675634727
2022-12-19T16:00:00.0775296,-0.236188416127497
2022-12-19T16:00:00.0776448,-0.016429010319809
2022-12-19T16:00:00.0918912,-0.014126141942392
2022-12-19T16:00:00.0921984,0.0457484385540046
2022-12-19T16:00:00.0924672,-0.0526169409762142
2022-12-19T16:00:00.0926336,0.0125213355495117
2022-12-19T16:00:00.0927616,0.00396782414447519
2022-12-19T16:00:00.0928640,-0.0417605619736507
2022-12-19T16:00:00.0929664,-0.0460373173580908
2022-12-19T16:00:00.0930688,0.0279834525890402
2022-12-19T16:00:00.1094016,0.0118633731299873
2022-12-19T16:00:00.1097600,-0.00721753676464547
2022-12-19T16:00:00.1100032,0.00265189932229863
2022-12-19T16:00:00.1102336,-0.00623059316224477
2022-12-19T16:00:00.1104128,-0.0216927094397817
2022-12-19T16:00:00.1105152,0.00923152345814872
2022-12-19T16:00:00.1106304,0.0210748470603906
2022-12-19T16:00:00.1107456,-0.0361678818166088
2022-12-19T16:00:00.1255040,0.043774551201739
2022-12-19T16:00:00.1258240,0.0141662416010631
2022-12-19T16:00:00.1260800,-0.0200478034690322
2022-12-19T16:00:00.1262592,0.0388398328460813
2022-12-19T16:00:00.1263744,0.0766726744900302
2022-12-19T16:00:00.1265024,0.0404847389606678
2022-12-19T16:00:00.1266304,-0.101306153875356
2022-12-19T16:00:00.1267328,-0.000637912722236303
2022-12-19T16:00:00.1268352,0.0612105563451762
2022-12-19T16:00:00.1430016,-0.0733427549772179
2022-12-19T16:00:00.1434496,0.0316022459889304
2022-12-19T16:00:00.1436416,-0.0397866748644434
2022-12-19T16:00:00.1437824,-0.0075465179651354
2022-12-19T16:00:00.1438976,0.0365369642923159
2022-12-19T16:00:00.1440000,-0.0450503738101221
2022-12-19T16:00:00.1441280,-0.0318911263725649
2022-12-19T16:00:00.1442432,0.0082445798337894
2022-12-19T16:00:00.1579264,-0.000308931518483477
2022-12-19T16:00:00.1583104,0.000349030889489121
2022-12-19T16:00:00.1585792,-0.0210347470519443
2022-12-19T16:00:00.1587456,0.0197589222056571
2022-12-19T16:00:00.1588736,-0.0364968630035403
2022-12-19T16:00:00.1589888,-0.0039277247512097
2022-12-19T16:00:00.1591040,0.0434455699769174
2022-12-19T16:00:00.1592064,-0.0562357339402814
2022-12-19T16:00:00.1593216,0.034234095746308
2022-12-19T16:00:00.1747968,-0.00195383753569171
2022-12-19T16:00:00.1750912,-0.0233376154066791
2022-12-19T16:00:00.1752576,0.0740408245679497
2022-12-19T16:00:00.1753984,-0.00952040516481843
2022-12-19T16:00:00.1755392,0.0233777155622271
2022-12-19T16:00:00.1757696,-0.00326976234665881
2022-12-19T16:00:00.1759232,0.00627069258928915
2022-12-19T16:00:00.1918976,0.00462578655649906
2022-12-19T16:00:00.1922048,-0.0312331639942593
2022-12-19T16:00:00.1923968,0.0493672320480272
2022-12-19T16:00:00.1925120,-0.0618284139395945
2022-12-19T16:00:00.1926400,-0.00261179994148619
2022-12-19T16:00:00.1927424,0.0144952228118434
2022-12-19T16:00:00.1928576,-0.0463662985404424
2022-12-19T16:00:00.1929600,-0.0262984461373967
2022-12-19T16:00:00.2095488,0.0131792979696624
2022-12-19T16:00:00.2097920,-0.00524364955844718
2022-12-19T16:00:00.2099200,-0.000308931518483477
2022-12-19T16:00:00.2100352,-0.0131391983497513
2022-12-19T16:00:00.2101376,0.00791559862598218
2022-12-19T16:00:00.2102400,-0.0197188222744198
2022-12-19T16:00:00.2103552,-0.00590161196113415
2022-12-19T16:00:00.2104704,0.0552888941707336
2022-12-19T16:00:00.2105728,-0.0506430538971631
2022-12-19T16:00:00.2258304,0.0490382508205021
2022-12-19T16:00:00.2263040,-0.00590161196113415
2022-12-19T16:00:00.2266240,-0.0325490887502571
2022-12-19T16:00:00.2267904,0.0710799934179284
2022-12-19T16:00:00.2268928,-0.00228281873866669
2022-12-19T16:00:00.2269952,0.0279834525890402
2022-12-19T16:00:00.2270976,-0.0203767846634904
2022-12-19T16:00:00.2272128,0.0246936404238808
2022-12-19T16:00:00.2273152,-0.0111653111602924
2022-12-19T16:00:00.2424960,-0.0118232735573979
2022-12-19T16:00:00.2428288,0.0358790018498081
2022-12-19T16:00:00.2430592,-0.0562357339402814
2022-12-19T16:00:00.2433280,0.0082445798337894
2022-12-19T16:00:00.2435072,0.0144952228118434
2022-12-19T16:00:00.2436352,-0.0374838065634167
2022-12-19T16:00:00.2437632,-0.0312331639942593
2022-12-19T16:00:00.2438784,0.00791559862598218
2022-12-19T16:00:00.2588032,-0.00984938636422307
2022-12-19T16:00:00.2592128,-0.0147841043367125
2022-12-19T16:00:00.2595584,-0.0134681795474529
2022-12-19T16:00:00.2598912,0.00396782414447519
2022-12-19T16:00:00.2602240,-0.0226796530203822
2022-12-19T16:00:00.2604928,-0.000308931518483477
2022-12-19T16:00:00.2606720,0.0283124338064231
2022-12-19T16:00:00.2607872,-0.0341939946918055
2022-12-19T16:00:00.2759552,0.0506831569597203
2022-12-19T16:00:00.2762880,0.0171270725037292
2022-12-19T16:00:00.2764544,-0.0276143709026059
2022-12-19T16:00:00.2765696,0.0717379558945845
2022-12-19T16:00:00.2767232,-0.0111653111602924
2022-12-19T16:00:00.2768384,0.0444325136518585
2022-12-19T16:00:00.2769536,0.00561273017570495
2022-12-19T16:00:00.2770560,0.0214038282744669
2022-12-19T16:00:00.2771584,-0.00623059316224477
2022-12-19T16:00:00.2926464,-0.00919142396525881
2022-12-19T16:00:00.2929536,0.0506831569597203
2022-12-19T16:00:00.2931456,-0.0496561103555861
2022-12-19T16:00:00.2932608,2.00496854250026E-05
2022-12-19T16:00:00.2933888,0.0115343919204599
2022-12-19T16:00:00.2934912,-0.0489981479937746
2022-12-19T16:00:00.2936064,-0.0269564085203087
2022-12-19T16:00:00.2937088,0.010218467083915
2022-12-19T16:00:00.3090944,-0.00919142396525881
2022-12-19T16:00:00.3094016,0.00232291811714419
2022-12-19T16:00:00.3095808,-0.0243245589849698
2022-12-19T16:00:00.3097344,-0.00129587512927513
2022-12-19T16:00:00.3098496,-0.0312331639942593
2022-12-19T16:00:00.3099648,-0.00524364955844718
2022-12-19T16:00:00.3101056,0.0434455699769174
2022-12-19T16:00:00.3102080,-0.0292592768556604
2022-12-19T16:00:00.3260800,0.0543019504800269
2022-12-19T16:00:00.3264128,0.00561273017570495
2022-12-19T16:00:00.3266304,-0.0315621451834888
2022-12-19T16:00:00.3267712,0.0681191622809339
2022-12-19T16:00:00.3268864,-0.0230086342136077
2022-12-19T16:00:00.3270144,0.0141662416010631
2022-12-19T16:00:00.3271424,-0.0220216906334693
2022-12-19T16:00:00.3272576,-0.0101783675634727
2022-12-19T16:00:00.3427456,-0.000637912722236303
2022-12-19T16:00:00.3432064,-0.00886244276554422
2022-12-19T16:00:00.3435008,0.0529860255613189
2022-12-19T16:00:00.3436672,-0.0614994327643749
2022-12-19T16:00:00.3437824,0.00791559862598218
2022-12-19T16:00:00.3438976,0.0181140161407747
2022-12-19T16:00:00.3440000,-0.0562357339402814
2022-12-19T16:00:00.3441152,-0.0223506718270028
2022-12-19T16:00:00.3442176,0.0204168846327095
2022-12-19T16:00:00.3592320,0.00528374896914695
2022-12-19T16:00:00.3595520,-0.0039277247512097
2022-12-19T16:00:00.3597440,-0.0144551231396295
2022-12-19T16:00:00.3598720,0.00923152345814872
2022-12-19T16:00:00.3599744,-0.0315621451834888
2022-12-19T16:00:00.3601024,-0.014126141942392
2022-12-19T16:00:00.3602176,0.0260095652880537
2022-12-19T16:00:00.3603328,-0.0384707501219167
2022-12-19T16:00:00.3761280,0.0543019504800269
2022-12-19T16:00:00.3766144,-0.00195383753569171
2022-12-19T16:00:00.3769984,-0.039457693679041
2022-12-19T16:00:00.3773440,0.0740408245679497
2022-12-19T16:00:00.3776640,-0.0167579915159647
2022-12-19T16:00:00.3778816,0.0352210394079334
2022-12-19T16:00:00.3781504,-0.00261179994148619
2022-12-19T16:00:00.3784064,0.0217328094887004
2022-12-19T16:00:00.3786112,-0.00294078114415022
2022-12-19T16:00:00.3859456,-0.0332070511273362
2022-12-19T16:00:00.3863296,0.037523907957265
2022-12-19T16:00:00.3865600,-0.0559067527624882
2022-12-19T16:00:00.3867392,0.00627069258928915
2022-12-19T16:00:00.3870464,0.0210748470603906
2022-12-19T16:00:00.3873280,-0.0506430538971631
2022-12-19T16:00:00.3875968,-0.0253115025618754
2022-12-19T16:00:00.3878528,0.0184429973534371
2022-12-19T16:00:00.3881344,-0.0134681795474529
2022-12-19T16:00:00.3971840,-0.0085334615656746
2022-12-19T16:00:00.3976320,-0.000637912722236303
2022-12-19T16:00:00.3979776,0.00462578655649906
2022-12-19T16:00:00.3982080,-0.0157710479270339
2022-12-19T16:00:00.4088832,-0.00491466835687079
2022-12-19T16:00:00.4091520,0.0506831569597203
2022-12-19T16:00:00.4093440,-0.0289302956653566
2022-12-19T16:00:00.4095232,0.0677901810442935
2022-12-19T16:00:00.4096896,0.00396782414447519
2022-12-19T16:00:00.4249856,-0.0332070511273362
2022-12-19T16:00:00.4254080,0.0832522993404034
2022-12-19T16:00:00.4256640,-0.0243245589849698
2022-12-19T16:00:00.4259072,0.0217328094887004
2022-12-19T16:00:00.4261504,-0.0134681795474529
2022-12-19T16:00:00.4263936,0.0131792979696624
2022-12-19T16:00:00.4411776,-0.0075465179651354
2022-12-19T16:00:00.4414080,-0.0226796530203822
2022-12-19T16:00:00.4415488,0.0352210394079334
2022-12-19T16:00:00.4416640,-0.0651182256834811
2022-12-19T16:00:00.4417664,-0.017415953907813
2022-12-19T16:00:00.4418816,0.0131792979696624
2022-12-19T16:00:00.4419840,-0.0509720350773848
2022-12-19T16:00:00.4420864,-0.0269564085203087
2022-12-19T16:00:00.4422016,0.00627069258928915
2022-12-19T16:00:00.4581760,-0.0114942923589225
2022-12-19T16:00:00.4583424,-0.00195383753569171
2022-12-19T16:00:00.4584576,-0.0055726307598683
2022-12-19T16:00:00.4585600,0.00659967379631543
2022-12-19T16:00:00.4586752,-0.0147841043367125
2022-12-19T16:00:00.4587776,0.00429680535040913
2022-12-19T16:00:00.4588928,0.0487092695931362
2022-12-19T16:00:00.4747136,-0.0351809382548961
2022-12-19T16:00:00.4750080,0.0556178754012885
2022-12-19T16:00:00.4752640,0.010218467083915
2022-12-19T16:00:00.4754432,-0.0358389006295243
2022-12-19T16:00:00.4755840,0.0829233180963501
2022-12-19T16:00:00.4757120,-0.0161000291234987
2022-12-19T16:00:00.4758656,0.0332471520861059
2022-12-19T16:00:00.4760064,-0.0266274273289295
2022-12-19T16:00:00.4761472,0.00363884293869718
2022-12-19T16:00:00.4913024,0.0033098617330751
2022-12-19T16:00:00.4915584,-0.0351809382548961
2022-12-19T16:00:00.4916992,0.0312732647699692
2022-12-19T16:00:00.4918144,-0.0578806398269743
2022-12-19T16:00:00.4919296,-0.00294078114415022
2022-12-19T16:00:00.4920448,0.0266675277210854
2022-12-19T16:00:00.4921728,-0.0578806398269743
2022-12-19T16:00:00.4922880,-0.0371548253769442
2022-12-19T16:00:00.5079936,0.0171270725037292
2022-12-19T16:00:00.5083264,-0.0157710479270339
2022-12-19T16:00:00.5086336,0.00133597450261574
2022-12-19T16:00:00.5089152,-0.0131391983497513
2022-12-19T16:00:00.5091584,0.00923152345814872
2022-12-19T16:00:00.5094144,-0.00326976234665881
2022-12-19T16:00:00.5096576,0.00363884293869718
2022-12-19T16:00:00.5098880,0.0447614948771567
2022-12-19T16:00:00.5100672,-0.0368258441903187
2022-12-19T16:00:00.5257728,0.0523280631029221
2022-12-19T16:00:00.5260288,0.0250226216396877
2022-12-19T16:00:00.5261824,-0.0302462204256504
2022-12-19T16:00:00.5262976,0.0796335056647057
2022-12-19T16:00:00.5264128,-0.0358389006295243
2022-12-19T16:00:00.5265280,0.0220617907030912
2022-12-19T16:00:00.5266304,-0.0114942923589225
2022-12-19T16:00:00.5267456,0.0121923543396712
2022-12-19T16:00:00.5410560,-0.0144551231396295
2022-12-19T16:00:00.5411840,-0.0332070511273362
2022-12-19T16:00:00.5412608,0.0286414150239637
2022-12-19T16:00:00.5413504,-0.0506430538971631
2022-12-19T16:00:00.5414272,0.00298088052760892
2022-12-19T16:00:00.5415168,0.00627069258928915
2022-12-19T16:00:00.5416064,-0.0453793549929307
2022-12-19T16:00:00.5416832,-0.014126141942392
2022-12-19T16:00:00.5417600,0.0118633731299873
2022-12-19T16:00:00.5524096,0.0141662416010631
2022-12-19T16:00:00.5525760,-0.000966893925833531
2022-12-19T16:00:00.5526784,0.00758661741833119
2022-12-19T16:00:00.5527552,0.00923152345814872
2022-12-19T16:00:00.5528192,-0.0137971607449997
2022-12-19T16:00:00.5528704,-0.00261179994148619
2022-12-19T16:00:00.5529344,0.0635134249825725
2022-12-19T16:00:00.5647232,-0.0216927094397817
2022-12-19T16:00:00.5648512,0.0450904761026137
2022-12-19T16:00:00.5649408,0.0121923543396712
2022-12-19T16:00:00.5650048,-0.0549198092281989
2022-12-19T16:00:00.5650688,0.0681191622809339
2022-12-19T16:00:00.5651328,-0.0220216906334693
2022-12-19T16:00:00.5760256,0.00627069258928915
2022-12-19T16:00:00.5761792,-0.00458568715513909
2022-12-19T16:00:00.5762688,-0.0085334615656746
2022-12-19T16:00:00.5763584,0.057920744019646
2022-12-19T16:00:00.5764352,-0.104595965439705
2022-12-19T16:00:00.5765120,0.0167980912916946
2022-12-19T16:00:00.5907584,-0.0786064536758771
2022-12-19T16:00:00.5909504,0.103649136788482
2022-12-19T16:00:00.5910912,0.00627069258928915
2022-12-19T16:00:00.5911936,-0.0253115025618754
2022-12-19T16:00:00.5912704,-0.0309041828048764
2022-12-19T16:00:00.5913600,0.0385108516236395
2022-12-19T16:00:00.6029056,0.00725763621083642
2022-12-19T16:00:00.6032256,-0.0154420667304147
2022-12-19T16:00:00.6034432,-0.00820448036564994
2022-12-19T16:00:00.6035840,-0.00491466835687079
2022-12-19T16:00:00.6037504,-0.0315621451834888
2022-12-19T16:00:00.6038784,0.0115343919204599
2022-12-19T16:00:00.6039808,0.0418006638551917
2022-12-19T16:00:00.6129408,-0.0223506718270028
2022-12-19T16:00:00.6133248,0.0592366689479383
2022-12-19T16:00:00.6135936,0.00923152345814872
2022-12-19T16:00:00.6137600,-0.0466952797226417
2022-12-19T16:00:00.6139008,0.0697640684665458
2022-12-19T16:00:00.6140416,-0.0295882580458106
2022-12-19T16:00:00.6252032,0.0371949267354569
2022-12-19T16:00:00.6254336,0.00659967379631543
2022-12-19T16:00:00.6255616,0.0121923543396712
2022-12-19T16:00:00.6256768,-0.0305752016153402
2022-12-19T16:00:00.6257920,-0.0312331639942593
2022-12-19T16:00:00.6373632,0.0371949267354569
2022-12-19T16:00:00.6376704,-0.0503140727167894
2022-12-19T16:00:00.6378368,0.019100959779233
2022-12-19T16:00:00.6379520,2.00496854250026E-05
2022-12-19T16:00:00.6380672,-0.0440634302607818
2022-12-19T16:00:00.6381952,-0.02596946494571
2022-12-19T16:00:00.6469760,-0.00721753676464547
2022-12-19T16:00:00.6473728,0.00133597450261574
2022-12-19T16:00:00.6475904,0.00265189932229863
2022-12-19T16:00:00.6477056,-0.0144551231396295
2022-12-19T16:00:00.6478336,0.000678012093708949
2022-12-19T16:00:00.6479360,-0.0134681795474529
2022-12-19T16:00:00.6604672,-0.00129587512927513
2022-12-19T16:00:00.6608768,0.028970396241662
2022-12-19T16:00:00.6610560,-0.0286013144748993
2022-12-19T16:00:00.6611840,0.0496962132757115
2022-12-19T16:00:00.6613376,-0.00886244276554422
2022-12-19T16:00:00.6757120,-0.04044463723479
2022-12-19T16:00:00.6760704,0.0631844437481781
2022-12-19T16:00:00.6763264,-0.04044463723479
2022-12-19T16:00:00.6765056,0.0414716826313227
2022-12-19T16:00:00.6766336,-0.0111653111602924
2022-12-19T16:00:00.6767360,0.00692865500349785
2022-12-19T16:00:00.6768384,-0.0124812359538841
2022-12-19T16:00:00.6879104,-0.0272853897115341
2022-12-19T16:00:00.6882176,0.0457484385540046
2022-12-19T16:00:00.6884608,-0.0559067527624882
2022-12-19T16:00:00.6886272,0.00791559862598218
2022-12-19T16:00:00.6887552,0.0358790018498081
2022-12-19T16:00:00.6888704,-0.0391287124934857
2022-12-19T16:00:00.6889728,-0.027943352093524
2022-12-19T16:00:00.6890752,0.0210748470603906
2022-12-19T16:00:00.6974592,0.00396782414447519
2022-12-19T16:00:00.6977536,-0.00359874354901193
2022-12-19T16:00:00.6979968,0.00692865500349785
2022-12-19T16:00:00.6981376,-0.00590161196113415
2022-12-19T16:00:00.6982656,-0.0328780699388733
2022-12-19T16:00:00.6983680,-0.00195383753569171
2022-12-19T16:00:00.7079168,0.0480513071388821
2022-12-19T16:00:00.7082240,-0.0361678818166088
2022-12-19T16:00:00.7083776,0.0470643634586944
2022-12-19T16:00:00.7084928,0.0118633731299873
2022-12-19T16:00:00.7085952,-0.0276143709026059
2022-12-19T16:00:00.7178240,0.0674611998078136
2022-12-19T16:00:00.7182336,-0.0170869727119661
2022-12-19T16:00:00.7184128,0.0260095652880537
2022-12-19T16:00:00.7185408,-0.0101783675634727
2022-12-19T16:00:00.7186432,0.0128503167595087
2022-12-19T16:00:00.7297280,-0.00590161196113415
2022-12-19T16:00:00.7302656,-0.039457693679041
2022-12-19T16:00:00.7306240,0.0519990818739629
2022-12-19T16:00:00.7309184,-0.0532749033346829
2022-12-19T16:00:00.7312000,0.00561273017570495
2022-12-19T16:00:00.7430784,0.0233777155622271
2022-12-19T16:00:00.7433088,-0.0437344490773635
2022-12-19T16:00:00.7434368,-0.0292592768556604
2022-12-19T16:00:00.7435520,0.0266675277210854
2022-12-19T16:00:00.7436800,2.00496854250026E-05
2022-12-19T16:00:00.7437952,0.00725763621083642
2022-12-19T16:00:00.7593344,0.00462578655649906
2022-12-19T16:00:00.7596416,2.00496854250026E-05
2022-12-19T16:00:00.7598336,-0.0118232735573979
2022-12-19T16:00:00.7599488,0.00561273017570495
2022-12-19T16:00:00.7600640,0.0503541757315581
2022-12-19T16:00:00.7601792,-0.0243245589849698
2022-12-19T16:00:00.7712896,0.0371949267354569
2022-12-19T16:00:00.7716096,0.0174560537159208
2022-12-19T16:00:00.7717632,-0.0417605619736507
2022-12-19T16:00:00.7718912,0.0661452748634996
2022-12-19T16:00:00.7720064,-0.0197188222744198
2022-12-19T16:00:00.7721216,0.0316022459889304
2022-12-19T16:00:00.7722752,0.00363884293869718
2022-12-19T16:00:00.7723904,0.0154821664451246
2022-12-19T16:00:00.7829504,-0.0220216906334693
2022-12-19T16:00:00.7833600,-0.0213637282459401
2022-12-19T16:00:00.7836288,0.0263385465044908
2022-12-19T16:00:00.7839232,-0.0480112044499164
2022-12-19T16:00:00.7841664,0.0125213355495117
2022-12-19T16:00:00.7844096,0.0131792979696624
2022-12-19T16:00:00.7846912,-0.0430764867100695
2022-12-19T16:00:00.7947136,-0.0253115025618754
2022-12-19T16:00:00.7950208,-0.000637912722236303
2022-12-19T16:00:00.7951872,0.000349030889489121
2022-12-19T16:00:00.7953024,-0.0085334615656746
2022-12-19T16:00:00.7954560,0.00429680535040913
2022-12-19T16:00:00.7955712,0.00429680535040913
2022-12-19T16:00:00.8098560,-0.0154420667304147
2022-12-19T16:00:00.8101632,0.00363884293869718
2022-12-19T16:00:00.8103296,0.0513411194165228
2022-12-19T16:00:00.8104320,-0.0177449351035055
2022-12-19T16:00:00.8105472,0.0427876075277508
2022-12-19T16:00:00.8259456,0.0167980912916946
2022-12-19T16:00:00.8262528,-0.0476822232683261
2022-12-19T16:00:00.8264192,0.0595656501804112
2022-12-19T16:00:00.8265472,-0.0197188222744198
2022-12-19T16:00:00.8266624,0.0378528891792314
2022-12-19T16:00:00.8267648,-0.00820448036564994
2022-12-19T16:00:00.8268928,0.0161401288680959
2022-12-19T16:00:00.8269952,-0.0230086342136077
2022-12-19T16:00:00.8358784,-0.0430764867100695
2022-12-19T16:00:00.8361088,0.0273254901547475
2022-12-19T16:00:00.8362368,-0.0506430538971631
2022-12-19T16:00:00.8363520,0.0184429973534371
2022-12-19T16:00:00.8364928,0.00923152345814872
2022-12-19T16:00:00.8366208,-0.02596946494571
2022-12-19T16:00:00.8367360,-0.0299172392358072
2022-12-19T16:00:00.8368384,0.0164691100798168
2022-12-19T16:00:00.8478336,-0.0039277247512097
2022-12-19T16:00:00.8481664,-0.00623059316224477
2022-12-19T16:00:00.8483328,-0.00195383753569171
2022-12-19T16:00:00.8484352,0.0082445798337894
2022-12-19T16:00:00.8485504,-0.0207057658577945
2022-12-19T16:00:00.8597760,0.00791559862598218
2022-12-19T16:00:00.8600832,0.0401557577374334
2022-12-19T16:00:00.8602624,-0.0387997313077776
2022-12-19T16:00:00.8603904,0.028970396241662
2022-12-19T16:00:00.8605312,-0.00129587512927513
2022-12-19T16:00:00.8606464,-0.0368258441903187
2022-12-19T16:00:00.8760704,0.0487092695931362
2022-12-19T16:00:00.8764160,-0.0180739162990437
2022-12-19T16:00:00.8765696,0.0312732647699692
2022-12-19T16:00:00.8766848,-0.0078754991654702
2022-12-19T16:00:00.8768128,0.00857356104175289
2022-12-19T16:00:00.8769152,-0.0147841043367125
2022-12-19T16:00:00.8879744,-0.0203767846634904
2022-12-19T16:00:00.8882048,0.0460774197799385
2022-12-19T16:00:00.8883328,-0.0374838065634167
2022-12-19T16:00:00.8884480,0.0121923543396712
2022-12-19T16:00:00.8885760,0.00791559862598218
2022-12-19T16:00:00.8887040,-0.0529459221555245
2022-12-19T16:00:00.8888064,-0.0282723332842885
2022-12-19T16:00:00.8889216,0.0118633731299873
2022-12-19T16:00:00.9001984,0.00923152345814872
2022-12-19T16:00:00.9004288,-0.00820448036564994
2022-12-19T16:00:00.9005440,-0.0075465179651354
2022-12-19T16:00:00.9006592,0.0148242040227804
2022-12-19T16:00:00.9007744,-0.0151130855336409
2022-12-19T16:00:00.9008768,-0.000308931518483477
2022-12-19T16:00:00.9119616,0.0552888941707336
2022-12-19T16:00:00.9122304,-0.0299172392358072
2022-12-19T16:00:00.9123712,0.0427876075277508
2022-12-19T16:00:00.9124864,-0.00359874354901193
2022-12-19T16:00:00.9126016,-0.0522879597967521
2022-12-19T16:00:00.9127168,0.0615395375786094
2022-12-19T16:00:00.9258496,-0.016429010319809
2022-12-19T16:00:00.9261568,0.0418006638551917
2022-12-19T16:00:00.9263488,-0.000308931518483477
2022-12-19T16:00:00.9264768,0.00988948587516988
2022-12-19T16:00:00.9265920,-0.0243245589849698
2022-12-19T16:00:00.9267072,-0.0299172392358072
2022-12-19T16:00:00.9376640,0.0483802883659295
2022-12-19T16:00:00.9379712,-0.0345229758796555
2022-12-19T16:00:00.9381376,0.0161401288680959
2022-12-19T16:00:00.9382656,0.0105474482928166
2022-12-19T16:00:00.9383680,-0.0483401856313546
2022-12-19T16:00:00.9384832,-0.0309041828048764
2022-12-19T16:00:00.9385856,0.0187719785662566
2022-12-19T16:00:00.9472768,-0.0055726307598683
2022-12-19T16:00:00.9476096,-0.0193898410796531
2022-12-19T16:00:00.9477504,0.00956050466658112
2022-12-19T16:00:00.9478656,-0.0085334615656746
2022-12-19T16:00:00.9479680,-0.0111653111602924
2022-12-19T16:00:00.9480704,-0.0101783675634727
2022-12-19T16:00:00.9594624,0.0556178754012885
2022-12-19T16:00:00.9597696,-0.0312331639942593
2022-12-19T16:00:00.9599360,0.0408137201840608
2022-12-19T16:00:00.9600512,0.00890254224987264
2022-12-19T16:00:00.9722880,-0.0269564085203087
2022-12-19T16:00:00.9726080,0.0723959183718841
2022-12-19T16:00:00.9728128,-0.0180739162990437
2022-12-19T16:00:00.9729536,0.034234095746308
2022-12-19T16:00:00.9730944,0.00232291811714419
2022-12-19T16:00:00.9732992,0.00956050466658112
2022-12-19T16:00:00.9839104,-0.0193898410796531
2022-12-19T16:00:00.9842304,-0.0226796530203822
2022-12-19T16:00:00.9843968,0.0408137201840608
2022-12-19T16:00:00.9845120,-0.0578806398269743
2022-12-19T16:00:00.9846272,0.0121923543396712
2022-12-19T16:00:00.9847680,0.010218467083915
2022-12-19T16:00:00.9848960,-0.0536038845136896
2022-12-19T16:00:00.9957248,-0.00886244276554422
2022-12-19T16:00:00.9960448,0.0144952228118434
2022-12-19T16:00:00.9962624,-0.0101783675634727
2022-12-19T16:00:00.9963904,-0.00524364955844718
2022-12-19T16:00:00.9965184,-0.00228281873866669
2022-12-19T16:00:00.9966208,-0.00228281873866669
2022-12-19T16:00:01.0095104,-0.0144551231396295
2022-12-19T16:00:01.0099840,0.00100699329808449
2022-12-19T16:00:01.0101632,0.028970396241662
2022-12-19T16:00:01.0102912,-0.0266274273289295
2022-12-19T16:00:01.0104064,0.0401557577374334
2022-12-19T16:00:01.0105216,-0.0055726307598683
2022-12-19T16:00:01.0264704,-0.0588675833571724
2022-12-19T16:00:01.0268416,0.098714417993734
2022-12-19T16:00:01.0271104,-0.0549198092281989
2022-12-19T16:00:01.0273152,0.0302863211140333
2022-12-19T16:00:01.0274944,0.00923152345814872
2022-12-19T16:00:01.0276480,-0.00590161196113415
2022-12-19T16:00:01.0278144,0.0704220309419155
2022-12-19T16:00:01.0417920,-0.0802513595113311
2022-12-19T16:00:01.0421504,0.0444325136518585
2022-12-19T16:00:01.0423424,-0.0897918132831926
2022-12-19T16:00:01.0424576,-0.0871599639793692
2022-12-19T16:00:01.0425856,0.0227197531323445
2022-12-19T16:00:01.0427008,0.0628554625139439
2022-12-19T16:00:01.0428160,-0.131901400854603
2022-12-19T16:00:01.0429312,-0.0131391983497513
2022-12-19T16:00:01.0537344,-0.0157710479270339
2022-12-19T16:00:01.0539520,-0.0121522547557184
2022-12-19T16:00:01.0540800,0.011205410711089
2022-12-19T16:00:01.0541952,-0.0266274273289295
2022-12-19T16:00:01.0543104,-0.0154420667304147
2022-12-19T16:00:01.0544512,-0.00162485633256119
2022-12-19T16:00:01.0545664,0.0332471520861059
2022-12-19T16:00:01.0546816,-0.0361678818166088
2022-12-19T16:00:01.0654336,0.0427876075277508
2022-12-19T16:00:01.0657664,0.0220617907030912
2022-12-19T16:00:01.0659712,-0.0355099194422867
2022-12-19T16:00:01.0661248,0.0566048190939116
2022-12-19T16:00:01.0662784,-0.0216927094397817
2022-12-19T16:00:01.0664064,0.0230487343472071
2022-12-19T16:00:01.0779648,-0.00294078114415022
2022-12-19T16:00:01.0782720,-0.00326976234665881
2022-12-19T16:00:01.0784640,-0.0137971607449997
2022-12-19T16:00:01.0785792,-0.0190608598847322
2022-12-19T16:00:01.0786944,0.0316022459889304
2022-12-19T16:00:01.0788096,-0.0341939946918055
2022-12-19T16:00:01.0924544,0.010218467083915
2022-12-19T16:00:01.0927616,0.010218467083915
2022-12-19T16:00:01.0929664,-0.0437344490773635
2022-12-19T16:00:01.0930816,-0.0078754991654702
2022-12-19T16:00:01.0931968,0.0161401288680959
2022-12-19T16:00:01.0932992,0.00133597450261574
2022-12-19T16:00:01.1033600,0.00100699329808449
2022-12-19T16:00:01.1036160,0.0237066967774044
2022-12-19T16:00:01.1037568,-0.0131391983497513
2022-12-19T16:00:01.1038720,-0.0193898410796531
2022-12-19T16:00:01.1039872,2.00496854250026E-05
2022-12-19T16:00:01.1040896,0.0493672320480272
2022-12-19T16:00:01.1042176,-0.0312331639942593
2022-12-19T16:00:01.1147648,0.0562758378628775
2022-12-19T16:00:01.1152256,0.00363884293869718
2022-12-19T16:00:01.1155328,-0.0424185243421653
2022-12-19T16:00:01.1158144,0.0760147120085432
2022-12-19T16:00:01.1159808,-0.0322201075614877
2022-12-19T16:00:01.1271680,0.0391688140686815
2022-12-19T16:00:01.1274880,0.00627069258928915
2022-12-19T16:00:01.1276544,0.00429680535040913
2022-12-19T16:00:01.1277824,-0.0230086342136077
2022-12-19T16:00:01.1278848,-0.0200478034690322
2022-12-19T16:00:01.1280000,0.0345630769666917
2022-12-19T16:00:01.1424896,-0.0480112044499164
2022-12-19T16:00:01.1427840,0.00890254224987264
2022-12-19T16:00:01.1429760,0.0273254901547475
2022-12-19T16:00:01.1431168,-0.0256404837538696
2022-12-19T16:00:01.1432320,-0.0101783675634727
2022-12-19T16:00:01.1433344,0.0230487343472071
2022-12-19T16:00:01.1524096,-0.00228281873866669
2022-12-19T16:00:01.1527168,0.00561273017570495
2022-12-19T16:00:01.1528704,0.00265189932229863
2022-12-19T16:00:01.1529856,-0.00228281873866669
2022-12-19T16:00:01.1531008,-0.0177449351035055
2022-12-19T16:00:01.1532160,0.00298088052760892
2022-12-19T16:00:01.1533184,0.0391688140686815
2022-12-19T16:00:01.1534336,-0.0269564085203087
2022-12-19T16:00:01.1626496,0.0546309317101028
2022-12-19T16:00:01.1629056,0.00890254224987264
2022-12-19T16:00:01.1630720,-0.0480112044499164
2022-12-19T16:00:01.1631872,0.0661452748634996
2022-12-19T16:00:01.1633024,-0.0266274273289295
2022-12-19T16:00:01.1761024,0.0250226216396877
2022-12-19T16:00:01.1764224,0.005941711382419
2022-12-19T16:00:01.1765760,-0.00129587512927513
2022-12-19T16:00:01.1767040,-0.0230086342136077
2022-12-19T16:00:01.1768192,-0.0328780699388733
2022-12-19T16:00:01.1890816,0.0454194573282296
2022-12-19T16:00:01.1893376,-0.0476822232683261
2022-12-19T16:00:01.1894528,2.00496854250026E-05
2022-12-19T16:00:01.1895680,0.0269965089378377
2022-12-19T16:00:01.1896704,-0.0414315807891646
2022-12-19T16:00:01.1897728,0.00561273017570495
2022-12-19T16:00:01.1898880,0.00462578655649906
2022-12-19T16:00:01.1986816,-0.26316486573141
2022-12-19T16:00:01.1988992,0.011205410711089
2022-12-19T16:00:01.1990144,0.0125213355495117
2022-12-19T16:00:01.1991296,0.0082445798337894
2022-12-19T16:00:01.1992832,-0.0131391983497513
2022-12-19T16:00:01.1993984,0.000678012093708949
2022-12-19T16:00:01.2117376,0.0414716826313227
2022-12-19T16:00:01.2119680,0.0638424062171271
2022-12-19T16:00:01.2120960,-0.016429010319809
2022-12-19T16:00:01.2121984,0.0082445798337894
2022-12-19T16:00:01.2123136,-0.0256404837538696
2022-12-19T16:00:01.2265856,0.0549599129403384
2022-12-19T16:00:01.2270976,-0.0348519570673523
2022-12-19T16:00:01.2274176,0.0299573398957038
2022-12-19T16:00:01.2275840,-0.0131391983497513
2022-12-19T16:00:01.2276992,-0.00984938636422307
2022-12-19T16:00:01.2278016,-0.0193898410796531
2022-12-19T16:00:01.2424576,-0.0295882580458106
2022-12-19T16:00:01.2427008,0.0421296450792193
2022-12-19T16:00:01.2428288,-0.0509720350773848
2022-12-19T16:00:01.2429440,-0.000966893925833531
2022-12-19T16:00:01.2430464,0.011205410711089
2022-12-19T16:00:01.2431616,-0.0470242609046887
2022-12-19T16:00:01.2432768,-0.0157710479270339
2022-12-19T16:00:01.2433792,0.00627069258928915
2022-12-19T16:00:01.2547584,-0.0154420667304147
2022-12-19T16:00:01.2551424,0.00429680535040913
2022-12-19T16:00:01.2554112,0.011205410711089
2022-12-19T16:00:01.2556160,0.000349030889489121
2022-12-19T16:00:01.2558720,-0.0085334615656746
2022-12-19T16:00:01.2561920,-0.0114942923589225
2022-12-19T16:00:01.2564992,0.0539729692501105
2022-12-19T16:00:01.2567168,-0.0315621451834888
2022-12-19T16:00:01.2676608,0.0562758378628775
2022-12-19T16:00:01.2679808,0.00298088052760892
2022-12-19T16:00:01.2681600,-0.0282723332842885
2022-12-19T16:00:01.2683008,0.0674611998078136
2022-12-19T16:00:01.2684288,-0.0457083361755869
2022-12-19T16:00:01.2685440,0.0348920581872335
2022-12-19T16:00:01.2686464,-0.0131391983497513
2022-12-19T16:00:01.2777728,-0.0085334615656746
2022-12-19T16:00:01.2780800,-0.0286013144748993
2022-12-19T16:00:01.2782464,-0.027943352093524
2022-12-19T16:00:01.2783872,0.0589076877156253
2022-12-19T16:00:01.2785024,-0.0641312821619009
2022-12-19T16:00:01.2786048,-0.00886244276554422
2022-12-19T16:00:01.2925824,0.0260095652880537
2022-12-19T16:00:01.2929664,-0.0621573951146631
2022-12-19T16:00:01.2931584,-0.00458568715513909
2022-12-19T16:00:01.2932736,0.00791559862598218
2022-12-19T16:00:01.2933760,-0.0114942923589225
2022-12-19T16:00:01.3049088,0.00265189932229863
2022-12-19T16:00:01.3052288,0.010218467083915
2022-12-19T16:00:01.3054208,-0.0151130855336409
2022-12-19T16:00:01.3055616,-0.0105073487625675
2022-12-19T16:00:01.3056768,0.0125213355495117
2022-12-19T16:00:01.3058048,0.0483802883659295
2022-12-19T16:00:01.3059328,-0.0256404837538696
2022-12-19T16:00:01.3165056,0.0589076877156253
2022-12-19T16:00:01.3168128,-0.000966893925833531
2022-12-19T16:00:01.3169664,-0.0312331639942593
2022-12-19T16:00:01.3170816,0.0661452748634996
2022-12-19T16:00:01.3172224,-0.0374838065634167
2022-12-19T16:00:01.3173760,0.0299573398957038
2022-12-19T16:00:01.3281280,0.00462578655649906
2022-12-19T16:00:01.3284480,-0.0105073487625675
2022-12-19T16:00:01.3286144,-0.0193898410796531
2022-12-19T16:00:01.3287296,-0.0286013144748993
2022-12-19T16:00:01.3288448,0.0299573398957038
2022-12-19T16:00:01.3289728,-0.0430764867100695
2022-12-19T16:00:01.3425024,0.00725763621083642
2022-12-19T16:00:01.3428096,0.0312732647699692
2022-12-19T16:00:01.3429760,-0.0489981479937746
2022-12-19T16:00:01.3430912,-0.0085334615656746
2022-12-19T16:00:01.3432192,0.011205410711089
2022-12-19T16:00:01.3433344,-0.0039277247512097
2022-12-19T16:00:01.3544960,-0.0075465179651354
2022-12-19T16:00:01.3547520,0.00462578655649906
2022-12-19T16:00:01.3548800,-0.00359874354901193
2022-12-19T16:00:01.3549824,-0.0108363299615074
2022-12-19T16:00:01.3550976,0.000349030889489121
2022-12-19T16:00:01.3552128,0.0447614948771567
2022-12-19T16:00:01.3553280,-0.0420895431579843
2022-12-19T16:00:01.3658240,0.0339051145260825
2022-12-19T16:00:01.3661312,0.00659967379631543
2022-12-19T16:00:01.3663872,-0.0243245589849698
2022-12-19T16:00:01.3665664,0.069106105991819
2022-12-19T16:00:01.3666944,-0.0443924114440477
2022-12-19T16:00:01.3668096,0.0240356779927391
2022-12-19T16:00:01.3775488,0.0108764295018745
2022-12-19T16:00:01.3777792,-0.0111653111602924
2022-12-19T16:00:01.3779072,-0.0118232735573979
2022-12-19T16:00:01.3780096,-0.0368258441903187
2022-12-19T16:00:01.3781248,0.043774551201739
2022-12-19T16:00:01.3782272,-0.0496561103555861
2022-12-19T16:00:01.3925504,-0.00326976234665881
2022-12-19T16:00:01.3930880,0.0164691100798168
2022-12-19T16:00:01.3934720,-0.0654472068570392
2022-12-19T16:00:01.3937280,-0.0144551231396295
2022-12-19T16:00:01.3939328,0.0082445798337894
2022-12-19T16:00:01.4060800,-0.0105073487625675
2022-12-19T16:00:01.4064640,-0.0085334615656746
2022-12-19T16:00:01.4066560,0.0151531852338741
2022-12-19T16:00:01.4067840,0.00791559862598218
2022-12-19T16:00:01.4068992,-0.0170869727119661
2022-12-19T16:00:01.4070144,-0.00294078114415022
2022-12-19T16:00:01.4071168,0.0450904761026137
2022-12-19T16:00:01.4072320,-0.0305752016153402
2022-12-19T16:00:01.4188160,0.0539729692501105
2022-12-19T16:00:01.4191232,-0.0137971607449997
2022-12-19T16:00:01.4193024,-0.04044463723479
2022-12-19T16:00:01.4194176,0.0710799934179284
2022-12-19T16:00:01.4195328,-0.0503140727167894
2022-12-19T16:00:01.4196480,0.0322602084273265
2022-12-19T16:00:01.4197632,0.0105474482928166
2022-12-19T16:00:01.4289792,0.00462578655649906
2022-12-19T16:00:01.4294272,-0.0039277247512097
2022-12-19T16:00:01.4296064,-0.0335360323156458
2022-12-19T16:00:01.4297344,0.0447614948771567
2022-12-19T16:00:01.4298496,-0.0345229758796555
2022-12-19T16:00:01.4299776,-0.0105073487625675
2022-12-19T16:00:01.4435072,0.0138372603904395
2022-12-19T16:00:01.4437248,-0.0578806398269743
2022-12-19T16:00:01.4438528,-0.00984938636422307
2022-12-19T16:00:01.4439680,0.00199393691214557
2022-12-19T16:00:01.4440704,-0.00458568715513909
2022-12-19T16:00:01.4535040,0.00692865500349785
2022-12-19T16:00:01.4538112,0.00923152345814872
2022-12-19T16:00:01.4540032,-0.0101783675634727
2022-12-19T16:00:01.4541184,-0.00919142396525881
2022-12-19T16:00:01.4542336,0.0135082791799726
2022-12-19T16:00:01.4543360,0.0457484385540046
2022-12-19T16:00:01.4544384,-0.0289302956653566
2022-12-19T16:00:01.4633216,0.0529860255613189
2022-12-19T16:00:01.4635648,0.0135082791799726
2022-12-19T16:00:01.4636928,-0.0411025996045257
2022-12-19T16:00:01.4638080,0.0789755431803149
2022-12-19T16:00:01.4639232,-0.0430764867100695
2022-12-19T16:00:01.4640256,0.0470643634586944
2022-12-19T16:00:01.4765568,-0.0134681795474529
2022-12-19T16:00:01.4768896,-0.0193898410796531
2022-12-19T16:00:01.4770688,-0.0105073487625675
2022-12-19T16:00:01.4772096,-0.0371548253769442
2022-12-19T16:00:01.4883968,0.0635134249825725
2022-12-19T16:00:01.4887936,-0.0536038845136896
2022-12-19T16:00:01.4889728,-0.0157710479270339
2022-12-19T16:00:01.4890880,0.0223907719176392
2022-12-19T16:00:01.4892288,-0.0693949809279731
2022-12-19T16:00:01.4893440,-0.0335360323156458
2022-12-19T16:00:01.4894592,-0.0378127877497363
2022-12-19T16:00:01.5001216,-0.0555777715845434
2022-12-19T16:00:01.5003392,-0.00524364955844718
2022-12-19T16:00:01.5004800,0.0348920581872335
2022-12-19T16:00:01.5005952,0.0246936404238808
2022-12-19T16:00:01.5007232,-0.0713688679553041
2022-12-19T16:00:01.5008512,0.0177850349282693
2022-12-19T16:00:01.5099776,0.128651712581208
2022-12-19T16:00:01.5101568,-0.108214758143388
2022-12-19T16:00:01.5102592,0.0362079830709829
2022-12-19T16:00:01.5103744,0.0118633731299873
2022-12-19T16:00:01.5104768,-0.0305752016153402
2022-12-19T16:00:01.5105920,0.0763436932492061
2022-12-19T16:00:01.5212928,-0.0348519570673523
2022-12-19T16:00:01.5216000,0.030944283551166
2022-12-19T16:00:01.5217792,0.00495476776274499
2022-12-19T16:00:01.5219968,-0.000966893925833531
2022-12-19T16:00:01.5222144,-0.00886244276554422
2022-12-19T16:00:01.5310720,-0.0233376154066791
2022-12-19T16:00:01.5314432,0.0602236126458371
2022-12-19T16:00:01.5317120,-0.0411025996045257
2022-12-19T16:00:01.5319552,0.00890254224987264
2022-12-19T16:00:01.5322112,0.0128503167595087
2022-12-19T16:00:01.5413120,-0.0539328656925445
2022-12-19T16:00:01.5415936,-0.00919142396525881
2022-12-19T16:00:01.5418496,0.00561273017570495
2022-12-19T16:00:01.5420416,-0.00590161196113415
2022-12-19T16:00:01.5421952,-0.00820448036564994
2022-12-19T16:00:01.5536256,0.00627069258928915
2022-12-19T16:00:01.5539968,-0.0184028974944275
2022-12-19T16:00:01.5542912,-0.0253115025618754
2022-12-19T16:00:01.5545856,0.0135082791799726
2022-12-19T16:00:01.5548800,0.0500251945035551
2022-12-19T16:00:01.5642496,-0.0407736184197342
2022-12-19T16:00:01.5644928,0.0546309317101028
2022-12-19T16:00:01.5646464,0.005941711382419
2022-12-19T16:00:01.5648000,-0.0437344490773635
2022-12-19T16:00:01.5649408,0.0668032373353356
2022-12-19T16:00:01.5651072,-0.0450503738101221
2022-12-19T16:00:01.5652352,0.030944283551166
2022-12-19T16:00:01.5738752,0.00956050466658112
2022-12-19T16:00:01.5741184,-0.0213637282459401
2022-12-19T16:00:01.5742720,-0.0131391983497513
2022-12-19T16:00:01.5744256,-0.0253115025618754
2022-12-19T16:00:01.5746048,0.0483802883659295
2022-12-19T16:00:01.5849088,-0.0387997313077776
2022-12-19T16:00:01.5850880,0.00758661741833119
2022-12-19T16:00:01.5852032,0.0115343919204599
2022-12-19T16:00:01.5853184,-0.0470242609046887
2022-12-19T16:00:01.5854336,-0.00820448036564994
2022-12-19T16:00:01.5962496,0.00166495570730275
2022-12-19T16:00:01.5964928,0.00627069258928915
2022-12-19T16:00:01.5966592,0.00923152345814872
2022-12-19T16:00:01.5968256,0.0253516028556522
2022-12-19T16:00:01.5970432,-0.00129587512927513
2022-12-19T16:00:01.6060160,-0.0269564085203087
2022-12-19T16:00:01.6062080,-0.00359874354901193
2022-12-19T16:00:01.6063232,0.0483802883659295
2022-12-19T16:00:01.6064256,-0.04044463723479
2022-12-19T16:00:01.6065280,0.0549599129403384
2022-12-19T16:00:01.6066432,0.00627069258928915
2022-12-19T16:00:01.6251904,-0.0226796530203822
2022-12-19T16:00:01.6253696,0.06055259387879
2022-12-19T16:00:01.6255360,-0.0516299974373722
2022-12-19T16:00:01.6256512,0.0204168846327095
2022-12-19T16:00:01.6257664,0.0167980912916946
2022-12-19T16:00:01.6417664,-0.00623059316224477
2022-12-19T16:00:01.6421632,-0.0134681795474529
2022-12-19T16:00:01.6424064,-0.0184028974944275
2022-12-19T16:00:01.6425600,0.0332471520861059
2022-12-19T16:00:01.6427136,-0.0401156560496931
2022-12-19T16:00:01.6428288,-0.000637912722236303
2022-12-19T16:00:01.6429312,0.0181140161407747
2022-12-19T16:00:01.6430464,-0.0591965645336023
2022-12-19T16:00:01.6431488,-0.0144551231396295
2022-12-19T16:00:01.6583552,0.00528374896914695
2022-12-19T16:00:01.6587136,-0.00984938636422307
2022-12-19T16:00:01.6590080,-0.0121522547557184
2022-12-19T16:00:01.6592640,0.0217328094887004
2022-12-19T16:00:01.6595200,-0.0180739162990437
2022-12-19T16:00:01.6597760,-0.00655957436320019
2022-12-19T16:00:01.6600320,-0.0101783675634727
2022-12-19T16:00:01.6602752,0.06252648127987
2022-12-19T16:00:01.6605312,-0.0302462204256504
2022-12-19T16:00:01.6681344,0.0668032373353356
2022-12-19T16:00:01.6685312,0.00265189932229863
2022-12-19T16:00:01.6688000,-0.0361678818166088
2022-12-19T16:00:01.6689920,0.0628554625139439
2022-12-19T16:00:01.6691072,-0.0355099194422867
2022-12-19T16:00:01.6692352,0.0279834525890402
2022-12-19T16:00:01.6693504,0.00758661741833119
2022-12-19T16:00:01.6694528,-0.0108363299615074
2022-12-19T16:00:01.6695680,-0.0239955777923602
2022-12-19T16:00:01.6806528,-0.0292592768556604
2022-12-19T16:00:01.6808832,0.0391688140686815
2022-12-19T16:00:01.6810368,-0.0437344490773635
2022-12-19T16:00:01.6812160,-0.00458568715513909
2022-12-19T16:00:01.6914304,0.0115343919204599
2022-12-19T16:00:01.6916992,-0.0453793549929307
2022-12-19T16:00:01.6919296,-0.0233376154066791
2022-12-19T16:00:01.6921856,0.0135082791799726
2022-12-19T16:00:01.6923392,-0.0114942923589225
2022-12-19T16:00:01.6924672,0.00363884293869718
2022-12-19T16:00:01.7021440,0.0240356779927391
2022-12-19T16:00:01.7025536,-0.0351809382548961
2022-12-19T16:00:01.7028480,-0.0322201075614877
2022-12-19T16:00:01.7030144,0.0164691100798168
2022-12-19T16:00:01.7031424,0.0470643634586944
2022-12-19T16:00:01.7032576,-0.02596946494571
2022-12-19T16:00:01.7139328,0.0664742560993373
2022-12-19T16:00:01.7142912,0.0141662416010631
2022-12-19T16:00:01.7145472,-0.00261179994148619
2022-12-19T16:00:01.7147136,0.0858841492986537
2022-12-19T16:00:01.7148288,-0.0295882580458106
2022-12-19T16:00:01.7250304,0.0322602084273265
2022-12-19T16:00:01.7253888,0.0105474482928166
2022-12-19T16:00:01.7256576,0.0141662416010631
2022-12-19T16:00:01.7258368,-0.00623059316224477
2022-12-19T16:00:01.7259904,-0.0286013144748993
2022-12-19T16:00:01.7261312,0.0332471520861059
2022-12-19T16:00:01.7370112,-0.0430764867100695
2022-12-19T16:00:01.7372800,0.00462578655649906
2022-12-19T16:00:01.7375360,0.0197589222056571
2022-12-19T16:00:01.7376896,-0.0545908280497991
2022-12-19T16:00:01.7378176,-0.0105073487625675
2022-12-19T16:00:01.7494272,0.00659967379631543
2022-12-19T16:00:01.7495936,-0.0154420667304147
2022-12-19T16:00:01.7497088,-0.0101783675634727
2022-12-19T16:00:01.7498240,0.00890254224987264
2022-12-19T16:00:01.7499392,-0.0272853897115341
2022-12-19T16:00:01.7500416,-0.0269564085203087
2022-12-19T16:00:01.7621504,0.00561273017570495
2022-12-19T16:00:01.7627008,0.0467353822322834
2022-12-19T16:00:01.7628928,-0.0328780699388733
2022-12-19T16:00:01.7630592,0.0529860255613189
2022-12-19T16:00:01.7632000,0.028970396241662
2022-12-19T16:00:01.7633280,-0.0368258441903187
2022-12-19T16:00:01.7756032,0.0783175806965698
2022-12-19T16:00:01.7758976,-0.039457693679041
2022-12-19T16:00:01.7760896,0.0250226216396877
2022-12-19T16:00:01.7762176,0.0148242040227804
2022-12-19T16:00:01.7763328,-0.0184028974944275
2022-12-19T16:00:01.7764480,-0.0085334615656746
2022-12-19T16:00:01.7765760,-0.0305752016153402
2022-12-19T16:00:01.7916928,0.0302863211140333
2022-12-19T16:00:01.7920512,-0.0443924114440477
2022-12-19T16:00:01.7923328,0.00725763621083642
2022-12-19T16:00:01.7926016,0.0181140161407747
2022-12-19T16:00:01.7927808,-0.0565647151179231
2022-12-19T16:00:01.7928960,-0.0200478034690322
2022-12-19T16:00:01.7929984,0.0128503167595087
2022-12-19T16:00:01.8075264,-0.0078754991654702
2022-12-19T16:00:01.8077312,-0.00886244276554422
2022-12-19T16:00:01.8078464,0.0161401288680959
2022-12-19T16:00:01.8079616,-0.0121522547557184
2022-12-19T16:00:01.8080768,-0.0157710479270339
2022-12-19T16:00:01.8081920,0.0227197531323445
2022-12-19T16:00:01.8082944,0.0526570443320408
2022-12-19T16:00:01.8083968,-0.0180739162990437
2022-12-19T16:00:01.8216832,0.0546309317101028
2022-12-19T16:00:01.8217984,0.00429680535040913
2022-12-19T16:00:01.8218752,-0.0272853897115341
2022-12-19T16:00:01.8219392,0.0641713874518421
2022-12-19T16:00:01.8220160,-0.0371548253769442
2022-12-19T16:00:01.8220800,0.027654471371815
2022-12-19T16:00:01.8221440,-0.00458568715513909
2022-12-19T16:00:01.8312960,-0.0108363299615074
2022-12-19T16:00:01.8315392,-0.0131391983497513
2022-12-19T16:00:01.8317056,-0.0223506718270028
2022-12-19T16:00:01.8318464,0.0388398328460813
2022-12-19T16:00:01.8319744,-0.0453793549929307
2022-12-19T16:00:01.8321152,2.00496854250026E-05
2022-12-19T16:00:01.8322432,0.0279834525890402
2022-12-19T16:00:01.8431104,-0.0374838065634167
2022-12-19T16:00:01.8433024,-0.000637912722236303
2022-12-19T16:00:01.8434176,-0.0078754991654702
2022-12-19T16:00:01.8435200,-0.00326976234665881
2022-12-19T16:00:01.8436224,-0.0114942923589225
2022-12-19T16:00:01.8582144,0.00692865500349785
2022-12-19T16:00:01.8584064,-0.00162485633256119
2022-12-19T16:00:01.8584960,-0.0223506718270028
2022-12-19T16:00:01.8585600,0.0131792979696624
2022-12-19T16:00:01.8586240,0.0418006638551917
2022-12-19T16:00:01.8586880,-0.0335360323156458
2022-12-19T16:00:01.8704128,0.0447614948771567
2022-12-19T16:00:01.8705664,0.0128503167595087
2022-12-19T16:00:01.8706560,-0.0233376154066791
2022-12-19T16:00:01.8707200,0.0638424062171271
2022-12-19T16:00:01.8707712,-0.0312331639942593
2022-12-19T16:00:01.8708352,0.0266675277210854
2022-12-19T16:00:01.8708992,0.0223907719176392
2022-12-19T16:00:01.8709632,-0.0134681795474529
2022-12-19T16:00:01.8895872,-0.00228281873866669
2022-12-19T16:00:01.8897664,-0.0434054678937928
2022-12-19T16:00:01.8898560,0.034234095746308
2022-12-19T16:00:01.8899328,-0.0628153574643467
2022-12-19T16:00:01.8899840,-0.00294078114415022
2022-12-19T16:00:01.8900480,0.0177850349282693
2022-12-19T16:00:01.9022208,-0.0486691668126406
2022-12-19T16:00:01.9024384,-0.0157710479270339
2022-12-19T16:00:01.9025792,-0.000966893925833531
2022-12-19T16:00:01.9026816,-0.0075465179651354
2022-12-19T16:00:01.9027968,-0.0220216906334693
2022-12-19T16:00:01.9029248,0.0115343919204599
2022-12-19T16:00:01.9030272,-0.00721753676464547
2022-12-19T16:00:01.9031424,-0.00721753676464547
2022-12-19T16:00:01.9032448,0.0144952228118434
2022-12-19T16:00:01.9123456,0.0533150067907566
2022-12-19T16:00:01.9127808,-0.0197188222744198
2022-12-19T16:00:01.9131008,0.0566048190939116
2022-12-19T16:00:01.9133568,-0.00524364955844718
2022-12-19T16:00:01.9135616,-0.0555777715845434
2022-12-19T16:00:01.9137408,0.0720669371331538
2022-12-19T16:00:01.9139328,-0.0378127877497363
2022-12-19T16:00:01.9262080,0.0220617907030912
2022-12-19T16:00:01.9265408,0.00528374896914695
2022-12-19T16:00:01.9267456,-0.000308931518483477
2022-12-19T16:00:01.9269120,-0.0085334615656746
2022-12-19T16:00:01.9270272,-0.0437344490773635
2022-12-19T16:00:01.9360896,0.0283124338064231
2022-12-19T16:00:01.9363968,-0.0578806398269743
2022-12-19T16:00:01.9365888,0.00495476776274499
2022-12-19T16:00:01.9367296,0.0158111476565318
2022-12-19T16:00:01.9368576,-0.0332070511273362
2022-12-19T16:00:01.9369856,-0.0101783675634727
2022-12-19T16:00:01.9370880,-0.00458568715513909
2022-12-19T16:00:01.9463168,-0.0335360323156458
2022-12-19T16:00:01.9466496,-0.0220216906334693
2022-12-19T16:00:01.9468160,0.0214038282744669
2022-12-19T16:00:01.9469440,-0.04044463723479
2022-12-19T16:00:01.9470592,0.0131792979696624
2022-12-19T16:00:01.9601920,-0.0364968630035403
2022-12-19T16:00:01.9605760,-0.132888344284408
2022-12-19T16:00:01.9607552,0.0881870180206221
2022-12-19T16:00:01.9608832,-0.167760344632127
2022-12-19T16:00:01.9609984,0.0135082791799726
2022-12-19T16:00:01.9724032,-0.0562357339402814
2022-12-19T16:00:01.9727232,0.0743698058076459
2022-12-19T16:00:01.9729536,-0.0608414704134819
2022-12-19T16:00:01.9731072,0.0223907719176392
2022-12-19T16:00:01.9732864,0.0214038282744669
2022-12-19T16:00:01.9734528,-0.0134681795474529
2022-12-19T16:00:01.9735680,-0.0335360323156458
2022-12-19T16:00:01.9840640,-0.0216927094397817
2022-12-19T16:00:01.9843840,0.0368659455138072
2022-12-19T16:00:01.9845632,-0.0411025996045257
2022-12-19T16:00:01.9847040,0.00363884293869718
2022-12-19T16:00:01.9848576,0.0210748470603906
2022-12-19T16:00:01.9849856,-0.0358389006295243
2022-12-19T16:00:01.9958144,-0.0055726307598683
2022-12-19T16:00:01.9960448,0.0217328094887004
2022-12-19T16:00:01.9961984,0.0033098617330751
2022-12-19T16:00:01.9963136,0.00495476776274499
2022-12-19T16:00:01.9964288,0.0167980912916946
2022-12-19T16:00:01.9965440,-0.00524364955844718
2022-12-19T16:00:02.0104320,-0.00195383753569171
2022-12-19T16:00:02.0106496,0.0135082791799726
2022-12-19T16:00:02.0107776,0.0371949267354569
2022-12-19T16:00:02.0108928,-0.0161000291234987
2022-12-19T16:00:02.0109952,0.0559468566320032
2022-12-19T16:00:02.0111104,-0.0167579915159647
2022-12-19T16:00:02.0205184,-0.0417605619736507
2022-12-19T16:00:02.0209152,0.0789755431803149
2022-12-19T16:00:02.0211584,-0.0539328656925445
2022-12-19T16:00:02.0213376,0.0246936404238808
2022-12-19T16:00:02.0214784,0.00890254224987264
2022-12-19T16:00:02.0216064,-0.00623059316224477
2022-12-19T16:00:02.0217216,-0.00984938636422307
2022-12-19T16:00:02.0326656,-0.0322201075614877
2022-12-19T16:00:02.0329216,0.0404847389606678
2022-12-19T16:00:02.0332288,-0.0447213926271611
2022-12-19T16:00:02.0335232,-0.00162485633256119
2022-12-19T16:00:02.0336896,0.0105474482928166
2022-12-19T16:00:02.0443776,-0.0457083361755869
2022-12-19T16:00:02.0446976,-0.00688855556400039
2022-12-19T16:00:02.0448768,2.00496854250026E-05
2022-12-19T16:00:02.0449920,0.00100699329808449
2022-12-19T16:00:02.0451200,-0.0085334615656746
2022-12-19T16:00:02.0452224,0.0217328094887004
2022-12-19T16:00:02.0594432,-0.00655957436320019
2022-12-19T16:00:02.0596608,-0.0177449351035055
2022-12-19T16:00:02.0597760,0.00857356104175289
2022-12-19T16:00:02.0598912,0.0398267765143575
2022-12-19T16:00:02.0600064,-0.0361678818166088
2022-12-19T16:00:02.0601088,0.0394977952914403
2022-12-19T16:00:02.0694144,0.00100699329808449
2022-12-19T16:00:02.0698752,-0.0417605619736507
2022-12-19T16:00:02.0701696,0.0697640684665458
2022-12-19T16:00:02.0704128,-0.0351809382548961
2022-12-19T16:00:02.0706816,0.0253516028556522
2022-12-19T16:00:02.0708480,-0.00425670595325207
2022-12-19T16:00:02.0709632,-0.00984938636422307
2022-12-19T16:00:02.0815104,-0.0193898410796531
2022-12-19T16:00:02.0818176,-0.0184028974944275
2022-12-19T16:00:02.0819968,0.0618685188122028
2022-12-19T16:00:02.0821248,-0.0401156560496931
2022-12-19T16:00:02.0822528,0.00133597450261574
2022-12-19T16:00:02.0823680,0.0260095652880537
2022-12-19T16:00:02.0932608,-0.0368258441903187
2022-12-19T16:00:02.0935040,-0.0230086342136077
2022-12-19T16:00:02.0936448,0.0194299409923665
2022-12-19T16:00:02.0937600,-0.00425670595325207
2022-12-19T16:00:02.0938624,0.00528374896914695
2022-12-19T16:00:02.1054208,0.0200879034191048
2022-12-19T16:00:02.1056640,-0.0177449351035055
2022-12-19T16:00:02.1058048,-0.016429010319809
2022-12-19T16:00:02.1059328,0.0121923543396712
2022-12-19T16:00:02.1060480,0.0355500206287917
2022-12-19T16:00:02.1061632,-0.0233376154066791
2022-12-19T16:00:02.1175424,0.0444325136518585
2022-12-19T16:00:02.1180672,0.00659967379631543
2022-12-19T16:00:02.1184000,-0.0371548253769442
2022-12-19T16:00:02.1185408,0.0562758378628775
2022-12-19T16:00:02.1186560,-0.0368258441903187
2022-12-19T16:00:02.1187584,0.0181140161407747
2022-12-19T16:00:02.1303424,0.0151531852338741
2022-12-19T16:00:02.1306880,-0.0207057658577945
2022-12-19T16:00:02.1309056,0.00462578655649906
2022-12-19T16:00:02.1310464,-0.0335360323156458
2022-12-19T16:00:02.1311488,0.0608815751119031
2022-12-19T16:00:02.1314304,-0.0213637282459401
2022-12-19T16:00:02.1316480,0.0204168846327095
2022-12-19T16:00:02.1432448,0.0296283586775321
2022-12-19T16:00:02.1435648,-0.0239955777923602
2022-12-19T16:00:02.1437312,-0.0220216906334693
2022-12-19T16:00:02.1438592,0.00561273017570495
2022-12-19T16:00:02.1439744,0.00265189932229863
2022-12-19T16:00:02.1440768,0.00100699329808449
2022-12-19T16:00:02.1531520,0.00890254224987264
2022-12-19T16:00:02.1534592,0.00265189932229863
2022-12-19T16:00:02.1536256,-0.0118232735573979
2022-12-19T16:00:02.1537408,0.00133597450261574
2022-12-19T16:00:02.1538688,0.0329181708663548
2022-12-19T16:00:02.1539840,-0.039457693679041
2022-12-19T16:00:02.1634432,0.0263385465044908
2022-12-19T16:00:02.1639936,0.00791559862598218
2022-12-19T16:00:02.1643904,-0.0302462204256504
2022-12-19T16:00:02.1646976,0.0543019504800269
2022-12-19T16:00:02.1649024,-0.039457693679041
2022-12-19T16:00:02.1766400,0.0319312272080495
2022-12-19T16:00:02.1769472,0.00627069258928915
2022-12-19T16:00:02.1771008,-0.0151130855336409
2022-12-19T16:00:02.1772160,-0.00886244276554422
2022-12-19T16:00:02.1773312,-0.0420895431579843
2022-12-19T16:00:02.1774336,0.0536439880203538
2022-12-19T16:00:02.1866624,-0.0374838065634167
2022-12-19T16:00:02.1869312,-0.000637912722236303
2022-12-19T16:00:02.1870592,0.00758661741833119
2022-12-19T16:00:02.1871744,-0.0470242609046887
2022-12-19T16:00:02.1872896,-0.0315621451834888
2022-12-19T16:00:02.1874048,0.0158111476565318
2022-12-19T16:00:02.1982464,-0.0075465179651354
2022-12-19T16:00:02.1984640,0.00857356104175289
2022-12-19T16:00:02.1985792,0.0174560537159208
2022-12-19T16:00:02.1986816,-0.00623059316224477
2022-12-19T16:00:02.1987840,-0.00162485633256119
2022-12-19T16:00:02.2112000,0.00199393691214557
2022-12-19T16:00:02.2114688,0.0510121381880419
2022-12-19T16:00:02.2116992,-0.016429010319809
2022-12-19T16:00:02.2118400,0.0654873123923055
2022-12-19T16:00:02.2119552,0.0223907719176392
2022-12-19T16:00:02.2120704,-0.0262984461373967
2022-12-19T16:00:02.2261376,0.06252648127987
2022-12-19T16:00:02.2264832,-0.0447213926271611
2022-12-19T16:00:02.2266496,0.0194299409923665
2022-12-19T16:00:02.2267648,-0.00425670595325207
2022-12-19T16:00:02.2268800,-0.0220216906334693
2022-12-19T16:00:02.2270208,-0.0167579915159647
2022-12-19T16:00:02.2379136,-0.0309041828048764
2022-12-19T16:00:02.2381440,0.0296283586775321
2022-12-19T16:00:02.2382592,-0.0453793549929307
2022-12-19T16:00:02.2383872,0.00495476776274499
2022-12-19T16:00:02.2384896,0.0210748470603906
2022-12-19T16:00:02.2386048,-0.0539328656925445
2022-12-19T16:00:02.2387072,-0.00491466835687079
2022-12-19T16:00:02.2388096,0.0105474482928166
2022-12-19T16:00:02.2474368,-0.0180739162990437
2022-12-19T16:00:02.2477824,0.00396782414447519
2022-12-19T16:00:02.2480640,0.00956050466658112
2022-12-19T16:00:02.2482176,-0.0151130855336409
2022-12-19T16:00:02.2483200,-0.000308931518483477
2022-12-19T16:00:02.2484352,0.0299573398957038
2022-12-19T16:00:02.2599040,0.0322602084273265
2022-12-19T16:00:02.2603520,-0.0151130855336409
2022-12-19T16:00:02.2607488,0.0487092695931362
2022-12-19T16:00:02.2609792,0.0171270725037292
2022-12-19T16:00:02.2755712,-0.04044463723479
2022-12-19T16:00:02.2758528,0.0918058117426207
2022-12-19T16:00:02.2760320,-0.0526169409762142
2022-12-19T16:00:02.2761600,0.0263385465044908
2022-12-19T16:00:02.2762624,0.0144952228118434
2022-12-19T16:00:02.2764160,-0.0157710479270339
2022-12-19T16:00:02.2765312,-0.000637912722236303
2022-12-19T16:00:02.2937344,-0.0391287124934857
2022-12-19T16:00:02.2941696,0.0421296450792193
2022-12-19T16:00:02.2943744,-0.0368258441903187
2022-12-19T16:00:02.2945024,0.005941711382419
2022-12-19T16:00:02.2946048,0.0161401288680959
2022-12-19T16:00:02.2947072,-0.0555777715845434
2022-12-19T16:00:02.2948352,-0.00524364955844718
2022-12-19T16:00:02.2949504,0.0174560537159208
2022-12-19T16:00:02.3094528,-0.0055726307598683
2022-12-19T16:00:02.3097600,0.00462578655649906
2022-12-19T16:00:02.3100160,0.0141662416010631
2022-12-19T16:00:02.3101824,-0.0177449351035055
2022-12-19T16:00:02.3103104,-0.0039277247512097
2022-12-19T16:00:02.3104128,0.0220617907030912
2022-12-19T16:00:02.3105408,0.0526570443320408
2022-12-19T16:00:02.3106560,-0.00425670595325207
2022-12-19T16:00:02.3107712,0.0575917627879726
2022-12-19T16:00:02.3193600,0.0154821664451246
2022-12-19T16:00:02.3195904,-0.305932405910171
2022-12-19T16:00:02.3197056,0.105623024316658
2022-12-19T16:00:02.3198080,-0.0427475055261936
2022-12-19T16:00:02.3199232,0.0470643634586944
2022-12-19T16:00:02.3200384,0.00988948587516988
2022-12-19T16:00:02.3201536,-0.0114942923589225
2022-12-19T16:00:02.3202560,-0.0118232735573979
2022-12-19T16:00:02.3307904,-0.017415953907813
2022-12-19T16:00:02.3310208,0.0207458658464715
2022-12-19T16:00:02.3311360,-0.0614994327643749
2022-12-19T16:00:02.3313792,0.00758661741833119
2022-12-19T16:00:02.3436160,0.0135082791799726
2022-12-19T16:00:02.3438592,-0.066763131549763
2022-12-19T16:00:02.3440000,0.00857356104175289
2022-12-19T16:00:02.3441152,0.0154821664451246
2022-12-19T16:00:02.3442304,-0.0167579915159647
2022-12-19T16:00:02.3443712,0.0154821664451246
2022-12-19T16:00:02.3596544,-0.0105073487625675
2022-12-19T16:00:02.3598848,-0.0226796530203822
2022-12-19T16:00:02.3600000,-0.0118232735573979
2022-12-19T16:00:02.3601152,0.00791559862598218
2022-12-19T16:00:02.3602176,0.0457484385540046
2022-12-19T16:00:02.3603328,-0.00590161196113415
2022-12-19T16:00:02.3725568,0.0536439880203538
2022-12-19T16:00:02.3729280,0.0227197531323445
2022-12-19T16:00:02.3731456,-0.0253115025618754
2022-12-19T16:00:02.3732864,0.0737118433284146
2022-12-19T16:00:02.3734016,-0.0289302956653566
2022-12-19T16:00:02.3735424,0.0493672320480272
2022-12-19T16:00:02.3736704,0.0167980912916946
2022-12-19T16:00:02.3737856,-0.00491466835687079
2022-12-19T16:00:02.3842432,0.00692865500349785
2022-12-19T16:00:02.3845632,-0.0305752016153402
2022-12-19T16:00:02.3847296,0.0496962132757115
2022-12-19T16:00:02.3848576,-0.0503140727167894
2022-12-19T16:00:02.3849728,0.0135082791799726
2022-12-19T16:00:02.3850752,-0.00162485633256119
2022-12-19T16:00:02.3851776,-0.0361678818166088
2022-12-19T16:00:02.3943808,-0.0318911263725649
2022-12-19T16:00:02.3947136,0.010218467083915
2022-12-19T16:00:02.3949824,0.000678012093708949
2022-12-19T16:00:02.3951232,0.0121923543396712
2022-12-19T16:00:02.3952640,-0.0075465179651354
2022-12-19T16:00:02.3953664,-0.0075465179651354
2022-12-19T16:00:02.4096512,-0.0378127877497363
2022-12-19T16:00:02.4098944,0.0115343919204599
2022-12-19T16:00:02.4100224,0.193461025349182
2022-12-19T16:00:02.4101248,0.000349030889489121
2022-12-19T16:00:02.4102400,-0.0881469074694223
2022-12-19T16:00:02.4215424,0.0674611998078136
2022-12-19T16:00:02.4218624,-0.0289302956653566
2022-12-19T16:00:02.4220416,0.0793045244224296
2022-12-19T16:00:02.4221952,-0.00623059316224477
2022-12-19T16:00:02.4223232,0.0345630769666917
2022-12-19T16:00:02.4224512,0.0306153023325207
2022-12-19T16:00:02.4225920,-0.00623059316224477
2022-12-19T16:00:02.4310400,-0.00721753676464547
2022-12-19T16:00:02.4313728,-0.0322201075614877
2022-12-19T16:00:02.4315520,0.0500251945035551
2022-12-19T16:00:02.4316928,-0.0417605619736507
2022-12-19T16:00:02.4318208,0.0082445798337894
2022-12-19T16:00:02.4319616,0.00659967379631543
2022-12-19T16:00:02.4321024,-0.0710398867844586
2022-12-19T16:00:02.4432384,-0.00425670595325207
2022-12-19T16:00:02.4434560,0.0148242040227804
2022-12-19T16:00:02.4435712,-0.0118232735573979
2022-12-19T16:00:02.4436992,-0.0147841043367125
2022-12-19T16:00:02.4531584,-0.00820448036564994
2022-12-19T16:00:02.4534656,-0.00820448036564994
2022-12-19T16:00:02.4536448,-0.0322201075614877
2022-12-19T16:00:02.4537728,0.0033098617330751
2022-12-19T16:00:02.4538880,0.0319312272080495
2022-12-19T16:00:02.4539904,-0.0220216906334693
2022-12-19T16:00:02.4632832,0.0431165887522547
2022-12-19T16:00:02.4636032,0.00956050466658112
2022-12-19T16:00:02.4637696,-0.0450503738101221
2022-12-19T16:00:02.4638848,0.0776596182134701
2022-12-19T16:00:02.4640000,-0.0345229758796555
2022-12-19T16:00:02.4775168,0.0381818704013563
2022-12-19T16:00:02.4778368,0.0118633731299873
2022-12-19T16:00:02.4780800,-0.00326976234665881
2022-12-19T16:00:02.4782208,0.00396782414447519
2022-12-19T16:00:02.4783488,-0.0220216906334693
2022-12-19T16:00:02.4929664,0.0503541757315581
2022-12-19T16:00:02.4933120,-0.0447213926271611
2022-12-19T16:00:02.4935424,0.0144952228118434
2022-12-19T16:00:02.4937088,0.00857356104175289
2022-12-19T16:00:02.4938752,-0.0595255457098809
2022-12-19T16:00:02.4940032,-0.0197188222744198
2022-12-19T16:00:02.4941440,0.0207458658464715
2022-12-19T16:00:02.5047936,0.000678012093708949
2022-12-19T16:00:02.5050880,-0.00491466835687079
2022-12-19T16:00:02.5053312,0.00725763621083642
2022-12-19T16:00:02.5054720,-0.0137971607449997
2022-12-19T16:00:02.5146368,-0.018731878689657
2022-12-19T16:00:02.5149440,-0.00294078114415022
2022-12-19T16:00:02.5150976,0.0480513071388821
2022-12-19T16:00:02.5152128,-0.0384707501219167
2022-12-19T16:00:02.5268096,0.0473933446852645
2022-12-19T16:00:02.5269760,0.0171270725037292
2022-12-19T16:00:02.5271040,-0.0480112044499164
2022-12-19T16:00:02.5272192,0.0835812805846185
2022-12-19T16:00:02.5273344,-0.0276143709026059
2022-12-19T16:00:02.5274496,0.0319312272080495
2022-12-19T16:00:02.5275648,0.0115343919204599
2022-12-19T16:00:02.5276672,-0.0055726307598683
2022-12-19T16:00:02.5277824,0.00199393691214557
2022-12-19T16:00:02.5278848,-0.02596946494571
2022-12-19T16:00:02.5280000,0.0447614948771567
2022-12-19T16:00:02.5427968,-0.055248790406447
2022-12-19T16:00:02.5430656,-0.00195383753569171
2022-12-19T16:00:02.5431808,0.00923152345814872
2022-12-19T16:00:02.5432960,-0.0345229758796555
2022-12-19T16:00:02.5434112,-0.0039277247512097
2022-12-19T16:00:02.5435264,0.0154821664451246
2022-12-19T16:00:02.5549312,-0.00919142396525881
2022-12-19T16:00:02.5552384,0.00199393691214557
2022-12-19T16:00:02.5554048,-0.00294078114415022
2022-12-19T16:00:02.5555200,-0.00655957436320019
2022-12-19T16:00:02.5556224,-0.0272853897115341
2022-12-19T16:00:02.5557248,0.00429680535040913
2022-12-19T16:00:02.5558400,0.0362079830709829
2022-12-19T16:00:02.5559552,-0.0216927094397817
2022-12-19T16:00:02.5676288,0.0447614948771567
2022-12-19T16:00:02.5679616,0.0082445798337894
2022-12-19T16:00:02.5681152,-0.0457083361755869
2022-12-19T16:00:02.5682432,0.0789755431803149
2022-12-19T16:00:02.5683456,-0.0466952797226417
2022-12-19T16:00:02.5684608,0.0408137201840608
2022-12-19T16:00:02.5794432,0.00396782414447519
2022-12-19T16:00:02.5799040,-0.00820448036564994
2022-12-19T16:00:02.5801088,0.0131792979696624
2022-12-19T16:00:02.5802496,-0.0114942923589225
2022-12-19T16:00:02.5803648,0.0329181708663548
2022-12-19T16:00:02.5804672,-0.0364968630035403
2022-12-19T16:00:02.5933568,0.00495476776274499
2022-12-19T16:00:02.5938048,0.00758661741833119
2022-12-19T16:00:02.5941248,-0.0453793549929307
2022-12-19T16:00:02.5943552,-0.0161000291234987
2022-12-19T16:00:02.5944960,0.0141662416010631
2022-12-19T16:00:02.5946112,-0.00524364955844718
2022-12-19T16:00:02.6062208,0.000349030889489121
2022-12-19T16:00:02.6065280,0.00561273017570495
2022-12-19T16:00:02.6067200,-0.00952040516481843
2022-12-19T16:00:02.6068608,-0.0256404837538696
2022-12-19T16:00:02.6069760,-0.00655957436320019
2022-12-19T16:00:02.6070784,0.037523907957265
2022-12-19T16:00:02.6071936,-0.0144551231396295
2022-12-19T16:00:02.6072960,0.0533150067907566
2022-12-19T16:00:02.6159104,0.0329181708663548
2022-12-19T16:00:02.6162176,-0.0312331639942593
2022-12-19T16:00:02.6163840,0.0766726744900302
2022-12-19T16:00:02.6164992,-0.0378127877497363
2022-12-19T16:00:02.6166016,0.0296283586775321
2022-12-19T16:00:02.6167296,0.00166495570730275
2022-12-19T16:00:02.6279808,-0.0137971607449997
2022-12-19T16:00:02.6283008,-0.00491466835687079
2022-12-19T16:00:02.6284672,-0.038141768935903
2022-12-19T16:00:02.6285824,0.0421296450792193
2022-12-19T16:00:02.6286976,-0.0430764867100695
2022-12-19T16:00:02.6428928,0.00857356104175289
2022-12-19T16:00:02.6432000,0.0237066967774044
2022-12-19T16:00:02.6433920,-0.0489981479937746
2022-12-19T16:00:02.6435072,-0.0197188222744198
2022-12-19T16:00:02.6436352,0.00857356104175289
2022-12-19T16:00:02.6437376,-0.0161000291234987
2022-12-19T16:00:02.6529536,-0.00129587512927513
2022-12-19T16:00:02.6532864,0.0230487343472071
2022-12-19T16:00:02.6534400,-0.000637912722236303
2022-12-19T16:00:02.6535552,-0.0114942923589225
2022-12-19T16:00:02.6536704,-0.00721753676464547
2022-12-19T16:00:02.6537728,0.0365369642923159
2022-12-19T16:00:02.6538880,-0.0239955777923602
2022-12-19T16:00:02.6646528,0.0523280631029221
2022-12-19T16:00:02.6649856,0.0158111476565318
2022-12-19T16:00:02.6651264,-0.0559067527624882
2022-12-19T16:00:02.6652416,0.0638424062171271
2022-12-19T16:00:02.6653440,-0.0457083361755869
2022-12-19T16:00:02.6775808,0.0302863211140333
2022-12-19T16:00:02.6778880,0.00725763621083642
2022-12-19T16:00:02.6780416,-0.0105073487625675
2022-12-19T16:00:02.6781568,0.00659967379631543
2022-12-19T16:00:02.6782720,-0.0332070511273362
2022-12-19T16:00:02.6783744,0.0473933446852645
2022-12-19T16:00:02.6876416,-0.0506430538971631
2022-12-19T16:00:02.6879488,0.0121923543396712
2022-12-19T16:00:02.6882048,0.00561273017570495
2022-12-19T16:00:02.6883840,-0.0624863762895804
2022-12-19T16:00:02.6884992,-0.0128102171518951
2022-12-19T16:00:02.6886272,0.0082445798337894
2022-12-19T16:00:02.6971904,-0.00425670595325207
2022-12-19T16:00:02.6975488,0.0115343919204599
2022-12-19T16:00:02.6977536,-0.0131391983497513
2022-12-19T16:00:02.6978816,-0.0055726307598683
2022-12-19T16:00:02.6979968,-0.0193898410796531
2022-12-19T16:00:02.6982528,0.0128503167595087
2022-12-19T16:00:02.7102848,0.0388398328460813
2022-12-19T16:00:02.7106688,-0.0121522547557184
2022-12-19T16:00:02.7108736,0.0441035324267193
2022-12-19T16:00:02.7110016,0.0108764295018745
2022-12-19T16:00:02.7224960,-0.0371548253769442
2022-12-19T16:00:02.7228544,0.0776596182134701
2022-12-19T16:00:02.7230080,-0.0430764867100695
2022-12-19T16:00:02.7231360,0.0296283586775321
2022-12-19T16:00:02.7232384,0.000349030889489121
2022-12-19T16:00:02.7233920,-0.00721753676464547
2022-12-19T16:00:02.7235072,-0.0111653111602924
2022-12-19T16:00:02.7340032,-0.0414315807891646
2022-12-19T16:00:02.7343104,0.0480513071388821
2022-12-19T16:00:02.7345024,-0.0368258441903187
2022-12-19T16:00:02.7346304,0.00791559862598218
2022-12-19T16:00:02.7347328,0.0187719785662566
2022-12-19T16:00:02.7348480,-0.0476822232683261
2022-12-19T16:00:02.7442048,-0.0167579915159647
2022-12-19T16:00:02.7445120,-0.0039277247512097
2022-12-19T16:00:02.7447040,0.00659967379631543
2022-12-19T16:00:02.7448320,0.00429680535040913
2022-12-19T16:00:02.7449472,0.00396782414447519
2022-12-19T16:00:02.7450624,2.00496854250026E-05
2022-12-19T16:00:02.7559936,-0.0144551231396295
2022-12-19T16:00:02.7563136,0.00363884293869718
2022-12-19T16:00:02.7565696,0.0378528891792314
2022-12-19T16:00:02.7567744,-0.017415953907813
2022-12-19T16:00:02.7569024,0.0503541757315581
2022-12-19T16:00:02.7657344,0.00988948587516988
2022-12-19T16:00:02.7660672,-0.0414315807891646
2022-12-19T16:00:02.7663232,0.0756857307680414
2022-12-19T16:00:02.7665152,-0.0256404837538696
2022-12-19T16:00:02.7666432,0.0269965089378377
2022-12-19T16:00:02.7667584,0.00659967379631543
2022-12-19T16:00:02.7785728,-0.0131391983497513
2022-12-19T16:00:02.7788928,-0.0118232735573979
2022-12-19T16:00:02.7790464,-0.0325490887502571
2022-12-19T16:00:02.7791616,0.0388398328460813
2022-12-19T16:00:02.7792768,-0.0450503738101221
2022-12-19T16:00:02.7931264,0.0125213355495117
2022-12-19T16:00:02.7934464,0.0292993774595181
2022-12-19T16:00:02.7936128,-0.0526169409762142
2022-12-19T16:00:02.7937408,-0.0216927094397817
2022-12-19T16:00:02.7938432,0.0148242040227804
2022-12-19T16:00:02.7939584,-0.00886244276554422
2022-12-19T16:00:02.8050304,0.005941711382419
2022-12-19T16:00:02.8053504,-0.00261179994148619
2022-12-19T16:00:02.8055424,-0.0039277247512097
2022-12-19T16:00:02.8056576,-0.027943352093524
2022-12-19T16:00:02.8057728,0.00890254224987264
2022-12-19T16:00:02.8058752,0.0302863211140333
2022-12-19T16:00:02.8060032,-0.000308931518483477
2022-12-19T16:00:02.8145920,0.0549599129403384
2022-12-19T16:00:02.8149760,0.0197589222056571
2022-12-19T16:00:02.8152320,-0.0470242609046887
2022-12-19T16:00:02.8154624,0.0681191622809339
2022-12-19T16:00:02.8156544,-0.0387997313077776
2022-12-19T16:00:02.8157696,0.0473933446852645
2022-12-19T16:00:02.8268288,0.0171270725037292
2022-12-19T16:00:02.8271744,-0.0230086342136077
2022-12-19T16:00:02.8273664,-0.00458568715513909
2022-12-19T16:00:02.8274944,-0.0193898410796531
2022-12-19T16:00:02.8276096,0.0457484385540046
2022-12-19T16:00:02.8388480,-0.0769615478366743
2022-12-19T16:00:02.8391552,-0.00655957436320019
2022-12-19T16:00:02.8393472,0.028970396241662
2022-12-19T16:00:02.8394624,-0.0447213926271611
2022-12-19T16:00:02.8395776,-0.00359874354901193
2022-12-19T16:00:02.8396800,0.0171270725037292
2022-12-19T16:00:02.8484608,-0.145060646477495
2022-12-19T16:00:02.8486784,0.00956050466658112
2022-12-19T16:00:02.8487936,-0.0526169409762142
2022-12-19T16:00:02.8489088,-0.0108363299615074
2022-12-19T16:00:02.8490368,0.00100699329808449
2022-12-19T16:00:02.8491392,0.167800484490961
2022-12-19T16:00:02.8601472,0.0381818704013563
2022-12-19T16:00:02.8604416,-0.0216927094397817
2022-12-19T16:00:02.8606080,0.0332471520861059
2022-12-19T16:00:02.8607232,0.0187719785662566
2022-12-19T16:00:02.8608384,-0.0414315807891646
2022-12-19T16:00:02.8700288,0.0881870180206221
2022-12-19T16:00:02.8702720,-0.0440634302607818
2022-12-19T16:00:02.8704000,0.0230487343472071
2022-12-19T16:00:02.8705152,-0.0085334615656746
2022-12-19T16:00:02.8706304,0.00528374896914695
2022-12-19T16:00:02.8707584,-0.0154420667304147
2022-12-19T16:00:02.8794624,-0.0190608598847322
2022-12-19T16:00:02.8797440,0.0177850349282693
2022-12-19T16:00:02.8798976,-0.0434054678937928
2022-12-19T16:00:02.8800128,0.00265189932229863
2022-12-19T16:00:02.8801408,0.0158111476565318
2022-12-19T16:00:02.8894976,-0.0585386021805911
2022-12-19T16:00:02.8897664,-0.0338650135038022
2022-12-19T16:00:02.8899456,0.00396782414447519
2022-12-19T16:00:02.8900608,-0.00425670595325207
2022-12-19T16:00:02.9018368,0.00429680535040913
2022-12-19T16:00:02.9021440,0.00429680535040913
2022-12-19T16:00:02.9023360,-0.0121522547557184
2022-12-19T16:00:02.9024640,-0.0226796530203822
2022-12-19T16:00:02.9025792,0.00725763621083642
2022-12-19T16:00:02.9137152,0.0529860255613189
2022-12-19T16:00:02.9140608,-0.0286013144748993
2022-12-19T16:00:02.9142400,0.0493672320480272
2022-12-19T16:00:02.9143936,0.0118633731299873
2022-12-19T16:00:02.9145472,-0.0437344490773635
2022-12-19T16:00:02.9146880,0.085555168053306
2022-12-19T16:00:02.9267456,-0.0256404837538696
2022-12-19T16:00:02.9269504,0.0223907719176392
2022-12-19T16:00:02.9270784,0.0108764295018745
2022-12-19T16:00:02.9271936,0.00857356104175289
2022-12-19T16:00:02.9273088,0.00232291811714419
2022-12-19T16:00:02.9274240,-0.0253115025618754
2022-12-19T16:00:02.9275392,0.0292993774595181
2022-12-19T16:00:02.9366400,-0.0427475055261936
2022-12-19T16:00:02.9369088,0.0171270725037292
2022-12-19T16:00:02.9370368,0.0220617907030912
2022-12-19T16:00:02.9371520,-0.0539328656925445
2022-12-19T16:00:02.9372800,-0.0124812359538841
2022-12-19T16:00:02.9373952,0.0200879034191048
2022-12-19T16:00:02.9483264,-0.0131391983497513
2022-12-19T16:00:02.9486208,0.00923152345814872
2022-12-19T16:00:02.9488640,0.00462578655649906
2022-12-19T16:00:02.9490176,0.00561273017570495
2022-12-19T16:00:02.9491840,-0.0213637282459401
2022-12-19T16:00:02.9600384,0.0154821664451246
2022-12-19T16:00:02.9603456,0.0427876075277508
2022-12-19T16:00:02.9605376,-0.017415953907813
2022-12-19T16:00:02.9606528,0.0483802883659295
2022-12-19T16:00:02.9607680,0.027654471371815
2022-12-19T16:00:02.9608832,-0.0384707501219167
2022-12-19T16:00:02.9699456,0.0733828620890405
2022-12-19T16:00:02.9701632,-0.0411025996045257
2022-12-19T16:00:02.9702912,0.0348920581872335
2022-12-19T16:00:02.9704064,-0.0085334615656746
2022-12-19T16:00:02.9705344,-0.00820448036564994
2022-12-19T16:00:02.9706368,-0.00820448036564994
2022-12-19T16:00:02.9812224,-0.0440634302607818
2022-12-19T16:00:02.9816192,0.0355500206287917
2022-12-19T16:00:02.9818624,-0.0332070511273362
2022-12-19T16:00:02.9820160,0.0171270725037292
2022-12-19T16:00:02.9821312,0.0125213355495117
2022-12-19T16:00:02.9942016,-0.0387997313077776
2022-12-19T16:00:02.9944320,0.00528374896914695
2022-12-19T16:00:02.9945600,0.019100959779233
2022-12-19T16:00:02.9946752,-0.0085334615656746
2022-12-19T16:00:02.9947776,0.00956050466658112
2022-12-19T16:00:03.0060416,0.0194299409923665
2022-12-19T16:00:03.0063488,0.00166495570730275
2022-12-19T16:00:03.0065280,-0.018731878689657
2022-12-19T16:00:03.0066688,0.019100959779233
2022-12-19T16:00:03.0067840,0.0450904761026137
2022-12-19T16:00:03.0068864,-0.0144551231396295
2022-12-19T16:00:03.0070016,0.0543019504800269
2022-12-19T16:00:03.0157824,0.00890254224987264
2022-12-19T16:00:03.0160896,-0.0401156560496931
2022-12-19T16:00:03.0162816,0.0822653556087285
2022-12-19T16:00:03.0164480,-0.0335360323156458
2022-12-19T16:00:03.0166144,0.0365369642923159
2022-12-19T16:00:03.0167552,-0.000966893925833531
2022-12-19T16:00:03.0269184,-0.0325490887502571
2022-12-19T16:00:03.0270976,-0.0210347470519443
2022-12-19T16:00:03.0272256,-0.0328780699388733
2022-12-19T16:00:03.0273408,0.0322602084273265
2022-12-19T16:00:03.0274432,-0.0407736184197342
2022-12-19T16:00:03.0394368,0.010218467083915
2022-12-19T16:00:03.0397568,0.0197589222056571
2022-12-19T16:00:03.0399232,-0.0480112044499164
2022-12-19T16:00:03.0400640,-0.0351809382548961
2022-12-19T16:00:03.0402304,0.0131792979696624
2022-12-19T16:00:03.0512384,2.00496854250026E-05
2022-12-19T16:00:03.0515584,0.00232291811714419
2022-12-19T16:00:03.0518272,0.00462578655649906
2022-12-19T16:00:03.0520064,-0.00425670595325207
2022-12-19T16:00:03.0521472,-0.0118232735573979
2022-12-19T16:00:03.0522624,0.000349030889489121
2022-12-19T16:00:03.0640768,0.0394977952914403
2022-12-19T16:00:03.0643968,-0.00524364955844718
2022-12-19T16:00:03.0645760,0.043774551201739
2022-12-19T16:00:03.0646912,0.00692865500349785
2022-12-19T16:00:03.0648064,-0.0545908280497991
2022-12-19T16:00:03.0649984,0.0677901810442935
2022-12-19T16:00:03.0770816,-0.0341939946918055
2022-12-19T16:00:03.0774400,0.0408137201840608
2022-12-19T16:00:03.0776064,0.0108764295018745
2022-12-19T16:00:03.0777344,-0.0167579915159647
2022-12-19T16:00:03.0778496,-0.0101783675634727
2022-12-19T16:00:03.0779648,-0.0345229758796555
2022-12-19T16:00:03.0780672,0.0306153023325207
2022-12-19T16:00:03.0870016,-0.0476822232683261
2022-12-19T16:00:03.0872192,0.0184429973534371
2022-12-19T16:00:03.0873600,0.030944283551166
2022-12-19T16:00:03.0874752,-0.038141768935903
2022-12-19T16:00:03.0875904,0.00133597450261574
2022-12-19T16:00:03.0876928,0.0121923543396712
2022-12-19T16:00:03.0971520,-0.0197188222744198
2022-12-19T16:00:03.0976000,-0.0197188222744198
2022-12-19T16:00:03.0978304,0.0144952228118434
2022-12-19T16:00:03.0980480,0.00199393691214557
2022-12-19T16:00:03.0982528,-0.0213637282459401
2022-12-19T16:00:03.1105792,-0.00590161196113415
2022-12-19T16:00:03.1109120,0.0467353822322834
2022-12-19T16:00:03.1110400,-0.0253115025618754
2022-12-19T16:00:03.1111552,0.0434455699769174
2022-12-19T16:00:03.1112576,0.0105474482928166
2022-12-19T16:00:03.1229696,-0.0348519570673523
2022-12-19T16:00:03.1234816,0.0733828620890405
2022-12-19T16:00:03.1238528,-0.0430764867100695
2022-12-19T16:00:03.1242496,0.0197589222056571
2022-12-19T16:00:03.1244800,0.00988948587516988
2022-12-19T16:00:03.1246080,0.0082445798337894
2022-12-19T16:00:03.1247104,-0.0193898410796531
2022-12-19T16:00:03.1357312,-0.0325490887502571
2022-12-19T16:00:03.1360384,0.0306153023325207
2022-12-19T16:00:03.1362176,-0.0529459221555245
2022-12-19T16:00:03.1363584,0.0118633731299873
2022-12-19T16:00:03.1364736,0.0135082791799726
2022-12-19T16:00:03.1365888,-0.0463662985404424
2022-12-19T16:00:03.1366912,-0.0154420667304147
2022-12-19T16:00:03.1458560,0.0141662416010631
2022-12-19T16:00:03.1460736,-0.0167579915159647
2022-12-19T16:00:03.1462144,-0.00491466835687079
2022-12-19T16:00:03.1463168,0.0115343919204599
2022-12-19T16:00:03.1465856,-0.0161000291234987
2022-12-19T16:00:03.1467264,-0.014126141942392
2022-12-19T16:00:03.1607936,0.00363884293869718
2022-12-19T16:00:03.1610880,0.0339051145260825
2022-12-19T16:00:03.1612160,-0.0134681795474529
2022-12-19T16:00:03.1613312,0.057920744019646
2022-12-19T16:00:03.1614592,0.00199393691214557
2022-12-19T16:00:03.1726720,-0.0463662985404424
2022-12-19T16:00:03.1729792,0.0878580367741406
2022-12-19T16:00:03.1731712,-0.0335360323156458
2022-12-19T16:00:03.1732992,0.0269965089378377
2022-12-19T16:00:03.1734144,0.000349030889489121
2022-12-19T16:00:03.1735296,-0.0078754991654702
2022-12-19T16:00:03.1736448,-0.0121522547557184
2022-12-19T16:00:03.1842560,-0.0262984461373967
2022-12-19T16:00:03.1845760,0.0408137201840608
2022-12-19T16:00:03.1847552,-0.0578806398269743
2022-12-19T16:00:03.1848704,0.0214038282744669
2022-12-19T16:00:03.1849984,0.0187719785662566
2022-12-19T16:00:03.1851008,-0.0575516586499388
2022-12-19T16:00:03.1946112,-0.0131391983497513
2022-12-19T16:00:03.1951104,0.00857356104175289
2022-12-19T16:00:03.1953664,-0.000637912722236303
2022-12-19T16:00:03.1954816,0.00133597450261574
2022-12-19T16:00:03.1955968,0.0197589222056571
2022-12-19T16:00:03.1957120,-0.00886244276554422
2022-12-19T16:00:03.2068608,-0.0184028974944275
2022-12-19T16:00:03.2071680,0.0148242040227804
2022-12-19T16:00:03.2073472,0.0414716826313227
2022-12-19T16:00:03.2074752,-0.0239955777923602
2022-12-19T16:00:03.2075904,0.0559468566320032
2022-12-19T16:00:03.2166656,0.019100959779233
2022-12-19T16:00:03.2169856,-0.0509720350773848
2022-12-19T16:00:03.2172544,0.0793045244224296
2022-12-19T16:00:03.2174464,-0.0542618468712477
2022-12-19T16:00:03.2175744,0.0273254901547475
2022-12-19T16:00:03.2176768,0.00363884293869718
2022-12-19T16:00:03.2285184,0.00758661741833119
2022-12-19T16:00:03.2289408,-0.0184028974944275
2022-12-19T16:00:03.2291584,-0.0276143709026059
2022-12-19T16:00:03.2292736,0.0427876075277508
2022-12-19T16:00:03.2293888,-0.0489981479937746
2022-12-19T16:00:03.2384128,0.0128503167595087
2022-12-19T16:00:03.2387328,0.0316022459889304
2022-12-19T16:00:03.2388864,-0.0578806398269743
2022-12-19T16:00:03.2390016,-0.000966893925833531
2022-12-19T16:00:03.2391168,0.0204168846327095
2022-12-19T16:00:03.2392320,-0.00590161196113415
2022-12-19T16:00:03.2487424,0.00265189932229863
2022-12-19T16:00:03.2490496,0.00659967379631543
2022-12-19T16:00:03.2492800,-0.00952040516481843
2022-12-19T16:00:03.2494336,-0.0338650135038022
2022-12-19T16:00:03.2495744,-0.000966893925833531
2022-12-19T16:00:03.2610304,0.0427876075277508
2022-12-19T16:00:03.2614528,-0.0157710479270339
2022-12-19T16:00:03.2618112,0.0506831569597203
2022-12-19T16:00:03.2621440,0.030944283551166
2022-12-19T16:00:03.2624896,-0.0526169409762142
2022-12-19T16:00:03.2766080,0.0763436932492061
2022-12-19T16:00:03.2769280,-0.0470242609046887
2022-12-19T16:00:03.2771200,0.0319312272080495
2022-12-19T16:00:03.2772736,0.0138372603904395
2022-12-19T16:00:03.2774272,-0.0318911263725649
2022-12-19T16:00:03.2775680,0.00298088052760892
2022-12-19T16:00:03.2893952,-0.0473532420865835
2022-12-19T16:00:03.2897280,0.0727248996107753
2022-12-19T16:00:03.2898944,-0.0499850915362638
2022-12-19T16:00:03.2900096,0.0233777155622271
2022-12-19T16:00:03.2901248,0.00791559862598218
2022-12-19T16:00:03.2902272,-0.0387997313077776
2022-12-19T16:00:03.2903552,-0.0289302956653566
2022-12-19T16:00:03.2904832,0.187868343279655
2022-12-19T16:00:03.3010688,-0.0239955777923602
2022-12-19T16:00:03.3013632,0.0394977952914403
2022-12-19T16:00:03.3016192,0.00857356104175289
2022-12-19T16:00:03.3017984,0.0167980912916946
2022-12-19T16:00:03.3019008,-0.0193898410796531
2022-12-19T16:00:03.3020416,0.0174560537159208
2022-12-19T16:00:03.3128704,0.0602236126458371
2022-12-19T16:00:03.3131776,-0.0516299974373722
2022-12-19T16:00:03.3133568,0.0345630769666917
2022-12-19T16:00:03.3134720,0.011205410711089
2022-12-19T16:00:03.3136000,-0.0420895431579843
2022-12-19T16:00:03.3137152,0.0753567495277009
2022-12-19T16:00:03.3266816,-0.0348519570673523
2022-12-19T16:00:03.3270016,0.0322602084273265
2022-12-19T16:00:03.3272448,-0.0078754991654702
2022-12-19T16:00:03.3273984,-0.0144551231396295
2022-12-19T16:00:03.3275136,-0.00195383753569171
2022-12-19T16:00:03.3276160,-0.0210347470519443
2022-12-19T16:00:03.3366272,0.0414716826313227
2022-12-19T16:00:03.3369344,-0.0443924114440477
2022-12-19T16:00:03.3370880,0.011205410711089
2022-12-19T16:00:03.3372032,0.0250226216396877
2022-12-19T16:00:03.3373056,-0.0542618468712477
2022-12-19T16:00:03.3374208,-0.0223506718270028
2022-12-19T16:00:03.3375488,0.010218467083915
2022-12-19T16:00:03.3486592,0.00133597450261574
2022-12-19T16:00:03.3490432,0.00791559862598218
2022-12-19T16:00:03.3493248,0.0223907719176392
2022-12-19T16:00:03.3495552,-0.0114942923589225
2022-12-19T16:00:03.3497344,-0.0151130855336409
2022-12-19T16:00:03.3624448,0.00462578655649906
2022-12-19T16:00:03.3627520,0.0473933446852645
2022-12-19T16:00:03.3629440,-0.0345229758796555
2022-12-19T16:00:03.3630848,0.0575917627879726
2022-12-19T16:00:03.3632512,0.00659967379631543
2022-12-19T16:00:03.3633792,-0.0266274273289295
2022-12-19T16:00:03.3766784,0.0773306369721622
2022-12-19T16:00:03.3770112,-0.0503140727167894
2022-12-19T16:00:03.3772672,0.0260095652880537
2022-12-19T16:00:03.3774336,-0.0055726307598683
2022-12-19T16:00:03.3775616,-0.00886244276554422
2022-12-19T16:00:03.3776768,-0.00359874354901193
2022-12-19T16:00:03.3777792,-0.0318911263725649
2022-12-19T16:00:03.3900416,0.0404847389606678
2022-12-19T16:00:03.3903616,-0.0430764867100695
2022-12-19T16:00:03.3905024,0.0118633731299873
2022-12-19T16:00:03.3906176,0.034234095746308
2022-12-19T16:00:03.3907328,-0.0463662985404424
2022-12-19T16:00:03.3908352,-0.00162485633256119
2022-12-19T16:00:03.3909504,0.0167980912916946
2022-12-19T16:00:03.4022656,-0.00919142396525881
2022-12-19T16:00:03.4026880,-0.0085334615656746
2022-12-19T16:00:03.4029312,0.011205410711089
2022-12-19T16:00:03.4030720,-0.0108363299615074
2022-12-19T16:00:03.4031872,-0.0118232735573979
2022-12-19T16:00:03.4032896,0.000349030889489121
2022-12-19T16:00:03.4034048,0.0325891896467616
2022-12-19T16:00:03.4144896,-0.0262984461373967
2022-12-19T16:00:03.4150272,0.0490382508205021
2022-12-19T16:00:03.4154240,0.0135082791799726
2022-12-19T16:00:03.4157184,-0.0480112044499164
2022-12-19T16:00:03.4158592,0.0934507179863841
2022-12-19T16:00:03.4159616,-0.0328780699388733
2022-12-19T16:00:03.4297728,0.0246936404238808
2022-12-19T16:00:03.4301824,0.00659967379631543
2022-12-19T16:00:03.4305024,0.0033098617330751
2022-12-19T16:00:03.4306560,-0.00294078114415022
2022-12-19T16:00:03.4307968,-0.0318911263725649
2022-12-19T16:00:03.4308992,0.0444325136518585
2022-12-19T16:00:03.4443904,-0.0351809382548961
2022-12-19T16:00:03.4446336,-0.275666146943069
2022-12-19T16:00:03.4447616,0.0223907719176392
2022-12-19T16:00:03.4448768,-0.0499850915362638
2022-12-19T16:00:03.4449792,-0.0134681795474529
2022-12-19T16:00:03.4450944,0.0296283586775321
2022-12-19T16:00:03.4451968,-0.00919142396525881
2022-12-19T16:00:03.4452992,-0.0460373173580908
2022-12-19T16:00:03.4551680,0.110557743162834
2022-12-19T16:00:03.4554624,-0.0384707501219167
2022-12-19T16:00:03.4556416,0.00462578655649906
2022-12-19T16:00:03.4557952,0.0118633731299873
2022-12-19T16:00:03.4559104,0.0355500206287917
2022-12-19T16:00:03.4560128,-0.0128102171518951
2022-12-19T16:00:03.4561152,0.0401557577374334
2022-12-19T16:00:03.4647424,0.0220617907030912
2022-12-19T16:00:03.4651520,-0.0348519570673523
2022-12-19T16:00:03.4654080,0.0694350872291021
2022-12-19T16:00:03.4655872,-0.0509720350773848
2022-12-19T16:00:03.4657024,0.0401557577374334
2022-12-19T16:00:03.4781568,0.00956050466658112
2022-12-19T16:00:03.4785280,-0.0075465179651354
2022-12-19T16:00:03.4787072,-0.00195383753569171
2022-12-19T16:00:03.4788352,-0.0368258441903187
2022-12-19T16:00:03.4789504,0.0503541757315581
2022-12-19T16:00:03.4875136,-0.0588675833571724
2022-12-19T16:00:03.4877056,0.00725763621083642
2022-12-19T16:00:03.4878208,0.0161401288680959
2022-12-19T16:00:03.4879232,-0.0411025996045257
2022-12-19T16:00:03.4880384,-0.0193898410796531
2022-12-19T16:00:03.4881536,0.00561273017570495
2022-12-19T16:00:03.4882688,0.000349030889489121
2022-12-19T16:00:03.4974080,0.0131792979696624
2022-12-19T16:00:03.4977664,0.00956050466658112
2022-12-19T16:00:03.4980096,-0.00655957436320019
2022-12-19T16:00:03.4981760,-0.0151130855336409
2022-12-19T16:00:03.5115392,-0.0105073487625675
2022-12-19T16:00:03.5118464,0.0457484385540046
2022-12-19T16:00:03.5120128,-0.0226796530203822
2022-12-19T16:00:03.5121408,0.0612105563451762
2022-12-19T16:00:03.5122688,0.0197589222056571
2022-12-19T16:00:03.5267456,-0.0249825213697274
2022-12-19T16:00:03.5270656,0.0783175806965698
2022-12-19T16:00:03.5272576,-0.0539328656925445
2022-12-19T16:00:03.5273728,0.034234095746308
2022-12-19T16:00:03.5274880,0.011205410711089
2022-12-19T16:00:03.5275904,-0.00721753676464547
2022-12-19T16:00:03.5276928,-0.00820448036564994
2022-12-19T16:00:03.5367296,-0.0374838065634167
2022-12-19T16:00:03.5370624,0.0447614948771567
2022-12-19T16:00:03.5372544,-0.0489981479937746
2022-12-19T16:00:03.5373696,0.0108764295018745
2022-12-19T16:00:03.5374848,0.00956050466658112
2022-12-19T16:00:03.5375872,-0.0519589786171381
2022-12-19T16:00:03.5376896,0.00100699329808449
2022-12-19T16:00:03.5378048,-0.000308931518483477
2022-12-19T16:00:03.5482880,-0.0111653111602924
2022-12-19T16:00:03.5486336,2.00496854250026E-05
2022-12-19T16:00:03.5487872,0.0200879034191048
2022-12-19T16:00:03.5489024,-0.00162485633256119
2022-12-19T16:00:03.5490048,-0.0124812359538841
2022-12-19T16:00:03.5612288,0.00265189932229863
2022-12-19T16:00:03.5615360,0.0510121381880419
2022-12-19T16:00:03.5617920,-0.0161000291234987
2022-12-19T16:00:03.5619584,0.0582497252514792
2022-12-19T16:00:03.5620864,0.0210748470603906
2022-12-19T16:00:03.5621888,-0.0180739162990437
2022-12-19T16:00:03.5712384,0.0796335056647057
2022-12-19T16:00:03.5715584,-0.0292592768556604
2022-12-19T16:00:03.5717760,0.0194299409923665
2022-12-19T16:00:03.5719040,0.0148242040227804
2022-12-19T16:00:03.5720192,-0.0075465179651354
2022-12-19T16:00:03.5721344,-0.000966893925833531
2022-12-19T16:00:03.5841920,-0.0348519570673523
2022-12-19T16:00:03.5844992,0.0414716826313227
2022-12-19T16:00:03.5846784,-0.0522879597967521
2022-12-19T16:00:03.5847936,0.010218467083915
2022-12-19T16:00:03.5849088,0.0144952228118434
2022-12-19T16:00:03.5959808,-0.0542618468712477
2022-12-19T16:00:03.5962112,0.00363884293869718
2022-12-19T16:00:03.5963392,0.0118633731299873
2022-12-19T16:00:03.5964544,-0.0184028974944275
2022-12-19T16:00:03.5965824,-0.0118232735573979
2022-12-19T16:00:03.5966976,0.0141662416010631
2022-12-19T16:00:03.5968128,-0.00590161196113415
2022-12-19T16:00:03.6093824,-0.0128102171518951
2022-12-19T16:00:03.6096000,2.00496854250026E-05
2022-12-19T16:00:03.6097280,0.0464064010060314
2022-12-19T16:00:03.6098560,-0.0397866748644434
2022-12-19T16:00:03.6099584,0.06055259387879
2022-12-19T16:00:03.6100736,0.0164691100798168
2022-12-19T16:00:03.6197632,-0.0197188222744198
2022-12-19T16:00:03.6200320,0.0809494306354247
2022-12-19T16:00:03.6202496,-0.0256404837538696
2022-12-19T16:00:03.6204160,0.0269965089378377
2022-12-19T16:00:03.6206080,0.00956050466658112
2022-12-19T16:00:03.6207488,0.005941711382419
2022-12-19T16:00:03.6292864,-0.00590161196113415
2022-12-19T16:00:03.6296960,-0.0355099194422867
2022-12-19T16:00:03.6299904,0.0401557577374334
2022-12-19T16:00:03.6302720,-0.055248790406447
2022-12-19T16:00:03.6304768,-0.0039277247512097
2022-12-19T16:00:03.6306560,0.0177850349282693
2022-12-19T16:00:03.6401792,-0.0440634302607818
2022-12-19T16:00:03.6405376,-0.0118232735573979
2022-12-19T16:00:03.6408064,0.00363884293869718
2022-12-19T16:00:03.6410368,-0.018731878689657
2022-12-19T16:00:03.6500480,0.00396782414447519
2022-12-19T16:00:03.6503168,0.0161401288680959
2022-12-19T16:00:03.6505472,-0.014126141942392
2022-12-19T16:00:03.6507136,-0.0190608598847322
2022-12-19T16:00:03.6508288,0.00495476776274499
2022-12-19T16:00:03.6509568,0.0427876075277508
2022-12-19T16:00:03.6601984,-0.0427475055261936
2022-12-19T16:00:03.6604288,0.057920744019646
2022-12-19T16:00:03.6605568,0.000349030889489121
2022-12-19T16:00:03.6606720,-0.0364968630035403
2022-12-19T16:00:03.6607872,0.0829233180963501
2022-12-19T16:00:03.6779904,-0.0335360323156458
2022-12-19T16:00:03.6781696,0.0348920581872335
2022-12-19T16:00:03.6782848,0.0253516028556522
2022-12-19T16:00:03.6783872,-0.00623059316224477
2022-12-19T16:00:03.6785024,-0.0184028974944275
2022-12-19T16:00:03.6923776,-0.0170869727119661
2022-12-19T16:00:03.6926464,0.0556178754012885
2022-12-19T16:00:03.6928000,-0.0575516586499388
2022-12-19T16:00:03.6929152,0.00791559862598218
2022-12-19T16:00:03.6930304,0.0128503167595087
2022-12-19T16:00:03.6931328,-0.0723558114669378
2022-12-19T16:00:03.6932864,-0.0131391983497513
2022-12-19T16:00:03.6934144,0.00133597450261574
2022-12-19T16:00:03.7036032,-0.0197188222744198
2022-12-19T16:00:03.7040128,-0.00425670595325207
2022-12-19T16:00:03.7043456,0.0167980912916946
2022-12-19T16:00:03.7046016,-0.018731878689657
2022-12-19T16:00:03.7048320,-0.0322201075614877
2022-12-19T16:00:03.7050880,0.0158111476565318
2022-12-19T16:00:03.7053696,0.0506831569597203
2022-12-19T16:00:03.7055488,-0.0216927094397817
2022-12-19T16:00:03.7149568,0.0536439880203538
2022-12-19T16:00:03.7151360,0.00133597450261574
2022-12-19T16:00:03.7152896,-0.0509720350773848
2022-12-19T16:00:03.7154048,0.0727248996107753
2022-12-19T16:00:03.7155200,-0.0506430538971631
2022-12-19T16:00:03.7156352,0.0217328094887004
2022-12-19T16:00:03.7276928,0.0194299409923665
2022-12-19T16:00:03.7279360,-0.0348519570673523
2022-12-19T16:00:03.7281408,0.00199393691214557
2022-12-19T16:00:03.7282944,-0.00623059316224477
2022-12-19T16:00:03.7284352,0.0556178754012885
2022-12-19T16:00:03.7424640,-0.0503140727167894
2022-12-19T16:00:03.7427072,-0.00326976234665881
2022-12-19T16:00:03.7428608,0.0513411194165228
2022-12-19T16:00:03.7429888,-0.0726847926371815
2022-12-19T16:00:03.7430912,-0.0608414704134819
2022-12-19T16:00:03.7432064,0.0174560537159208
2022-12-19T16:00:03.7522176,-0.0545908280497991
2022-12-19T16:00:03.7524608,0.0487092695931362
2022-12-19T16:00:03.7526144,0.0434455699769174
2022-12-19T16:00:03.7527296,-0.0256404837538696
2022-12-19T16:00:03.7528320,-0.000637912722236303
2022-12-19T16:00:03.7529856,0.00956050466658112
2022-12-19T16:00:03.7531136,0.0362079830709829
2022-12-19T16:00:03.7532288,-0.0480112044499164
2022-12-19T16:00:03.7617792,0.0516701006451631
2022-12-19T16:00:03.7619456,0.00363884293869718
2022-12-19T16:00:03.7620608,-0.0447213926271611
2022-12-19T16:00:03.7621760,0.0829233180963501
2022-12-19T16:00:03.7622912,-0.0559067527624882
2022-12-19T16:00:03.7720704,0.0325891896467616
2022-12-19T16:00:03.7723392,0.0033098617330751
2022-12-19T16:00:03.7725568,0.005941711382419
2022-12-19T16:00:03.7727744,-0.0246535401774255
2022-12-19T16:00:03.7842816,-0.0197188222744198
2022-12-19T16:00:03.7846656,0.0411427014076124
2022-12-19T16:00:03.7849344,-0.0355099194422867
2022-12-19T16:00:03.7851904,0.0299573398957038
2022-12-19T16:00:03.7853952,0.0266675277210854
2022-12-19T16:00:03.7855232,-0.0355099194422867
2022-12-19T16:00:03.7981056,-0.0075465179651354
2022-12-19T16:00:03.7983488,0.0187719785662566
2022-12-19T16:00:03.7985024,-0.00326976234665881
2022-12-19T16:00:03.7986304,-0.0203767846634904
2022-12-19T16:00:03.7987328,0.0197589222056571
2022-12-19T16:00:03.7988736,-0.0223506718270028
2022-12-19T16:00:03.8092288,-0.0305752016153402
2022-12-19T16:00:03.8093952,0.0121923543396712
2022-12-19T16:00:03.8095104,0.0391688140686815
2022-12-19T16:00:03.8096128,-0.0325490887502571
2022-12-19T16:00:03.8097280,0.0473933446852645
2022-12-19T16:00:03.8098432,0.0033098617330751
2022-12-19T16:00:03.8099584,-0.0341939946918055
2022-12-19T16:00:03.8188672,0.0770016557310156
2022-12-19T16:00:03.8190336,-0.0401156560496931
2022-12-19T16:00:03.8191616,0.0454194573282296
2022-12-19T16:00:03.8192640,0.00890254224987264
2022-12-19T16:00:03.8193792,-0.00162485633256119
2022-12-19T16:00:03.8308480,-0.0134681795474529
2022-12-19T16:00:03.8311424,-0.0299172392358072
2022-12-19T16:00:03.8313728,0.0513411194165228
2022-12-19T16:00:03.8315520,-0.0513010162574545
2022-12-19T16:00:03.8316800,0.00923152345814872
2022-12-19T16:00:03.8429440,0.028970396241662
2022-12-19T16:00:03.8431872,-0.0480112044499164
2022-12-19T16:00:03.8433408,-0.0177449351035055
2022-12-19T16:00:03.8434944,0.0207458658464715
2022-12-19T16:00:03.8436352,-0.0266274273289295
2022-12-19T16:00:03.8437760,0.00133597450261574
2022-12-19T16:00:03.8591744,0.00988948587516988
2022-12-19T16:00:03.8594176,-0.00524364955844718
2022-12-19T16:00:03.8595968,-0.0147841043367125
2022-12-19T16:00:03.8598400,0.00988948587516988
2022-12-19T16:00:03.8599936,0.0546309317101028
2022-12-19T16:00:03.8601344,-0.0256404837538696
2022-12-19T16:00:03.8694784,0.0559468566320032
2022-12-19T16:00:03.8696576,0.0118633731299873
2022-12-19T16:00:03.8697728,-0.0322201075614877
2022-12-19T16:00:03.8698880,0.0799624869071432
2022-12-19T16:00:03.8699904,-0.0358389006295243
2022-12-19T16:00:03.8700928,0.0266675277210854
2022-12-19T16:00:03.8702208,0.0256805840717742
2022-12-19T16:00:03.8703232,-0.00162485633256119
2022-12-19T16:00:03.8790016,-0.00359874354901193
2022-12-19T16:00:03.8792576,-0.0351809382548961
2022-12-19T16:00:03.8794880,0.0615395375786094
2022-12-19T16:00:03.8796416,-0.0466952797226417
2022-12-19T16:00:03.8797696,0.00857356104175289
2022-12-19T16:00:03.8924672,0.0151531852338741
2022-12-19T16:00:03.8926592,-0.0460373173580908
2022-12-19T16:00:03.8927744,-0.0147841043367125
2022-12-19T16:00:03.8929024,0.0184429973534371
2022-12-19T16:00:03.8930176,-0.0124812359538841
2022-12-19T16:00:03.9024256,-0.000308931518483477
2022-12-19T16:00:03.9028352,0.0167980912916946
2022-12-19T16:00:03.9030912,-0.0193898410796531
2022-12-19T16:00:03.9032704,-0.0180739162990437
2022-12-19T16:00:03.9034240,0.00298088052760892
2022-12-19T16:00:03.9035520,0.0533150067907566
2022-12-19T16:00:03.9036928,-0.0256404837538696
2022-12-19T16:00:03.9173248,0.0434455699769174
2022-12-19T16:00:03.9177216,-0.00162485633256119
2022-12-19T16:00:03.9179264,-0.0368258441903187
2022-12-19T16:00:03.9180544,0.0697640684665458
2022-12-19T16:00:03.9181696,-0.0322201075614877
2022-12-19T16:00:03.9288960,0.0329181708663548
2022-12-19T16:00:03.9291904,0.00791559862598218
2022-12-19T16:00:03.9293824,0.000349030889489121
2022-12-19T16:00:03.9294976,-0.0111653111602924
2022-12-19T16:00:03.9296256,-0.0262984461373967
2022-12-19T16:00:03.9297280,0.0444325136518585
2022-12-19T16:00:03.9298432,-0.0549198092281989
2022-12-19T16:00:03.9438208,0.0158111476565318
2022-12-19T16:00:03.9441536,0.0223907719176392
2022-12-19T16:00:03.9443840,-0.0496561103555861
2022-12-19T16:00:03.9445120,-0.0170869727119661
2022-12-19T16:00:03.9446272,-0.000308931518483477
2022-12-19T16:00:03.9447680,-0.0147841043367125
2022-12-19T16:00:03.9556608,0.00528374896914695
2022-12-19T16:00:03.9559808,0.0105474482928166
2022-12-19T16:00:03.9561728,-0.0180739162990437
2022-12-19T16:00:03.9563264,-0.0085334615656746
2022-12-19T16:00:03.9564544,0.00725763621083642
2022-12-19T16:00:03.9565568,0.0585787064834723
2022-12-19T16:00:03.9566720,-0.0378127877497363
2022-12-19T16:00:03.9567744,0.0450904761026137
2022-12-19T16:00:03.9651328,0.0033098617330751
2022-12-19T16:00:03.9654528,-0.0358389006295243
2022-12-19T16:00:03.9656064,0.0668032373353356
2022-12-19T16:00:03.9657216,-0.0440634302607818
2022-12-19T16:00:03.9658368,0.0237066967774044
2022-12-19T16:00:03.9659520,0.0230487343472071
2022-12-19T16:00:03.9780352,-0.0118232735573979
2022-12-19T16:00:03.9782656,-0.0256404837538696
2022-12-19T16:00:03.9783936,-0.0200478034690322
2022-12-19T16:00:03.9785088,0.0411427014076124
2022-12-19T16:00:03.9897856,-0.0522879597967521
2022-12-19T16:00:03.9900032,0.0223907719176392
2022-12-19T16:00:03.9901440,0.019100959779233
2022-12-19T16:00:03.9902592,-0.0496561103555861
2022-12-19T16:00:03.9903616,-0.0154420667304147
2022-12-19T16:00:03.9904768,0.00561273017570495
2022-12-19T16:00:03.9994880,-0.0144551231396295
2022-12-19T16:00:03.9998080,-0.00294078114415022
2022-12-19T16:00:04.0000896,2.00496854250026E-05
2022-12-19T16:00:04.0002944,-0.0207057658577945
2022-12-19T16:00:04.0004352,-0.00820448036564994
2022-12-19T16:00:04.0005376,0.0105474482928166
2022-12-19T16:00:04.0111744,0.0424586263034057
2022-12-19T16:00:04.0115072,-0.0262984461373967
2022-12-19T16:00:04.0116992,0.0519990818739629
2022-12-19T16:00:04.0118272,0.0108764295018745
2022-12-19T16:00:04.0119296,-0.0305752016153402
2022-12-19T16:00:04.0263680,0.0753567495277009
2022-12-19T16:00:04.0266752,-0.0387997313077776
2022-12-19T16:00:04.0268288,0.027654471371815
2022-12-19T16:00:04.0269440,0.011205410711089
2022-12-19T16:00:04.0270592,-0.00228281873866669
2022-12-19T16:00:04.0271616,0.00659967379631543
2022-12-19T16:00:04.0381440,-0.0361678818166088
2022-12-19T16:00:04.0384000,0.0427876075277508
2022-12-19T16:00:04.0385408,-0.0496561103555861
2022-12-19T16:00:04.0386560,0.00758661741833119
2022-12-19T16:00:04.0387712,0.0194299409923665
2022-12-19T16:00:04.0388864,-0.0437344490773635
2022-12-19T16:00:04.0389888,-0.0239955777923602
2022-12-19T16:00:04.0391040,0.00363884293869718
2022-12-19T16:00:04.0501632,-0.00655957436320019
2022-12-19T16:00:04.0504832,-0.0134681795474529
2022-12-19T16:00:04.0506880,0.0214038282744669
2022-12-19T16:00:04.0508160,-0.0190608598847322
2022-12-19T16:00:04.0509312,-0.0151130855336409
2022-12-19T16:00:04.0510592,0.00528374896914695
2022-12-19T16:00:04.0618752,0.0490382508205021
2022-12-19T16:00:04.0621824,-0.0374838065634167
2022-12-19T16:00:04.0624384,0.0549599129403384
2022-12-19T16:00:04.0626432,-0.00359874354901193
2022-12-19T16:00:04.0627712,-0.0239955777923602
2022-12-19T16:00:04.0628864,0.0733828620890405
2022-12-19T16:00:04.0768640,-0.0503140727167894
2022-12-19T16:00:04.0771712,0.037523907957265
2022-12-19T16:00:04.0774272,0.00988948587516988
2022-12-19T16:00:04.0776064,-0.0039277247512097
2022-12-19T16:00:04.0777216,-0.00359874354901193
2022-12-19T16:00:04.0778496,-0.0397866748644434
2022-12-19T16:00:04.0868096,0.0513411194165228
2022-12-19T16:00:04.0871552,-0.0578806398269743
2022-12-19T16:00:04.0873600,0.00923152345814872
2022-12-19T16:00:04.0875264,0.0197589222056571
2022-12-19T16:00:04.0876672,-0.0532749033346829
2022-12-19T16:00:04.0878336,-0.00655957436320019
2022-12-19T16:00:04.0879744,0.0184429973534371
2022-12-19T16:00:04.0965504,-0.0108363299615074
2022-12-19T16:00:04.0967552,-0.0101783675634727
2022-12-19T16:00:04.0968960,0.0260095652880537
2022-12-19T16:00:04.0971264,-0.0213637282459401
2022-12-19T16:00:04.0973568,-0.0203767846634904
2022-12-19T16:00:04.1067264,0.0164691100798168
2022-12-19T16:00:04.1070720,0.0441035324267193
2022-12-19T16:00:04.1073536,-0.0391287124934857
2022-12-19T16:00:04.1075328,0.0408137201840608
2022-12-19T16:00:04.1076864,0.0115343919204599
2022-12-19T16:00:04.1258752,-0.0325490887502571
2022-12-19T16:00:04.1262976,0.0664742560993373
2022-12-19T16:00:04.1266176,-0.0197188222744198
2022-12-19T16:00:04.1268608,0.0263385465044908
2022-12-19T16:00:04.1270016,0.00956050466658112
2022-12-19T16:00:04.1367040,0.00956050466658112
2022-12-19T16:00:04.1368704,-0.0272853897115341
2022-12-19T16:00:04.1369984,-0.0325490887502571
2022-12-19T16:00:04.1371008,0.0496962132757115
2022-12-19T16:00:04.1372160,-0.0384707501219167
2022-12-19T16:00:04.1373184,0.0033098617330751
2022-12-19T16:00:04.1374208,0.0246936404238808
2022-12-19T16:00:04.1375232,-0.0414315807891646
2022-12-19T16:00:04.1376384,-0.0039277247512097
2022-12-19T16:00:04.1377408,0.00528374896914695
2022-12-19T16:00:04.1473024,-0.0075465179651354
2022-12-19T16:00:04.1476224,0.00166495570730275
2022-12-19T16:00:04.1478144,0.030944283551166
2022-12-19T16:00:04.1479424,-0.0253115025618754
2022-12-19T16:00:04.1480576,-0.0114942923589225
2022-12-19T16:00:04.1604608,0.000349030889489121
2022-12-19T16:00:04.1607168,0.0464064010060314
2022-12-19T16:00:04.1608320,-0.0315621451834888
2022-12-19T16:00:04.1609472,0.0549599129403384
2022-12-19T16:00:04.1610624,0.0256805840717742
2022-12-19T16:00:04.1724416,-0.0328780699388733
2022-12-19T16:00:04.1726592,0.0730538808498274
2022-12-19T16:00:04.1727872,-0.0493271291747564
2022-12-19T16:00:04.1729152,0.0118633731299873
2022-12-19T16:00:04.1730304,0.0464064010060314
2022-12-19T16:00:04.1731456,0.0256805840717742
2022-12-19T16:00:04.1732608,-0.0374838065634167
2022-12-19T16:00:04.1841152,-0.0555777715845434
2022-12-19T16:00:04.1845504,-0.00655957436320019
2022-12-19T16:00:04.1848832,-0.097687361137443
2022-12-19T16:00:04.1850368,0.0546309317101028
2022-12-19T16:00:04.1851520,0.00956050466658112
2022-12-19T16:00:04.1852672,0.0960825679848544
2022-12-19T16:00:04.1957504,-0.0233376154066791
2022-12-19T16:00:04.1960704,0.0575917627879726
2022-12-19T16:00:04.1962496,-0.0318911263725649
2022-12-19T16:00:04.1963776,0.00791559862598218
2022-12-19T16:00:04.1965056,0.0240356779927391
2022-12-19T16:00:04.1966080,-0.0236665965995966
2022-12-19T16:00:04.2103168,-0.018731878689657
2022-12-19T16:00:04.2106496,-0.00590161196113415
2022-12-19T16:00:04.2108160,0.0273254901547475
2022-12-19T16:00:04.2109440,-0.018731878689657
2022-12-19T16:00:04.2110720,0.0273254901547475
2022-12-19T16:00:04.2221824,0.00363884293869718
2022-12-19T16:00:04.2225792,-0.0387997313077776
2022-12-19T16:00:04.2227712,0.0661452748634996
2022-12-19T16:00:04.2228864,-0.0253115025618754
2022-12-19T16:00:04.2230144,0.0240356779927391
2022-12-19T16:00:04.2231296,-0.00326976234665881
2022-12-19T16:00:04.2232448,-0.00721753676464547
2022-12-19T16:00:04.2233472,-0.00590161196113415
2022-12-19T16:00:04.2348672,-0.0197188222744198
2022-12-19T16:00:04.2351744,0.0500251945035551
2022-12-19T16:00:04.2353664,-0.0466952797226417
2022-12-19T16:00:04.2354944,0.0273254901547475
2022-12-19T16:00:04.2356096,0.0174560537159208
2022-12-19T16:00:04.2357120,-0.0407736184197342
2022-12-19T16:00:04.2451200,-0.0154420667304147
2022-12-19T16:00:04.2454656,-0.00524364955844718
2022-12-19T16:00:04.2456448,-0.00458568715513909
2022-12-19T16:00:04.2457728,-0.00458568715513909
2022-12-19T16:00:04.2458880,0.0148242040227804
2022-12-19T16:00:04.2460032,-0.0101783675634727
2022-12-19T16:00:04.2551680,-0.00952040516481843
2022-12-19T16:00:04.2556160,-0.000637912722236303
2022-12-19T16:00:04.2559872,0.0394977952914403
2022-12-19T16:00:04.2563200,-0.027943352093524
2022-12-19T16:00:04.2566144,0.0408137201840608
2022-12-19T16:00:04.2681984,-0.00228281873866669
2022-12-19T16:00:04.2685056,-0.0397866748644434
2022-12-19T16:00:04.2687616,0.0664742560993373
2022-12-19T16:00:04.2689408,-0.04044463723479
2022-12-19T16:00:04.2690560,0.0345630769666917
2022-12-19T16:00:04.2784128,0.0181140161407747
2022-12-19T16:00:04.2786304,0.00627069258928915
2022-12-19T16:00:04.2787840,-0.00590161196113415
2022-12-19T16:00:04.2788992,-0.0338650135038022
2022-12-19T16:00:04.2790144,0.0487092695931362
2022-12-19T16:00:04.2791168,-0.0513010162574545
2022-12-19T16:00:04.2792320,0.0187719785662566
2022-12-19T16:00:04.2936704,0.0214038282744669
2022-12-19T16:00:04.2940416,-0.0427475055261936
2022-12-19T16:00:04.2942976,0.000678012093708949
2022-12-19T16:00:04.2944768,0.00988948587516988
2022-12-19T16:00:04.2946176,-0.0137971607449997
2022-12-19T16:00:04.3058560,-0.00359874354901193
2022-12-19T16:00:04.3060992,0.0171270725037292
2022-12-19T16:00:04.3062144,-0.0161000291234987
2022-12-19T16:00:04.3063296,-0.0233376154066791
2022-12-19T16:00:04.3064320,-0.0039277247512097
2022-12-19T16:00:04.3065472,0.028970396241662
2022-12-19T16:00:04.3066624,-0.0401156560496931
2022-12-19T16:00:04.3154560,0.037523907957265
2022-12-19T16:00:04.3157248,0.0230487343472071
2022-12-19T16:00:04.3158528,-0.0378127877497363
2022-12-19T16:00:04.3159808,0.0776596182134701
2022-12-19T16:00:04.3160832,-0.0470242609046887
2022-12-19T16:00:04.3161984,0.0197589222056571
2022-12-19T16:00:04.3262080,0.00265189932229863
2022-12-19T16:00:04.3265152,-0.0190608598847322
2022-12-19T16:00:04.3266944,-0.00919142396525881
2022-12-19T16:00:04.3268096,-0.0236665965995966
2022-12-19T16:00:04.3269376,0.0312732647699692
2022-12-19T16:00:04.3361280,-0.0427475055261936
2022-12-19T16:00:04.3363712,0.0263385465044908
2022-12-19T16:00:04.3364992,0.0286414150239637
2022-12-19T16:00:04.3366144,-0.0371548253769442
2022-12-19T16:00:04.3367296,-0.0078754991654702
2022-12-19T16:00:04.3368320,0.00265189932229863
2022-12-19T16:00:04.3479424,-0.00294078114415022
2022-12-19T16:00:04.3483008,0.0214038282744669
2022-12-19T16:00:04.3485184,0.0148242040227804
2022-12-19T16:00:04.3487104,-0.0078754991654702
2022-12-19T16:00:04.3490176,-0.00688855556400039
2022-12-19T16:00:04.3621120,0.0135082791799726
2022-12-19T16:00:04.3624192,0.0306153023325207
2022-12-19T16:00:04.3625984,-0.0338650135038022
2022-12-19T16:00:04.3627392,0.0411427014076124
2022-12-19T16:00:04.3628672,0.00791559862598218
2022-12-19T16:00:04.3629824,-0.0246535401774255
2022-12-19T16:00:04.3769600,0.0717379558945845
2022-12-19T16:00:04.3772800,-0.0424185243421653
2022-12-19T16:00:04.3774592,0.0174560537159208
2022-12-19T16:00:04.3775872,-0.000637912722236303
2022-12-19T16:00:04.3777152,-0.0167579915159647
2022-12-19T16:00:04.3778432,-0.017415953907813
2022-12-19T16:00:04.3779456,-0.0309041828048764
2022-12-19T16:00:04.3868160,0.0427876075277508
2022-12-19T16:00:04.3871360,-0.0618284139395945
2022-12-19T16:00:04.3873280,0.0138372603904395
2022-12-19T16:00:04.3874432,0.0223907719176392
2022-12-19T16:00:04.3875712,-0.0401156560496931
2022-12-19T16:00:04.3877120,-0.00886244276554422
2022-12-19T16:00:04.3878144,0.0200879034191048
2022-12-19T16:00:04.3971968,-0.014126141942392
2022-12-19T16:00:04.3976960,-0.00425670595325207
2022-12-19T16:00:04.3980416,0.0161401288680959
2022-12-19T16:00:04.3982848,0.00298088052760892
2022-12-19T16:00:04.3984128,-0.0161000291234987
2022-12-19T16:00:04.4103552,0.00298088052760892
2022-12-19T16:00:04.4106496,0.0263385465044908
2022-12-19T16:00:04.4109056,-0.0397866748644434
2022-12-19T16:00:04.4110720,0.0539729692501105
2022-12-19T16:00:04.4112128,0.0105474482928166
2022-12-19T16:00:04.4221312,-0.0315621451834888
2022-12-19T16:00:04.4223616,0.0658162936278223
2022-12-19T16:00:04.4224896,-0.04044463723479
2022-12-19T16:00:04.4225920,0.0299573398957038
2022-12-19T16:00:04.4227072,0.00791559862598218
2022-12-19T16:00:04.4228224,-0.0124812359538841
2022-12-19T16:00:04.4229248,-0.0197188222744198
2022-12-19T16:00:04.4316672,-0.027943352093524
2022-12-19T16:00:04.4320256,0.0418006638551917
2022-12-19T16:00:04.4323328,-0.0453793549929307
2022-12-19T16:00:04.4324736,0.00758661741833119
2022-12-19T16:00:04.4326016,0.0138372603904395
2022-12-19T16:00:04.4327040,-0.0424185243421653
2022-12-19T16:00:04.4441728,-0.00294078114415022
2022-12-19T16:00:04.4443904,0.00725763621083642
2022-12-19T16:00:04.4445312,-0.00721753676464547
2022-12-19T16:00:04.4446464,0.00363884293869718
2022-12-19T16:00:04.4564736,0.0283124338064231
2022-12-19T16:00:04.4567680,-0.00261179994148619
2022-12-19T16:00:04.4570240,-0.0075465179651354
2022-12-19T16:00:04.4572032,0.00429680535040913
2022-12-19T16:00:04.4573184,0.0418006638551917
2022-12-19T16:00:04.4574208,-0.0210347470519443
2022-12-19T16:00:04.4659840,0.0556178754012885
2022-12-19T16:00:04.4662784,0.00199393691214557
2022-12-19T16:00:04.4665088,-0.0236665965995966
2022-12-19T16:00:04.4666752,0.0658162936278223
2022-12-19T16:00:04.4668032,-0.0335360323156458
2022-12-19T16:00:04.4669184,0.0148242040227804
2022-12-19T16:00:04.4670336,0.005941711382419
2022-12-19T16:00:04.4777984,-0.0154420667304147
2022-12-19T16:00:04.4781824,-0.0134681795474529
2022-12-19T16:00:04.4783744,-0.0460373173580908
2022-12-19T16:00:04.4784896,0.0424586263034057
2022-12-19T16:00:04.4785920,-0.0605124892378086
2022-12-19T16:00:04.4896896,-0.00129587512927513
2022-12-19T16:00:04.4899200,0.0322602084273265
2022-12-19T16:00:04.4900352,-0.0437344490773635
2022-12-19T16:00:04.4901504,-0.00129587512927513
2022-12-19T16:00:04.4902528,0.00166495570730275
2022-12-19T16:00:04.5027712,-0.00655957436320019
2022-12-19T16:00:04.5030912,0.00133597450261574
2022-12-19T16:00:04.5033600,0.00462578655649906
2022-12-19T16:00:04.5035264,0.00363884293869718
2022-12-19T16:00:04.5036672,-0.0101783675634727
2022-12-19T16:00:04.5037824,-0.00195383753569171
2022-12-19T16:00:04.5152640,0.0378528891792314
2022-12-19T16:00:04.5157120,-0.027943352093524
2022-12-19T16:00:04.5160064,0.0589076877156253
2022-12-19T16:00:04.5162496,0.00462578655649906
2022-12-19T16:00:04.5165184,-0.0318911263725649
2022-12-19T16:00:04.5167872,0.071408974656176
2022-12-19T16:00:04.5170432,-0.04044463723479
2022-12-19T16:00:04.5295488,0.0266675277210854
2022-12-19T16:00:04.5297792,0.00232291811714419
2022-12-19T16:00:04.5298944,-0.0272853897115341
2022-12-19T16:00:04.5300224,-0.000637912722236303
2022-12-19T16:00:04.5301376,-0.0295882580458106
2022-12-19T16:00:04.5302400,0.0447614948771567
2022-12-19T16:00:04.5303680,-0.0513010162574545
2022-12-19T16:00:04.5445632,0.0138372603904395
2022-12-19T16:00:04.5448064,0.0194299409923665
2022-12-19T16:00:04.5449216,-0.0427475055261936
2022-12-19T16:00:04.5450624,0.00100699329808449
2022-12-19T16:00:04.5451648,0.00956050466658112
2022-12-19T16:00:04.5452800,0.00528374896914695
2022-12-19T16:00:04.5603712,-0.0108363299615074
2022-12-19T16:00:04.5606144,0.0033098617330751
2022-12-19T16:00:04.5607552,-0.0101783675634727
2022-12-19T16:00:04.5608704,-0.00820448036564994
2022-12-19T16:00:04.5609728,-0.26809958202265
2022-12-19T16:00:04.5610880,0.0460774197799385
2022-12-19T16:00:04.5611904,-0.0207057658577945
2022-12-19T16:00:04.5612928,0.0677901810442935
2022-12-19T16:00:04.5727104,0.0115343919204599
2022-12-19T16:00:04.5730048,-0.0345229758796555
2022-12-19T16:00:04.5732352,0.0447614948771567
2022-12-19T16:00:04.5733760,0.0681191622809339
2022-12-19T16:00:04.5734912,0.00298088052760892
2022-12-19T16:00:04.5736064,0.0194299409923665
2022-12-19T16:00:04.5737088,-0.0131391983497513
2022-12-19T16:00:04.5738240,-0.00491466835687079
2022-12-19T16:00:04.5850112,-0.0309041828048764
2022-12-19T16:00:04.5852288,0.0523280631029221
2022-12-19T16:00:04.5853696,-0.0608414704134819
2022-12-19T16:00:04.5854848,-0.00458568715513909
2022-12-19T16:00:04.5855872,0.0279834525890402
2022-12-19T16:00:04.5857024,-0.0453793549929307
2022-12-19T16:00:04.5953664,-0.00162485633256119
2022-12-19T16:00:04.5958784,0.0138372603904395
2022-12-19T16:00:04.5961984,-0.0121522547557184
2022-12-19T16:00:04.5963648,0.00956050466658112
2022-12-19T16:00:04.5964800,0.010218467083915
2022-12-19T16:00:04.5965952,0.0187719785662566
2022-12-19T16:00:04.6048768,-0.0161000291234987
2022-12-19T16:00:04.6050944,-0.00820448036564994
2022-12-19T16:00:04.6052224,0.0480513071388821
2022-12-19T16:00:04.6053248,-0.0565647151179231
2022-12-19T16:00:04.6054400,0.0730538808498274
2022-12-19T16:00:04.6176384,0.0158111476565318
2022-12-19T16:00:04.6179584,-0.0249825213697274
2022-12-19T16:00:04.6182144,0.0812784118785083
2022-12-19T16:00:04.6183808,-0.0424185243421653
2022-12-19T16:00:04.6185472,-0.0226796530203822
2022-12-19T16:00:04.6292992,0.000349030889489121
2022-12-19T16:00:04.6296320,-0.0447213926271611
2022-12-19T16:00:04.6297984,0.0217328094887004
2022-12-19T16:00:04.6299264,-0.0585386021805911
2022-12-19T16:00:04.6300416,0.197079819655594
2022-12-19T16:00:04.6301568,-0.119729098445376
2022-12-19T16:00:04.6441344,-0.099661248087622
2022-12-19T16:00:04.6444544,0.0510121381880419
2022-12-19T16:00:04.6446080,-0.0463662985404424
2022-12-19T16:00:04.6447232,0.00363884293869718
2022-12-19T16:00:04.6448384,0.0164691100798168
2022-12-19T16:00:04.6449536,-0.0131391983497513
2022-12-19T16:00:04.6540032,-0.00359874354901193
2022-12-19T16:00:04.6543104,0.0033098617330751
2022-12-19T16:00:04.6545664,-0.014126141942392
2022-12-19T16:00:04.6547328,-0.0114942923589225
2022-12-19T16:00:04.6548480,-0.00491466835687079
2022-12-19T16:00:04.6549504,0.0477223259119937
2022-12-19T16:00:04.6550656,-0.0184028974944275
2022-12-19T16:00:04.6551680,0.0421296450792193
2022-12-19T16:00:04.6641792,2.00496854250026E-05
2022-12-19T16:00:04.6645376,-0.04044463723479
2022-12-19T16:00:04.6647552,0.0723959183718841
2022-12-19T16:00:04.6649216,-0.0325490887502571
2022-12-19T16:00:04.6650624,0.0240356779927391
2022-12-19T16:00:04.6774016,0.00298088052760892
2022-12-19T16:00:04.6776320,0.00265189932229863
2022-12-19T16:00:04.6777984,0.00265189932229863
2022-12-19T16:00:04.6779136,-0.0384707501219167
2022-12-19T16:00:04.6780160,0.0398267765143575
2022-12-19T16:00:04.6897280,-0.0476822232683261
2022-12-19T16:00:04.6900352,0.0279834525890402
2022-12-19T16:00:04.6902016,0.0207458658464715
2022-12-19T16:00:04.6903168,-0.0509720350773848
2022-12-19T16:00:04.6904448,-0.00491466835687079
2022-12-19T16:00:04.6905472,0.0256805840717742
2022-12-19T16:00:04.6992896,-0.0144551231396295
2022-12-19T16:00:04.6995968,0.00100699329808449
2022-12-19T16:00:04.6998272,0.0158111476565318
2022-12-19T16:00:04.7000064,-0.00919142396525881
2022-12-19T16:00:04.7001344,-0.0161000291234987
2022-12-19T16:00:04.7002496,0.00528374896914695
2022-12-19T16:00:04.7127168,0.0460774197799385
2022-12-19T16:00:04.7130624,-0.0282723332842885
2022-12-19T16:00:04.7132416,0.0559468566320032
2022-12-19T16:00:04.7133568,0.0184429973534371
2022-12-19T16:00:04.7135104,-0.0545908280497991
2022-12-19T16:00:04.7226368,0.0842392430735338
2022-12-19T16:00:04.7230080,-0.0269564085203087
2022-12-19T16:00:04.7232512,0.0138372603904395
2022-12-19T16:00:04.7234816,0.0167980912916946
2022-12-19T16:00:04.7237376,-0.00688855556400039
2022-12-19T16:00:04.7239808,-0.0105073487625675
2022-12-19T16:00:04.7242240,-0.0210347470519443
2022-12-19T16:00:04.7344512,0.034234095746308
2022-12-19T16:00:04.7348480,-0.0621573951146631
2022-12-19T16:00:04.7350656,0.0151531852338741
2022-12-19T16:00:04.7352064,0.010218467083915
2022-12-19T16:00:04.7353344,-0.0338650135038022
2022-12-19T16:00:04.7470592,-0.017415953907813
2022-12-19T16:00:04.7472256,0.0118633731299873
2022-12-19T16:00:04.7473408,-0.0147841043367125
2022-12-19T16:00:04.7474560,0.0141662416010631
2022-12-19T16:00:04.7475584,0.0138372603904395
2022-12-19T16:00:04.7476608,-0.00228281873866669
2022-12-19T16:00:04.7607680,-0.0197188222744198
2022-12-19T16:00:04.7610752,0.000349030889489121
2022-12-19T16:00:04.7612416,0.0306153023325207
2022-12-19T16:00:04.7613440,-0.0338650135038022
2022-12-19T16:00:04.7614720,0.0506831569597203
2022-12-19T16:00:04.7615872,0.0141662416010631
2022-12-19T16:00:04.7707392,-0.0315621451834888
2022-12-19T16:00:04.7709696,0.0668032373353356
2022-12-19T16:00:04.7711104,-0.0559067527624882
2022-12-19T16:00:04.7712128,0.0299573398957038
2022-12-19T16:00:04.7713280,0.00199393691214557
2022-12-19T16:00:04.7714432,-0.00359874354901193
2022-12-19T16:00:04.7715584,-0.0111653111602924
2022-12-19T16:00:04.7823232,-0.0325490887502571
2022-12-19T16:00:04.7827328,0.0441035324267193
2022-12-19T16:00:04.7829760,-0.0457083361755869
2022-12-19T16:00:04.7832576,0.0105474482928166
2022-12-19T16:00:04.7835008,0.0286414150239637
2022-12-19T16:00:04.7953024,-0.0450503738101221
2022-12-19T16:00:04.7955328,0.00199393691214557
2022-12-19T16:00:04.7956608,0.0105474482928166
2022-12-19T16:00:04.7957888,-0.00458568715513909
2022-12-19T16:00:04.7958912,0.0161401288680959
2022-12-19T16:00:04.7959936,0.00363884293869718
2022-12-19T16:00:04.8093568,0.00199393691214557
2022-12-19T16:00:04.8096640,-0.0197188222744198
2022-12-19T16:00:04.8098304,0.00166495570730275
2022-12-19T16:00:04.8099712,0.0543019504800269
2022-12-19T16:00:04.8100736,-0.0213637282459401
2022-12-19T16:00:04.8101888,0.0700930497041503
2022-12-19T16:00:04.8192512,0.0141662416010631
2022-12-19T16:00:04.8195584,-0.0322201075614877
2022-12-19T16:00:04.8197376,0.0848972055630962
2022-12-19T16:00:04.8198528,-0.0411025996045257
2022-12-19T16:00:04.8199808,0.0269965089378377
2022-12-19T16:00:04.8200960,0.0138372603904395
2022-12-19T16:00:04.8202240,-0.0180739162990437
2022-12-19T16:00:04.8309376,-0.0161000291234987
2022-12-19T16:00:04.8312832,-0.0420895431579843
2022-12-19T16:00:04.8314496,0.0316022459889304
2022-12-19T16:00:04.8315648,-0.0427475055261936
2022-12-19T16:00:04.8316800,0.00956050466658112
2022-12-19T16:00:04.8439808,0.011205410711089
2022-12-19T16:00:04.8442368,-0.0549198092281989
2022-12-19T16:00:04.8443648,-0.00524364955844718
2022-12-19T16:00:04.8444672,0.0269965089378377
2022-12-19T16:00:04.8445824,-0.00590161196113415
2022-12-19T16:00:04.8446848,0.00528374896914695
2022-12-19T16:00:04.8562176,0.0033098617330751
2022-12-19T16:00:04.8564736,-0.00162485633256119
2022-12-19T16:00:04.8566016,0.00100699329808449
2022-12-19T16:00:04.8567040,0.00890254224987264
2022-12-19T16:00:04.8568192,0.0477223259119937
2022-12-19T16:00:04.8569216,-0.0131391983497513
2022-12-19T16:00:04.8681472,0.0408137201840608
2022-12-19T16:00:04.8683776,0.00561273017570495
2022-12-19T16:00:04.8685056,-0.0332070511273362
2022-12-19T16:00:04.8686208,0.0825943368524585
2022-12-19T16:00:04.8687488,-0.0407736184197342
2022-12-19T16:00:04.8688768,0.027654471371815
2022-12-19T16:00:04.8689920,0.00462578655649906
2022-12-19T16:00:04.8784000,0.00396782414447519
2022-12-19T16:00:04.8787968,-0.0039277247512097
2022-12-19T16:00:04.8790016,-0.0184028974944275
2022-12-19T16:00:04.8791168,0.0355500206287917
2022-12-19T16:00:04.8792448,-0.0591965645336023
2022-12-19T16:00:04.8793472,0.0131792979696624
2022-12-19T16:00:04.8940288,0.00659967379631543
2022-12-19T16:00:04.8943488,-0.0489981479937746
2022-12-19T16:00:04.8945408,-0.0210347470519443
2022-12-19T16:00:04.8946560,0.00429680535040913
2022-12-19T16:00:04.8947712,-0.0131391983497513
2022-12-19T16:00:04.9039104,-0.00952040516481843
2022-12-19T16:00:04.9042304,0.0210748470603906
2022-12-19T16:00:04.9044864,0.00265189932229863
2022-12-19T16:00:04.9046528,-0.000966893925833531
2022-12-19T16:00:04.9047680,0.0167980912916946
2022-12-19T16:00:04.9048960,0.0391688140686815
2022-12-19T16:00:04.9049984,-0.00162485633256119
2022-12-19T16:00:04.9144064,0.0589076877156253
2022-12-19T16:00:04.9147520,0.00692865500349785
2022-12-19T16:00:04.9150464,-0.0335360323156458
2022-12-19T16:00:04.9152128,0.0710799934179284
2022-12-19T16:00:04.9153280,-0.039457693679041
2022-12-19T16:00:04.9154304,0.0181140161407747
2022-12-19T16:00:04.9277824,0.00298088052760892
2022-12-19T16:00:04.9280000,-0.00458568715513909
2022-12-19T16:00:04.9281152,-0.00425670595325207
2022-12-19T16:00:04.9282304,-0.0312331639942593
2022-12-19T16:00:04.9283456,0.0325891896467616
2022-12-19T16:00:04.9406336,-0.0516299974373722
2022-12-19T16:00:04.9408512,0.0207458658464715
2022-12-19T16:00:04.9409664,0.0167980912916946
2022-12-19T16:00:04.9410816,-0.0549198092281989
2022-12-19T16:00:04.9411840,-0.016429010319809
2022-12-19T16:00:04.9412992,0.0171270725037292
2022-12-19T16:00:04.9503488,-0.0114942923589225
2022-12-19T16:00:04.9506688,0.00791559862598218
2022-12-19T16:00:04.9508608,0.00659967379631543
2022-12-19T16:00:04.9509760,0.00199393691214557
2022-12-19T16:00:04.9510912,-0.0121522547557184
2022-12-19T16:00:04.9512320,2.00496854250026E-05
2022-12-19T16:00:04.9513472,0.0612105563451762
2022-12-19T16:00:04.9621504,-0.0193898410796531
2022-12-19T16:00:04.9624832,0.0559468566320032
2022-12-19T16:00:04.9626752,0.00725763621083642
2022-12-19T16:00:04.9627904,-0.0374838065634167
2022-12-19T16:00:04.9629056,0.0707510121798415
2022-12-19T16:00:04.9771648,-0.0216927094397817
2022-12-19T16:00:04.9774464,0.0269965089378377
2022-12-19T16:00:04.9775744,-0.00261179994148619
2022-12-19T16:00:04.9776768,-0.0121522547557184
2022-12-19T16:00:04.9777920,-0.00162485633256119
2022-12-19T16:00:04.9779072,-0.0387997313077776
2022-12-19T16:00:04.9891968,0.0266675277210854
2022-12-19T16:00:04.9894144,-0.0526169409762142
2022-12-19T16:00:04.9895296,0.0167980912916946
2022-12-19T16:00:04.9896320,0.0237066967774044
2022-12-19T16:00:04.9897472,-0.0575516586499388
2022-12-19T16:00:04.9898496,-0.00228281873866669
2022-12-19T16:00:04.9899648,0.0138372603904395
2022-12-19T16:00:04.9987840,-0.0105073487625675
2022-12-19T16:00:04.9991040,-0.0128102171518951
2022-12-19T16:00:04.9992576,0.0115343919204599
2022-12-19T16:00:04.9993984,0.00429680535040913
2022-12-19T16:00:04.9995392,-0.00129587512927513
2022-12-19T16:00:04.9996928,-0.00195383753569171
2022-12-19T16:00:05.0116096,0.0418006638551917
2022-12-19T16:00:05.0119168,-0.00524364955844718
2022-12-19T16:00:05.0120960,0.0516701006451631
2022-12-19T16:00:05.0122112,0.0187719785662566
2022-12-19T16:00:05.0123264,-0.0427475055261936
2022-12-19T16:00:05.0234496,0.0842392430735338
2022-12-19T16:00:05.0238080,-0.0526169409762142
2022-12-19T16:00:05.0239872,0.0237066967774044
2022-12-19T16:00:05.0241152,0.00232291811714419
2022-12-19T16:00:05.0242176,-0.00425670595325207
2022-12-19T16:00:05.0243328,-0.0154420667304147
2022-12-19T16:00:05.0329856,-0.0312331639942593
2022-12-19T16:00:05.0333056,0.0306153023325207
2022-12-19T16:00:05.0336000,-0.0473532420865835
2022-12-19T16:00:05.0338176,0.0151531852338741
2022-12-19T16:00:05.0340096,0.011205410711089
2022-12-19T16:00:05.0341504,-0.0555777715845434
2022-12-19T16:00:05.0451968,0.00725763621083642
2022-12-19T16:00:05.0455040,0.0161401288680959
2022-12-19T16:00:05.0456704,-0.0055726307598683
2022-12-19T16:00:05.0457856,0.0141662416010631
2022-12-19T16:00:05.0458880,0.0214038282744669
2022-12-19T16:00:05.0552704,-0.00261179994148619
2022-12-19T16:00:05.0555136,0.010218467083915
2022-12-19T16:00:05.0556288,0.0220617907030912
2022-12-19T16:00:05.0557440,0.0658162936278223
2022-12-19T16:00:05.0558592,-0.0114942923589225
2022-12-19T16:00:05.0559744,0.0546309317101028
2022-12-19T16:00:05.0648576,-0.0776195101728054
2022-12-19T16:00:05.0651776,-0.0305752016153402
2022-12-19T16:00:05.0653568,0.0710799934179284
2022-12-19T16:00:05.0654720,-0.0282723332842885
2022-12-19T16:00:05.0655872,0.06055259387879
2022-12-19T16:00:05.0778496,-0.0772905290048149
2022-12-19T16:00:05.0781440,0.0500251945035551
2022-12-19T16:00:05.0783360,-0.0532749033346829
2022-12-19T16:00:05.0784640,-0.0572226774727517
2022-12-19T16:00:05.0785792,0.12667782498411
2022-12-19T16:00:05.0878592,-0.077948491340646
2022-12-19T16:00:05.0884992,-0.00984938636422307
2022-12-19T16:00:05.0888320,0.0358790018498081
2022-12-19T16:00:05.0889856,-0.0726847926371815
2022-12-19T16:00:05.0891008,-0.0161000291234987
2022-12-19T16:00:05.0892288,-0.000966893925833531
2022-12-19T16:00:05.0996864,-0.0124812359538841
2022-12-19T16:00:05.1000832,-0.00294078114415022
2022-12-19T16:00:05.1003392,0.028970396241662
2022-12-19T16:00:05.1005696,-0.00590161196113415
2022-12-19T16:00:05.1007360,-0.00491466835687079
2022-12-19T16:00:05.1009280,0.00495476776274499
2022-12-19T16:00:05.1114368,0.0467353822322834
2022-12-19T16:00:05.1116544,-0.017415953907813
2022-12-19T16:00:05.1117824,0.0615395375786094
2022-12-19T16:00:05.1118848,0.0138372603904395
2022-12-19T16:00:05.1120000,-0.0230086342136077
2022-12-19T16:00:05.1121152,0.0746987870475031
2022-12-19T16:00:05.1214080,-0.0328780699388733
2022-12-19T16:00:05.1217152,0.0167980912916946
2022-12-19T16:00:05.1218816,-0.0075465179651354
2022-12-19T16:00:05.1219968,-0.0075465179651354
2022-12-19T16:00:05.1221120,-0.0055726307598683
2022-12-19T16:00:05.1327232,-0.0328780699388733
2022-12-19T16:00:05.1331712,0.0269965089378377
2022-12-19T16:00:05.1333632,-0.0582096210038585
2022-12-19T16:00:05.1334784,0.0121923543396712
2022-12-19T16:00:05.1335808,0.0148242040227804
2022-12-19T16:00:05.1448576,-0.0496561103555861
2022-12-19T16:00:05.1451776,-0.0078754991654702
2022-12-19T16:00:05.1453568,0.0082445798337894
2022-12-19T16:00:05.1454720,-0.00326976234665881
2022-12-19T16:00:05.1455872,0.010218467083915
2022-12-19T16:00:05.1456896,0.027654471371815
2022-12-19T16:00:05.1571328,-0.0137971607449997
2022-12-19T16:00:05.1574016,-0.000308931518483477
2022-12-19T16:00:05.1575168,0.000349030889489121
2022-12-19T16:00:05.1576320,0.0394977952914403
2022-12-19T16:00:05.1577472,-0.0131391983497513
2022-12-19T16:00:05.1578496,0.0566048190939116
2022-12-19T16:00:05.1679488,0.0115343919204599
2022-12-19T16:00:05.1682688,-0.0496561103555861
2022-12-19T16:00:05.1684224,0.0878580367741406
2022-12-19T16:00:05.1685504,-0.0414315807891646
2022-12-19T16:00:05.1687040,0.0299573398957038
2022-12-19T16:00:05.1688192,0.00692865500349785
2022-12-19T16:00:05.1795584,0.00133597450261574
2022-12-19T16:00:05.1798016,-0.0207057658577945
2022-12-19T16:00:05.1799296,-0.0424185243421653
2022-12-19T16:00:05.1800448,0.0348920581872335
2022-12-19T16:00:05.1801472,-0.059854526886008
2022-12-19T16:00:05.1942912,0.0292993774595181
2022-12-19T16:00:05.1945728,0.010218467083915
2022-12-19T16:00:05.1947136,-0.0358389006295243
2022-12-19T16:00:05.1948416,-0.00129587512927513
2022-12-19T16:00:05.1949568,0.0138372603904395
2022-12-19T16:00:05.1950848,-0.00820448036564994
2022-12-19T16:00:05.2100224,0.0082445798337894
2022-12-19T16:00:05.2102016,0.0171270725037292
2022-12-19T16:00:05.2103680,0.00396782414447519
2022-12-19T16:00:05.2104832,0.00659967379631543
2022-12-19T16:00:05.2105856,0.0171270725037292
2022-12-19T16:00:05.2107136,0.0312732647699692
2022-12-19T16:00:05.2108160,-0.0177449351035055
2022-12-19T16:00:05.2109312,0.0556178754012885
2022-12-19T16:00:05.2217856,0.00363884293869718
2022-12-19T16:00:05.2221568,-0.0427475055261936
2022-12-19T16:00:05.2223488,0.0832522993404034
2022-12-19T16:00:05.2224768,-0.0325490887502571
2022-12-19T16:00:05.2225920,0.0210748470603906
2022-12-19T16:00:05.2227200,2.00496854250026E-05
2022-12-19T16:00:05.2228352,-0.00623059316224477
2022-12-19T16:00:05.2229504,-0.0075465179651354
2022-12-19T16:00:05.2340096,-0.0305752016153402
2022-12-19T16:00:05.2341888,0.0358790018498081
2022-12-19T16:00:05.2343040,-0.0565647151179231
2022-12-19T16:00:05.2344192,0.0151531852338741
2022-12-19T16:00:05.2345216,0.0200879034191048
2022-12-19T16:00:05.2346368,-0.0496561103555861
2022-12-19T16:00:05.2455680,-0.00162485633256119
2022-12-19T16:00:05.2457984,0.0144952228118434
2022-12-19T16:00:05.2459136,-0.00425670595325207
2022-12-19T16:00:05.2460288,0.00396782414447519
2022-12-19T16:00:05.2461440,-0.00590161196113415
2022-12-19T16:00:05.2604288,-0.0114942923589225
2022-12-19T16:00:05.2609152,0.00199393691214557
2022-12-19T16:00:05.2612480,0.00232291811714419
2022-12-19T16:00:05.2615808,0.0434455699769174
2022-12-19T16:00:05.2618880,-0.0197188222744198
2022-12-19T16:00:05.2621568,0.0526570443320408
2022-12-19T16:00:05.2731136,-0.0157710479270339
2022-12-19T16:00:05.2734208,-0.0407736184197342
2022-12-19T16:00:05.2735872,0.0773306369721622
2022-12-19T16:00:05.2737024,-0.0457083361755869
2022-12-19T16:00:05.2738048,0.0312732647699692
2022-12-19T16:00:05.2739200,0.0115343919204599
2022-12-19T16:00:05.2740352,-0.0147841043367125
2022-12-19T16:00:05.2741504,-0.00623059316224477
2022-12-19T16:00:05.2844672,-0.0200478034690322
2022-12-19T16:00:05.2847104,0.0273254901547475
2022-12-19T16:00:05.2848384,-0.0503140727167894
2022-12-19T16:00:05.2849536,0.0125213355495117
2022-12-19T16:00:05.2850560,0.0233777155622271
2022-12-19T16:00:05.2851712,-0.0466952797226417
2022-12-19T16:00:05.2958208,-0.00129587512927513
2022-12-19T16:00:05.2961408,0.000349030889489121
2022-12-19T16:00:05.2963200,0.00100699329808449
2022-12-19T16:00:05.2964352,-0.0154420667304147
2022-12-19T16:00:05.2965504,0.0187719785662566
2022-12-19T16:00:05.2966656,-0.00425670595325207
2022-12-19T16:00:05.3105792,0.00659967379631543
2022-12-19T16:00:05.3108992,0.0167980912916946
2022-12-19T16:00:05.3110912,0.028970396241662
2022-12-19T16:00:05.3112064,-0.016429010319809
2022-12-19T16:00:05.3113216,0.0352210394079334
2022-12-19T16:00:05.3226112,-0.00688855556400039
2022-12-19T16:00:05.3228288,-0.0424185243421653
2022-12-19T16:00:05.3229568,0.0806204493925027
2022-12-19T16:00:05.3230720,-0.0391287124934857
2022-12-19T16:00:05.3232000,0.0319312272080495
2022-12-19T16:00:05.3233024,-0.00655957436320019
2022-12-19T16:00:05.3234176,-0.0207057658577945
2022-12-19T16:00:05.3235200,-0.0108363299615074
2022-12-19T16:00:05.3323136,-0.0276143709026059
2022-12-19T16:00:05.3326208,0.0441035324267193
2022-12-19T16:00:05.3327872,-0.0473532420865835
2022-12-19T16:00:05.3329280,0.0227197531323445
2022-12-19T16:00:05.3330560,0.0144952228118434
2022-12-19T16:00:05.3331968,-0.0420895431579843
2022-12-19T16:00:05.3443200,0.0033098617330751
2022-12-19T16:00:05.3445504,0.00100699329808449
2022-12-19T16:00:05.3446912,2.00496854250026E-05
2022-12-19T16:00:05.3448064,-0.000966893925833531
2022-12-19T16:00:05.3449216,0.0187719785662566
2022-12-19T16:00:05.3561216,-0.0184028974944275
2022-12-19T16:00:05.3563392,-0.00326976234665881
2022-12-19T16:00:05.3564544,0.00956050466658112
2022-12-19T16:00:05.3565696,0.0503541757315581
2022-12-19T16:00:05.3566848,-0.0236665965995966
2022-12-19T16:00:05.3567872,0.0513411194165228
2022-12-19T16:00:05.3677696,-0.00952040516481843
2022-12-19T16:00:05.3680896,-0.0411025996045257
2022-12-19T16:00:05.3683840,0.0740408245679497
2022-12-19T16:00:05.3685632,-0.0302462204256504
2022-12-19T16:00:05.3686912,0.0345630769666917
2022-12-19T16:00:05.3794816,0.0128503167595087
2022-12-19T16:00:05.3796864,-0.0078754991654702
2022-12-19T16:00:05.3798144,-0.00721753676464547
2022-12-19T16:00:05.3799168,-0.0371548253769442
2022-12-19T16:00:05.3800576,0.0210748470603906
2022-12-19T16:00:05.3801600,-0.0562357339402814
2022-12-19T16:00:05.3941760,0.0204168846327095
2022-12-19T16:00:05.3943936,0.00627069258928915
2022-12-19T16:00:05.3945216,-0.0588675833571724
2022-12-19T16:00:05.3946240,-0.0114942923589225
2022-12-19T16:00:05.3947392,0.0230487343472071
2022-12-19T16:00:05.3948544,-0.0154420667304147
2022-12-19T16:00:05.4060160,0.000349030889489121
2022-12-19T16:00:05.4064896,0.00956050466658112
2022-12-19T16:00:05.4068224,0.00692865500349785
2022-12-19T16:00:05.4069888,-0.017415953907813
2022-12-19T16:00:05.4071040,0.00199393691214557
2022-12-19T16:00:05.4072192,0.0260095652880537
2022-12-19T16:00:05.4073216,-0.00655957436320019
2022-12-19T16:00:05.4174720,0.0552888941707336
2022-12-19T16:00:05.4178304,0.0167980912916946
2022-12-19T16:00:05.4180096,-0.0332070511273362
2022-12-19T16:00:05.4181632,0.0770016557310156
2022-12-19T16:00:05.4183168,-0.0312331639942593
2022-12-19T16:00:05.4184320,0.0325891896467616
2022-12-19T16:00:05.4185344,0.0154821664451246
2022-12-19T16:00:05.4293632,0.00298088052760892
2022-12-19T16:00:05.4297344,-0.0124812359538841
2022-12-19T16:00:05.4298880,-0.0364968630035403
2022-12-19T16:00:05.4300160,0.030944283551166
2022-12-19T16:00:05.4301312,-0.0401156560496931
2022-12-19T16:00:05.4441984,0.0253516028556522
2022-12-19T16:00:05.4444160,0.00363884293869718
2022-12-19T16:00:05.4445312,-0.0463662985404424
2022-12-19T16:00:05.4446336,0.00298088052760892
2022-12-19T16:00:05.4447488,0.00627069258928915
2022-12-19T16:00:05.4448640,-0.00655957436320019
2022-12-19T16:00:05.4540928,-0.00623059316224477
2022-12-19T16:00:05.4543104,0.0154821664451246
2022-12-19T16:00:05.4544384,-0.0039277247512097
2022-12-19T16:00:05.4545536,-0.0147841043367125
2022-12-19T16:00:05.4546944,0.00232291811714419
2022-12-19T16:00:05.4548224,0.0513411194165228
2022-12-19T16:00:05.4549376,-0.0220216906334693
2022-12-19T16:00:05.4642688,0.0418006638551917
2022-12-19T16:00:05.4646272,0.019100959779233
2022-12-19T16:00:05.4647936,-0.0414315807891646
2022-12-19T16:00:05.4649216,0.0914768304943551
2022-12-19T16:00:05.4650368,-0.0318911263725649
2022-12-19T16:00:05.4771328,0.0302863211140333
2022-12-19T16:00:05.4773760,0.00890254224987264
2022-12-19T16:00:05.4775168,-0.014126141942392
2022-12-19T16:00:05.4776192,-0.0177449351035055
2022-12-19T16:00:05.4777344,-0.0272853897115341
2022-12-19T16:00:05.4778368,0.0552888941707336
2022-12-19T16:00:05.4890880,-0.0539328656925445
2022-12-19T16:00:05.4893952,0.027654471371815
2022-12-19T16:00:05.4895744,0.0128503167595087
2022-12-19T16:00:05.4897280,-0.0489981479937746
2022-12-19T16:00:05.4898688,0.0154821664451246
2022-12-19T16:00:05.4899968,-0.0230086342136077
2022-12-19T16:00:05.5008000,-0.0322201075614877
2022-12-19T16:00:05.5011200,0.00758661741833119
2022-12-19T16:00:05.5013120,0.0418006638551917
2022-12-19T16:00:05.5014272,0.0144952228118434
2022-12-19T16:00:05.5015808,-0.0190608598847322
2022-12-19T16:00:05.5017216,-0.0661051692037028
2022-12-19T16:00:05.5125376,-0.0223506718270028
2022-12-19T16:00:05.5128576,0.0128503167595087
2022-12-19T16:00:05.5130752,0.0312732647699692
2022-12-19T16:00:05.5131904,0.0365369642923159
2022-12-19T16:00:05.5133056,0.00232291811714419
2022-12-19T16:00:05.5134208,0.0822653556087285
2022-12-19T16:00:05.5274496,-0.0618284139395945
2022-12-19T16:00:05.5277696,0.0914768304943551
2022-12-19T16:00:05.5280128,-0.00458568715513909
2022-12-19T16:00:05.5282176,-0.0111653111602924
2022-12-19T16:00:05.5283456,0.00298088052760892
2022-12-19T16:00:05.5284736,-0.0305752016153402
2022-12-19T16:00:05.5392896,0.0250226216396877
2022-12-19T16:00:05.5395456,-0.0555777715845434
2022-12-19T16:00:05.5396736,0.000678012093708949
2022-12-19T16:00:05.5397888,0.027654471371815
2022-12-19T16:00:05.5399040,-0.0651182256834811
2022-12-19T16:00:05.5400320,0.0141662416010631
2022-12-19T16:00:05.5401344,0.0082445798337894
2022-12-19T16:00:05.5510144,-0.000637912722236303
2022-12-19T16:00:05.5512320,0.00857356104175289
2022-12-19T16:00:05.5513600,0.0240356779927391
2022-12-19T16:00:05.5515008,-0.0055726307598683
2022-12-19T16:00:05.5516160,0.00265189932229863
2022-12-19T16:00:05.5517184,0.00692865500349785
2022-12-19T16:00:05.5627136,0.0401557577374334
2022-12-19T16:00:05.5629440,-0.0177449351035055
2022-12-19T16:00:05.5630592,0.0516701006451631
2022-12-19T16:00:05.5631744,0.00298088052760892
2022-12-19T16:00:05.5633024,-0.0253115025618754
2022-12-19T16:00:05.5634176,0.0661452748634996
2022-12-19T16:00:05.5775360,-0.0387997313077776
2022-12-19T16:00:05.5777536,0.0286414150239637
2022-12-19T16:00:05.5778816,0.00232291811714419
2022-12-19T16:00:05.5779968,-0.0161000291234987
2022-12-19T16:00:05.5780992,-0.0147841043367125
2022-12-19T16:00:05.5782272,-0.0292592768556604
2022-12-19T16:00:05.5892992,0.0243646592082312
2022-12-19T16:00:05.5896064,-0.0578806398269743
2022-12-19T16:00:05.5897728,0.00429680535040913
2022-12-19T16:00:05.5899008,0.0174560537159208
2022-12-19T16:00:05.5900160,-0.0489981479937746
2022-12-19T16:00:05.5901312,-0.00491466835687079
2022-12-19T16:00:05.5902464,0.00133597450261574
2022-12-19T16:00:05.5989888,0.00100699329808449
2022-12-19T16:00:05.5993600,0.00462578655649906
2022-12-19T16:00:05.5995904,0.0154821664451246
2022-12-19T16:00:05.5997056,-0.000308931518483477
2022-12-19T16:00:05.5998208,0.0033098617330751
2022-12-19T16:00:05.5999232,0.0118633731299873
2022-12-19T16:00:05.6121216,0.0457484385540046
2022-12-19T16:00:05.6123392,-0.0190608598847322
2022-12-19T16:00:05.6124544,0.0710799934179284
2022-12-19T16:00:05.6125824,0.00758661741833119
2022-12-19T16:00:05.6126976,-0.0391287124934857
2022-12-19T16:00:05.6238592,0.0770016557310156
2022-12-19T16:00:05.6241664,-0.0453793549929307
2022-12-19T16:00:05.6244224,0.00956050466658112
2022-12-19T16:00:05.6245760,-0.0075465179651354
2022-12-19T16:00:05.6247040,-0.018731878689657
2022-12-19T16:00:05.6248064,-0.00359874354901193
2022-12-19T16:00:05.6335616,-0.0414315807891646
2022-12-19T16:00:05.6338688,0.0217328094887004
2022-12-19T16:00:05.6340608,-0.0526169409762142
2022-12-19T16:00:05.6341888,0.010218467083915
2022-12-19T16:00:05.6342912,0.0141662416010631
2022-12-19T16:00:05.6344192,-0.0591965645336023
2022-12-19T16:00:05.6452736,-0.0101783675634727
2022-12-19T16:00:05.6455040,0.0148242040227804
2022-12-19T16:00:05.6456448,0.000678012093708949
2022-12-19T16:00:05.6457600,-0.000308931518483477
2022-12-19T16:00:05.6458624,0.011205410711089
2022-12-19T16:00:05.6552064,-0.00228281873866669
2022-12-19T16:00:05.6554112,0.00659967379631543
2022-12-19T16:00:05.6555648,0.00462578655649906
2022-12-19T16:00:05.6557568,0.0316022459889304
2022-12-19T16:00:05.6560384,-0.0078754991654702
2022-12-19T16:00:05.6562560,0.0651583311569491
2022-12-19T16:00:05.6650880,0.0197589222056571
2022-12-19T16:00:05.6651776,-0.0266274273289295
2022-12-19T16:00:05.6652544,0.0727248996107753
2022-12-19T16:00:05.6653184,-0.0315621451834888
2022-12-19T16:00:05.6653952,0.0210748470603906
2022-12-19T16:00:05.6796800,-0.00261179994148619
2022-12-19T16:00:05.6798848,-0.27862697667499
2022-12-19T16:00:05.6800384,0.00298088052760892
2022-12-19T16:00:05.6801920,-0.0417605619736507
2022-12-19T16:00:05.6803968,0.0279834525890402
2022-12-19T16:00:05.6976896,-0.0430764867100695
2022-12-19T16:00:05.6979328,0.00462578655649906
2022-12-19T16:00:05.6981760,-0.11446540004401
2022-12-19T16:00:05.6983552,-0.0236665965995966
2022-12-19T16:00:05.6985088,-0.00458568715513909
2022-12-19T16:00:05.6986624,0.0266675277210854
2022-12-19T16:00:05.6987904,0.00462578655649906
2022-12-19T16:00:05.7111936,-0.0078754991654702
2022-12-19T16:00:05.7115648,0.0144952228118434
2022-12-19T16:00:05.7118208,-0.00261179994148619
2022-12-19T16:00:05.7119744,0.0138372603904395
2022-12-19T16:00:05.7120896,0.00659967379631543
2022-12-19T16:00:05.7122176,0.0306153023325207
2022-12-19T16:00:05.7123328,-0.0335360323156458
2022-12-19T16:00:05.7124352,0.0608815751119031
2022-12-19T16:00:05.7125376,0.0108764295018745
2022-12-19T16:00:05.7234048,-0.0239955777923602
2022-12-19T16:00:05.7235968,0.0783175806965698
2022-12-19T16:00:05.7237248,-0.0450503738101221
2022-12-19T16:00:05.7238400,0.0411427014076124
2022-12-19T16:00:05.7239424,0.00561273017570495
2022-12-19T16:00:05.7240448,-0.027943352093524
2022-12-19T16:00:05.7241856,-0.0105073487625675
2022-12-19T16:00:05.7354624,-0.0355099194422867
2022-12-19T16:00:05.7357184,0.0217328094887004
2022-12-19T16:00:05.7358720,-0.0453793549929307
2022-12-19T16:00:05.7360128,0.0151531852338741
2022-12-19T16:00:05.7361792,0.0177850349282693
2022-12-19T16:00:05.7363328,-0.0634733198134259
2022-12-19T16:00:05.7451008,0.00265189932229863
2022-12-19T16:00:05.7452672,0.0108764295018745
2022-12-19T16:00:05.7453952,-0.000637912722236303
2022-12-19T16:00:05.7455104,0.00495476776274499
2022-12-19T16:00:05.7456256,0.00956050466658112
2022-12-19T16:00:05.7457280,-0.00984938636422307
2022-12-19T16:00:05.7597568,0.00199393691214557
2022-12-19T16:00:05.7599616,0.00265189932229863
2022-12-19T16:00:05.7600896,0.0602236126458371
2022-12-19T16:00:05.7601920,-0.0243245589849698
2022-12-19T16:00:05.7603072,0.06252648127987
2022-12-19T16:00:05.7733120,0.00561273017570495
2022-12-19T16:00:05.7735680,-0.0348519570673523
2022-12-19T16:00:05.7737472,0.0766726744900302
2022-12-19T16:00:05.7738752,-0.0480112044499164
2022-12-19T16:00:05.7740032,0.0391688140686815
2022-12-19T16:00:05.7741568,-0.000637912722236303
2022-12-19T16:00:05.7742848,-0.0184028974944275
2022-12-19T16:00:05.7855360,-0.0230086342136077
2022-12-19T16:00:05.7857280,-0.0374838065634167
2022-12-19T16:00:05.7858304,0.0401557577374334
2022-12-19T16:00:05.7859456,-0.0601835080619839
2022-12-19T16:00:05.7860480,0.000678012093708949
2022-12-19T16:00:05.7861504,0.0108764295018745
2022-12-19T16:00:05.7862528,-0.0447213926271611
2022-12-19T16:00:05.7982208,0.00791559862598218
2022-12-19T16:00:05.7986048,0.00363884293869718
2022-12-19T16:00:05.7988992,0.00857356104175289
2022-12-19T16:00:05.7991424,0.00627069258928915
2022-12-19T16:00:05.7993728,0.0197589222056571
2022-12-19T16:00:05.7995392,-0.000966893925833531
2022-12-19T16:00:05.8129152,-0.00623059316224477
2022-12-19T16:00:05.8131584,0.0115343919204599
2022-12-19T16:00:05.8133248,0.0454194573282296
2022-12-19T16:00:05.8134400,-0.0269564085203087
2022-12-19T16:00:05.8135552,0.0668032373353356
2022-12-19T16:00:05.8136576,0.00298088052760892
2022-12-19T16:00:05.8137728,-0.0341939946918055
2022-12-19T16:00:05.8264960,0.0931217367373066
2022-12-19T16:00:05.8268544,-0.0588675833571724
2022-12-19T16:00:05.8270592,0.0260095652880537
2022-12-19T16:00:05.8272384,0.00100699329808449
2022-12-19T16:00:05.8274432,-0.0177449351035055
2022-12-19T16:00:05.8275968,-0.0128102171518951
2022-12-19T16:00:05.8277504,-0.0430764867100695
2022-12-19T16:00:05.8365184,0.0483802883659295
2022-12-19T16:00:05.8366976,-0.0539328656925445
2022-12-19T16:00:05.8368128,-0.00491466835687079
2022-12-19T16:00:05.8369280,0.0269965089378377
2022-12-19T16:00:05.8370304,-0.0572226774727517
2022-12-19T16:00:05.8371456,0.00692865500349785
2022-12-19T16:00:05.8372608,0.0214038282744669
2022-12-19T16:00:05.8461568,0.00890254224987264
2022-12-19T16:00:05.8464128,0.00988948587516988
2022-12-19T16:00:05.8466304,0.0273254901547475
2022-12-19T16:00:05.8468352,-0.0108363299615074
2022-12-19T16:00:05.8470528,0.000678012093708949
2022-12-19T16:00:05.8599168,-0.00688855556400039
2022-12-19T16:00:05.8601088,0.0477223259119937
2022-12-19T16:00:05.8602752,-0.0328780699388733
2022-12-19T16:00:05.8603904,0.0516701006451631
2022-12-19T16:00:05.8605056,0.00363884293869718
2022-12-19T16:00:05.8699392,-0.0276143709026059
2022-12-19T16:00:05.8701440,0.0697640684665458
2022-12-19T16:00:05.8702592,-0.0503140727167894
2022-12-19T16:00:05.8703744,0.0141662416010631
2022-12-19T16:00:05.8704896,0.0082445798337894
2022-12-19T16:00:05.8705920,-0.0114942923589225
2022-12-19T16:00:05.8795264,0.00396782414447519
2022-12-19T16:00:05.8797056,-0.0397866748644434
2022-12-19T16:00:05.8798336,0.027654471371815
2022-12-19T16:00:05.8799488,-0.0361678818166088
2022-12-19T16:00:05.8800512,0.0138372603904395
2022-12-19T16:00:05.8940160,0.0200879034191048
2022-12-19T16:00:05.8941952,-0.0450503738101221
2022-12-19T16:00:05.8943104,-0.00359874354901193
2022-12-19T16:00:05.8944256,-0.00359874354901193
2022-12-19T16:00:05.8945408,0.00199393691214557
2022-12-19T16:00:05.9036672,0.0256805840717742
2022-12-19T16:00:05.9039232,0.00923152345814872
2022-12-19T16:00:05.9040768,-0.00952040516481843
2022-12-19T16:00:05.9041920,-0.00984938636422307
2022-12-19T16:00:05.9043072,-0.00294078114415022
2022-12-19T16:00:05.9044352,0.0510121381880419
2022-12-19T16:00:05.9045504,-0.0256404837538696
2022-12-19T16:00:05.9136128,0.0529860255613189
2022-12-19T16:00:05.9137920,0.00988948587516988
2022-12-19T16:00:05.9139072,-0.027943352093524
2022-12-19T16:00:05.9140224,0.0602236126458371
2022-12-19T16:00:05.9141888,-0.0578806398269743
2022-12-19T16:00:05.9271808,0.0345630769666917
2022-12-19T16:00:05.9273600,0.00133597450261574
2022-12-19T16:00:05.9275008,0.00528374896914695
2022-12-19T16:00:05.9276160,-0.00326976234665881
2022-12-19T16:00:05.9277312,-0.0151130855336409
2022-12-19T16:00:05.9372544,0.0404847389606678
2022-12-19T16:00:05.9375488,-0.0328780699388733
2022-12-19T16:00:05.9376768,0.00133597450261574
2022-12-19T16:00:05.9377920,0.00758661741833119
2022-12-19T16:00:05.9378944,-0.0513010162574545
2022-12-19T16:00:05.9380224,0.010218467083915
2022-12-19T16:00:05.9381632,0.0184429973534371
2022-12-19T16:00:05.9487104,0.00166495570730275
2022-12-19T16:00:05.9490048,-0.00359874354901193
2022-12-19T16:00:05.9491584,0.122072087280618
2022-12-19T16:00:05.9492736,-0.0414315807891646
2022-12-19T16:00:05.9493888,-0.0085334615656746
2022-12-19T16:00:05.9589120,-0.00359874354901193
2022-12-19T16:00:05.9590912,-0.00919142396525881
2022-12-19T16:00:05.9592064,-0.0226796530203822
2022-12-19T16:00:05.9593088,0.0592366689479383
2022-12-19T16:00:05.9594368,0.00627069258928915
2022-12-19T16:00:05.9595520,-0.0200478034690322
2022-12-19T16:00:05.9684224,0.069106105991819
2022-12-19T16:00:05.9687296,-0.0276143709026059
2022-12-19T16:00:05.9689600,0.0391688140686815
2022-12-19T16:00:05.9691264,0.000349030889489121
2022-12-19T16:00:05.9692800,-0.00655957436320019
2022-12-19T16:00:05.9785344,-0.000637912722236303
2022-12-19T16:00:05.9786752,-0.0233376154066791
2022-12-19T16:00:05.9787520,0.0391688140686815
2022-12-19T16:00:05.9788288,-0.0565647151179231
2022-12-19T16:00:05.9788928,0.0174560537159208
2022-12-19T16:00:05.9899008,0.0131792979696624
2022-12-19T16:00:05.9900544,-0.0466952797226417
2022-12-19T16:00:05.9901568,0.019100959779233
2022-12-19T16:00:05.9902208,0.00956050466658112
2022-12-19T16:00:06.0025088,0.00166495570730275
2022-12-19T16:00:06.0026624,0.00462578655649906
2022-12-19T16:00:06.0027392,0.030944283551166
2022-12-19T16:00:06.0028160,-0.0101783675634727
2022-12-19T16:00:06.0028928,2.00496854250026E-05
2022-12-19T16:00:06.0029568,-0.000966893925833531
2022-12-19T16:00:06.0139648,0.0418006638551917
2022-12-19T16:00:06.0142464,-0.0226796530203822
2022-12-19T16:00:06.0144512,0.0477223259119937
2022-12-19T16:00:06.0145664,0.010218467083915
2022-12-19T16:00:06.0146816,-0.0239955777923602
2022-12-19T16:00:06.0147840,0.0717379558945845
2022-12-19T16:00:06.0274944,-0.0371548253769442
2022-12-19T16:00:06.0277376,0.0174560537159208
2022-12-19T16:00:06.0278784,0.00758661741833119
2022-12-19T16:00:06.0279808,-0.0216927094397817
2022-12-19T16:00:06.0280960,0.00890254224987264
2022-12-19T16:00:06.0282112,-0.0384707501219167
2022-12-19T16:00:06.0394368,0.0454194573282296
2022-12-19T16:00:06.0397440,-0.0430764867100695
2022-12-19T16:00:06.0398976,0.0158111476565318
2022-12-19T16:00:06.0400256,0.0151531852338741
2022-12-19T16:00:06.0401280,-0.0506430538971631
2022-12-19T16:00:06.0402560,0.00627069258928915
2022-12-19T16:00:06.0403712,0.000678012093708949
2022-12-19T16:00:06.0514176,-0.0144551231396295
2022-12-19T16:00:06.0517376,0.00791559862598218
2022-12-19T16:00:06.0518912,0.0128503167595087
2022-12-19T16:00:06.0520192,-0.0055726307598683
2022-12-19T16:00:06.0521600,-0.0121522547557184
2022-12-19T16:00:06.0522752,0.0200879034191048
2022-12-19T16:00:06.0642432,0.0447614948771567
2022-12-19T16:00:06.0645632,-0.0253115025618754
2022-12-19T16:00:06.0647808,0.0572627815564591
2022-12-19T16:00:06.0649216,0.0118633731299873
2022-12-19T16:00:06.0650368,-0.0266274273289295
2022-12-19T16:00:06.0651520,0.069106105991819
2022-12-19T16:00:06.0779520,-0.0513010162574545
2022-12-19T16:00:06.0782592,0.0306153023325207
2022-12-19T16:00:06.0784384,0.0181140161407747
2022-12-19T16:00:06.0785536,-0.0207057658577945
2022-12-19T16:00:06.0786688,-0.0137971607449997
2022-12-19T16:00:06.0787712,-0.0226796530203822
2022-12-19T16:00:06.0788992,0.028970396241662
2022-12-19T16:00:06.0878208,-0.0401156560496931
2022-12-19T16:00:06.0881408,0.0115343919204599
2022-12-19T16:00:06.0883840,0.0352210394079334
2022-12-19T16:00:06.0886272,-0.0601835080619839
2022-12-19T16:00:06.0887424,0.011205410711089
2022-12-19T16:00:06.0888576,0.00265189932229863
2022-12-19T16:00:06.0990080,-0.018731878689657
2022-12-19T16:00:06.0994176,0.00199393691214557
2022-12-19T16:00:06.0996992,0.0214038282744669
2022-12-19T16:00:06.0998912,-0.00820448036564994
2022-12-19T16:00:06.1000320,-0.00688855556400039
2022-12-19T16:00:06.1122944,0.00692865500349785
2022-12-19T16:00:06.1125376,0.0529860255613189
2022-12-19T16:00:06.1126656,-0.0230086342136077
2022-12-19T16:00:06.1127808,0.0556178754012885
2022-12-19T16:00:06.1128832,-0.000637912722236303
2022-12-19T16:00:06.1129984,-0.0463662985404424
2022-12-19T16:00:06.1240320,0.0723959183718841
2022-12-19T16:00:06.1243520,-0.0345229758796555
2022-12-19T16:00:06.1246080,0.0279834525890402
2022-12-19T16:00:06.1247872,0.0125213355495117
2022-12-19T16:00:06.1249152,-0.0193898410796531
2022-12-19T16:00:06.1250304,0.0210748470603906
2022-12-19T16:00:06.1356672,-0.0292592768556604
2022-12-19T16:00:06.1361920,0.0490382508205021
2022-12-19T16:00:06.1365376,-0.0463662985404424
2022-12-19T16:00:06.1367040,0.0131792979696624
2022-12-19T16:00:06.1368192,0.000678012093708949
2022-12-19T16:00:06.1369216,-0.0555777715845434
2022-12-19T16:00:06.1370368,-0.00919142396525881
2022-12-19T16:00:06.1457280,-0.00261179994148619
2022-12-19T16:00:06.1460480,-0.0147841043367125
2022-12-19T16:00:06.1463040,-0.0039277247512097
2022-12-19T16:00:06.1464960,0.00199393691214557
2022-12-19T16:00:06.1466240,-0.0200478034690322
2022-12-19T16:00:06.1467264,-0.014126141942392
2022-12-19T16:00:06.1608704,0.00396782414447519
2022-12-19T16:00:06.1613184,0.0325891896467616
2022-12-19T16:00:06.1616640,-0.0269564085203087
2022-12-19T16:00:06.1619328,0.0467353822322834
2022-12-19T16:00:06.1733760,0.0266675277210854
2022-12-19T16:00:06.1736576,-0.0210347470519443
2022-12-19T16:00:06.1737856,0.0727248996107753
2022-12-19T16:00:06.1739008,-0.0318911263725649
2022-12-19T16:00:06.1740160,0.0365369642923159
2022-12-19T16:00:06.1741312,0.00232291811714419
2022-12-19T16:00:06.1742464,-0.0167579915159647
2022-12-19T16:00:06.1743488,0.000678012093708949
2022-12-19T16:00:06.1848320,-0.0411025996045257
2022-12-19T16:00:06.1851392,0.0345630769666917
2022-12-19T16:00:06.1853184,-0.0509720350773848
2022-12-19T16:00:06.1854464,0.0141662416010631
2022-12-19T16:00:06.1855616,0.0345630769666917
2022-12-19T16:00:06.1856768,-0.0503140727167894
2022-12-19T16:00:06.1965952,0.0115343919204599
2022-12-19T16:00:06.1969024,-0.00162485633256119
2022-12-19T16:00:06.1971584,-0.0039277247512097
2022-12-19T16:00:06.1973376,-0.0180739162990437
2022-12-19T16:00:06.1974528,0.0141662416010631
2022-12-19T16:00:06.1975680,-0.0262984461373967
2022-12-19T16:00:06.2116864,-0.00952040516481843
2022-12-19T16:00:06.2119936,0.00495476776274499
2022-12-19T16:00:06.2121856,0.0496962132757115
2022-12-19T16:00:06.2123136,-0.038141768935903
2022-12-19T16:00:06.2124160,0.0513411194165228
2022-12-19T16:00:06.2125312,0.0151531852338741
2022-12-19T16:00:06.2218240,-0.0325490887502571
2022-12-19T16:00:06.2221952,0.0710799934179284
2022-12-19T16:00:06.2223872,-0.0325490887502571
2022-12-19T16:00:06.2225024,0.0335761333060152
2022-12-19T16:00:06.2226176,0.0204168846327095
2022-12-19T16:00:06.2227200,-0.00688855556400039
2022-12-19T16:00:06.2228224,-0.0216927094397817
2022-12-19T16:00:06.2333184,-0.0292592768556604
2022-12-19T16:00:06.2335488,0.0371949267354569
2022-12-19T16:00:06.2336768,-0.0496561103555861
2022-12-19T16:00:06.2337920,0.019100959779233
2022-12-19T16:00:06.2338944,0.0260095652880537
2022-12-19T16:00:06.2449536,-0.0437344490773635
2022-12-19T16:00:06.2452608,0.00429680535040913
2022-12-19T16:00:06.2454144,0.00133597450261574
2022-12-19T16:00:06.2455296,-0.0128102171518951
2022-12-19T16:00:06.2456576,-0.0114942923589225
2022-12-19T16:00:06.2457728,0.0217328094887004
2022-12-19T16:00:06.2550400,-0.0328780699388733
2022-12-19T16:00:06.2554624,-0.0144551231396295
2022-12-19T16:00:06.2557952,-0.0039277247512097
2022-12-19T16:00:06.2560896,0.06055259387879
2022-12-19T16:00:06.2563072,-0.0269564085203087
2022-12-19T16:00:06.2565120,0.0608815751119031
2022-12-19T16:00:06.2687872,0.00725763621083642
2022-12-19T16:00:06.2692736,-0.0295882580458106
2022-12-19T16:00:06.2695552,0.0746987870475031
2022-12-19T16:00:06.2696960,-0.0358389006295243
2022-12-19T16:00:06.2698112,0.0263385465044908
2022-12-19T16:00:06.2817920,0.0279834525890402
2022-12-19T16:00:06.2821120,-0.0137971607449997
2022-12-19T16:00:06.2822912,2.00496854250026E-05
2022-12-19T16:00:06.2824448,-0.0282723332842885
2022-12-19T16:00:06.2825856,0.0473933446852645
2022-12-19T16:00:06.2827520,-0.0608414704134819
2022-12-19T16:00:06.2828800,0.0135082791799726
2022-12-19T16:00:06.2958720,0.0138372603904395
2022-12-19T16:00:06.2962944,-0.0430764867100695
2022-12-19T16:00:06.2964864,0.00265189932229863
2022-12-19T16:00:06.2966016,-0.00162485633256119
2022-12-19T16:00:06.2967040,-0.00984938636422307
2022-12-19T16:00:06.2968192,-0.00425670595325207
2022-12-19T16:00:06.3058432,0.0250226216396877
2022-12-19T16:00:06.3060736,-0.0332070511273362
2022-12-19T16:00:06.3062144,-0.0134681795474529
2022-12-19T16:00:06.3063296,2.00496854250026E-05
2022-12-19T16:00:06.3064448,0.0253516028556522
2022-12-19T16:00:06.3065472,-0.014126141942392
2022-12-19T16:00:06.3066624,0.0529860255613189
2022-12-19T16:00:06.3162880,-0.00228281873866669
2022-12-19T16:00:06.3165824,-0.018731878689657
2022-12-19T16:00:06.3168384,0.0825943368524585
2022-12-19T16:00:06.3169920,-0.0358389006295243
2022-12-19T16:00:06.3171200,0.037523907957265
2022-12-19T16:00:06.3292288,0.0128503167595087
2022-12-19T16:00:06.3295488,-0.00491466835687079
2022-12-19T16:00:06.3298048,-0.0131391983497513
2022-12-19T16:00:06.3299968,-0.0348519570673523
2022-12-19T16:00:06.3301248,0.0332471520861059
2022-12-19T16:00:06.3302400,-0.0568936962954132
2022-12-19T16:00:06.3444096,0.0171270725037292
2022-12-19T16:00:06.3448832,0.0141662416010631
2022-12-19T16:00:06.3451776,-0.0565647151179231
2022-12-19T16:00:06.3453312,0.0125213355495117
2022-12-19T16:00:06.3454720,0.00692865500349785
2022-12-19T16:00:06.3456128,-0.0108363299615074
2022-12-19T16:00:06.3564032,-0.00326976234665881
2022-12-19T16:00:06.3567616,0.0181140161407747
2022-12-19T16:00:06.3569536,-0.0108363299615074
2022-12-19T16:00:06.3570816,-0.0223506718270028
2022-12-19T16:00:06.3571840,0.0223907719176392
2022-12-19T16:00:06.3572864,0.0467353822322834
2022-12-19T16:00:06.3574016,-0.0213637282459401
2022-12-19T16:00:06.3575296,0.0645003686867174
2022-12-19T16:00:06.3682688,-0.00886244276554422
2022-12-19T16:00:06.3685760,-0.0193898410796531
2022-12-19T16:00:06.3688192,0.0750277682875214
2022-12-19T16:00:06.3689856,-0.0391287124934857
2022-12-19T16:00:06.3691264,0.0398267765143575
2022-12-19T16:00:06.3692416,0.0266675277210854
2022-12-19T16:00:06.3799936,-0.0262984461373967
2022-12-19T16:00:06.3803136,-0.0177449351035055
2022-12-19T16:00:06.3805056,-0.0374838065634167
2022-12-19T16:00:06.3806336,0.0470643634586944
2022-12-19T16:00:06.3807616,-0.0374838065634167
2022-12-19T16:00:06.3808768,-0.00228281873866669
2022-12-19T16:00:06.3950720,0.0447614948771567
2022-12-19T16:00:06.3953920,0.0312732647699692
2022-12-19T16:00:06.3956608,-0.112820494285852
2022-12-19T16:00:06.3958400,0.00363884293869718
2022-12-19T16:00:06.3959552,0.0214038282744669
2022-12-19T16:00:06.4113664,0.0121923543396712
2022-12-19T16:00:06.4116992,-0.0272853897115341
2022-12-19T16:00:06.4118528,-0.000637912722236303
2022-12-19T16:00:06.4119680,0.0207458658464715
2022-12-19T16:00:06.4120704,0.005941711382419
2022-12-19T16:00:06.4122112,0.0556178754012885
2022-12-19T16:00:06.4123136,-0.000966893925833531
2022-12-19T16:00:06.4124160,0.0506831569597203
2022-12-19T16:00:06.4278400,0.0105474482928166
2022-12-19T16:00:06.4280960,-0.0292592768556604
2022-12-19T16:00:06.4282880,0.0641713874518421
2022-12-19T16:00:06.4285440,-0.0414315807891646
2022-12-19T16:00:06.4287104,0.0431165887522547
2022-12-19T16:00:06.4288256,0.019100959779233
2022-12-19T16:00:06.4289408,-0.000637912722236303
2022-12-19T16:00:06.4290560,-0.00590161196113415
2022-12-19T16:00:06.4447744,-0.0299172392358072
2022-12-19T16:00:06.4450944,0.0496962132757115
2022-12-19T16:00:06.4452608,-0.0420895431579843
2022-12-19T16:00:06.4453760,0.00429680535040913
2022-12-19T16:00:06.4454912,0.0177850349282693
2022-12-19T16:00:06.4456064,-0.0526169409762142
2022-12-19T16:00:06.4457088,0.00265189932229863
2022-12-19T16:00:06.4458368,0.00166495570730275
2022-12-19T16:00:06.4546688,-0.0108363299615074
2022-12-19T16:00:06.4549632,0.00363884293869718
2022-12-19T16:00:06.4551552,0.019100959779233
2022-12-19T16:00:06.4552704,-0.016429010319809
2022-12-19T16:00:06.4553856,-0.000308931518483477
2022-12-19T16:00:06.4555136,0.00495476776274499
2022-12-19T16:00:06.4556160,0.0404847389606678
2022-12-19T16:00:06.4557440,-0.0249825213697274
2022-12-19T16:00:06.4558464,0.0487092695931362
2022-12-19T16:00:06.4648064,0.000678012093708949
2022-12-19T16:00:06.4651776,-0.0249825213697274
2022-12-19T16:00:06.4654336,0.0704220309419155
2022-12-19T16:00:06.4656128,-0.0447213926271611
2022-12-19T16:00:06.4657536,0.0154821664451246
2022-12-19T16:00:06.4782208,0.0194299409923665
2022-12-19T16:00:06.4784768,-0.017415953907813
2022-12-19T16:00:06.4785920,-0.0282723332842885
2022-12-19T16:00:06.4787072,-0.0292592768556604
2022-12-19T16:00:06.4788224,0.0404847389606678
2022-12-19T16:00:06.4902784,-0.0545908280497991
2022-12-19T16:00:06.4904960,0.00692865500349785
2022-12-19T16:00:06.4906368,0.0200879034191048
2022-12-19T16:00:06.4907904,-0.0332070511273362
2022-12-19T16:00:06.4909056,-0.0039277247512097
2022-12-19T16:00:06.4910208,0.00462578655649906
2022-12-19T16:00:06.5026048,0.00100699329808449
2022-12-19T16:00:06.5029248,-0.00326976234665881
2022-12-19T16:00:06.5031808,0.0105474482928166
2022-12-19T16:00:06.5033472,-0.0144551231396295
2022-12-19T16:00:06.5035008,-0.018731878689657
2022-12-19T16:00:06.5036160,0.0115343919204599
2022-12-19T16:00:06.5144448,0.0339051145260825
2022-12-19T16:00:06.5147776,-0.016429010319809
2022-12-19T16:00:06.5150464,0.0470643634586944
2022-12-19T16:00:06.5152128,0.00627069258928915
2022-12-19T16:00:06.5153408,-0.0384707501219167
2022-12-19T16:00:06.5154560,0.0750277682875214
2022-12-19T16:00:06.5155584,-0.0414315807891646
2022-12-19T16:00:06.5280512,0.0164691100798168
2022-12-19T16:00:06.5283712,0.0220617907030912
2022-12-19T16:00:06.5284992,-0.00886244276554422
2022-12-19T16:00:06.5286016,-0.0230086342136077
2022-12-19T16:00:06.5287296,-0.0184028974944275
2022-12-19T16:00:06.5288448,0.0381818704013563
2022-12-19T16:00:06.5380096,-0.0417605619736507
2022-12-19T16:00:06.5383168,0.0187719785662566
2022-12-19T16:00:06.5385216,0.0194299409923665
2022-12-19T16:00:06.5387008,-0.0489981479937746
2022-12-19T16:00:06.5388288,-0.00655957436320019
2022-12-19T16:00:06.5389440,-0.00688855556400039
2022-12-19T16:00:06.5479936,0.00857356104175289
2022-12-19T16:00:06.5485056,0.0177850349282693
2022-12-19T16:00:06.5487744,0.0339051145260825
2022-12-19T16:00:06.5490816,-0.0124812359538841
2022-12-19T16:00:06.5492992,0.00758661741833119
2022-12-19T16:00:06.5610368,0.0164691100798168
2022-12-19T16:00:06.5613440,0.0516701006451631
2022-12-19T16:00:06.5615104,-0.0223506718270028
2022-12-19T16:00:06.5616256,0.0500251945035551
2022-12-19T16:00:06.5617536,0.00396782414447519
2022-12-19T16:00:06.5618560,-0.0322201075614877
2022-12-19T16:00:06.5709568,0.0763436932492061
2022-12-19T16:00:06.5712000,-0.0486691668126406
2022-12-19T16:00:06.5713280,0.0306153023325207
2022-12-19T16:00:06.5714432,0.0253516028556522
2022-12-19T16:00:06.5715584,-0.016429010319809
2022-12-19T16:00:06.5716736,0.00100699329808449
2022-12-19T16:00:06.5838336,-0.0318911263725649
2022-12-19T16:00:06.5842432,0.037523907957265
2022-12-19T16:00:06.5845504,-0.055248790406447
2022-12-19T16:00:06.5848064,0.0164691100798168
2022-12-19T16:00:06.5849600,0.0227197531323445
2022-12-19T16:00:06.5960576,-0.0443924114440477
2022-12-19T16:00:06.5963136,0.0200879034191048
2022-12-19T16:00:06.5964800,0.00298088052760892
2022-12-19T16:00:06.5966208,-0.00721753676464547
2022-12-19T16:00:06.5967616,-0.00326976234665881
2022-12-19T16:00:06.5969280,0.027654471371815
2022-12-19T16:00:06.6099200,-0.0078754991654702
2022-12-19T16:00:06.6100992,0.00429680535040913
2022-12-19T16:00:06.6102272,-0.00590161196113415
2022-12-19T16:00:06.6103296,0.0549599129403384
2022-12-19T16:00:06.6104448,-0.0266274273289295
2022-12-19T16:00:06.6105472,0.0549599129403384
2022-12-19T16:00:06.6217728,0.0230487343472071
2022-12-19T16:00:06.6220928,-0.0450503738101221
2022-12-19T16:00:06.6222720,0.064829349921753
2022-12-19T16:00:06.6224000,-0.0447213926271611
2022-12-19T16:00:06.6225152,0.0306153023325207
2022-12-19T16:00:06.6226176,0.00988948587516988
2022-12-19T16:00:06.6227328,-0.0124812359538841
2022-12-19T16:00:06.6331904,-0.00820448036564994
2022-12-19T16:00:06.6335360,-0.0210347470519443
2022-12-19T16:00:06.6337024,0.0490382508205021
2022-12-19T16:00:06.6338176,-0.0506430538971631
2022-12-19T16:00:06.6339584,0.0194299409923665
2022-12-19T16:00:06.6340864,0.0115343919204599
2022-12-19T16:00:06.6448896,-0.0374838065634167
2022-12-19T16:00:06.6451200,0.0118633731299873
2022-12-19T16:00:06.6452608,0.0158111476565318
2022-12-19T16:00:06.6453632,0.00166495570730275
2022-12-19T16:00:06.6454784,0.00956050466658112
2022-12-19T16:00:06.6455936,0.0227197531323445
2022-12-19T16:00:06.6572672,-0.0157710479270339
2022-12-19T16:00:06.6577280,-0.0137971607449997
2022-12-19T16:00:06.6580224,0.00462578655649906
2022-12-19T16:00:06.6582912,0.043774551201739
2022-12-19T16:00:06.6584576,-0.027943352093524
2022-12-19T16:00:06.6585600,0.0523280631029221
2022-12-19T16:00:06.6697728,0.00659967379631543
2022-12-19T16:00:06.6700800,-0.0450503738101221
2022-12-19T16:00:06.6702464,0.0763436932492061
2022-12-19T16:00:06.6703744,-0.0634733198134259
2022-12-19T16:00:06.6704768,0.0263385465044908
2022-12-19T16:00:06.6705920,0.0207458658464715
2022-12-19T16:00:06.6799104,-0.0161000291234987
2022-12-19T16:00:06.6802432,-0.0039277247512097
2022-12-19T16:00:06.6804224,-0.0256404837538696
2022-12-19T16:00:06.6805376,0.0365369642923159
2022-12-19T16:00:06.6806528,-0.055248790406447
2022-12-19T16:00:06.6807936,0.00659967379631543
2022-12-19T16:00:06.6947968,0.000349030889489121
2022-12-19T16:00:06.6951040,-0.0542618468712477
2022-12-19T16:00:06.6953088,0.0108764295018745
2022-12-19T16:00:06.6954496,0.0128503167595087
2022-12-19T16:00:06.6955520,-0.0128102171518951
2022-12-19T16:00:06.7047808,-0.0055726307598683
2022-12-19T16:00:06.7050880,0.0121923543396712
2022-12-19T16:00:06.7052416,-0.0147841043367125
2022-12-19T16:00:06.7053696,-0.00524364955844718
2022-12-19T16:00:06.7054720,0.00561273017570495
2022-12-19T16:00:06.7055744,0.0385108516236395
2022-12-19T16:00:06.7056896,-0.0239955777923602
2022-12-19T16:00:06.7057920,0.0566048190939116
2022-12-19T16:00:06.7148416,0.00462578655649906
2022-12-19T16:00:06.7151744,-0.0401156560496931
2022-12-19T16:00:06.7153408,0.0674611998078136
2022-12-19T16:00:06.7154688,-0.0450503738101221
2022-12-19T16:00:06.7156736,0.0368659455138072
2022-12-19T16:00:06.7278464,0.0246936404238808
2022-12-19T16:00:06.7281024,-0.00952040516481843
2022-12-19T16:00:06.7282304,-0.00326976234665881
2022-12-19T16:00:06.7283584,-0.02596946494571
2022-12-19T16:00:06.7284736,0.0434455699769174
2022-12-19T16:00:06.7397248,-0.0364968630035403
2022-12-19T16:00:06.7399552,0.0158111476565318
2022-12-19T16:00:06.7400960,0.0237066967774044
2022-12-19T16:00:06.7402240,-0.0480112044499164
2022-12-19T16:00:06.7403392,0.0108764295018745
2022-12-19T16:00:06.7404416,0.00495476776274499
2022-12-19T16:00:06.7492736,-0.0167579915159647
2022-12-19T16:00:06.7496704,0.00659967379631543
2022-12-19T16:00:06.7498880,0.0220617907030912
2022-12-19T16:00:06.7500288,-0.018731878689657
2022-12-19T16:00:06.7501440,-0.00162485633256119
2022-12-19T16:00:06.7502720,-0.000637912722236303
2022-12-19T16:00:06.7623168,0.0368659455138072
2022-12-19T16:00:06.7626368,-0.0249825213697274
2022-12-19T16:00:06.7629312,0.0687771247546967
2022-12-19T16:00:06.7631104,0.00298088052760892
2022-12-19T16:00:06.7632256,-0.0305752016153402
2022-12-19T16:00:06.7778944,0.0783175806965698
2022-12-19T16:00:06.7780992,-0.0489981479937746
2022-12-19T16:00:06.7783424,0.0233777155622271
2022-12-19T16:00:06.7784832,0.00627069258928915
2022-12-19T16:00:06.7786240,-0.0124812359538841
2022-12-19T16:00:06.7787392,0.00166495570730275
2022-12-19T16:00:06.7788544,-0.0226796530203822
2022-12-19T16:00:06.7912064,0.0368659455138072
2022-12-19T16:00:06.7915008,-0.0374838065634167
2022-12-19T16:00:06.7916544,0.00429680535040913
2022-12-19T16:00:06.7918464,0.0161401288680959
2022-12-19T16:00:06.7920000,-0.0529459221555245
2022-12-19T16:00:06.7921408,0.0128503167595087
2022-12-19T16:00:06.7922688,0.0161401288680959
2022-12-19T16:00:06.8027008,-0.250334603230211
2022-12-19T16:00:06.8029696,0.0250226216396877
2022-12-19T16:00:06.8030848,0.0322602084273265
2022-12-19T16:00:06.8032000,-0.0134681795474529
2022-12-19T16:00:06.8033024,-0.0157710479270339
2022-12-19T16:00:06.8034048,-0.00294078114415022
2022-12-19T16:00:06.8035200,0.0233777155622271
2022-12-19T16:00:06.8129280,-0.0131391983497513
2022-12-19T16:00:06.8131584,0.0526570443320408
2022-12-19T16:00:06.8132992,0.0227197531323445
2022-12-19T16:00:06.8134016,-0.0414315807891646
2022-12-19T16:00:06.8135168,0.115163480785827
2022-12-19T16:00:06.8136320,-0.017415953907813
2022-12-19T16:00:06.8278784,0.0227197531323445
2022-12-19T16:00:06.8282496,0.0266675277210854
2022-12-19T16:00:06.8284288,-0.0480112044499164
2022-12-19T16:00:06.8285568,0.0733828620890405
2022-12-19T16:00:06.8286848,-0.061170451589004
2022-12-19T16:00:06.8377344,0.0299573398957038
2022-12-19T16:00:06.8380800,-0.0177449351035055
2022-12-19T16:00:06.8383360,0.00988948587516988
2022-12-19T16:00:06.8385152,0.0651583311569491
2022-12-19T16:00:06.8386304,-0.10393800312802
2022-12-19T16:00:06.8387328,-0.0216927094397817
2022-12-19T16:00:06.8388480,-0.00458568715513909
2022-12-19T16:00:06.8510464,-0.0167579915159647
2022-12-19T16:00:06.8514304,-0.000966893925833531
2022-12-19T16:00:06.8516992,0.00298088052760892
2022-12-19T16:00:06.8519040,-0.0124812359538841
2022-12-19T16:00:06.8520192,-0.00688855556400039
2022-12-19T16:00:06.8627456,0.000678012093708949
2022-12-19T16:00:06.8630528,0.0566048190939116
2022-12-19T16:00:06.8632064,-0.0230086342136077
2022-12-19T16:00:06.8633216,0.0519990818739629
2022-12-19T16:00:06.8634752,0.0204168846327095
2022-12-19T16:00:06.8635904,-0.0384707501219167
2022-12-19T16:00:06.8636928,0.0839102618289952
2022-12-19T16:00:06.8779776,-0.0470242609046887
2022-12-19T16:00:06.8782976,0.0316022459889304
2022-12-19T16:00:06.8784768,0.0118633731299873
2022-12-19T16:00:06.8785920,-0.0131391983497513
2022-12-19T16:00:06.8786944,0.0118633731299873
2022-12-19T16:00:06.8787968,-0.0157710479270339
2022-12-19T16:00:06.8878464,0.0490382508205021
2022-12-19T16:00:06.8882048,-0.0480112044499164
2022-12-19T16:00:06.8883712,0.00923152345814872
2022-12-19T16:00:06.8884736,0.0306153023325207
2022-12-19T16:00:06.8885888,-0.0572226774727517
2022-12-19T16:00:06.8886912,2.00496854250026E-05
2022-12-19T16:00:06.8887936,0.00988948587516988
2022-12-19T16:00:06.8980864,-0.0055726307598683
2022-12-19T16:00:06.8984064,0.00166495570730275
2022-12-19T16:00:06.8985984,0.0151531852338741
2022-12-19T16:00:06.8987264,-0.02596946494571
2022-12-19T16:00:06.8988416,-0.0039277247512097
2022-12-19T16:00:06.9116544,-0.0075465179651354
2022-12-19T16:00:06.9119872,0.0335761333060152
2022-12-19T16:00:06.9121280,-0.0236665965995966
2022-12-19T16:00:06.9122944,0.0493672320480272
2022-12-19T16:00:06.9124096,0.00100699329808449
2022-12-19T16:00:06.9239296,-0.0387997313077776
2022-12-19T16:00:06.9242368,0.0789755431803149
2022-12-19T16:00:06.9245312,-0.0335360323156458
2022-12-19T16:00:06.9246976,0.0411427014076124
2022-12-19T16:00:06.9248896,0.00890254224987264
2022-12-19T16:00:06.9250176,-0.0184028974944275
2022-12-19T16:00:06.9251200,-0.000637912722236303
2022-12-19T16:00:06.9374336,-0.0374838065634167
2022-12-19T16:00:06.9377920,0.0592366689479383
2022-12-19T16:00:06.9379840,-0.0338650135038022
2022-12-19T16:00:06.9381120,0.0174560537159208
2022-12-19T16:00:06.9382528,0.0273254901547475
2022-12-19T16:00:06.9383680,-0.064789244509772
2022-12-19T16:00:06.9491840,0.0125213355495117
2022-12-19T16:00:06.9495424,0.00429680535040913
2022-12-19T16:00:06.9499008,0.000349030889489121
2022-12-19T16:00:06.9500544,0.00166495570730275
2022-12-19T16:00:06.9501568,0.00528374896914695
2022-12-19T16:00:06.9502720,-0.00228281873866669
2022-12-19T16:00:06.9503744,-0.0161000291234987
2022-12-19T16:00:06.9627136,-0.0085334615656746
2022-12-19T16:00:06.9630208,0.0214038282744669
2022-12-19T16:00:06.9632768,-0.027943352093524
2022-12-19T16:00:06.9634304,0.0503541757315581
2022-12-19T16:00:06.9636224,0.00199393691214557
2022-12-19T16:00:06.9638016,-0.0328780699388733
2022-12-19T16:00:06.9781248,0.0654873123923055
2022-12-19T16:00:06.9784320,-0.0434054678937928
2022-12-19T16:00:06.9786112,0.0286414150239637
2022-12-19T16:00:06.9787776,-0.0078754991654702
2022-12-19T16:00:06.9789056,-0.0262984461373967
2022-12-19T16:00:06.9790848,0.00396782414447519
2022-12-19T16:00:06.9792256,-0.0207057658577945
2022-12-19T16:00:06.9900160,0.0454194573282296
2022-12-19T16:00:06.9904128,-0.0338650135038022
2022-12-19T16:00:06.9905792,0.0394977952914403
2022-12-19T16:00:06.9906944,0.030944283551166
2022-12-19T16:00:06.9908096,-0.0545908280497991
2022-12-19T16:00:06.9909120,0.0115343919204599
2022-12-19T16:00:06.9910144,0.0144952228118434
2022-12-19T16:00:06.9911680,-0.00952040516481843
2022-12-19T16:00:06.9996416,0.00561273017570495
2022-12-19T16:00:07.0000384,0.0125213355495117
2022-12-19T16:00:07.0002176,-0.00491466835687079
2022-12-19T16:00:07.0003456,-0.0137971607449997
2022-12-19T16:00:07.0004608,0.00232291811714419
2022-12-19T16:00:07.0006016,0.0378528891792314
2022-12-19T16:00:07.0120064,-0.0197188222744198
2022-12-19T16:00:07.0123136,0.0513411194165228
2022-12-19T16:00:07.0125056,0.000678012093708949
2022-12-19T16:00:07.0126336,-0.0437344490773635
2022-12-19T16:00:07.0238720,0.0575917627879726
2022-12-19T16:00:07.0242176,-0.0595255457098809
2022-12-19T16:00:07.0244992,0.0233777155622271
2022-12-19T16:00:07.0246656,-0.00359874354901193
2022-12-19T16:00:07.0247808,-0.0111653111602924
2022-12-19T16:00:07.0248832,0.019100959779233
2022-12-19T16:00:07.0333312,-0.0203767846634904
2022-12-19T16:00:07.0337408,0.043774551201739
2022-12-19T16:00:07.0340352,-0.0466952797226417
2022-12-19T16:00:07.0343040,0.0200879034191048
2022-12-19T16:00:07.0344704,0.0233777155622271
2022-12-19T16:00:07.0346112,-0.0526169409762142
2022-12-19T16:00:07.0450944,0.00791559862598218
2022-12-19T16:00:07.0453120,0.00462578655649906
2022-12-19T16:00:07.0454400,-0.00590161196113415
2022-12-19T16:00:07.0455936,-0.00458568715513909
2022-12-19T16:00:07.0456960,0.00627069258928915
2022-12-19T16:00:07.0568704,-0.00886244276554422
2022-12-19T16:00:07.0571776,-0.00919142396525881
2022-12-19T16:00:07.0573440,-0.00162485633256119
2022-12-19T16:00:07.0574592,0.0325891896467616
2022-12-19T16:00:07.0575744,-0.0210347470519443
2022-12-19T16:00:07.0576896,0.0460774197799385
2022-12-19T16:00:07.0665600,0.00923152345814872
2022-12-19T16:00:07.0668032,-0.0443924114440477
2022-12-19T16:00:07.0669312,0.0595656501804112
2022-12-19T16:00:07.0670464,-0.0411025996045257
2022-12-19T16:00:07.0671488,0.0233777155622271
2022-12-19T16:00:07.0672640,0.00429680535040913
2022-12-19T16:00:07.0797440,-0.00721753676464547
2022-12-19T16:00:07.0800128,0.00956050466658112
2022-12-19T16:00:07.0801408,-0.0167579915159647
2022-12-19T16:00:07.0802816,0.0447614948771567
2022-12-19T16:00:07.0803968,-0.0325490887502571
2022-12-19T16:00:07.0948096,0.0131792979696624
2022-12-19T16:00:07.0953344,0.0240356779927391
2022-12-19T16:00:07.0956416,-0.0513010162574545
2022-12-19T16:00:07.0958848,0.00199393691214557
2022-12-19T16:00:07.0960512,0.0214038282744669
2022-12-19T16:00:07.0961664,-0.00458568715513909
2022-12-19T16:00:07.1113344,0.00166495570730275
2022-12-19T16:00:07.1115904,0.0154821664451246
2022-12-19T16:00:07.1117312,-0.00425670595325207
2022-12-19T16:00:07.1118464,-0.00294078114415022
2022-12-19T16:00:07.1120000,-0.00623059316224477
2022-12-19T16:00:07.1121152,0.0500251945035551
2022-12-19T16:00:07.1122304,-0.0233376154066791
2022-12-19T16:00:07.1123328,0.0447614948771567
2022-12-19T16:00:07.1235200,0.0115343919204599
2022-12-19T16:00:07.1238272,-0.0489981479937746
2022-12-19T16:00:07.1239936,0.0760147120085432
2022-12-19T16:00:07.1241088,-0.0407736184197342
2022-12-19T16:00:07.1242112,0.0408137201840608
2022-12-19T16:00:07.1243904,0.011205410711089
2022-12-19T16:00:07.1245056,-0.0137971607449997
2022-12-19T16:00:07.1246080,0.00166495570730275
2022-12-19T16:00:07.1332352,-0.0233376154066791
2022-12-19T16:00:07.1334784,0.0398267765143575
2022-12-19T16:00:07.1335936,-0.0309041828048764
2022-12-19T16:00:07.1337088,0.0164691100798168
2022-12-19T16:00:07.1338624,0.0223907719176392
2022-12-19T16:00:07.1339648,-0.0670921127225668
2022-12-19T16:00:07.1454080,-0.0114942923589225
2022-12-19T16:00:07.1458560,0.00528374896914695
2022-12-19T16:00:07.1461248,-0.0197188222744198
2022-12-19T16:00:07.1463040,0.0125213355495117
2022-12-19T16:00:07.1464192,0.0230487343472071
2022-12-19T16:00:07.1614336,0.00298088052760892
2022-12-19T16:00:07.1618176,0.00956050466658112
2022-12-19T16:00:07.1619840,0.00396782414447519
2022-12-19T16:00:07.1620992,0.0408137201840608
2022-12-19T16:00:07.1622528,-0.02596946494571
2022-12-19T16:00:07.1623680,0.0516701006451631
2022-12-19T16:00:07.1734016,0.0082445798337894
2022-12-19T16:00:07.1736320,-0.0335360323156458
2022-12-19T16:00:07.1737600,0.0602236126458371
2022-12-19T16:00:07.1738752,-0.0364968630035403
2022-12-19T16:00:07.1740288,0.0408137201840608
2022-12-19T16:00:07.1741440,0.0207458658464715
2022-12-19T16:00:07.1742592,-0.0039277247512097
2022-12-19T16:00:07.1743616,0.0167980912916946
2022-12-19T16:00:07.1848832,-0.0243245589849698
2022-12-19T16:00:07.1852032,0.0421296450792193
2022-12-19T16:00:07.1854976,-0.0513010162574545
2022-12-19T16:00:07.1857152,0.0207458658464715
2022-12-19T16:00:07.1858304,0.0151531852338741
2022-12-19T16:00:07.1859456,-0.0536038845136896
2022-12-19T16:00:07.1965696,-0.0055726307598683
2022-12-19T16:00:07.1968768,0.00988948587516988
2022-12-19T16:00:07.1971328,0.00100699329808449
2022-12-19T16:00:07.1973120,0.00528374896914695
2022-12-19T16:00:07.1974272,0.0223907719176392
2022-12-19T16:00:07.1976064,-0.00294078114415022
2022-12-19T16:00:07.2115968,-0.00721753676464547
2022-12-19T16:00:07.2119040,0.00363884293869718
2022-12-19T16:00:07.2121728,0.0339051145260825
2022-12-19T16:00:07.2123520,-0.00820448036564994
2022-12-19T16:00:07.2125056,0.0450904761026137
2022-12-19T16:00:07.2126080,0.0105474482928166
2022-12-19T16:00:07.2215552,-0.0374838065634167
2022-12-19T16:00:07.2218752,0.0750277682875214
2022-12-19T16:00:07.2220416,-0.039457693679041
2022-12-19T16:00:07.2221568,0.0223907719176392
2022-12-19T16:00:07.2223104,0.00758661741833119
2022-12-19T16:00:07.2224256,-0.0111653111602924
2022-12-19T16:00:07.2225408,-0.0078754991654702
2022-12-19T16:00:07.2332416,-0.0253115025618754
2022-12-19T16:00:07.2420608,0.0322602084273265
2022-12-19T16:00:07.2422144,-0.0496561103555861
2022-12-19T16:00:07.2423296,0.0253516028556522
2022-12-19T16:00:07.2424448,0.0184429973534371
2022-12-19T16:00:07.2445696,-0.0634733198134259
2022-12-19T16:00:07.2448384,-0.00261179994148619
2022-12-19T16:00:07.2449920,0.030944283551166
2022-12-19T16:00:07.2451200,-0.0111653111602924
2022-12-19T16:00:07.2452352,-0.00491466835687079
2022-12-19T16:00:07.2453376,0.0273254901547475
2022-12-19T16:00:07.2454656,-0.0085334615656746
2022-12-19T16:00:07.2455808,0.00857356104175289
2022-12-19T16:00:07.2456960,0.0240356779927391
2022-12-19T16:00:07.2458112,0.0381818704013563
2022-12-19T16:00:07.2558080,-0.0167579915159647
2022-12-19T16:00:07.2560768,0.0585787064834723
2022-12-19T16:00:07.2690048,0.005941711382419
2022-12-19T16:00:07.2692224,-0.00524364955844718
2022-12-19T16:00:07.2693632,0.00462578655649906
2022-12-19T16:00:07.2694784,-0.0568936962954132
2022-12-19T16:00:07.2695936,-0.0161000291234987
2022-12-19T16:00:07.2792192,-0.0341939946918055
2022-12-19T16:00:07.2795264,0.0082445798337894
2022-12-19T16:00:07.2797056,0.0283124338064231
2022-12-19T16:00:07.2798208,-0.100648191560708
2022-12-19T16:00:07.2799232,-0.0651182256834811
2022-12-19T16:00:07.2800256,0.0901609055029155
2022-12-19T16:00:07.2801408,0.0592366689479383
2022-12-19T16:00:07.2950528,-0.00261179994148619
2022-12-19T16:00:07.2953472,-0.0578806398269743
2022-12-19T16:00:07.2954752,0.0082445798337894
2022-12-19T16:00:07.2955904,0.0273254901547475
2022-12-19T16:00:07.2956928,-0.014126141942392
2022-12-19T16:00:07.3080832,-0.0177449351035055
2022-12-19T16:00:07.3084160,0.0279834525890402
2022-12-19T16:00:07.3086208,0.00232291811714419
2022-12-19T16:00:07.3087616,0.00956050466658112
2022-12-19T16:00:07.3088768,0.00561273017570495
2022-12-19T16:00:07.3089792,0.0408137201840608
2022-12-19T16:00:07.3090944,0.00100699329808449
2022-12-19T16:00:07.3092096,0.057920744019646
2022-12-19T16:00:07.3178752,-0.000308931518483477
2022-12-19T16:00:07.3181952,-0.0470242609046887
2022-12-19T16:00:07.3183744,0.0638424062171271
2022-12-19T16:00:07.3185024,-0.0496561103555861
2022-12-19T16:00:07.3186176,0.0411427014076124
2022-12-19T16:00:07.3187200,0.00890254224987264
2022-12-19T16:00:07.3188352,-0.0075465179651354
2022-12-19T16:00:07.3371392,-0.00886244276554422
2022-12-19T16:00:07.3374592,-0.0276143709026059
2022-12-19T16:00:07.3376512,0.0352210394079334
2022-12-19T16:00:07.3377664,-0.0480112044499164
2022-12-19T16:00:07.3489408,0.0233777155622271
2022-12-19T16:00:07.3493888,0.0158111476565318
2022-12-19T16:00:07.3495808,-0.0503140727167894
2022-12-19T16:00:07.3497088,0.005941711382419
2022-12-19T16:00:07.3499776,0.0118633731299873
2022-12-19T16:00:07.3503616,-0.0111653111602924
2022-12-19T16:00:07.3506432,-0.000308931518483477
2022-12-19T16:00:07.3507968,0.0230487343472071
2022-12-19T16:00:07.3509504,0.00133597450261574
2022-12-19T16:00:07.3510912,0.00133597450261574
2022-12-19T16:00:07.3623936,0.00659967379631543
2022-12-19T16:00:07.3627136,0.0299573398957038
2022-12-19T16:00:07.3628800,-0.000308931518483477
2022-12-19T16:00:07.3629952,0.0490382508205021
2022-12-19T16:00:07.3631104,0.0158111476565318
2022-12-19T16:00:07.3632128,-0.0536038845136896
2022-12-19T16:00:07.3723648,0.0585787064834723
2022-12-19T16:00:07.3726720,-0.0453793549929307
2022-12-19T16:00:07.3728384,0.0227197531323445
2022-12-19T16:00:07.3729664,0.00956050466658112
2022-12-19T16:00:07.3730688,-0.0193898410796531
2022-12-19T16:00:07.3731840,0.00725763621083642
2022-12-19T16:00:07.3733120,-0.0361678818166088
2022-12-19T16:00:07.3837184,0.0237066967774044
2022-12-19T16:00:07.3840128,-0.0503140727167894
2022-12-19T16:00:07.3842688,0.0217328094887004
2022-12-19T16:00:07.3844352,0.0200879034191048
2022-12-19T16:00:07.3845632,-0.0384707501219167
2022-12-19T16:00:07.3954688,0.00725763621083642
2022-12-19T16:00:07.3957760,0.00298088052760892
2022-12-19T16:00:07.3959680,-0.00294078114415022
2022-12-19T16:00:07.3960832,-0.0085334615656746
2022-12-19T16:00:07.3962112,0.0302863211140333
2022-12-19T16:00:07.4073088,-0.0101783675634727
2022-12-19T16:00:07.4076288,-0.000637912722236303
2022-12-19T16:00:07.4078080,0.00956050466658112
2022-12-19T16:00:07.4079488,0.0371949267354569
2022-12-19T16:00:07.4080896,-0.0170869727119661
2022-12-19T16:00:07.4082560,0.0533150067907566
2022-12-19T16:00:07.4192640,0.0105474482928166
2022-12-19T16:00:07.4195840,-0.0361678818166088
2022-12-19T16:00:07.4197504,0.0707510121798415
2022-12-19T16:00:07.4199040,-0.0447213926271611
2022-12-19T16:00:07.4200320,0.0286414150239637
2022-12-19T16:00:07.4201728,0.0148242040227804
2022-12-19T16:00:07.4295680,-0.00919142396525881
2022-12-19T16:00:07.4299264,-0.00359874354901193
2022-12-19T16:00:07.4301696,-0.0289302956653566
2022-12-19T16:00:07.4304000,0.0348920581872335
2022-12-19T16:00:07.4305536,-0.0463662985404424
2022-12-19T16:00:07.4306560,0.0105474482928166
2022-12-19T16:00:07.4448768,0.0210748470603906
2022-12-19T16:00:07.4451840,-0.0503140727167894
2022-12-19T16:00:07.4453632,0.0144952228118434
2022-12-19T16:00:07.4454912,0.0125213355495117
2022-12-19T16:00:07.4455936,-0.00721753676464547
2022-12-19T16:00:07.4569216,-0.00228281873866669
2022-12-19T16:00:07.4571264,0.0108764295018745
2022-12-19T16:00:07.4572544,-0.00129587512927513
2022-12-19T16:00:07.4573824,-0.0147841043367125
2022-12-19T16:00:07.4574976,0.0138372603904395
2022-12-19T16:00:07.4576128,0.0302863211140333
2022-12-19T16:00:07.4577408,-0.016429010319809
2022-12-19T16:00:07.4578560,0.0493672320480272
2022-12-19T16:00:07.4665728,0.00627069258928915
2022-12-19T16:00:07.4669184,-0.0460373173580908
2022-12-19T16:00:07.4671616,0.0799624869071432
2022-12-19T16:00:07.4673792,-0.0276143709026059
2022-12-19T16:00:07.4675456,0.0296283586775321
2022-12-19T16:00:07.4676992,-0.000637912722236303
2022-12-19T16:00:07.4796672,-0.0184028974944275
2022-12-19T16:00:07.4799232,-0.00228281873866669
2022-12-19T16:00:07.4800384,-0.0364968630035403
2022-12-19T16:00:07.4801664,0.0444325136518585
2022-12-19T16:00:07.4802688,-0.0443924114440477
2022-12-19T16:00:07.4915328,0.0151531852338741
2022-12-19T16:00:07.4918400,0.019100959779233
2022-12-19T16:00:07.4920064,-0.0466952797226417
2022-12-19T16:00:07.4921344,0.00956050466658112
2022-12-19T16:00:07.4922368,0.00956050466658112
2022-12-19T16:00:07.4923392,0.000349030889489121
2022-12-19T16:00:07.5012864,0.005941711382419
2022-12-19T16:00:07.5016192,0.00857356104175289
2022-12-19T16:00:07.5017984,-0.0121522547557184
2022-12-19T16:00:07.5019136,-0.0118232735573979
2022-12-19T16:00:07.5020544,0.000678012093708949
2022-12-19T16:00:07.5021952,0.030944283551166
2022-12-19T16:00:07.5143424,-0.0223506718270028
2022-12-19T16:00:07.5145088,0.0421296450792193
2022-12-19T16:00:07.5146240,0.0121923543396712
2022-12-19T16:00:07.5147392,-0.0466952797226417
2022-12-19T16:00:07.5148416,0.0832522993404034
2022-12-19T16:00:07.5273472,-0.0486691668126406
2022-12-19T16:00:07.5276032,0.0329181708663548
2022-12-19T16:00:07.5277824,0.0118633731299873
2022-12-19T16:00:07.5279104,-0.018731878689657
2022-12-19T16:00:07.5280128,-0.00590161196113415
2022-12-19T16:00:07.5281280,-0.0309041828048764
2022-12-19T16:00:07.5443840,0.0362079830709829
2022-12-19T16:00:07.5447168,-0.0447213926271611
2022-12-19T16:00:07.5448832,0.0404847389606678
2022-12-19T16:00:07.5449984,0.0214038282744669
2022-12-19T16:00:07.5451136,-0.0506430538971631
2022-12-19T16:00:07.5452288,-0.0157710479270339
2022-12-19T16:00:07.5453824,-0.000637912722236303
2022-12-19T16:00:07.5562240,-0.0085334615656746
2022-12-19T16:00:07.5564416,-0.0108363299615074
2022-12-19T16:00:07.5565568,0.0148242040227804
2022-12-19T16:00:07.5566848,0.00298088052760892
2022-12-19T16:00:07.5568000,-0.0108363299615074
2022-12-19T16:00:07.5569024,0.0108764295018745
2022-12-19T16:00:07.5570304,0.0345630769666917
2022-12-19T16:00:07.5571328,-0.0177449351035055
2022-12-19T16:00:07.5572480,0.0556178754012885
2022-12-19T16:00:07.5658112,0.00988948587516988
2022-12-19T16:00:07.5661312,-0.0345229758796555
2022-12-19T16:00:07.5663104,0.0707510121798415
2022-12-19T16:00:07.5664256,-0.0374838065634167
2022-12-19T16:00:07.5665664,0.030944283551166
2022-12-19T16:00:07.5667968,0.0214038282744669
2022-12-19T16:00:07.5789440,-0.00919142396525881
2022-12-19T16:00:07.5792768,-0.0105073487625675
2022-12-19T16:00:07.5795456,-0.0387997313077776
2022-12-19T16:00:07.5797248,0.028970396241662
2022-12-19T16:00:07.5949824,-0.0384707501219167
2022-12-19T16:00:07.5952128,-0.00294078114415022
2022-12-19T16:00:07.5953408,0.0217328094887004
2022-12-19T16:00:07.5954432,-0.0529459221555245
2022-12-19T16:00:07.5955840,0.0164691100798168
2022-12-19T16:00:07.5956864,0.0138372603904395
2022-12-19T16:00:07.5958144,-0.0101783675634727
2022-12-19T16:00:07.6067968,-0.00919142396525881
2022-12-19T16:00:07.6071040,0.0187719785662566
2022-12-19T16:00:07.6073088,-0.00524364955844718
2022-12-19T16:00:07.6074240,-0.0124812359538841
2022-12-19T16:00:07.6075648,0.00396782414447519
2022-12-19T16:00:07.6076672,0.0470643634586944
2022-12-19T16:00:07.6077696,-0.0137971607449997
2022-12-19T16:00:07.6078976,0.0628554625139439
2022-12-19T16:00:07.6163456,0.00988948587516988
2022-12-19T16:00:07.6166912,-0.038141768935903
2022-12-19T16:00:07.6168448,0.071408974656176
2022-12-19T16:00:07.6169600,-0.0397866748644434
2022-12-19T16:00:07.6170624,0.0292993774595181
2022-12-19T16:00:07.6171776,0.0184429973534371
2022-12-19T16:00:07.6287744,-0.0190608598847322
2022-12-19T16:00:07.6291712,-0.00359874354901193
2022-12-19T16:00:07.6293376,-0.0223506718270028
2022-12-19T16:00:07.6294528,0.0464064010060314
2022-12-19T16:00:07.6450304,-0.0443924114440477
2022-12-19T16:00:07.6452864,0.00791559862598218
2022-12-19T16:00:07.6454272,0.0207458658464715
2022-12-19T16:00:07.6455296,-0.0506430538971631
2022-12-19T16:00:07.6456448,-0.000966893925833531
2022-12-19T16:00:07.6457472,0.0200879034191048
2022-12-19T16:00:07.6458496,-0.00458568715513909
2022-12-19T16:00:07.6572928,0.00857356104175289
2022-12-19T16:00:07.6576384,0.0256805840717742
2022-12-19T16:00:07.6577920,-0.00491466835687079
2022-12-19T16:00:07.6578944,-0.0249825213697274
2022-12-19T16:00:07.6580224,-0.000637912722236303
2022-12-19T16:00:07.6581376,0.0510121381880419
2022-12-19T16:00:07.6582400,-0.0184028974944275
2022-12-19T16:00:07.6583424,0.0473933446852645
2022-12-19T16:00:07.6697472,0.00692865500349785
2022-12-19T16:00:07.6701952,-0.0332070511273362
2022-12-19T16:00:07.6704896,0.0848972055630962
2022-12-19T16:00:07.6706560,-0.0414315807891646
2022-12-19T16:00:07.6707712,0.034234095746308
2022-12-19T16:00:07.6708736,0.0177850349282693
2022-12-19T16:00:07.6798976,0.000678012093708949
2022-12-19T16:00:07.6802048,-0.0114942923589225
2022-12-19T16:00:07.6803968,-0.0332070511273362
2022-12-19T16:00:07.6805248,0.0365369642923159
2022-12-19T16:00:07.6806528,-0.0578806398269743
2022-12-19T16:00:07.6807808,0.0227197531323445
2022-12-19T16:00:07.6948352,0.0164691100798168
2022-12-19T16:00:07.6951424,-0.0443924114440477
2022-12-19T16:00:07.6953984,-0.00590161196113415
2022-12-19T16:00:07.6955776,0.00988948587516988
2022-12-19T16:00:07.6957056,0.00396782414447519
2022-12-19T16:00:07.7047040,0.010218467083915
2022-12-19T16:00:07.7050496,0.0404847389606678
2022-12-19T16:00:07.7052160,-0.0480112044499164
2022-12-19T16:00:07.7053312,0.0243646592082312
2022-12-19T16:00:07.7054336,-0.00294078114415022
2022-12-19T16:00:07.7055488,0.0227197531323445
2022-12-19T16:00:07.7056512,-0.0776195101728054
2022-12-19T16:00:07.7057664,0.225701193533526
2022-12-19T16:00:07.7148800,-0.101306153875356
2022-12-19T16:00:07.7152000,-0.0608414704134819
2022-12-19T16:00:07.7153792,0.0516701006451631
2022-12-19T16:00:07.7154944,-0.00623059316224477
2022-12-19T16:00:07.7156096,0.034234095746308
2022-12-19T16:00:07.7286784,0.0141662416010631
2022-12-19T16:00:07.7290624,-0.0292592768556604
2022-12-19T16:00:07.7292160,-0.00590161196113415
2022-12-19T16:00:07.7293440,-0.0384707501219167
2022-12-19T16:00:07.7294592,0.0332471520861059
2022-12-19T16:00:07.7405696,-0.0447213926271611
2022-12-19T16:00:07.7408896,0.0197589222056571
2022-12-19T16:00:07.7410560,0.0253516028556522
2022-12-19T16:00:07.7411712,-0.0483401856313546
2022-12-19T16:00:07.7412864,-0.000637912722236303
2022-12-19T16:00:07.7414016,0.0131792979696624
2022-12-19T16:00:07.7415040,-0.00162485633256119
2022-12-19T16:00:07.7519616,0.0033098617330751
2022-12-19T16:00:07.7521664,0.0171270725037292
2022-12-19T16:00:07.7522944,0.00561273017570495
2022-12-19T16:00:07.7524096,0.00166495570730275
2022-12-19T16:00:07.7525248,0.00988948587516988
2022-12-19T16:00:07.7526272,0.0352210394079334
2022-12-19T16:00:07.7623552,-0.0328780699388733
2022-12-19T16:00:07.7626240,0.0645003686867174
2022-12-19T16:00:07.7628672,0.00692865500349785
2022-12-19T16:00:07.7630208,-0.0397866748644434
2022-12-19T16:00:07.7631360,0.0829233180963501
2022-12-19T16:00:07.7724800,-0.0434054678937928
2022-12-19T16:00:07.7728512,0.0292993774595181
2022-12-19T16:00:07.7731456,-0.00129587512927513
2022-12-19T16:00:07.7733888,-0.018731878689657
2022-12-19T16:00:07.7736192,-0.00261179994148619
2022-12-19T16:00:07.7829504,-0.0322201075614877
2022-12-19T16:00:07.7833344,0.0332471520861059
2022-12-19T16:00:07.7835008,-0.0424185243421653
2022-12-19T16:00:07.7836416,0.000349030889489121
2022-12-19T16:00:07.7837440,0.0187719785662566
2022-12-19T16:00:07.7838464,-0.0680790562400737
2022-12-19T16:00:07.7925376,0.00100699329808449
2022-12-19T16:00:07.7927168,0.0197589222056571
2022-12-19T16:00:07.7928320,-0.00228281873866669
2022-12-19T16:00:07.7929472,0.005941711382419
2022-12-19T16:00:07.7930496,0.0246936404238808
2022-12-19T16:00:07.8036352,-0.0137971607449997
2022-12-19T16:00:07.8038144,0.00232291811714419
2022-12-19T16:00:07.8039296,0.00758661741833119
2022-12-19T16:00:07.8040448,0.0319312272080495
2022-12-19T16:00:07.8133248,-0.0272853897115341
2022-12-19T16:00:07.8135808,0.0575917627879726
2022-12-19T16:00:07.8138240,0.000678012093708949
2022-12-19T16:00:07.8140160,-0.0499850915362638
2022-12-19T16:00:07.8141568,0.0740408245679497
2022-12-19T16:00:07.8143104,-0.0397866748644434
2022-12-19T16:00:07.8280832,0.0322602084273265
2022-12-19T16:00:07.8282752,0.0131792979696624
2022-12-19T16:00:07.8284032,-0.0075465179651354
2022-12-19T16:00:07.8285184,-0.000966893925833531
2022-12-19T16:00:07.8286208,-0.0374838065634167
2022-12-19T16:00:07.8440320,0.0549599129403384
2022-12-19T16:00:07.8443008,-0.0424185243421653
2022-12-19T16:00:07.8445184,0.00692865500349785
2022-12-19T16:00:07.8447872,0.0164691100798168
2022-12-19T16:00:07.8449664,-0.0489981479937746
2022-12-19T16:00:07.8451072,0.00429680535040913
2022-12-19T16:00:07.8452864,0.0194299409923665
2022-12-19T16:00:07.8539776,-0.00721753676464547
2022-12-19T16:00:07.8541440,-0.00129587512927513
2022-12-19T16:00:07.8542592,0.0121923543396712
2022-12-19T16:00:07.8543744,-0.000637912722236303
2022-12-19T16:00:07.8544768,-0.00820448036564994
2022-12-19T16:00:07.8545920,0.00725763621083642
2022-12-19T16:00:07.8546944,0.0394977952914403
2022-12-19T16:00:07.8548224,-0.0210347470519443
2022-12-19T16:00:07.8549376,0.0658162936278223
2022-12-19T16:00:07.8651776,-0.000966893925833531
2022-12-19T16:00:07.8654720,-0.0358389006295243
2022-12-19T16:00:07.8657024,0.0766726744900302
2022-12-19T16:00:07.8659072,-0.0503140727167894
2022-12-19T16:00:07.8781568,0.028970396241662
2022-12-19T16:00:07.8784256,-0.00425670595325207
2022-12-19T16:00:07.8785792,-0.0105073487625675
2022-12-19T16:00:07.8787072,0.0121923543396712
2022-12-19T16:00:07.8788224,-0.0262984461373967
2022-12-19T16:00:07.8789248,0.0536439880203538
2022-12-19T16:00:07.8942464,-0.0332070511273362
2022-12-19T16:00:07.8944896,0.0164691100798168
2022-12-19T16:00:07.8946432,0.0154821664451246
2022-12-19T16:00:07.8947840,-0.0562357339402814
2022-12-19T16:00:07.8949760,0.00133597450261574
2022-12-19T16:00:07.8952192,0.00857356104175289
2022-12-19T16:00:07.9041536,-0.00886244276554422
2022-12-19T16:00:07.9043968,-0.00590161196113415
2022-12-19T16:00:07.9046400,0.0197589222056571
2022-12-19T16:00:07.9048192,-0.0147841043367125
2022-12-19T16:00:07.9049472,0.00725763621083642
2022-12-19T16:00:07.9050752,-0.00129587512927513
2022-12-19T16:00:07.9051776,0.0246936404238808
2022-12-19T16:00:07.9052928,-0.0335360323156458
2022-12-19T16:00:07.9140480,0.0635134249825725
2022-12-19T16:00:07.9144320,0.00232291811714419
2022-12-19T16:00:07.9147008,-0.269086525277219
2022-12-19T16:00:07.9149696,0.0816073931217534
2022-12-19T16:00:07.9152768,-0.0371548253769442
2022-12-19T16:00:07.9155072,0.0427876075277508
2022-12-19T16:00:07.9279872,0.010218467083915
2022-12-19T16:00:07.9282944,0.0033098617330751
2022-12-19T16:00:07.9284224,-0.00820448036564994
2022-12-19T16:00:07.9285248,0.00659967379631543
2022-12-19T16:00:07.9286400,0.0421296450792193
2022-12-19T16:00:07.9375488,-0.0312331639942593
2022-12-19T16:00:07.9378432,0.00495476776274499
2022-12-19T16:00:07.9380352,0.0256805840717742
2022-12-19T16:00:07.9382784,-0.0509720350773848
2022-12-19T16:00:07.9384448,-0.000637912722236303
2022-12-19T16:00:07.9385600,0.019100959779233
2022-12-19T16:00:07.9472128,-0.0078754991654702
2022-12-19T16:00:07.9473920,0.0125213355495117
2022-12-19T16:00:07.9475200,0.0181140161407747
2022-12-19T16:00:07.9476352,-0.0055726307598683
2022-12-19T16:00:07.9477632,0.00396782414447519
2022-12-19T16:00:07.9611904,0.00298088052760892
2022-12-19T16:00:07.9613696,0.0322602084273265
2022-12-19T16:00:07.9614848,-0.0276143709026059
2022-12-19T16:00:07.9615872,0.0559468566320032
2022-12-19T16:00:07.9617024,0.0151531852338741
2022-12-19T16:00:07.9725952,-0.0473532420865835
2022-12-19T16:00:07.9728896,0.0710799934179284
2022-12-19T16:00:07.9730816,-0.0463662985404424
2022-12-19T16:00:07.9732480,0.0164691100798168
2022-12-19T16:00:07.9734656,-0.0039277247512097
2022-12-19T16:00:07.9736064,-0.0223506718270028
2022-12-19T16:00:07.9737216,-0.00623059316224477
2022-12-19T16:00:07.9825664,-0.0351809382548961
2022-12-19T16:00:07.9827968,0.0378528891792314
2022-12-19T16:00:07.9829248,-0.0427475055261936
2022-12-19T16:00:07.9830400,-0.0055726307598683
2022-12-19T16:00:07.9831552,0.0187719785662566
2022-12-19T16:00:07.9832576,-0.0493271291747564
2022-12-19T16:00:07.9947776,-0.00359874354901193
2022-12-19T16:00:07.9949440,0.0144952228118434
2022-12-19T16:00:07.9950720,-0.00458568715513909
2022-12-19T16:00:07.9951744,0.00923152345814872
2022-12-19T16:00:08.0108672,0.0286414150239637
2022-12-19T16:00:08.0110464,0.00363884293869718
2022-12-19T16:00:08.0111616,-0.00162485633256119
2022-12-19T16:00:08.0112768,0.00100699329808449
2022-12-19T16:00:08.0113920,0.037523907957265
2022-12-19T16:00:08.0114944,-0.0351809382548961
2022-12-19T16:00:08.0209792,0.06252648127987
2022-12-19T16:00:08.0211584,0.0174560537159208
2022-12-19T16:00:08.0212608,-0.0397866748644434
2022-12-19T16:00:08.0213760,0.0766726744900302
2022-12-19T16:00:08.0214784,-0.0437344490773635
2022-12-19T16:00:08.0215936,0.0332471520861059
2022-12-19T16:00:08.0216960,0.00725763621083642
2022-12-19T16:00:08.0218112,-0.0322201075614877
2022-12-19T16:00:08.0219136,-0.00162485633256119
2022-12-19T16:00:08.0328576,-0.0230086342136077
2022-12-19T16:00:08.0332544,0.0503541757315581
2022-12-19T16:00:08.0335616,-0.0417605619736507
2022-12-19T16:00:08.0337792,0.00988948587516988
2022-12-19T16:00:08.0339200,0.0283124338064231
2022-12-19T16:00:08.0426624,-0.0503140727167894
2022-12-19T16:00:08.0428672,0.00462578655649906
2022-12-19T16:00:08.0429824,0.0105474482928166
2022-12-19T16:00:08.0430848,0.00561273017570495
2022-12-19T16:00:08.0431872,0.0164691100798168
2022-12-19T16:00:08.0433024,0.0371949267354569
2022-12-19T16:00:08.0534016,-0.00294078114415022
2022-12-19T16:00:08.0535808,-0.0167579915159647
2022-12-19T16:00:08.0537088,-0.000308931518483477
2022-12-19T16:00:08.0538112,0.0391688140686815
2022-12-19T16:00:08.0673792,-0.0262984461373967
2022-12-19T16:00:08.0675840,0.0598946314130441
2022-12-19T16:00:08.0677120,0.0082445798337894
2022-12-19T16:00:08.0678144,-0.038141768935903
2022-12-19T16:00:08.0679424,0.0687771247546967
2022-12-19T16:00:08.0680704,-0.0473532420865835
2022-12-19T16:00:08.0788864,0.0292993774595181
2022-12-19T16:00:08.0791040,0.0177850349282693
2022-12-19T16:00:08.0792320,-0.0216927094397817
2022-12-19T16:00:08.0793472,-0.0184028974944275
2022-12-19T16:00:08.0794496,-0.0332070511273362
2022-12-19T16:00:08.0795648,0.0513411194165228
2022-12-19T16:00:08.0796672,-0.02596946494571
2022-12-19T16:00:08.0957440,0.00857356104175289
2022-12-19T16:00:08.0960896,0.0141662416010631
2022-12-19T16:00:08.0962816,-0.0460373173580908
2022-12-19T16:00:08.0964096,0.0164691100798168
2022-12-19T16:00:08.0965504,0.00956050466658112
2022-12-19T16:00:08.0966528,-0.0253115025618754
2022-12-19T16:00:08.1122944,0.0167980912916946
2022-12-19T16:00:08.1127424,0.0217328094887004
2022-12-19T16:00:08.1130496,-0.0137971607449997
2022-12-19T16:00:08.1132288,-0.0121522547557184
2022-12-19T16:00:08.1133440,-0.00294078114415022
2022-12-19T16:00:08.1134464,0.0365369642923159
2022-12-19T16:00:08.1135616,-0.0325490887502571
2022-12-19T16:00:08.1136640,0.0809494306354247
2022-12-19T16:00:08.1287424,-0.000637912722236303
2022-12-19T16:00:08.1289856,-0.0414315807891646
2022-12-19T16:00:08.1291136,0.0839102618289952
2022-12-19T16:00:08.1292288,-0.0411025996045257
2022-12-19T16:00:08.1293568,0.0210748470603906
2022-12-19T16:00:08.1294592,0.00758661741833119
2022-12-19T16:00:08.1295744,-0.0203767846634904
2022-12-19T16:00:08.1297024,-0.00623059316224477
2022-12-19T16:00:08.1298048,-0.018731878689657
2022-12-19T16:00:08.1388032,0.0470643634586944
2022-12-19T16:00:08.1390848,-0.0427475055261936
2022-12-19T16:00:08.1392896,0.0460774197799385
2022-12-19T16:00:08.1394944,-0.00458568715513909
2022-12-19T16:00:08.1396608,-0.0707109056134626
2022-12-19T16:00:08.1398272,0.0194299409923665
2022-12-19T16:00:08.1400064,0.00265189932229863
2022-12-19T16:00:08.1402368,-0.0101783675634727
2022-12-19T16:00:08.1486336,0.133586431599955
2022-12-19T16:00:08.1487360,-0.0736717361470106
2022-12-19T16:00:08.1488256,0.000678012093708949
2022-12-19T16:00:08.1489152,0.0829233180963501
2022-12-19T16:00:08.1490688,-0.0167579915159647
2022-12-19T16:00:08.1670528,0.0526570443320408
2022-12-19T16:00:08.1673600,-0.027943352093524
2022-12-19T16:00:08.1675520,0.0687771247546967
2022-12-19T16:00:08.1676928,-0.00162485633256119
2022-12-19T16:00:08.1798784,-0.0341939946918055
2022-12-19T16:00:08.1801856,0.0737118433284146
2022-12-19T16:00:08.1803648,-0.0463662985404424
2022-12-19T16:00:08.1804928,0.0306153023325207
2022-12-19T16:00:08.1805952,0.011205410711089
2022-12-19T16:00:08.1807104,-0.0147841043367125
2022-12-19T16:00:08.1808256,-0.0101783675634727
2022-12-19T16:00:08.1809280,-0.0180739162990437
2022-12-19T16:00:08.1810304,0.0506831569597203
2022-12-19T16:00:08.1811456,-0.0460373173580908
2022-12-19T16:00:08.1949952,-0.00721753676464547
2022-12-19T16:00:08.1953024,0.0128503167595087
2022-12-19T16:00:08.1955456,-0.0443924114440477
2022-12-19T16:00:08.1957248,0.00528374896914695
2022-12-19T16:00:08.1958528,0.0118633731299873
2022-12-19T16:00:08.1959680,-0.0108363299615074
2022-12-19T16:00:08.2123904,-0.0144551231396295
2022-12-19T16:00:08.2127360,0.0286414150239637
2022-12-19T16:00:08.2129024,-0.0197188222744198
2022-12-19T16:00:08.2130304,-0.0207057658577945
2022-12-19T16:00:08.2131328,0.00791559862598218
2022-12-19T16:00:08.2132480,0.0431165887522547
2022-12-19T16:00:08.2133632,-0.0236665965995966
2022-12-19T16:00:08.2134656,0.0598946314130441
2022-12-19T16:00:08.2289280,0.00396782414447519
2022-12-19T16:00:08.2292480,-0.0137971607449997
2022-12-19T16:00:08.2295296,0.0740408245679497
2022-12-19T16:00:08.2297088,-0.0292592768556604
2022-12-19T16:00:08.2298624,0.0391688140686815
2022-12-19T16:00:08.2300160,0.0197589222056571
2022-12-19T16:00:08.2301184,-0.00524364955844718
2022-12-19T16:00:08.2302336,-0.00294078114415022
2022-12-19T16:00:08.2303360,-0.0473532420865835
2022-12-19T16:00:08.2453632,0.0355500206287917
2022-12-19T16:00:08.2455936,-0.0536038845136896
2022-12-19T16:00:08.2457088,-0.0151130855336409
2022-12-19T16:00:08.2458240,0.0131792979696624
2022-12-19T16:00:08.2459392,-0.0522879597967521
2022-12-19T16:00:08.2460544,-0.0118232735573979
2022-12-19T16:00:08.2461568,-0.0039277247512097
2022-12-19T16:00:08.2462720,-0.0203767846634904
2022-12-19T16:00:08.2625280,-0.00919142396525881
2022-12-19T16:00:08.2628864,0.0187719785662566
2022-12-19T16:00:08.2631296,-0.0286013144748993
2022-12-19T16:00:08.2633344,-0.0114942923589225
2022-12-19T16:00:08.2635264,0.000678012093708949
2022-12-19T16:00:08.2637312,0.0559468566320032
2022-12-19T16:00:08.2639232,-0.0154420667304147
2022-12-19T16:00:08.2642304,0.0687771247546967
2022-12-19T16:00:08.2789632,0.0148242040227804
2022-12-19T16:00:08.2792832,-0.0276143709026059
2022-12-19T16:00:08.2794496,0.0852261868081202
2022-12-19T16:00:08.2795648,-0.0384707501219167
2022-12-19T16:00:08.2797184,0.0164691100798168
2022-12-19T16:00:08.2798336,0.0131792979696624
2022-12-19T16:00:08.2799488,-0.0220216906334693
2022-12-19T16:00:08.2800512,-0.00425670595325207
2022-12-19T16:00:08.2801536,-0.0286013144748993
2022-12-19T16:00:08.2955392,0.0243646592082312
2022-12-19T16:00:08.2958848,-0.0447213926271611
2022-12-19T16:00:08.2960640,-0.0118232735573979
2022-12-19T16:00:08.2961792,0.00890254224987264
2022-12-19T16:00:08.2962944,-0.0368258441903187
2022-12-19T16:00:08.2964224,0.0118633731299873
2022-12-19T16:00:08.2965632,0.00462578655649906
2022-12-19T16:00:08.2966784,0.00100699329808449
2022-12-19T16:00:08.3123584,-0.0075465179651354
2022-12-19T16:00:08.3127808,0.0325891896467616
2022-12-19T16:00:08.3130624,-0.0180739162990437
2022-12-19T16:00:08.3132416,-0.0154420667304147
2022-12-19T16:00:08.3133696,-0.00491466835687079
2022-12-19T16:00:08.3134848,0.0506831569597203
2022-12-19T16:00:08.3135872,-0.0216927094397817
2022-12-19T16:00:08.3137152,0.057920744019646
2022-12-19T16:00:08.3286016,-0.00623059316224477
2022-12-19T16:00:08.3288448,-0.0325490887502571
2022-12-19T16:00:08.3289856,0.064829349921753
2022-12-19T16:00:08.3291008,-0.0351809382548961
2022-12-19T16:00:08.3292160,0.0339051145260825
2022-12-19T16:00:08.3293312,0.028970396241662
2022-12-19T16:00:08.3294592,-0.0272853897115341
2022-12-19T16:00:08.3295744,-0.016429010319809
2022-12-19T16:00:08.3296768,-0.04044463723479
2022-12-19T16:00:08.3423488,0.0431165887522547
2022-12-19T16:00:08.3425280,-0.0437344490773635
2022-12-19T16:00:08.3426816,0.0184429973534371
2022-12-19T16:00:08.3427968,0.00232291811714419
2022-12-19T16:00:08.3429120,-0.0480112044499164
2022-12-19T16:00:08.3430144,0.00528374896914695
2022-12-19T16:00:08.3432064,0.00396782414447519
2022-12-19T16:00:08.3433600,-0.0137971607449997
2022-12-19T16:00:08.3527296,0.00791559862598218
2022-12-19T16:00:08.3529216,0.0325891896467616
2022-12-19T16:00:08.3530368,-0.017415953907813
2022-12-19T16:00:08.3531520,-0.0161000291234987
2022-12-19T16:00:08.3532672,0.00890254224987264
2022-12-19T16:00:08.3533696,0.0394977952914403
2022-12-19T16:00:08.3534720,-0.0312331639942593
2022-12-19T16:00:08.3622528,0.0496962132757115
2022-12-19T16:00:08.3624960,0.00100699329808449
2022-12-19T16:00:08.3626752,-0.0397866748644434
2022-12-19T16:00:08.3628416,0.0549599129403384
2022-12-19T16:00:08.3630208,-0.0355099194422867
2022-12-19T16:00:08.3719552,0.043774551201739
2022-12-19T16:00:08.3723264,0.0148242040227804
2022-12-19T16:00:08.3725824,-0.00458568715513909
2022-12-19T16:00:08.3727616,-0.0210347470519443
2022-12-19T16:00:08.3815808,-0.0312331639942593
2022-12-19T16:00:08.3817728,0.0671322185714943
2022-12-19T16:00:08.3819008,-0.0378127877497363
2022-12-19T16:00:08.3820032,0.00659967379631543
2022-12-19T16:00:08.3821184,0.0217328094887004
2022-12-19T16:00:08.3916416,-0.0453793549929307
2022-12-19T16:00:08.3918976,-0.000637912722236303
2022-12-19T16:00:08.3921280,0.00495476776274499
2022-12-19T16:00:08.3923456,-0.00261179994148619
2022-12-19T16:00:08.3925760,-0.00458568715513909
2022-12-19T16:00:08.4012928,0.0269965089378377
2022-12-19T16:00:08.4015744,-0.00721753676464547
2022-12-19T16:00:08.4017408,-0.0124812359538841
2022-12-19T16:00:08.4018432,-0.000637912722236303
2022-12-19T16:00:08.4019840,0.0263385465044908
2022-12-19T16:00:08.4115328,-0.0358389006295243
2022-12-19T16:00:08.4117632,0.0487092695931362
2022-12-19T16:00:08.4118912,0.00265189932229863
2022-12-19T16:00:08.4120064,-0.0256404837538696
2022-12-19T16:00:08.4121344,0.0674611998078136
2022-12-19T16:00:08.4220928,-0.0411025996045257
2022-12-19T16:00:08.4223744,0.0322602084273265
2022-12-19T16:00:08.4225280,0.0184429973534371
2022-12-19T16:00:08.4226560,0.00659967379631543
2022-12-19T16:00:08.4227584,-0.00820448036564994
2022-12-19T16:00:08.4317568,-0.02596946494571
2022-12-19T16:00:08.4320384,0.037523907957265
2022-12-19T16:00:08.4323712,-0.0414315807891646
2022-12-19T16:00:08.4327424,0.00725763621083642
2022-12-19T16:00:08.4329088,0.0253516028556522
2022-12-19T16:00:08.4415488,-0.0361678818166088
2022-12-19T16:00:08.4418432,0.0082445798337894
2022-12-19T16:00:08.4420736,-0.000966893925833531
2022-12-19T16:00:08.4422400,-0.00228281873866669
2022-12-19T16:00:08.4423808,0.00462578655649906
2022-12-19T16:00:08.4512256,0.0128503167595087
2022-12-19T16:00:08.4514816,-0.0233376154066791
2022-12-19T16:00:08.4516864,-0.0085334615656746
2022-12-19T16:00:08.4519168,-0.00886244276554422
2022-12-19T16:00:08.4521472,0.0424586263034057
2022-12-19T16:00:08.4616832,-0.0246535401774255
2022-12-19T16:00:08.4619520,0.0444325136518585
2022-12-19T16:00:08.4621056,0.0121923543396712
2022-12-19T16:00:08.4622464,-0.0368258441903187
2022-12-19T16:00:08.4624128,0.0631844437481781
2022-12-19T16:00:08.4720640,-0.0368258441903187
2022-12-19T16:00:08.4724736,0.0283124338064231
2022-12-19T16:00:08.4727808,0.0171270725037292
2022-12-19T16:00:08.4730240,-0.0137971607449997
2022-12-19T16:00:08.4731776,-0.0151130855336409
2022-12-19T16:00:08.4833408,-0.0216927094397817
2022-12-19T16:00:08.4835840,0.0454194573282296
2022-12-19T16:00:08.4837376,-0.0417605619736507
2022-12-19T16:00:08.4838912,0.005941711382419
2022-12-19T16:00:08.4840320,0.0082445798337894
2022-12-19T16:00:08.4936832,-0.0243245589849698
2022-12-19T16:00:08.4939392,0.00725763621083642
2022-12-19T16:00:08.4941312,-0.00261179994148619
2022-12-19T16:00:08.4943232,-0.0197188222744198
2022-12-19T16:00:08.4945152,-0.000308931518483477
2022-12-19T16:00:08.4947328,0.0299573398957038
2022-12-19T16:00:08.5036544,-0.0177449351035055
2022-12-19T16:00:08.5039360,-0.0039277247512097
2022-12-19T16:00:08.5041536,0.0118633731299873
2022-12-19T16:00:08.5043328,0.0431165887522547
2022-12-19T16:00:08.5045632,-0.0180739162990437
2022-12-19T16:00:08.5135616,0.0454194573282296
2022-12-19T16:00:08.5139200,0.0108764295018745
2022-12-19T16:00:08.5142272,-0.0384707501219167
2022-12-19T16:00:08.5144960,0.0575917627879726
2022-12-19T16:00:08.5147008,-0.0361678818166088
2022-12-19T16:00:08.5254272,0.0401557577374334
2022-12-19T16:00:08.5257984,0.0135082791799726
2022-12-19T16:00:08.5260672,-0.0276143709026059
2022-12-19T16:00:08.5263232,-0.00294078114415022
2022-12-19T16:00:08.5265664,-0.0276143709026059
2022-12-19T16:00:08.5359232,0.0411427014076124
2022-12-19T16:00:08.5363072,-0.0361678818166088
2022-12-19T16:00:08.5366400,0.00265189932229863
2022-12-19T16:00:08.5368832,0.0135082791799726
2022-12-19T16:00:08.5370368,-0.0519589786171381
2022-12-19T16:00:08.5371392,0.00166495570730275
2022-12-19T16:00:08.5455232,0.00627069258928915
2022-12-19T16:00:08.5457664,-0.0137971607449997
2022-12-19T16:00:08.5460352,-0.0055726307598683
2022-12-19T16:00:08.5462144,0.0154821664451246
2022-12-19T16:00:08.5463424,-0.0154420667304147
2022-12-19T16:00:08.5632512,-0.00359874354901193
2022-12-19T16:00:08.5635200,0.00396782414447519
2022-12-19T16:00:08.5637376,0.0401557577374334
2022-12-19T16:00:08.5639936,-0.0213637282459401
2022-12-19T16:00:08.5642496,0.0654873123923055
2022-12-19T16:00:08.5740416,0.0118633731299873
2022-12-19T16:00:08.5743616,-0.0473532420865835
2022-12-19T16:00:08.5746432,0.0519990818739629
2022-12-19T16:00:08.5748992,-0.0335360323156458
2022-12-19T16:00:08.5751424,0.0506831569597203
2022-12-19T16:00:08.5753728,0.0487092695931362
2022-12-19T16:00:08.5756544,0.0477223259119937
2022-12-19T16:00:08.5759232,-0.00886244276554422
2022-12-19T16:00:08.5761536,-0.0262984461373967
2022-12-19T16:00:08.5886976,0.0325891896467616
2022-12-19T16:00:08.5889536,0.0510121381880419
2022-12-19T16:00:08.5891200,-0.000966893925833531
2022-12-19T16:00:08.5892352,-0.0411025996045257
2022-12-19T16:00:08.5894016,0.0260095652880537
2022-12-19T16:00:08.5895168,-0.0124812359538841
2022-12-19T16:00:08.5982336,0.0697640684665458
2022-12-19T16:00:08.5986816,-0.0328780699388733
2022-12-19T16:00:08.5989760,-0.00820448036564994
2022-12-19T16:00:08.5991296,0.0256805840717742
2022-12-19T16:00:08.5992576,-0.0197188222744198
2022-12-19T16:00:08.5993728,-0.0108363299615074
2022-12-19T16:00:08.5995008,0.0177850349282693
2022-12-19T16:00:08.6165504,0.0480513071388821
2022-12-19T16:00:08.6168576,-0.0230086342136077
2022-12-19T16:00:08.6170112,0.069106105991819
2022-12-19T16:00:08.6171648,0.00265189932229863
2022-12-19T16:00:08.6173184,-0.0341939946918055
2022-12-19T16:00:08.6279040,0.0677901810442935
2022-12-19T16:00:08.6282112,-0.0483401856313546
2022-12-19T16:00:08.6283776,0.0240356779927391
2022-12-19T16:00:08.6284928,0.0105474482928166
2022-12-19T16:00:08.6286080,-0.0239955777923602
2022-12-19T16:00:08.6287232,-0.00425670595325207
2022-12-19T16:00:08.6288256,-0.0236665965995966
2022-12-19T16:00:08.6289408,0.0299573398957038
2022-12-19T16:00:08.6445696,-0.0483401856313546
2022-12-19T16:00:08.6448128,0.0115343919204599
2022-12-19T16:00:08.6450560,0.0148242040227804
2022-12-19T16:00:08.6452480,-0.0318911263725649
2022-12-19T16:00:08.6453760,0.00528374896914695
2022-12-19T16:00:08.6455168,-0.00919142396525881
2022-12-19T16:00:08.6542080,-0.0233376154066791
2022-12-19T16:00:08.6544640,-0.00228281873866669
2022-12-19T16:00:08.6546432,0.034234095746308
2022-12-19T16:00:08.6547584,-0.00984938636422307
2022-12-19T16:00:08.6548736,-0.00261179994148619
2022-12-19T16:00:08.6549888,0.00725763621083642
2022-12-19T16:00:08.6551168,0.0598946314130441
2022-12-19T16:00:08.6552320,-0.014126141942392
2022-12-19T16:00:08.6553600,0.0549599129403384
2022-12-19T16:00:08.6639360,0.005941711382419
2022-12-19T16:00:08.6642432,-0.0341939946918055
2022-12-19T16:00:08.6644736,0.0651583311569491
2022-12-19T16:00:08.6647040,-0.0302462204256504
2022-12-19T16:00:08.6742656,0.0339051145260825
2022-12-19T16:00:08.6745344,0.0105474482928166
2022-12-19T16:00:08.6746880,-0.0193898410796531
2022-12-19T16:00:08.6748160,-0.00294078114415022
2022-12-19T16:00:08.6749312,-0.0368258441903187
2022-12-19T16:00:08.6919168,0.0335761333060152
2022-12-19T16:00:08.6922240,-0.0414315807891646
2022-12-19T16:00:08.6924800,0.0125213355495117
2022-12-19T16:00:08.6927232,0.0227197531323445
2022-12-19T16:00:08.6928896,-0.0522879597967521
2022-12-19T16:00:08.7014272,0.0148242040227804
2022-12-19T16:00:08.7017344,0.0187719785662566
2022-12-19T16:00:08.7019008,-0.00491466835687079
2022-12-19T16:00:08.7020416,-0.00261179994148619
2022-12-19T16:00:08.7021696,0.0332471520861059
2022-12-19T16:00:08.7022848,-0.00491466835687079
2022-12-19T16:00:08.7024000,-0.00623059316224477
2022-12-19T16:00:08.7025024,0.00462578655649906
2022-12-19T16:00:08.7026176,0.037523907957265
2022-12-19T16:00:08.7130880,-0.0348519570673523
2022-12-19T16:00:08.7133696,0.0358790018498081
2022-12-19T16:00:08.7135232,0.00232291811714419
2022-12-19T16:00:08.7136384,-0.0236665965995966
2022-12-19T16:00:08.7137536,0.0621975000459563
2022-12-19T16:00:08.7230592,-0.0371548253769442
2022-12-19T16:00:08.7234304,0.0358790018498081
2022-12-19T16:00:08.7237504,0.00100699329808449
2022-12-19T16:00:08.7240192,-0.0144551231396295
2022-12-19T16:00:08.7242624,-0.00129587512927513
2022-12-19T16:00:08.7245184,-0.0134681795474529
2022-12-19T16:00:08.7328384,0.0358790018498081
2022-12-19T16:00:08.7331456,-0.0374838065634167
2022-12-19T16:00:08.7333504,0.027654471371815
2022-12-19T16:00:08.7335296,0.0148242040227804
2022-12-19T16:00:08.7336960,-0.0516299974373722
2022-12-19T16:00:08.7490688,2.00496854250026E-05
2022-12-19T16:00:08.7494016,0.00956050466658112
2022-12-19T16:00:08.7495424,-0.00326976234665881
2022-12-19T16:00:08.7496576,-0.00162485633256119
2022-12-19T16:00:08.7497856,0.0246936404238808
2022-12-19T16:00:08.7620480,-0.0193898410796531
2022-12-19T16:00:08.7624320,-0.00886244276554422
2022-12-19T16:00:08.7627008,0.00627069258928915
2022-12-19T16:00:08.7628928,0.0496962132757115
2022-12-19T16:00:08.7630464,-0.0239955777923602
2022-12-19T16:00:08.7631872,0.0533150067907566
2022-12-19T16:00:08.7633408,0.00659967379631543
2022-12-19T16:00:08.7634816,-0.0299172392358072
2022-12-19T16:00:08.7779840,0.0723959183718841
2022-12-19T16:00:08.7781632,-0.0411025996045257
2022-12-19T16:00:08.7782912,0.0256805840717742
2022-12-19T16:00:08.7784064,0.0184429973534371
2022-12-19T16:00:08.7785088,-0.0226796530203822
2022-12-19T16:00:08.7786112,0.00429680535040913
2022-12-19T16:00:08.7787264,-0.0292592768556604
2022-12-19T16:00:08.7960192,0.0450904761026137
2022-12-19T16:00:08.7962624,-0.0411025996045257
2022-12-19T16:00:08.7964032,-0.0039277247512097
2022-12-19T16:00:08.7965440,0.00725763621083642
2022-12-19T16:00:08.7966592,-0.0440634302607818
2022-12-19T16:00:08.7967616,0.0322602084273265
2022-12-19T16:00:08.7971840,0.00232291811714419
2022-12-19T16:00:08.8122752,0.000349030889489121
2022-12-19T16:00:08.8126208,0.00692865500349785
2022-12-19T16:00:08.8128128,0.0263385465044908
2022-12-19T16:00:08.8129280,-0.0108363299615074
2022-12-19T16:00:08.8130432,-0.0134681795474529
2022-12-19T16:00:08.8131456,-0.00129587512927513
2022-12-19T16:00:08.8132608,0.0378528891792314
2022-12-19T16:00:08.8133760,-0.0509720350773848
2022-12-19T16:00:08.8135040,0.0569338003251055
2022-12-19T16:00:08.8291328,0.0151531852338741
2022-12-19T16:00:08.8293504,-0.0358389006295243
2022-12-19T16:00:08.8294656,0.069106105991819
2022-12-19T16:00:08.8295936,-0.0374838065634167
2022-12-19T16:00:08.8296960,0.0174560537159208
2022-12-19T16:00:08.8298112,0.0194299409923665
2022-12-19T16:00:08.8299136,-0.0341939946918055
2022-12-19T16:00:08.8300288,0.00100699329808449
2022-12-19T16:00:08.8301312,-0.0289302956653566
2022-12-19T16:00:08.8459008,0.0398267765143575
2022-12-19T16:00:08.8461184,-0.0463662985404424
2022-12-19T16:00:08.8462464,0.00495476776274499
2022-12-19T16:00:08.8463488,0.0256805840717742
2022-12-19T16:00:08.8464896,-0.0486691668126406
2022-12-19T16:00:08.8466048,0.00890254224987264
2022-12-19T16:00:08.8467200,0.00857356104175289
2022-12-19T16:00:08.8468352,-0.00195383753569171
2022-12-19T16:00:08.8625792,0.0256805840717742
2022-12-19T16:00:08.8628864,0.027654471371815
2022-12-19T16:00:08.8630656,-0.0154420667304147
2022-12-19T16:00:08.8632064,0.000678012093708949
2022-12-19T16:00:08.8633600,-0.00655957436320019
2022-12-19T16:00:08.8634880,0.0378528891792314
2022-12-19T16:00:08.8636544,-0.0272853897115341
2022-12-19T16:00:08.8637824,0.0487092695931362
2022-12-19T16:00:08.8791168,0.0033098617330751
2022-12-19T16:00:08.8794752,-0.0387997313077776
2022-12-19T16:00:08.8796928,0.0631844437481781
2022-12-19T16:00:08.8798336,-0.0348519570673523
2022-12-19T16:00:08.8799488,0.0217328094887004
2022-12-19T16:00:08.8800512,0.00659967379631543
2022-12-19T16:00:08.8801664,-0.0184028974944275
2022-12-19T16:00:08.8802816,0.00298088052760892
2022-12-19T16:00:08.8803840,-0.02596946494571
2022-12-19T16:00:08.8958592,0.0503541757315581
2022-12-19T16:00:08.8960640,-0.0420895431579843
2022-12-19T16:00:08.8961920,0.0121923543396712
2022-12-19T16:00:08.8962944,0.00692865500349785
2022-12-19T16:00:08.8964096,-0.0608414704134819
2022-12-19T16:00:08.8965376,0.00791559862598218
2022-12-19T16:00:08.8966400,0.0207458658464715
2022-12-19T16:00:08.8967552,0.000678012093708949
2022-12-19T16:00:08.9126784,0.005941711382419
2022-12-19T16:00:08.9129728,0.0115343919204599
2022-12-19T16:00:08.9131648,-0.0190608598847322
2022-12-19T16:00:08.9132928,-0.0039277247512097
2022-12-19T16:00:08.9134080,-0.00294078114415022
2022-12-19T16:00:08.9135232,0.0500251945035551
2022-12-19T16:00:08.9136512,-0.027943352093524
2022-12-19T16:00:08.9137664,0.0529860255613189
2022-12-19T16:00:08.9290368,0.0187719785662566
2022-12-19T16:00:08.9293056,-0.0325490887502571
2022-12-19T16:00:08.9294336,0.0700930497041503
2022-12-19T16:00:08.9295360,-0.0618284139395945
2022-12-19T16:00:08.9296512,0.0362079830709829
2022-12-19T16:00:08.9297664,0.00627069258928915
2022-12-19T16:00:08.9299072,-0.014126141942392
2022-12-19T16:00:08.9300224,-0.00294078114415022
2022-12-19T16:00:08.9301248,-0.0295882580458106
2022-12-19T16:00:08.9455616,0.0467353822322834
2022-12-19T16:00:08.9460736,-0.0318911263725649
2022-12-19T16:00:08.9464192,0.0171270725037292
2022-12-19T16:00:08.9466112,0.0158111476565318
2022-12-19T16:00:08.9467264,-0.055248790406447
2022-12-19T16:00:08.9468544,0.00857356104175289
2022-12-19T16:00:08.9469568,0.00265189932229863
2022-12-19T16:00:08.9470720,-0.0157710479270339
2022-12-19T16:00:08.9619456,0.0174560537159208
2022-12-19T16:00:08.9622528,0.0253516028556522
2022-12-19T16:00:08.9624704,-0.0137971607449997
2022-12-19T16:00:08.9625856,2.00496854250026E-05
2022-12-19T16:00:08.9627008,-0.00195383753569171
2022-12-19T16:00:08.9628160,0.0306153023325207
2022-12-19T16:00:08.9629184,-0.0384707501219167
2022-12-19T16:00:08.9630336,0.0404847389606678
2022-12-19T16:00:08.9793536,0.00561273017570495
2022-12-19T16:00:08.9796992,-0.0210347470519443
2022-12-19T16:00:08.9798912,0.0664742560993373
2022-12-19T16:00:08.9800064,-0.0338650135038022
2022-12-19T16:00:08.9801216,0.034234095746308
2022-12-19T16:00:08.9802240,0.0253516028556522
2022-12-19T16:00:08.9803392,-0.0184028974944275
2022-12-19T16:00:08.9804416,-0.0124812359538841
2022-12-19T16:00:08.9958016,-0.017415953907813
2022-12-19T16:00:08.9960320,0.0490382508205021
2022-12-19T16:00:08.9961600,-0.0256404837538696
2022-12-19T16:00:08.9962752,0.0204168846327095
2022-12-19T16:00:08.9963904,0.0214038282744669
2022-12-19T16:00:08.9964928,-0.0545908280497991
2022-12-19T16:00:08.9966080,0.0115343919204599
2022-12-19T16:00:08.9967360,0.0345630769666917
2022-12-19T16:00:08.9968512,-0.00952040516481843
2022-12-19T16:00:09.0125824,0.0118633731299873
2022-12-19T16:00:09.0129024,-0.0085334615656746
2022-12-19T16:00:09.0130944,0.00890254224987264
2022-12-19T16:00:09.0132224,-0.0536038845136896
2022-12-19T16:00:09.0133376,-0.00129587512927513
2022-12-19T16:00:09.0134528,0.068448143517735
2022-12-19T16:00:09.0135552,-0.0901207944454991
2022-12-19T16:00:09.0136576,0.0802914681497422
2022-12-19T16:00:09.0277632,-0.02596946494571
2022-12-19T16:00:09.0279808,-0.018731878689657
2022-12-19T16:00:09.0281472,0.0674611998078136
2022-12-19T16:00:09.0282624,-0.176313853904088
2022-12-19T16:00:09.0283776,0.0848972055630962
2022-12-19T16:00:09.0284928,0.0717379558945845
2022-12-19T16:00:09.0285952,0.0135082791799726
2022-12-19T16:00:09.0286976,0.019100959779233
2022-12-19T16:00:09.0288128,-0.00590161196113415
2022-12-19T16:00:09.0461824,0.0414716826313227
2022-12-19T16:00:09.0464640,-0.0499850915362638
2022-12-19T16:00:09.0466048,-0.176313853904088
2022-12-19T16:00:09.0467200,0.0115343919204599
2022-12-19T16:00:09.0468224,-0.0638023009877389
2022-12-19T16:00:09.0469504,0.0135082791799726
2022-12-19T16:00:09.0470656,0.00956050466658112
2022-12-19T16:00:09.0625408,-0.0407736184197342
2022-12-19T16:00:09.0629632,0.0526570443320408
2022-12-19T16:00:09.0631424,-0.0272853897115341
2022-12-19T16:00:09.0632448,-0.00919142396525881
2022-12-19T16:00:09.0633600,0.010218467083915
2022-12-19T16:00:09.0634624,-0.0075465179651354
2022-12-19T16:00:09.0635648,0.0345630769666917
2022-12-19T16:00:09.0636928,-0.0269564085203087
2022-12-19T16:00:09.0638080,0.0694350872291021
2022-12-19T16:00:09.0791424,0.00725763621083642
2022-12-19T16:00:09.0794368,-0.0401156560496931
2022-12-19T16:00:09.0797056,0.0668032373353356
2022-12-19T16:00:09.0798976,-0.0499850915362638
2022-12-19T16:00:09.0800256,0.0286414150239637
2022-12-19T16:00:09.0801280,0.0161401288680959
2022-12-19T16:00:09.0802432,-0.0144551231396295
2022-12-19T16:00:09.0803456,0.0253516028556522
2022-12-19T16:00:09.0804608,-0.0424185243421653
2022-12-19T16:00:09.0959872,0.0431165887522547
2022-12-19T16:00:09.0962944,-0.0466952797226417
2022-12-19T16:00:09.0965504,0.0128503167595087
2022-12-19T16:00:09.0967424,0.0223907719176392
2022-12-19T16:00:09.0968576,-0.0420895431579843
2022-12-19T16:00:09.0969728,0.00627069258928915
2022-12-19T16:00:09.0970880,0.00988948587516988
2022-12-19T16:00:09.0972032,-0.00655957436320019
2022-12-19T16:00:09.1123456,0.00363884293869718
2022-12-19T16:00:09.1126016,0.00923152345814872
2022-12-19T16:00:09.1127296,-0.00590161196113415
2022-12-19T16:00:09.1128320,-0.0147841043367125
2022-12-19T16:00:09.1129600,-0.0157710479270339
2022-12-19T16:00:09.1130624,0.030944283551166
2022-12-19T16:00:09.1131904,-0.02596946494571
2022-12-19T16:00:09.1132928,0.0487092695931362
2022-12-19T16:00:09.1295104,0.00429680535040913
2022-12-19T16:00:09.1298304,-0.0427475055261936
2022-12-19T16:00:09.1300352,0.0608815751119031
2022-12-19T16:00:09.1301888,-0.0440634302607818
2022-12-19T16:00:09.1303296,0.0233777155622271
2022-12-19T16:00:09.1304576,0.00265189932229863
2022-12-19T16:00:09.1306112,-0.00524364955844718
2022-12-19T16:00:09.1307520,0.0148242040227804
2022-12-19T16:00:09.1455744,-0.014126141942392
2022-12-19T16:00:09.1459200,0.0421296450792193
2022-12-19T16:00:09.1461760,-0.0466952797226417
2022-12-19T16:00:09.1463424,0.0253516028556522
2022-12-19T16:00:09.1464704,0.0194299409923665
2022-12-19T16:00:09.1465856,-0.0562357339402814
2022-12-19T16:00:09.1466880,0.0128503167595087
2022-12-19T16:00:09.1467904,0.00988948587516988
2022-12-19T16:00:09.1469056,-0.00458568715513909
2022-12-19T16:00:09.1623040,0.00462578655649906
2022-12-19T16:00:09.1627648,0.0135082791799726
2022-12-19T16:00:09.1630976,-0.00721753676464547
2022-12-19T16:00:09.1633408,-0.00425670595325207
2022-12-19T16:00:09.1635968,-0.0147841043367125
2022-12-19T16:00:09.1638400,0.0421296450792193
2022-12-19T16:00:09.1640960,-0.0203767846634904
2022-12-19T16:00:09.1643648,0.0523280631029221
2022-12-19T16:00:09.1787008,0.0217328094887004
2022-12-19T16:00:09.1790336,-0.0427475055261936
2022-12-19T16:00:09.1792128,0.0704220309419155
2022-12-19T16:00:09.1793280,-0.0463662985404424
2022-12-19T16:00:09.1794432,0.0286414150239637
2022-12-19T16:00:09.1795456,0.0171270725037292
2022-12-19T16:00:09.1796608,-0.0128102171518951
2022-12-19T16:00:09.1797632,0.000678012093708949
2022-12-19T16:00:09.1798912,-0.0256404837538696
2022-12-19T16:00:09.1961088,0.0401557577374334
2022-12-19T16:00:09.1965824,-0.0266274273289295
2022-12-19T16:00:09.1969024,0.00988948587516988
2022-12-19T16:00:09.1970688,0.0125213355495117
2022-12-19T16:00:09.1971840,-0.0601835080619839
2022-12-19T16:00:09.1972864,0.00495476776274499
2022-12-19T16:00:09.1974016,0.00495476776274499
2022-12-19T16:00:09.1975168,0.000349030889489121
2022-12-19T16:00:09.2120832,0.00627069258928915
2022-12-19T16:00:09.2123264,0.0187719785662566
2022-12-19T16:00:09.2124416,-0.0121522547557184
2022-12-19T16:00:09.2125568,-0.00590161196113415
2022-12-19T16:00:09.2126592,0.0121923543396712
2022-12-19T16:00:09.2127872,0.0273254901547475
2022-12-19T16:00:09.2128896,-0.0292592768556604
2022-12-19T16:00:09.2129920,0.057920744019646
2022-12-19T16:00:09.2131072,0.0128503167595087
2022-12-19T16:00:09.2294016,-0.0387997313077776
2022-12-19T16:00:09.2296960,0.0664742560993373
2022-12-19T16:00:09.2298880,-0.0384707501219167
2022-12-19T16:00:09.2300416,0.0227197531323445
2022-12-19T16:00:09.2301824,0.0033098617330751
2022-12-19T16:00:09.2303104,-0.0131391983497513
2022-12-19T16:00:09.2304512,0.00232291811714419
2022-12-19T16:00:09.2460544,-0.027943352093524
2022-12-19T16:00:09.2465920,0.0414716826313227
2022-12-19T16:00:09.2469376,-0.0384707501219167
2022-12-19T16:00:09.2472448,0.0302863211140333
2022-12-19T16:00:09.2474752,0.00363884293869718
2022-12-19T16:00:09.2476672,-0.0420895431579843
2022-12-19T16:00:09.2478208,0.011205410711089
2022-12-19T16:00:09.2479616,0.0148242040227804
2022-12-19T16:00:09.2480896,-0.00984938636422307
2022-12-19T16:00:09.2621568,0.0082445798337894
2022-12-19T16:00:09.2626432,0.0174560537159208
2022-12-19T16:00:09.2630016,-0.00655957436320019
2022-12-19T16:00:09.2632960,-0.00425670595325207
2022-12-19T16:00:09.2635264,0.00396782414447519
2022-12-19T16:00:09.2637184,0.0266675277210854
2022-12-19T16:00:09.2638464,-0.0124812359538841
2022-12-19T16:00:09.2639488,0.0602236126458371
2022-12-19T16:00:09.2640640,0.00396782414447519
2022-12-19T16:00:09.2791680,-0.0447213926271611
2022-12-19T16:00:09.2794112,0.0612105563451762
2022-12-19T16:00:09.2795264,-0.0486691668126406
2022-12-19T16:00:09.2796416,0.0154821664451246
2022-12-19T16:00:09.2797440,0.0128503167595087
2022-12-19T16:00:09.2798592,-0.00590161196113415
2022-12-19T16:00:09.2801280,-0.0085334615656746
2022-12-19T16:00:09.2802944,-0.017415953907813
2022-12-19T16:00:09.2962048,0.0358790018498081
2022-12-19T16:00:09.2965504,-0.0358389006295243
2022-12-19T16:00:09.2967552,0.0177850349282693
2022-12-19T16:00:09.2968832,0.0273254901547475
2022-12-19T16:00:09.2969984,-0.059854526886008
2022-12-19T16:00:09.2971008,0.0105474482928166
2022-12-19T16:00:09.2972032,0.0151531852338741
2022-12-19T16:00:09.2973184,-0.0039277247512097
2022-12-19T16:00:09.3126400,-0.000966893925833531
2022-12-19T16:00:09.3129088,0.0131792979696624
2022-12-19T16:00:09.3130368,-0.00129587512927513
2022-12-19T16:00:09.3131392,-0.00162485633256119
2022-12-19T16:00:09.3132544,0.0154821664451246
2022-12-19T16:00:09.3133696,0.0204168846327095
2022-12-19T16:00:09.3134976,-0.0249825213697274
2022-12-19T16:00:09.3136128,0.0536439880203538
2022-12-19T16:00:09.3293312,0.00791559862598218
2022-12-19T16:00:09.3298176,-0.0516299974373722
2022-12-19T16:00:09.3301504,0.0793045244224296
2022-12-19T16:00:09.3303424,-0.0434054678937928
2022-12-19T16:00:09.3304576,0.0217328094887004
2022-12-19T16:00:09.3305728,0.0158111476565318
2022-12-19T16:00:09.3307136,-0.0216927094397817
2022-12-19T16:00:09.3308416,0.011205410711089
2022-12-19T16:00:09.3310208,-0.0295882580458106
2022-12-19T16:00:09.3394176,0.0473933446852645
2022-12-19T16:00:09.3396864,-0.0437344490773635
2022-12-19T16:00:09.3398528,0.0141662416010631
2022-12-19T16:00:09.3399936,0.0141662416010631
2022-12-19T16:00:09.3401472,-0.0690659997562243
2022-12-19T16:00:09.3402880,0.0135082791799726
2022-12-19T16:00:09.3404288,0.00988948587516988
2022-12-19T16:00:09.3405696,0.00265189932229863
2022-12-19T16:00:09.3497856,-0.0039277247512097
2022-12-19T16:00:09.3500672,0.0167980912916946
2022-12-19T16:00:09.3502336,-0.0253115025618754
2022-12-19T16:00:09.3504512,0.00363884293869718
2022-12-19T16:00:09.3507072,0.00199393691214557
2022-12-19T16:00:09.3640064,0.0358790018498081
2022-12-19T16:00:09.3643008,-0.0124812359538841
2022-12-19T16:00:09.3644928,0.0506831569597203
2022-12-19T16:00:09.3646336,0.0200879034191048
2022-12-19T16:00:09.3647360,-0.0463662985404424
2022-12-19T16:00:09.3791616,0.0658162936278223
2022-12-19T16:00:09.3793664,-0.0457083361755869
2022-12-19T16:00:09.3794816,0.0329181708663548
2022-12-19T16:00:09.3795968,0.005941711382419
2022-12-19T16:00:09.3797120,-0.00623059316224477
2022-12-19T16:00:09.3798144,-0.00721753676464547
2022-12-19T16:00:09.3799296,-0.0384707501219167
2022-12-19T16:00:09.3930240,0.0233777155622271
2022-12-19T16:00:09.3932928,-0.0503140727167894
2022-12-19T16:00:09.3934592,0.0115343919204599
2022-12-19T16:00:09.3936000,0.0243646592082312
2022-12-19T16:00:09.3937408,-0.0532749033346829
2022-12-19T16:00:09.3938816,-0.00162485633256119
2022-12-19T16:00:09.3940352,-0.0078754991654702
2022-12-19T16:00:09.3941632,0.00265189932229863
2022-12-19T16:00:09.4024832,-0.00326976234665881
2022-12-19T16:00:09.4026752,0.0151531852338741
2022-12-19T16:00:09.4028672,-0.00129587512927513
2022-12-19T16:00:09.4030208,-0.00326976234665881
2022-12-19T16:00:09.4031232,-0.00294078114415022
2022-12-19T16:00:09.4032640,0.0487092695931362
2022-12-19T16:00:09.4033792,0.00199393691214557
2022-12-19T16:00:09.4124800,0.0477223259119937
2022-12-19T16:00:09.4126592,0.0184429973534371
2022-12-19T16:00:09.4127744,-0.0417605619736507
2022-12-19T16:00:09.4128896,0.0687771247546967
2022-12-19T16:00:09.4224768,-0.0486691668126406
2022-12-19T16:00:09.4227584,0.0418006638551917
2022-12-19T16:00:09.4230144,-0.00491466835687079
2022-12-19T16:00:09.4232320,-0.0121522547557184
2022-12-19T16:00:09.4234112,-0.00721753676464547
2022-12-19T16:00:09.4325376,-0.0443924114440477
2022-12-19T16:00:09.4327808,0.0230487343472071
2022-12-19T16:00:09.4329344,-0.0318911263725649
2022-12-19T16:00:09.4330752,0.0131792979696624
2022-12-19T16:00:09.4332160,0.0220617907030912
2022-12-19T16:00:09.4425856,-0.0707109056134626
2022-12-19T16:00:09.4428928,0.037523907957265
2022-12-19T16:00:09.4432384,0.00561273017570495
2022-12-19T16:00:09.4435328,0.00956050466658112
2022-12-19T16:00:09.4437760,-0.0470242609046887
2022-12-19T16:00:09.4574336,-0.0216927094397817
2022-12-19T16:00:09.4577152,0.00166495570730275
2022-12-19T16:00:09.4579200,0.0358790018498081
2022-12-19T16:00:09.4580608,0.027654471371815
2022-12-19T16:00:09.4582016,0.0434455699769174
2022-12-19T16:00:09.4583296,-0.00491466835687079
2022-12-19T16:00:09.4678528,0.0556178754012885
2022-12-19T16:00:09.4680064,0.00988948587516988
2022-12-19T16:00:09.4680960,-0.0509720350773848
2022-12-19T16:00:09.4681856,0.0658162936278223
2022-12-19T16:00:09.4682496,-0.0358389006295243
2022-12-19T16:00:09.4683264,0.034234095746308
2022-12-19T16:00:09.4684032,0.00659967379631543
2022-12-19T16:00:09.4788864,-0.0207057658577945
2022-12-19T16:00:09.4793600,0.0181140161407747
2022-12-19T16:00:09.4796032,-0.0401156560496931
2022-12-19T16:00:09.4797184,0.005941711382419
2022-12-19T16:00:09.4798336,-0.0424185243421653
2022-12-19T16:00:09.4939904,0.0161401288680959
2022-12-19T16:00:09.4944640,0.0154821664451246
2022-12-19T16:00:09.4947712,-0.0470242609046887
2022-12-19T16:00:09.4949376,0.0128503167595087
2022-12-19T16:00:09.4950656,0.00956050466658112
2022-12-19T16:00:09.4951808,0.010218467083915
2022-12-19T16:00:09.5078912,0.00758661741833119
2022-12-19T16:00:09.5082624,0.0171270725037292
2022-12-19T16:00:09.5085184,-0.000966893925833531
2022-12-19T16:00:09.5086848,0.00133597450261574
2022-12-19T16:00:09.5088256,0.00429680535040913
2022-12-19T16:00:09.5089664,0.0220617907030912
2022-12-19T16:00:09.5091584,-0.00359874354901193
2022-12-19T16:00:09.5180160,0.0645003686867174
2022-12-19T16:00:09.5182848,-0.0180739162990437
2022-12-19T16:00:09.5184256,-0.0506430538971631
2022-12-19T16:00:09.5185408,0.0704220309419155
2022-12-19T16:00:09.5186560,-0.0526169409762142
2022-12-19T16:00:09.5187712,0.0167980912916946
2022-12-19T16:00:09.5189376,0.00100699329808449
2022-12-19T16:00:09.5288576,-0.0239955777923602
2022-12-19T16:00:09.5293824,-0.00721753676464547
2022-12-19T16:00:09.5297152,-0.0262984461373967
2022-12-19T16:00:09.5299200,0.0358790018498081
2022-12-19T16:00:09.5300480,-0.0387997313077776
2022-12-19T16:00:09.5388672,0.0266675277210854
2022-12-19T16:00:09.5390976,0.0227197531323445
2022-12-19T16:00:09.5392128,-0.0582096210038585
2022-12-19T16:00:09.5393536,-0.0114942923589225
2022-12-19T16:00:09.5394688,0.00956050466658112
2022-12-19T16:00:09.5395840,-0.00129587512927513
2022-12-19T16:00:09.5506432,-0.00919142396525881
2022-12-19T16:00:09.5511040,0.0322602084273265
2022-12-19T16:00:09.5513984,-0.0101783675634727
2022-12-19T16:00:09.5516544,-0.0085334615656746
2022-12-19T16:00:09.5518976,-0.00294078114415022
2022-12-19T16:00:09.5602560,0.019100959779233
2022-12-19T16:00:09.5606016,-0.00491466835687079
2022-12-19T16:00:09.5608704,0.0598946314130441
2022-12-19T16:00:09.5610368,0.00561273017570495
2022-12-19T16:00:09.5611520,-0.0437344490773635
2022-12-19T16:00:09.5612544,0.0763436932492061
2022-12-19T16:00:09.5718912,-0.0341939946918055
2022-12-19T16:00:09.5722752,0.0302863211140333
2022-12-19T16:00:09.5725184,-0.00458568715513909
2022-12-19T16:00:09.5726720,-0.0121522547557184
2022-12-19T16:00:09.5824384,-0.00261179994148619
2022-12-19T16:00:09.5828096,-0.0368258441903187
2022-12-19T16:00:09.5829760,0.011205410711089
2022-12-19T16:00:09.5831040,-0.0420895431579843
2022-12-19T16:00:09.5832192,0.0253516028556522
2022-12-19T16:00:09.5833216,0.0115343919204599
2022-12-19T16:00:09.5939328,-0.0585386021805911
2022-12-19T16:00:09.5942400,0.00100699329808449
2022-12-19T16:00:09.5943936,0.0158111476565318
2022-12-19T16:00:09.5945472,0.00758661741833119
2022-12-19T16:00:09.5946880,-0.014126141942392
2022-12-19T16:00:09.6078080,0.030944283551166
2022-12-19T16:00:09.6080512,-0.00886244276554422
2022-12-19T16:00:09.6081792,-0.00820448036564994
2022-12-19T16:00:09.6082816,-0.00425670595325207
2022-12-19T16:00:09.6083968,0.0348920581872335
2022-12-19T16:00:09.6085120,-0.00458568715513909
2022-12-19T16:00:09.6181504,0.0556178754012885
2022-12-19T16:00:09.6184576,0.0230487343472071
2022-12-19T16:00:09.6186112,-0.038141768935903
2022-12-19T16:00:09.6187136,0.0819363743651601
2022-12-19T16:00:09.6188288,-0.0374838065634167
2022-12-19T16:00:09.6189696,0.0385108516236395
2022-12-19T16:00:09.6190848,0.010218467083915
2022-12-19T16:00:09.6300032,-0.0243245589849698
2022-12-19T16:00:09.6302208,-0.00458568715513909
2022-12-19T16:00:09.6303488,-0.0184028974944275
2022-12-19T16:00:09.6305536,0.0302863211140333
2022-12-19T16:00:09.6307456,-0.0355099194422867
2022-12-19T16:00:09.6441472,0.030944283551166
2022-12-19T16:00:09.6444544,0.019100959779233
2022-12-19T16:00:09.6446336,-0.0351809382548961
2022-12-19T16:00:09.6447616,-0.00261179994148619
2022-12-19T16:00:09.6448640,0.0115343919204599
2022-12-19T16:00:09.6449792,-0.00655957436320019
2022-12-19T16:00:09.6589952,0.00133597450261574
2022-12-19T16:00:09.6592896,0.0292993774595181
2022-12-19T16:00:09.6594816,-0.00425670595325207
2022-12-19T16:00:09.6596224,-0.00919142396525881
2022-12-19T16:00:09.6597376,0.00561273017570495
2022-12-19T16:00:09.6598528,0.028970396241662
2022-12-19T16:00:09.6599552,-0.0118232735573979
2022-12-19T16:00:09.6731520,0.0523280631029221
2022-12-19T16:00:09.6734720,0.0141662416010631
2022-12-19T16:00:09.6737152,-0.0318911263725649
2022-12-19T16:00:09.6739072,0.0621975000459563
2022-12-19T16:00:09.6740352,-0.0371548253769442
2022-12-19T16:00:09.6741632,0.0306153023325207
2022-12-19T16:00:09.6742784,0.000349030889489121
2022-12-19T16:00:09.6743808,-0.0282723332842885
2022-12-19T16:00:09.6865536,0.00791559862598218
2022-12-19T16:00:09.6868992,-0.0266274273289295
2022-12-19T16:00:09.6870784,0.0269965089378377
2022-12-19T16:00:09.6872064,-0.0401156560496931
2022-12-19T16:00:09.6873472,0.0194299409923665
2022-12-19T16:00:09.6874624,0.0154821664451246
2022-12-19T16:00:09.6875648,-0.0503140727167894
2022-12-19T16:00:09.6962816,0.011205410711089
2022-12-19T16:00:09.6966016,0.00692865500349785
2022-12-19T16:00:09.6968704,-0.0131391983497513
2022-12-19T16:00:09.6970368,0.00627069258928915
2022-12-19T16:00:09.6972032,0.0345630769666917
2022-12-19T16:00:09.6973184,0.00199393691214557
2022-12-19T16:00:09.6974208,-0.00590161196113415
2022-12-19T16:00:09.7088384,-0.0101783675634727
2022-12-19T16:00:09.7091456,0.0329181708663548
2022-12-19T16:00:09.7092992,-0.00458568715513909
2022-12-19T16:00:09.7094400,0.0585787064834723
2022-12-19T16:00:09.7228928,-0.000308931518483477
2022-12-19T16:00:09.7233024,-0.0345229758796555
2022-12-19T16:00:09.7236864,0.0704220309419155
2022-12-19T16:00:09.7238912,-0.0450503738101221
2022-12-19T16:00:09.7241472,0.0256805840717742
2022-12-19T16:00:09.7243392,0.0174560537159208
2022-12-19T16:00:09.7342592,-0.0243245589849698
2022-12-19T16:00:09.7345024,-0.00952040516481843
2022-12-19T16:00:09.7346304,-0.0295882580458106
2022-12-19T16:00:09.7347328,0.0362079830709829
2022-12-19T16:00:09.7348736,-0.0318911263725649
2022-12-19T16:00:09.7349888,0.019100959779233
2022-12-19T16:00:09.7350912,0.0365369642923159
2022-12-19T16:00:09.7352064,-0.0591965645336023
2022-12-19T16:00:09.7448832,0.0151531852338741
2022-12-19T16:00:09.7453568,0.00528374896914695
2022-12-19T16:00:09.7455872,-0.00952040516481843
2022-12-19T16:00:09.7457280,0.0082445798337894
2022-12-19T16:00:09.7458432,0.0135082791799726
2022-12-19T16:00:09.7589248,-0.00952040516481843
2022-12-19T16:00:09.7593088,-0.0147841043367125
2022-12-19T16:00:09.7595776,-0.00261179994148619
2022-12-19T16:00:09.7597824,0.0204168846327095
2022-12-19T16:00:09.7599232,-0.00919142396525881
2022-12-19T16:00:09.7601280,0.0562758378628775
2022-12-19T16:00:09.7739264,0.00396782414447519
2022-12-19T16:00:09.7744128,-0.0387997313077776
2022-12-19T16:00:09.7747328,0.0829233180963501
2022-12-19T16:00:09.7749760,-0.0499850915362638
2022-12-19T16:00:09.7751040,0.0322602084273265
2022-12-19T16:00:09.7752192,0.0210748470603906
2022-12-19T16:00:09.7753344,-0.0105073487625675
2022-12-19T16:00:09.7842944,-0.000637912722236303
2022-12-19T16:00:09.7845376,-0.0322201075614877
2022-12-19T16:00:09.7847040,0.0358790018498081
2022-12-19T16:00:09.7848192,-0.0289302956653566
2022-12-19T16:00:09.7849600,0.0296283586775321
2022-12-19T16:00:09.7850752,0.0207458658464715
2022-12-19T16:00:09.7851776,-0.0601835080619839
2022-12-19T16:00:09.7949184,0.005941711382419
2022-12-19T16:00:09.7952640,0.00988948587516988
2022-12-19T16:00:09.7954432,-0.00294078114415022
2022-12-19T16:00:09.7956096,0.00462578655649906
2022-12-19T16:00:09.7957504,0.0237066967774044
2022-12-19T16:00:09.8090368,-0.0039277247512097
2022-12-19T16:00:09.8093312,0.00462578655649906
2022-12-19T16:00:09.8095104,-0.000637912722236303
2022-12-19T16:00:09.8096384,0.0418006638551917
2022-12-19T16:00:09.8097536,-0.0200478034690322
2022-12-19T16:00:09.8098688,0.0526570443320408
2022-12-19T16:00:09.8232960,0.00429680535040913
2022-12-19T16:00:09.8236928,-0.0522879597967521
2022-12-19T16:00:09.8239616,0.0793045244224296
2022-12-19T16:00:09.8242304,-0.0335360323156458
2022-12-19T16:00:09.8244736,0.0348920581872335
2022-12-19T16:00:09.8247296,0.0121923543396712
2022-12-19T16:00:09.8249728,-0.02596946494571
2022-12-19T16:00:09.8336384,-0.000637912722236303
2022-12-19T16:00:09.8338176,-0.0397866748644434
2022-12-19T16:00:09.8339328,0.0414716826313227
2022-12-19T16:00:09.8340480,-0.0420895431579843
2022-12-19T16:00:09.8341504,0.00725763621083642
2022-12-19T16:00:09.8342912,0.0167980912916946
2022-12-19T16:00:09.8344064,-0.0591965645336023
2022-12-19T16:00:09.8442752,0.0174560537159208
2022-12-19T16:00:09.8445696,0.0108764295018745
2022-12-19T16:00:09.8448000,-0.0167579915159647
2022-12-19T16:00:09.8449664,0.00199393691214557
2022-12-19T16:00:09.8450944,0.0184429973534371
2022-12-19T16:00:09.8593664,0.00363884293869718
2022-12-19T16:00:09.8595456,0.00363884293869718
2022-12-19T16:00:09.8596736,-0.00162485633256119
2022-12-19T16:00:09.8597760,0.0358790018498081
2022-12-19T16:00:09.8598912,-0.0246535401774255
2022-12-19T16:00:09.8733696,0.0418006638551917
2022-12-19T16:00:09.8735744,-0.027943352093524
2022-12-19T16:00:09.8736896,-0.0559067527624882
2022-12-19T16:00:09.8737920,0.0687771247546967
2022-12-19T16:00:09.8739072,-0.04044463723479
2022-12-19T16:00:09.8740224,0.0335761333060152
2022-12-19T16:00:09.8741376,0.0154821664451246
2022-12-19T16:00:09.8742528,-0.016429010319809
2022-12-19T16:00:09.8836736,0.0332471520861059
2022-12-19T16:00:09.8840576,-0.0358389006295243
2022-12-19T16:00:09.8843648,0.0230487343472071
2022-12-19T16:00:09.8846336,-0.0161000291234987
2022-12-19T16:00:09.8848640,-0.0111653111602924
2022-12-19T16:00:09.8851584,-0.0782774725083365
2022-12-19T16:00:09.8853376,-0.0101783675634727
2022-12-19T16:00:09.8941440,-0.0154420667304147
2022-12-19T16:00:09.8944512,0.0210748470603906
2022-12-19T16:00:09.8946432,0.00396782414447519
2022-12-19T16:00:09.8948608,-0.00294078114415022
2022-12-19T16:00:09.8951552,0.0184429973534371
2022-12-19T16:00:09.9092608,-0.0124812359538841
2022-12-19T16:00:09.9095296,-0.0200478034690322
2022-12-19T16:00:09.9097088,0.0082445798337894
2022-12-19T16:00:09.9098496,0.0138372603904395
2022-12-19T16:00:09.9100160,-0.0078754991654702
2022-12-19T16:00:09.9189888,0.0559468566320032
2022-12-19T16:00:09.9191808,0.010218467083915
2022-12-19T16:00:09.9192960,-0.0440634302607818
2022-12-19T16:00:09.9194112,0.0868710930356683
2022-12-19T16:00:09.9195264,-0.0654472068570392
2022-12-19T16:00:09.9196416,0.00495476776274499
2022-12-19T16:00:09.9197440,0.00988948587516988
2022-12-19T16:00:09.9198464,-0.0226796530203822
2022-12-19T16:00:09.9303680,0.00659967379631543
2022-12-19T16:00:09.9306368,-0.02596946494571
2022-12-19T16:00:09.9307904,0.0266675277210854
2022-12-19T16:00:09.9309056,-0.0424185243421653
2022-12-19T16:00:09.9310208,-0.0101783675634727
2022-12-19T16:00:09.9405952,0.0144952228118434
2022-12-19T16:00:09.9409280,-0.059854526886008
2022-12-19T16:00:09.9411584,0.0141662416010631
2022-12-19T16:00:09.9413120,2.00496854250026E-05
2022-12-19T16:00:09.9414272,0.00429680535040913
2022-12-19T16:00:09.9501312,0.00199393691214557
2022-12-19T16:00:09.9503872,0.0187719785662566
2022-12-19T16:00:09.9505536,-0.0055726307598683
2022-12-19T16:00:09.9506688,-0.00195383753569171
2022-12-19T16:00:09.9507712,0.00166495570730275
2022-12-19T16:00:09.9608704,0.0480513071388821
2022-12-19T16:00:09.9611392,-0.0282723332842885
2022-12-19T16:00:09.9613696,0.0487092695931362
2022-12-19T16:00:09.9615360,-0.0039277247512097
2022-12-19T16:00:09.9616768,-0.0522879597967521
2022-12-19T16:00:09.9774848,0.069106105991819
2022-12-19T16:00:09.9778432,-0.0578806398269743
2022-12-19T16:00:09.9780992,0.0306153023325207
2022-12-19T16:00:09.9782656,0.0174560537159208
2022-12-19T16:00:09.9783936,-0.0315621451834888
2022-12-19T16:00:09.9785088,0.00232291811714419
2022-12-19T16:00:09.9876224,-0.0233376154066791
2022-12-19T16:00:09.9878016,0.0253516028556522
2022-12-19T16:00:09.9879296,-0.0335360323156458
2022-12-19T16:00:09.9880448,0.005941711382419
2022-12-19T16:00:09.9881600,0.0184429973534371
2022-12-19T16:00:09.9882624,-0.0588675833571724
2022-12-19T16:00:09.9883648,0.0082445798337894
2022-12-19T16:00:09.9884800,0.00232291811714419
2022-12-19T16:00:09.9980416,0.000349030889489121
2022-12-19T16:00:09.9983104,0.005941711382419
2022-12-19T16:00:09.9985280,0.0352210394079334
2022-12-19T16:00:09.9986816,-0.0039277247512097
2022-12-19T16:00:09.9988096,-0.0128102171518951
2022-12-19T16:00:10.0131712,0.0148242040227804
2022-12-19T16:00:10.0135424,0.0391688140686815
2022-12-19T16:00:10.0137856,-0.0161000291234987
2022-12-19T16:00:10.0140288,0.0500251945035551
2022-12-19T16:00:10.0142976,0.00758661741833119
2022-12-19T16:00:10.0252288,-0.0532749033346829
2022-12-19T16:00:10.0254720,0.0717379558945845
2022-12-19T16:00:10.0256256,-0.0661051692037028
2022-12-19T16:00:10.0257664,0.028970396241662
2022-12-19T16:00:10.0259072,0.0197589222056571
2022-12-19T16:00:10.0260608,-0.0299172392358072
2022-12-19T16:00:10.0261888,0.00232291811714419
2022-12-19T16:00:10.0263168,-0.0332070511273362
2022-12-19T16:00:10.0365696,0.0467353822322834
2022-12-19T16:00:10.0369408,-0.0371548253769442
2022-12-19T16:00:10.0371456,0.0217328094887004
2022-12-19T16:00:10.0372864,0.0187719785662566
2022-12-19T16:00:10.0374016,-0.0572226774727517
2022-12-19T16:00:10.0375040,0.0184429973534371
2022-12-19T16:00:10.0468480,0.0148242040227804
2022-12-19T16:00:10.0472320,0.00429680535040913
2022-12-19T16:00:10.0475136,0.0161401288680959
2022-12-19T16:00:10.0476800,0.0302863211140333
2022-12-19T16:00:10.0478208,-0.0246535401774255
2022-12-19T16:00:10.0581888,-0.00326976234665881
2022-12-19T16:00:10.0584704,-0.00294078114415022
2022-12-19T16:00:10.0586240,0.0575917627879726
2022-12-19T16:00:10.0587392,-0.0309041828048764
2022-12-19T16:00:10.0588544,0.0543019504800269
2022-12-19T16:00:10.0589824,0.00857356104175289
2022-12-19T16:00:10.0681216,-0.0391287124934857
2022-12-19T16:00:10.0684416,0.0641713874518421
2022-12-19T16:00:10.0685952,-0.0605124892378086
2022-12-19T16:00:10.0687104,0.0121923543396712
2022-12-19T16:00:10.0688256,0.0108764295018745
2022-12-19T16:00:10.0835072,-0.0305752016153402
2022-12-19T16:00:10.0837760,-0.0200478034690322
2022-12-19T16:00:10.0840064,-0.0427475055261936
2022-12-19T16:00:10.0841728,0.0401557577374334
2022-12-19T16:00:10.0843136,-0.038141768935903
2022-12-19T16:00:10.0964224,0.00988948587516988
2022-12-19T16:00:10.0966784,0.0207458658464715
2022-12-19T16:00:10.0969088,-0.0460373173580908
2022-12-19T16:00:10.0970752,0.0312732647699692
2022-12-19T16:00:10.0972032,0.00495476776274499
2022-12-19T16:00:10.0973184,0.000349030889489121
2022-12-19T16:00:10.0974208,0.00363884293869718
2022-12-19T16:00:10.0975360,0.0243646592082312
2022-12-19T16:00:10.1069440,0.00100699329808449
2022-12-19T16:00:10.1071872,-0.00886244276554422
2022-12-19T16:00:10.1074304,0.0105474482928166
2022-12-19T16:00:10.1075968,0.0365369642923159
2022-12-19T16:00:10.1077376,-0.0124812359538841
2022-12-19T16:00:10.1078528,0.0483802883659295
2022-12-19T16:00:10.1165824,0.000349030889489121
2022-12-19T16:00:10.1168512,-0.0532749033346829
2022-12-19T16:00:10.1169920,0.0730538808498274
2022-12-19T16:00:10.1171200,-0.0496561103555861
2022-12-19T16:00:10.1172224,0.0220617907030912
2022-12-19T16:00:10.1173376,0.0243646592082312
2022-12-19T16:00:10.1275264,-0.0387997313077776
2022-12-19T16:00:10.1278848,-0.00721753676464547
2022-12-19T16:00:10.1281408,-0.0230086342136077
2022-12-19T16:00:10.1283200,0.0414716826313227
2022-12-19T16:00:10.1455488,-0.0457083361755869
2022-12-19T16:00:10.1457280,0.0033098617330751
2022-12-19T16:00:10.1458048,0.0286414150239637
2022-12-19T16:00:10.1458816,-0.0549198092281989
2022-12-19T16:00:10.1459584,0.0121923543396712
2022-12-19T16:00:10.1460352,-0.00162485633256119
2022-12-19T16:00:10.1581952,0.00133597450261574
2022-12-19T16:00:10.1583360,0.0135082791799726
2022-12-19T16:00:10.1584128,0.0427876075277508
2022-12-19T16:00:10.1584896,0.000678012093708949
2022-12-19T16:00:10.1585536,-0.00688855556400039
2022-12-19T16:00:10.1586432,-0.176971816151772
2022-12-19T16:00:10.1587200,0.0371949267354569
2022-12-19T16:00:10.1587968,-0.0190608598847322
2022-12-19T16:00:10.1588608,0.0681191622809339
2022-12-19T16:00:10.1698944,0.00232291811714419
2022-12-19T16:00:10.1700992,-0.0848570958306845
2022-12-19T16:00:10.1702272,-0.0536038845136896
2022-12-19T16:00:10.1703680,-0.0878179263062205
2022-12-19T16:00:10.1704704,0.0362079830709829
2022-12-19T16:00:10.1705600,0.0125213355495117
2022-12-19T16:00:10.1827968,-0.0401156560496931
2022-12-19T16:00:10.1831168,0.0082445798337894
2022-12-19T16:00:10.1832576,-0.016429010319809
2022-12-19T16:00:10.1833728,0.027654471371815
2022-12-19T16:00:10.1834880,-0.0434054678937928
2022-12-19T16:00:10.1835904,0.00890254224987264
2022-12-19T16:00:10.1972736,0.00495476776274499
2022-12-19T16:00:10.1976832,-0.0631443386389618
2022-12-19T16:00:10.1979520,0.00232291811714419
2022-12-19T16:00:10.1982336,0.0108764295018745
2022-12-19T16:00:10.1984640,-0.00688855556400039
2022-12-19T16:00:10.1985920,0.011205410711089
2022-12-19T16:00:10.1986944,0.0256805840717742
2022-12-19T16:00:10.2111488,-0.0230086342136077
2022-12-19T16:00:10.2114432,0.0197589222056571
2022-12-19T16:00:10.2116864,0.00791559862598218
2022-12-19T16:00:10.2119424,0.0408137201840608
2022-12-19T16:00:10.2120704,-0.00721753676464547
2022-12-19T16:00:10.2121856,0.0651583311569491
2022-12-19T16:00:10.2123008,0.010218467083915
2022-12-19T16:00:10.2261504,-0.0318911263725649
2022-12-19T16:00:10.2264448,0.0835812805846185
2022-12-19T16:00:10.2266880,-0.0440634302607818
2022-12-19T16:00:10.2268800,0.0279834525890402
2022-12-19T16:00:10.2270080,0.0125213355495117
2022-12-19T16:00:10.2271232,-0.04044463723479
2022-12-19T16:00:10.2272256,-0.0039277247512097
2022-12-19T16:00:10.2400000,-0.0384707501219167
2022-12-19T16:00:10.2403968,0.0243646592082312
2022-12-19T16:00:10.2406784,-0.0417605619736507
2022-12-19T16:00:10.2409600,-0.00491466835687079
2022-12-19T16:00:10.2412416,-0.00162485633256119
2022-12-19T16:00:10.2414848,-0.0463662985404424
2022-12-19T16:00:10.2417280,0.0174560537159208
2022-12-19T16:00:10.2497024,0.0138372603904395
2022-12-19T16:00:10.2499584,-0.0105073487625675
2022-12-19T16:00:10.2500992,0.00890254224987264
2022-12-19T16:00:10.2502016,0.0316022459889304
2022-12-19T16:00:10.2503680,-0.0167579915159647
2022-12-19T16:00:10.2505728,0.00100699329808449
2022-12-19T16:00:10.2507904,-0.00623059316224477
2022-12-19T16:00:10.2510592,0.0582497252514792
2022-12-19T16:00:10.2605696,-0.018731878689657
2022-12-19T16:00:10.2608896,0.0631844437481781
2022-12-19T16:00:10.2611584,0.0184429973534371
2022-12-19T16:00:10.2613760,-0.0332070511273362
2022-12-19T16:00:10.2703360,0.0592366689479383
2022-12-19T16:00:10.2706688,-0.0473532420865835
2022-12-19T16:00:10.2708224,0.0266675277210854
2022-12-19T16:00:10.2709376,0.0151531852338741
2022-12-19T16:00:10.2710528,-0.0078754991654702
2022-12-19T16:00:10.2826368,0.0223907719176392
2022-12-19T16:00:10.2830592,-0.02596946494571
2022-12-19T16:00:10.2833408,0.0381818704013563
2022-12-19T16:00:10.2835968,-0.0309041828048764
2022-12-19T16:00:10.2838528,0.0194299409923665
2022-12-19T16:00:10.2964864,0.0207458658464715
2022-12-19T16:00:10.2968064,-0.0568936962954132
2022-12-19T16:00:10.2969728,0.00857356104175289
2022-12-19T16:00:10.2971008,0.0217328094887004
2022-12-19T16:00:10.2973568,-0.0039277247512097
2022-12-19T16:00:10.2975488,0.0246936404238808
2022-12-19T16:00:10.2976640,0.0167980912916946
2022-12-19T16:00:10.3118720,-0.0348519570673523
2022-12-19T16:00:10.3121664,0.0493672320480272
2022-12-19T16:00:10.3123200,0.00627069258928915
2022-12-19T16:00:10.3124736,2.00496854250026E-05
2022-12-19T16:00:10.3127424,-0.00655957436320019
2022-12-19T16:00:10.3129600,0.0592366689479383
2022-12-19T16:00:10.3130880,0.0210748470603906
2022-12-19T16:00:10.3219200,-0.0670921127225668
2022-12-19T16:00:10.3222912,0.104965061806612
2022-12-19T16:00:10.3225728,-0.0460373173580908
2022-12-19T16:00:10.3228288,-0.0085334615656746
2022-12-19T16:00:10.3230208,0.00100699329808449
2022-12-19T16:00:10.3232000,-0.0325490887502571
2022-12-19T16:00:10.3233536,-0.0055726307598683
2022-12-19T16:00:10.3317760,-0.0299172392358072
2022-12-19T16:00:10.3321088,0.0371949267354569
2022-12-19T16:00:10.3323520,-0.0480112044499164
2022-12-19T16:00:10.3326208,0.019100959779233
2022-12-19T16:00:10.3329024,0.0250226216396877
2022-12-19T16:00:10.3416192,-0.0450503738101221
2022-12-19T16:00:10.3419520,0.0217328094887004
2022-12-19T16:00:10.3421952,0.0177850349282693
2022-12-19T16:00:10.3423360,-0.00886244276554422
2022-12-19T16:00:10.3424384,0.0283124338064231
