2022-12-19T15:10:20.3567616,0.0210748470603906
2022-12-19T15:10:20.3920512,0.0135082791799726
2022-12-19T15:10:20.3928448,-0.00425670595325207
2022-12-19T15:10:20.3931520,0.0329181708663548
2022-12-19T15:10:20.3934592,0.0164691100798168
2022-12-19T15:10:20.3936640,-0.0460373173580908
2022-12-19T15:10:20.3938816,0.0493672320480272
2022-12-19T15:10:20.3941248,-0.0549198092281989
2022-12-19T15:10:20.3943424,0.00528374896914695
2022-12-19T15:10:20.3948160,0.0487092695931362
2022-12-19T15:10:20.3950336,-0.0368258441903187
2022-12-19T15:10:20.3951872,0.0082445798337894
2022-12-19T15:10:20.3953152,-0.0328780699388733
2022-12-19T15:10:20.3954432,0.00956050466658112
2022-12-19T15:10:20.3955584,-0.0282723332842885
2022-12-19T15:10:20.3956864,0.0167980912916946
2022-12-19T15:10:20.3958016,0.0223907719176392
2022-12-19T15:10:20.3959168,-0.0513010162574545
2022-12-19T15:10:20.3960320,0.00890254224987264
2022-12-19T15:10:20.3961472,2.00496854250026E-05
2022-12-19T15:10:20.3962624,-0.00524364955844718
2022-12-19T15:10:20.3963776,0.0141662416010631
2022-12-19T15:10:20.3965056,0.0197589222056571
2022-12-19T15:10:20.3966464,-0.000966893925833531
2022-12-19T15:10:20.3967616,-0.00195383753569171
2022-12-19T15:10:20.3968896,0.0204168846327095
2022-12-19T15:10:20.3970048,0.0148242040227804
2022-12-19T15:10:20.3971200,-0.0101783675634727
2022-12-19T15:10:20.3972480,0.037523907957265
2022-12-19T15:10:20.3973632,0.0171270725037292
2022-12-19T15:10:20.3974784,-0.0332070511273362
2022-12-19T15:10:20.3976064,0.0529860255613189
2022-12-19T15:10:20.3977216,-0.0572226774727517
2022-12-19T15:10:20.3978368,0.010218467083915
2022-12-19T15:10:20.3979648,0.0319312272080495
2022-12-19T15:10:20.3981056,-0.0582096210038585
2022-12-19T15:10:20.3982208,0.00166495570730275
2022-12-19T15:10:20.3983360,-0.0286013144748993
2022-12-19T15:10:20.3992448,0.005941711382419
2022-12-19T15:10:20.3994496,-0.04044463723479
2022-12-19T15:10:20.3995904,0.019100959779233
2022-12-19T15:10:20.3997440,0.0184429973534371
2022-12-19T15:10:20.3998720,-0.0489981479937746
2022-12-19T15:10:20.4000000,0.0184429973534371
2022-12-19T15:10:20.4001280,-0.00326976234665881
2022-12-19T15:10:20.4002432,-0.00623059316224477
2022-12-19T15:10:20.4003712,0.00659967379631543
2022-12-19T15:10:20.4005120,0.0108764295018745
2022-12-19T15:10:20.4006528,-0.0108363299615074
2022-12-19T15:10:20.4007808,0.00133597450261574
2022-12-19T15:10:20.4009088,0.0144952228118434
2022-12-19T15:10:20.4010880,0.0158111476565318
2022-12-19T15:10:20.4012288,-0.0105073487625675
2022-12-19T15:10:20.4013696,0.0450904761026137
2022-12-19T15:10:20.4015744,0.0118633731299873
2022-12-19T15:10:20.4019200,-0.039457693679041
2022-12-19T15:10:20.4021760,0.0483802883659295
2022-12-19T15:10:20.4023808,-0.0542618468712477
2022-12-19T15:10:20.4025856,0.0230487343472071
2022-12-19T15:10:20.4027520,0.0325891896467616
2022-12-19T15:10:20.4028800,-0.0417605619736507
2022-12-19T15:10:20.4029952,0.0082445798337894
2022-12-19T15:10:20.4031104,-0.0299172392358072
2022-12-19T15:10:20.4032640,0.0118633731299873
2022-12-19T15:10:20.4034048,-0.0276143709026059
2022-12-19T15:10:20.4035200,0.0279834525890402
2022-12-19T15:10:20.4036352,0.0378528891792314
2022-12-19T15:10:20.4037504,-0.0476822232683261
2022-12-19T15:10:20.4038656,0.0121923543396712
2022-12-19T15:10:20.4039808,-0.00359874354901193
2022-12-19T15:10:20.4040960,-0.00129587512927513
2022-12-19T15:10:20.4042240,-0.00886244276554422
2022-12-19T15:10:20.4043520,0.0223907719176392
2022-12-19T15:10:20.4044672,-0.00524364955844718
2022-12-19T15:10:20.4046080,-0.0197188222744198
2022-12-19T15:10:20.4047360,0.0194299409923665
2022-12-19T15:10:20.4048640,0.0292993774595181
2022-12-19T15:10:20.4049920,-0.00425670595325207
2022-12-19T15:10:20.4051328,0.0296283586775321
2022-12-19T15:10:20.4052480,0.0217328094887004
2022-12-19T15:10:20.4053632,-0.0374838065634167
2022-12-19T15:10:20.4054784,0.0654873123923055
2022-12-19T15:10:20.4055936,-0.0585386021805911
2022-12-19T15:10:20.4171904,0.0227197531323445
2022-12-19T15:10:20.4174976,0.0381818704013563
2022-12-19T15:10:20.4181376,-0.0614994327643749
2022-12-19T15:10:20.4182784,0.011205410711089
2022-12-19T15:10:20.4183808,-0.0332070511273362
2022-12-19T15:10:20.4184832,0.0194299409923665
2022-12-19T15:10:20.4185856,-0.0397866748644434
2022-12-19T15:10:20.4186880,-0.0414315807891646
2022-12-19T15:10:20.4187904,0.0763436932492061
2022-12-19T15:10:20.4188800,-0.0740007173166529
2022-12-19T15:10:20.4279424,0.0220617907030912
2022-12-19T15:10:20.4281856,0.0263385465044908
2022-12-19T15:10:20.4283264,-0.0335360323156458
2022-12-19T15:10:20.4284672,0.0128503167595087
2022-12-19T15:10:20.4285824,0.0167980912916946
2022-12-19T15:10:20.4287104,-0.0286013144748993
2022-12-19T15:10:20.4288256,0.0306153023325207
2022-12-19T15:10:20.4376960,0.0292993774595181
2022-12-19T15:10:20.4378752,0.0273254901547475
2022-12-19T15:10:20.4380288,0.005941711382419
2022-12-19T15:10:20.4382848,0.0214038282744669
2022-12-19T15:10:20.4383872,0.0243646592082312
2022-12-19T15:10:20.4471424,-0.0387997313077776
2022-12-19T15:10:20.4472448,0.0664742560993373
2022-12-19T15:10:20.4473088,-0.0529459221555245
2022-12-19T15:10:20.4473856,0.0246936404238808
2022-12-19T15:10:20.4474496,0.0223907719176392
2022-12-19T15:10:20.4567680,-0.0536038845136896
2022-12-19T15:10:20.4568960,0.00725763621083642
2022-12-19T15:10:20.4569856,-0.0134681795474529
2022-12-19T15:10:20.4570624,0.0138372603904395
2022-12-19T15:10:20.4670336,-0.0509720350773848
2022-12-19T15:10:20.4671872,0.0253516028556522
2022-12-19T15:10:20.4673024,0.0269965089378377
2022-12-19T15:10:20.4674176,-0.0506430538971631
2022-12-19T15:10:20.4675584,0.0177850349282693
2022-12-19T15:10:20.4769408,0.00758661741833119
2022-12-19T15:10:20.4770816,-0.0105073487625675
2022-12-19T15:10:20.4771840,0.011205410711089
2022-12-19T15:10:20.4772736,0.0135082791799726
2022-12-19T15:10:20.4773632,-0.0131391983497513
2022-12-19T15:10:20.4879488,0.00725763621083642
2022-12-19T15:10:20.4881152,0.0141662416010631
2022-12-19T15:10:20.4882560,0.0273254901547475
2022-12-19T15:10:20.4884096,-0.0177449351035055
2022-12-19T15:10:20.4884864,0.0316022459889304
2022-12-19T15:10:20.4984832,0.00462578655649906
2022-12-19T15:10:20.4986368,-0.0384707501219167
2022-12-19T15:10:20.4988032,0.0707510121798415
2022-12-19T15:10:20.4988928,-0.0414315807891646
2022-12-19T15:10:20.4989568,0.0233777155622271
2022-12-19T15:10:20.4990336,0.0332471520861059
2022-12-19T15:10:20.5106176,-0.0450503738101221
2022-12-19T15:10:20.5108224,0.0115343919204599
2022-12-19T15:10:20.5109248,-0.0305752016153402
2022-12-19T15:10:20.5109888,0.0263385465044908
2022-12-19T15:10:20.5110528,-0.0302462204256504
2022-12-19T15:10:20.5209984,-0.00261179994148619
2022-12-19T15:10:20.5214336,0.0174560537159208
2022-12-19T15:10:20.5215360,-0.0513010162574545
2022-12-19T15:10:20.5216000,0.0197589222056571
2022-12-19T15:10:20.5216512,-0.00129587512927513
2022-12-19T15:10:20.5217152,0.00133597450261574
2022-12-19T15:10:20.5313024,0.010218467083915
2022-12-19T15:10:20.5314176,0.0115343919204599
2022-12-19T15:10:20.5314816,-0.0108363299615074
2022-12-19T15:10:20.5315328,0.00692865500349785
2022-12-19T15:10:20.5315968,0.0131792979696624
2022-12-19T15:10:20.5420672,0.0223907719176392
2022-12-19T15:10:20.5422976,-0.00359874354901193
2022-12-19T15:10:20.5424512,0.0348920581872335
2022-12-19T15:10:20.5425408,0.00725763621083642
2022-12-19T15:10:20.5426176,-0.0368258441903187
2022-12-19T15:10:20.5522816,0.0737118433284146
2022-12-19T15:10:20.5524480,-0.0529459221555245
2022-12-19T15:10:20.5525504,0.0141662416010631
2022-12-19T15:10:20.5526656,0.0250226216396877
2022-12-19T15:10:20.5527680,-0.0351809382548961
2022-12-19T15:10:20.5528704,0.000349030889489121
2022-12-19T15:10:20.5633792,-0.0203767846634904
2022-12-19T15:10:20.5635072,0.0332471520861059
2022-12-19T15:10:20.5635840,-0.0437344490773635
2022-12-19T15:10:20.5636480,0.0164691100798168
2022-12-19T15:10:20.5637120,0.0154821664451246
2022-12-19T15:10:20.5731328,-0.0549198092281989
2022-12-19T15:10:20.5732864,0.0115343919204599
2022-12-19T15:10:20.5733760,0.0144952228118434
2022-12-19T15:10:20.5734528,-0.00294078114415022
2022-12-19T15:10:20.5735552,0.00791559862598218
2022-12-19T15:10:20.5837312,0.0233777155622271
2022-12-19T15:10:20.5838336,-0.0167579915159647
2022-12-19T15:10:20.5838976,-0.00984938636422307
2022-12-19T15:10:20.5839616,0.0138372603904395
2022-12-19T15:10:20.5840256,0.0243646592082312
2022-12-19T15:10:20.5950464,-0.0131391983497513
2022-12-19T15:10:20.5951872,0.0414716826313227
2022-12-19T15:10:20.5952768,0.00791559862598218
2022-12-19T15:10:20.5953792,-0.0361678818166088
2022-12-19T15:10:20.5954816,0.0645003686867174
2022-12-19T15:10:20.6048640,-0.0526169409762142
2022-12-19T15:10:20.6051072,0.0204168846327095
2022-12-19T15:10:20.6052480,0.0263385465044908
2022-12-19T15:10:20.6053760,-0.0348519570673523
2022-12-19T15:10:20.6055040,0.0033098617330751
2022-12-19T15:10:20.6056320,-0.0680790562400737
2022-12-19T15:10:20.6149760,0.0187719785662566
2022-12-19T15:10:20.6152192,-0.0348519570673523
2022-12-19T15:10:20.6153984,0.0316022459889304
2022-12-19T15:10:20.6157184,0.0358790018498081
2022-12-19T15:10:20.6158720,-0.0763035854999428
2022-12-19T15:10:20.6252928,0.0487092695931362
2022-12-19T15:10:20.6255232,-0.0634733198134259
2022-12-19T15:10:20.6256768,-0.0799223783445401
2022-12-19T15:10:20.6257536,0.0773306369721622
2022-12-19T15:10:20.6258176,0.0529860255613189
2022-12-19T15:10:20.6359168,-0.059854526886008
2022-12-19T15:10:20.6361728,-0.00162485633256119
2022-12-19T15:10:20.6362752,0.00199393691214557
2022-12-19T15:10:20.6363776,0.0118633731299873
2022-12-19T15:10:20.6365056,-0.00425670595325207
2022-12-19T15:10:20.6470656,0.0365369642923159
2022-12-19T15:10:20.6471936,0.0108764295018745
2022-12-19T15:10:20.6473088,-0.0368258441903187
2022-12-19T15:10:20.6474112,0.0661452748634996
2022-12-19T15:10:20.6475136,-0.0305752016153402
2022-12-19T15:10:20.6476416,0.00627069258928915
2022-12-19T15:10:20.6593920,0.0345630769666917
2022-12-19T15:10:20.6595968,-0.0358389006295243
2022-12-19T15:10:20.6597376,0.0131792979696624
2022-12-19T15:10:20.6598784,-0.0075465179651354
2022-12-19T15:10:20.6599936,0.0296283586775321
2022-12-19T15:10:20.6695808,-0.0325490887502571
2022-12-19T15:10:20.6697984,0.00890254224987264
2022-12-19T15:10:20.6699136,0.0125213355495117
2022-12-19T15:10:20.6699904,-0.0536038845136896
2022-12-19T15:10:20.6700672,0.00988948587516988
2022-12-19T15:10:20.6701312,-0.00524364955844718
2022-12-19T15:10:20.6794624,-0.0108363299615074
2022-12-19T15:10:20.6796160,0.00627069258928915
2022-12-19T15:10:20.6797184,0.0227197531323445
2022-12-19T15:10:20.6798208,-0.0223506718270028
2022-12-19T15:10:20.6799616,-0.0055726307598683
2022-12-19T15:10:20.6925184,0.0204168846327095
2022-12-19T15:10:20.6927360,0.019100959779233
2022-12-19T15:10:20.6928640,-0.02596946494571
2022-12-19T15:10:20.6929408,0.0516701006451631
2022-12-19T15:10:20.6930176,0.0108764295018745
2022-12-19T15:10:20.7063936,-0.0266274273289295
2022-12-19T15:10:20.7065088,0.071408974656176
2022-12-19T15:10:20.7065728,-0.0565647151179231
2022-12-19T15:10:20.7066368,0.0220617907030912
2022-12-19T15:10:20.7067008,0.037523907957265
2022-12-19T15:10:20.7067648,-0.04044463723479
2022-12-19T15:10:20.7068288,0.00725763621083642
2022-12-19T15:10:20.7176704,-0.0322201075614877
2022-12-19T15:10:20.7178112,0.0263385465044908
2022-12-19T15:10:20.7179264,-0.217436493293978
2022-12-19T15:10:20.7180544,0.0171270725037292
2022-12-19T15:10:20.7181312,0.0210748470603906
2022-12-19T15:10:20.7182208,-0.0496561103555861
2022-12-19T15:10:20.7182976,0.0187719785662566
2022-12-19T15:10:20.7371520,0.00429680535040913
2022-12-19T15:10:20.7373568,-0.000966893925833531
2022-12-19T15:10:20.7374592,0.0319312272080495
2022-12-19T15:10:20.7375616,0.0329181708663548
2022-12-19T15:10:20.7376896,-0.0085334615656746
2022-12-19T15:10:20.7495040,0.00758661741833119
2022-12-19T15:10:20.7497344,0.0118633731299873
2022-12-19T15:10:20.7499136,0.0371949267354569
2022-12-19T15:10:20.7500416,-0.00524364955844718
2022-12-19T15:10:20.7501312,0.0230487343472071
2022-12-19T15:10:20.7502080,0.0200879034191048
2022-12-19T15:10:20.7502848,-0.0358389006295243
2022-12-19T15:10:20.7503616,0.0707510121798415
2022-12-19T15:10:20.7504384,-0.0614994327643749
2022-12-19T15:10:20.7505152,0.0144952228118434
2022-12-19T15:10:20.7596032,0.0306153023325207
2022-12-19T15:10:20.7598848,-0.0486691668126406
2022-12-19T15:10:20.7600000,0.00232291811714419
2022-12-19T15:10:20.7600896,-0.0322201075614877
2022-12-19T15:10:20.7601664,0.0431165887522547
2022-12-19T15:10:20.7602432,-0.0397866748644434
2022-12-19T15:10:20.7603200,-0.00425670595325207
2022-12-19T15:10:20.7720704,0.0260095652880537
2022-12-19T15:10:20.7722624,-0.0536038845136896
2022-12-19T15:10:20.7723648,0.00627069258928915
2022-12-19T15:10:20.7724544,0.00265189932229863
2022-12-19T15:10:20.7725568,-0.00820448036564994
2022-12-19T15:10:20.7850624,0.00429680535040913
2022-12-19T15:10:20.7853568,0.0197589222056571
2022-12-19T15:10:20.7856128,-0.00952040516481843
2022-12-19T15:10:20.7857664,-0.00590161196113415
2022-12-19T15:10:20.7859072,0.00363884293869718
2022-12-19T15:10:20.7860352,0.00692865500349785
2022-12-19T15:10:20.8002688,-0.0332070511273362
2022-12-19T15:10:20.8004992,0.0457484385540046
2022-12-19T15:10:20.8006272,0.00133597450261574
2022-12-19T15:10:20.8007296,-0.0341939946918055
2022-12-19T15:10:20.8008448,0.0717379558945845
2022-12-19T15:10:20.8009600,-0.0536038845136896
2022-12-19T15:10:20.8123136,0.0161401288680959
2022-12-19T15:10:20.8126848,0.0292993774595181
2022-12-19T15:10:20.8129920,-0.0473532420865835
2022-12-19T15:10:20.8131840,0.005941711382419
2022-12-19T15:10:20.8132992,-0.000966893925833531
2022-12-19T15:10:20.8134144,0.0526570443320408
2022-12-19T15:10:20.8135296,-0.0480112044499164
2022-12-19T15:10:20.8136320,-0.00919142396525881
2022-12-19T15:10:20.8248192,0.0292993774595181
2022-12-19T15:10:20.8252800,-0.0466952797226417
2022-12-19T15:10:20.8255744,0.00923152345814872
2022-12-19T15:10:20.8257536,-0.0151130855336409
2022-12-19T15:10:20.8258816,0.0467353822322834
2022-12-19T15:10:20.8259840,-0.027943352093524
2022-12-19T15:10:20.8365952,0.0243646592082312
2022-12-19T15:10:20.8369920,-0.00326976234665881
2022-12-19T15:10:20.8372864,0.00199393691214557
2022-12-19T15:10:20.8374656,0.00528374896914695
2022-12-19T15:10:20.8375808,0.0312732647699692
2022-12-19T15:10:20.8376960,-0.0121522547557184
2022-12-19T15:10:20.8511232,0.0421296450792193
2022-12-19T15:10:20.8514432,0.0144952228118434
2022-12-19T15:10:20.8516224,-0.0387997313077776
2022-12-19T15:10:20.8517504,0.0723959183718841
2022-12-19T15:10:20.8518656,-0.0470242609046887
2022-12-19T15:10:20.8519680,0.0279834525890402
2022-12-19T15:10:20.8628608,0.037523907957265
2022-12-19T15:10:20.8631936,-0.0322201075614877
2022-12-19T15:10:20.8634496,-0.00359874354901193
2022-12-19T15:10:20.8636288,-0.0361678818166088
2022-12-19T15:10:20.8637696,0.0329181708663548
2022-12-19T15:10:20.8638848,-0.04044463723479
2022-12-19T15:10:20.8640000,0.00890254224987264
2022-12-19T15:10:20.8724352,0.0158111476565318
2022-12-19T15:10:20.8727296,-0.0516299974373722
2022-12-19T15:10:20.8728960,0.0184429973534371
2022-12-19T15:10:20.8730240,0.010218467083915
2022-12-19T15:10:20.8731264,-0.000966893925833531
2022-12-19T15:10:20.8732544,0.00396782414447519
2022-12-19T15:10:20.8857088,0.028970396241662
2022-12-19T15:10:20.8861184,-0.0295882580458106
2022-12-19T15:10:20.8864384,-0.00228281873866669
2022-12-19T15:10:20.8867072,-0.00359874354901193
2022-12-19T15:10:20.8870272,0.0204168846327095
2022-12-19T15:10:20.9009408,-0.0177449351035055
2022-12-19T15:10:20.9011584,0.0424586263034057
2022-12-19T15:10:20.9012864,0.00659967379631543
2022-12-19T15:10:20.9013888,-0.0325490887502571
2022-12-19T15:10:20.9015040,0.0638424062171271
2022-12-19T15:10:20.9016192,-0.0555777715845434
2022-12-19T15:10:20.9017216,0.0204168846327095
2022-12-19T15:10:20.9127680,0.0302863211140333
2022-12-19T15:10:20.9130752,-0.038141768935903
2022-12-19T15:10:20.9132416,0.005941711382419
2022-12-19T15:10:20.9133568,-0.0315621451834888
2022-12-19T15:10:20.9134592,0.0292993774595181
2022-12-19T15:10:20.9135872,-0.0286013144748993
2022-12-19T15:10:20.9137024,-0.000966893925833531
2022-12-19T15:10:20.9244032,0.0210748470603906
2022-12-19T15:10:20.9247360,-0.0549198092281989
2022-12-19T15:10:20.9249024,0.00561273017570495
2022-12-19T15:10:20.9250304,-0.0203767846634904
2022-12-19T15:10:20.9251584,-0.00228281873866669
2022-12-19T15:10:20.9252864,0.00166495570730275
2022-12-19T15:10:20.9340160,0.005941711382419
2022-12-19T15:10:20.9343360,-0.0309041828048764
2022-12-19T15:10:20.9345024,-0.0121522547557184
2022-12-19T15:10:20.9346176,0.00495476776274499
2022-12-19T15:10:20.9347584,0.027654471371815
2022-12-19T15:10:20.9348736,-0.0246535401774255
2022-12-19T15:10:20.9462400,0.0335761333060152
2022-12-19T15:10:20.9465856,0.00988948587516988
2022-12-19T15:10:20.9467136,-0.0401156560496931
2022-12-19T15:10:20.9468288,0.0661452748634996
2022-12-19T15:10:20.9469312,-0.0657761880304464
2022-12-19T15:10:20.9577600,0.0250226216396877
2022-12-19T15:10:20.9580160,0.043774551201739
2022-12-19T15:10:20.9581440,-0.0170869727119661
2022-12-19T15:10:20.9582592,0.00100699329808449
2022-12-19T15:10:20.9583872,-0.0167579915159647
2022-12-19T15:10:20.9584896,0.0266675277210854
2022-12-19T15:10:20.9694464,-0.0361678818166088
2022-12-19T15:10:20.9696640,0.005941711382419
2022-12-19T15:10:20.9697920,0.0220617907030912
2022-12-19T15:10:20.9699200,-0.0364968630035403
2022-12-19T15:10:20.9700352,0.0151531852338741
2022-12-19T15:10:20.9701632,0.000349030889489121
2022-12-19T15:10:20.9842432,-0.00590161196113415
2022-12-19T15:10:20.9844992,0.00396782414447519
2022-12-19T15:10:20.9846272,0.0141662416010631
2022-12-19T15:10:20.9847424,-0.0207057658577945
2022-12-19T15:10:20.9848576,-0.00886244276554422
2022-12-19T15:10:20.9955712,0.00462578655649906
2022-12-19T15:10:20.9957760,0.0325891896467616
2022-12-19T15:10:20.9958912,-0.00952040516481843
2022-12-19T15:10:20.9960064,0.0388398328460813
2022-12-19T15:10:20.9961088,0.00956050466658112
2022-12-19T15:10:20.9962240,-0.0282723332842885
2022-12-19T15:10:20.9963392,0.0631844437481781
2022-12-19T15:10:20.9964544,-0.0387997313077776
2022-12-19T15:10:21.0069504,0.0243646592082312
2022-12-19T15:10:21.0071296,0.0230487343472071
2022-12-19T15:10:21.0072576,-0.0230086342136077
2022-12-19T15:10:21.0073600,0.000678012093708949
2022-12-19T15:10:21.0074752,-0.0312331639942593
2022-12-19T15:10:21.0075904,0.0286414150239637
2022-12-19T15:10:21.0173312,-0.0361678818166088
2022-12-19T15:10:21.0175104,0.010218467083915
2022-12-19T15:10:21.0176256,0.0138372603904395
2022-12-19T15:10:21.0177536,-0.0480112044499164
2022-12-19T15:10:21.0178688,0.00100699329808449
2022-12-19T15:10:21.0327424,-0.0118232735573979
2022-12-19T15:10:21.0330752,0.00232291811714419
2022-12-19T15:10:21.0332928,2.00496854250026E-05
2022-12-19T15:10:21.0335488,0.0200879034191048
2022-12-19T15:10:21.0337792,-0.0322201075614877
2022-12-19T15:10:21.0473088,-0.018731878689657
2022-12-19T15:10:21.0475776,0.0128503167595087
2022-12-19T15:10:21.0477952,0.0292993774595181
2022-12-19T15:10:21.0479488,-0.00458568715513909
2022-12-19T15:10:21.0480512,0.0358790018498081
2022-12-19T15:10:21.0481536,0.0220617907030912
2022-12-19T15:10:21.0482560,-0.00655957436320019
2022-12-19T15:10:21.0483456,0.0434455699769174
2022-12-19T15:10:21.0648064,-0.00721753676464547
2022-12-19T15:10:21.0651776,0.0427876075277508
2022-12-19T15:10:21.0654208,0.0329181708663548
2022-12-19T15:10:21.0655872,-0.0207057658577945
2022-12-19T15:10:21.0657152,0.000678012093708949
2022-12-19T15:10:21.0658304,-0.00623059316224477
2022-12-19T15:10:21.0659328,0.0171270725037292
2022-12-19T15:10:21.0660352,-0.0213637282459401
2022-12-19T15:10:21.0794880,0.0135082791799726
2022-12-19T15:10:21.0797952,0.0141662416010631
2022-12-19T15:10:21.0801024,-0.0532749033346829
2022-12-19T15:10:21.0802560,0.030944283551166
2022-12-19T15:10:21.0804224,0.00561273017570495
2022-12-19T15:10:21.0805632,-0.00984938636422307
2022-12-19T15:10:21.0806656,-0.00688855556400039
2022-12-19T15:10:21.0807552,0.0210748470603906
2022-12-19T15:10:21.0942080,-0.0249825213697274
2022-12-19T15:10:21.0945024,-0.00984938636422307
2022-12-19T15:10:21.0946944,0.00561273017570495
2022-12-19T15:10:21.0948992,0.0352210394079334
2022-12-19T15:10:21.0959104,-0.0144551231396295
2022-12-19T15:10:21.0962560,0.037523907957265
2022-12-19T15:10:21.0965760,-0.00129587512927513
2022-12-19T15:10:21.0967936,-0.0266274273289295
2022-12-19T15:10:21.1053824,0.0694350872291021
2022-12-19T15:10:21.1056896,-0.0526169409762142
2022-12-19T15:10:21.1058816,0.0217328094887004
2022-12-19T15:10:21.1060224,0.027654471371815
2022-12-19T15:10:21.1061504,-0.0180739162990437
2022-12-19T15:10:21.1062528,0.00758661741833119
2022-12-19T15:10:21.1063552,-0.0262984461373967
2022-12-19T15:10:21.1064704,0.0391688140686815
2022-12-19T15:10:21.1163520,-0.0476822232683261
2022-12-19T15:10:21.1165952,0.0105474482928166
2022-12-19T15:10:21.1167360,0.0230487343472071
2022-12-19T15:10:21.1168256,-0.0522879597967521
2022-12-19T15:10:21.1169792,0.00725763621083642
2022-12-19T15:10:21.1326464,0.00561273017570495
2022-12-19T15:10:21.1329536,-0.0134681795474529
2022-12-19T15:10:21.1331712,0.00429680535040913
2022-12-19T15:10:21.1333504,0.0296283586775321
2022-12-19T15:10:21.1335424,-0.0207057658577945
2022-12-19T15:10:21.1423360,-0.0213637282459401
2022-12-19T15:10:21.1427968,0.0128503167595087
2022-12-19T15:10:21.1431296,0.0306153023325207
2022-12-19T15:10:21.1434368,-0.0203767846634904
2022-12-19T15:10:21.1436800,0.0444325136518585
2022-12-19T15:10:21.1438720,0.00133597450261574
2022-12-19T15:10:21.1441408,-0.02596946494571
2022-12-19T15:10:21.1442816,0.057920744019646
2022-12-19T15:10:21.1529472,-0.0539328656925445
2022-12-19T15:10:21.1532544,0.0345630769666917
2022-12-19T15:10:21.1535872,0.0246936404238808
2022-12-19T15:10:21.1540480,-0.0302462204256504
2022-12-19T15:10:21.1543168,-0.00129587512927513
2022-12-19T15:10:21.1546368,-0.0272853897115341
2022-12-19T15:10:21.1631232,0.0503541757315581
2022-12-19T15:10:21.1634944,-0.0391287124934857
2022-12-19T15:10:21.1637632,0.00988948587516988
2022-12-19T15:10:21.1640448,0.0174560537159208
2022-12-19T15:10:21.1642880,-0.0519589786171381
2022-12-19T15:10:21.1729920,0.00363884293869718
2022-12-19T15:10:21.1734912,0.00561273017570495
2022-12-19T15:10:21.1736704,-0.00162485633256119
2022-12-19T15:10:21.1737856,0.00100699329808449
2022-12-19T15:10:21.1739008,0.0240356779927391
2022-12-19T15:10:21.1877376,-0.0322201075614877
2022-12-19T15:10:21.1880064,-0.00623059316224477
2022-12-19T15:10:21.1882496,0.0121923543396712
2022-12-19T15:10:21.1883904,0.0394977952914403
2022-12-19T15:10:21.1996672,-0.02596946494571
2022-12-19T15:10:21.1999104,0.0408137201840608
2022-12-19T15:10:21.2000384,0.0118633731299873
2022-12-19T15:10:21.2001408,-0.017415953907813
2022-12-19T15:10:21.2002432,0.0408137201840608
2022-12-19T15:10:21.2003328,-0.112162531981557
2022-12-19T15:10:21.2004224,0.019100959779233
2022-12-19T15:10:21.2005248,0.00659967379631543
2022-12-19T15:10:21.2153984,-0.0203767846634904
2022-12-19T15:10:21.2155648,-0.00458568715513909
2022-12-19T15:10:21.2156672,-0.0216927094397817
2022-12-19T15:10:21.2157696,0.0464064010060314
2022-12-19T15:10:21.2158720,-0.0167579915159647
2022-12-19T15:10:21.2159616,0.00528374896914695
2022-12-19T15:10:21.2254336,0.00166495570730275
2022-12-19T15:10:21.2256768,-0.038141768935903
2022-12-19T15:10:21.2258816,0.00166495570730275
2022-12-19T15:10:21.2260224,-0.0118232735573979
2022-12-19T15:10:21.2261248,-0.0118232735573979
2022-12-19T15:10:21.2262400,-0.0039277247512097
2022-12-19T15:10:21.2263296,0.0164691100798168
2022-12-19T15:10:21.2361856,-0.0243245589849698
2022-12-19T15:10:21.2364800,-0.0151130855336409
2022-12-19T15:10:21.2367232,0.00462578655649906
2022-12-19T15:10:21.2368768,0.0269965089378377
2022-12-19T15:10:21.2370816,-0.0269564085203087
2022-12-19T15:10:21.2487296,0.0404847389606678
2022-12-19T15:10:21.2489600,0.0181140161407747
2022-12-19T15:10:21.2491008,-0.0266274273289295
2022-12-19T15:10:21.2492032,0.0615395375786094
2022-12-19T15:10:21.2493056,-0.0460373173580908
2022-12-19T15:10:21.2493952,0.0263385465044908
2022-12-19T15:10:21.2590720,0.0174560537159208
2022-12-19T15:10:21.2592512,-0.0200478034690322
2022-12-19T15:10:21.2593664,-0.00688855556400039
2022-12-19T15:10:21.2594688,-0.0253115025618754
2022-12-19T15:10:21.2595712,0.043774551201739
2022-12-19T15:10:21.2596864,-0.0414315807891646
2022-12-19T15:10:21.2703488,0.00956050466658112
2022-12-19T15:10:21.2705920,0.0210748470603906
2022-12-19T15:10:21.2707456,-0.0483401856313546
2022-12-19T15:10:21.2708736,0.0108764295018745
2022-12-19T15:10:21.2710016,0.00363884293869718
2022-12-19T15:10:21.2839808,-0.00655957436320019
2022-12-19T15:10:21.2843136,-0.00688855556400039
2022-12-19T15:10:21.2844544,0.0082445798337894
2022-12-19T15:10:21.2845696,-0.0184028974944275
2022-12-19T15:10:21.2846592,-0.0167579915159647
2022-12-19T15:10:21.2847616,0.00725763621083642
2022-12-19T15:10:21.2959232,0.0365369642923159
2022-12-19T15:10:21.2961536,-0.0144551231396295
2022-12-19T15:10:21.2962816,0.037523907957265
2022-12-19T15:10:21.2963968,0.00627069258928915
2022-12-19T15:10:21.2965120,-0.0216927094397817
2022-12-19T15:10:21.2966144,0.068448143517735
2022-12-19T15:10:21.2967168,-0.0453793549929307
2022-12-19T15:10:21.3075072,0.0256805840717742
2022-12-19T15:10:21.3076992,0.0194299409923665
2022-12-19T15:10:21.3078144,-0.0147841043367125
2022-12-19T15:10:21.3079168,-0.00590161196113415
2022-12-19T15:10:21.3080192,-0.038141768935903
2022-12-19T15:10:21.3081216,0.0394977952914403
2022-12-19T15:10:21.3189120,-0.0417605619736507
2022-12-19T15:10:21.3191552,0.011205410711089
2022-12-19T15:10:21.3192832,0.0332471520861059
2022-12-19T15:10:21.3194112,-0.0453793549929307
2022-12-19T15:10:21.3195136,-0.00162485633256119
2022-12-19T15:10:21.3332096,-0.000966893925833531
2022-12-19T15:10:21.3335296,-0.000637912722236303
2022-12-19T15:10:21.3337600,0.00133597450261574
2022-12-19T15:10:21.3339008,0.0279834525890402
2022-12-19T15:10:21.3340160,-0.0161000291234987
2022-12-19T15:10:21.3341184,0.00956050466658112
2022-12-19T15:10:21.3450240,-0.00359874354901193
2022-12-19T15:10:21.3452288,0.0164691100798168
2022-12-19T15:10:21.3453440,0.000349030889489121
2022-12-19T15:10:21.3454592,-0.00228281873866669
2022-12-19T15:10:21.3455744,0.0269965089378377
2022-12-19T15:10:21.3456768,-0.113807437741189
2022-12-19T15:10:21.3458048,0.11450551826629
2022-12-19T15:10:21.3565312,-0.0897918132831926
2022-12-19T15:10:21.3567360,0.00528374896914695
2022-12-19T15:10:21.3568512,0.0592366689479383
2022-12-19T15:10:21.3569664,-0.0364968630035403
2022-12-19T15:10:21.3570688,-0.0131391983497513
2022-12-19T15:10:21.3571840,-0.039457693679041
2022-12-19T15:10:21.3678336,0.0467353822322834
2022-12-19T15:10:21.3680768,-0.0440634302607818
2022-12-19T15:10:21.3682304,0.0253516028556522
2022-12-19T15:10:21.3683456,0.0177850349282693
2022-12-19T15:10:21.3684736,-0.0401156560496931
2022-12-19T15:10:21.3685888,-0.00655957436320019
2022-12-19T15:10:21.3795840,-0.000637912722236303
2022-12-19T15:10:21.3798144,2.00496854250026E-05
2022-12-19T15:10:21.3799424,0.00298088052760892
2022-12-19T15:10:21.3800704,0.0279834525890402
2022-12-19T15:10:21.3801728,-0.0118232735573979
2022-12-19T15:10:21.3803264,-0.0180739162990437
2022-12-19T15:10:21.3912320,-0.00195383753569171
2022-12-19T15:10:21.3915520,0.0394977952914403
2022-12-19T15:10:21.3918080,-0.027943352093524
2022-12-19T15:10:21.3919872,0.0500251945035551
2022-12-19T15:10:21.3921408,0.005941711382419
2022-12-19T15:10:21.3922560,-0.0223506718270028
2022-12-19T15:10:21.4015104,0.0773306369721622
2022-12-19T15:10:21.4017792,-0.0309041828048764
2022-12-19T15:10:21.4019200,0.0269965089378377
2022-12-19T15:10:21.4020352,0.0223907719176392
2022-12-19T15:10:21.4021504,-0.00129587512927513
2022-12-19T15:10:21.4174336,-0.0105073487625675
2022-12-19T15:10:21.4177280,-0.0272853897115341
2022-12-19T15:10:21.4178816,0.0332471520861059
2022-12-19T15:10:21.4180224,-0.0387997313077776
2022-12-19T15:10:21.4181376,0.0138372603904395
2022-12-19T15:10:21.4292352,0.0227197531323445
2022-12-19T15:10:21.4295680,-0.055248790406447
2022-12-19T15:10:21.4297344,0.0105474482928166
2022-12-19T15:10:21.4298624,0.0151531852338741
2022-12-19T15:10:21.4299904,-0.0124812359538841
2022-12-19T15:10:21.4301056,-0.00326976234665881
2022-12-19T15:10:21.4302208,0.0154821664451246
2022-12-19T15:10:21.4303360,-0.0239955777923602
2022-12-19T15:10:21.4387584,-0.0184028974944275
2022-12-19T15:10:21.4390528,0.00298088052760892
2022-12-19T15:10:21.4392320,0.0273254901547475
2022-12-19T15:10:21.4393472,-0.0216927094397817
2022-12-19T15:10:21.4394624,0.0500251945035551
2022-12-19T15:10:21.4395648,0.0115343919204599
2022-12-19T15:10:21.4396800,-0.0315621451834888
2022-12-19T15:10:21.4492160,0.0809494306354247
2022-12-19T15:10:21.4495360,-0.0299172392358072
2022-12-19T15:10:21.4497024,0.0296283586775321
2022-12-19T15:10:21.4498688,0.00791559862598218
2022-12-19T15:10:21.4613376,-0.0114942923589225
2022-12-19T15:10:21.4616576,0.00495476776274499
2022-12-19T15:10:21.4618368,-0.0305752016153402
2022-12-19T15:10:21.4619648,0.0385108516236395
2022-12-19T15:10:21.4620672,-0.0397866748644434
2022-12-19T15:10:21.4733568,0.00758661741833119
2022-12-19T15:10:21.4736640,0.0082445798337894
2022-12-19T15:10:21.4738432,-0.0575516586499388
2022-12-19T15:10:21.4739712,0.0033098617330751
2022-12-19T15:10:21.4740864,0.010218467083915
2022-12-19T15:10:21.4741888,-0.0101783675634727
2022-12-19T15:10:21.4851712,0.00956050466658112
2022-12-19T15:10:21.4854912,0.00232291811714419
2022-12-19T15:10:21.4856576,-0.00952040516481843
2022-12-19T15:10:21.4857728,-0.018731878689657
2022-12-19T15:10:21.4858752,0.000678012093708949
2022-12-19T15:10:21.4859904,0.0444325136518585
2022-12-19T15:10:21.5006080,-0.0239955777923602
2022-12-19T15:10:21.5008640,0.0378528891792314
2022-12-19T15:10:21.5010048,0.011205410711089
2022-12-19T15:10:21.5011200,-0.0282723332842885
2022-12-19T15:10:21.5012352,0.0789755431803149
2022-12-19T15:10:21.5013376,-0.0387997313077776
2022-12-19T15:10:21.5124736,0.0253516028556522
2022-12-19T15:10:21.5128832,0.0128503167595087
2022-12-19T15:10:21.5131008,-0.0147841043367125
2022-12-19T15:10:21.5133056,-0.0161000291234987
2022-12-19T15:10:21.5135616,-0.0295882580458106
2022-12-19T15:10:21.5137280,0.0431165887522547
2022-12-19T15:10:21.5138432,-0.0562357339402814
2022-12-19T15:10:21.5139584,0.0082445798337894
2022-12-19T15:10:21.5261824,0.019100959779233
2022-12-19T15:10:21.5265152,-0.0417605619736507
2022-12-19T15:10:21.5267456,0.00561273017570495
2022-12-19T15:10:21.5268736,0.00232291811714419
2022-12-19T15:10:21.5269888,-0.0154420667304147
2022-12-19T15:10:21.5271040,0.00396782414447519
2022-12-19T15:10:21.5362560,0.00988948587516988
2022-12-19T15:10:21.5365760,2.00496854250026E-05
2022-12-19T15:10:21.5367424,-0.0108363299615074
2022-12-19T15:10:21.5368576,0.00100699329808449
2022-12-19T15:10:21.5369728,0.0164691100798168
2022-12-19T15:10:21.5370880,-0.0154420667304147
2022-12-19T15:10:21.5372032,0.043774551201739
2022-12-19T15:10:21.5504512,0.0121923543396712
2022-12-19T15:10:21.5507712,-0.0407736184197342
2022-12-19T15:10:21.5509504,0.0878580367741406
2022-12-19T15:10:21.5510784,-0.0420895431579843
2022-12-19T15:10:21.5512192,0.0141662416010631
2022-12-19T15:10:21.5622656,0.0115343919204599
2022-12-19T15:10:21.5624832,-0.0085334615656746
2022-12-19T15:10:21.5625984,-0.00919142396525881
2022-12-19T15:10:21.5627264,-0.0289302956653566
2022-12-19T15:10:21.5628416,0.0230487343472071
2022-12-19T15:10:21.5629440,-0.0503140727167894
2022-12-19T15:10:21.5630720,0.0319312272080495
2022-12-19T15:10:21.5719168,0.0204168846327095
2022-12-19T15:10:21.5722240,-0.0595255457098809
2022-12-19T15:10:21.5723776,0.0151531852338741
2022-12-19T15:10:21.5725312,0.0144952228118434
2022-12-19T15:10:21.5727232,-0.00425670595325207
2022-12-19T15:10:21.5728640,-0.0075465179651354
2022-12-19T15:10:21.5848448,0.0128503167595087
2022-12-19T15:10:21.5852288,-0.0190608598847322
2022-12-19T15:10:21.5854208,-0.0105073487625675
2022-12-19T15:10:21.5855872,0.00923152345814872
2022-12-19T15:10:21.5856896,0.0335761333060152
2022-12-19T15:10:21.5972992,-0.018731878689657
2022-12-19T15:10:21.5975680,0.0516701006451631
2022-12-19T15:10:21.5977216,0.0148242040227804
2022-12-19T15:10:21.5978496,-0.0453793549929307
2022-12-19T15:10:21.5979904,0.0740408245679497
2022-12-19T15:10:21.5981312,-0.018731878689657
2022-12-19T15:10:21.6088576,0.0312732647699692
2022-12-19T15:10:21.6091264,0.00627069258928915
2022-12-19T15:10:21.6092672,-0.0105073487625675
2022-12-19T15:10:21.6093952,-0.00129587512927513
2022-12-19T15:10:21.6095360,-0.0276143709026059
2022-12-19T15:10:21.6096768,0.0345630769666917
2022-12-19T15:10:21.6207360,-0.0397866748644434
2022-12-19T15:10:21.6210560,0.0174560537159208
2022-12-19T15:10:21.6212224,0.0121923543396712
2022-12-19T15:10:21.6213504,-0.0664341503768083
2022-12-19T15:10:21.6214528,0.00725763621083642
2022-12-19T15:10:21.6215808,0.0144952228118434
2022-12-19T15:10:21.6343808,0.000349030889489121
2022-12-19T15:10:21.6348800,-0.0124812359538841
2022-12-19T15:10:21.6351744,0.00791559862598218
2022-12-19T15:10:21.6353280,-0.0184028974944275
2022-12-19T15:10:21.6354432,-0.0078754991654702
2022-12-19T15:10:21.6355584,-0.0055726307598683
2022-12-19T15:10:21.6457856,0.0408137201840608
2022-12-19T15:10:21.6461056,-0.0190608598847322
2022-12-19T15:10:21.6462720,0.0543019504800269
2022-12-19T15:10:21.6463872,0.0184429973534371
2022-12-19T15:10:21.6465024,-0.0315621451834888
2022-12-19T15:10:21.6466304,0.0809494306354247
2022-12-19T15:10:21.6467968,-0.0216927094397817
2022-12-19T15:10:21.6573056,0.00495476776274499
2022-12-19T15:10:21.6576896,0.0200879034191048
2022-12-19T15:10:21.6579712,0.00429680535040913
2022-12-19T15:10:21.6581632,-0.0177449351035055
2022-12-19T15:10:21.6582912,-0.0440634302607818
2022-12-19T15:10:21.6584192,0.0214038282744669
2022-12-19T15:10:21.6690304,-0.0401156560496931
2022-12-19T15:10:21.6693504,0.0246936404238808
2022-12-19T15:10:21.6695168,0.00857356104175289
2022-12-19T15:10:21.6696320,-0.055248790406447
2022-12-19T15:10:21.6697344,-0.0213637282459401
2022-12-19T15:10:21.6698496,0.0151531852338741
2022-12-19T15:10:21.6837888,-0.00294078114415022
2022-12-19T15:10:21.6840320,-0.0114942923589225
2022-12-19T15:10:21.6841600,0.011205410711089
2022-12-19T15:10:21.6842752,-0.00524364955844718
2022-12-19T15:10:21.6845312,-0.00688855556400039
2022-12-19T15:10:21.6981632,0.00166495570730275
2022-12-19T15:10:21.6985472,0.0322602084273265
2022-12-19T15:10:21.6987392,-0.0184028974944275
2022-12-19T15:10:21.6988800,0.0404847389606678
2022-12-19T15:10:21.6989952,0.00758661741833119
2022-12-19T15:10:21.6991104,-0.02596946494571
2022-12-19T15:10:21.6992256,0.0842392430735338
2022-12-19T15:10:21.6993408,-0.0328780699388733
2022-12-19T15:10:21.7097856,0.0240356779927391
2022-12-19T15:10:21.7100928,0.0135082791799726
2022-12-19T15:10:21.7103104,-0.0226796530203822
2022-12-19T15:10:21.7104384,-0.0203767846634904
2022-12-19T15:10:21.7105536,-0.0236665965995966
2022-12-19T15:10:21.7106560,0.0368659455138072
2022-12-19T15:10:21.7107840,-0.0503140727167894
2022-12-19T15:10:21.7212544,0.0197589222056571
2022-12-19T15:10:21.7216000,0.0174560537159208
2022-12-19T15:10:21.7217792,-0.0562357339402814
2022-12-19T15:10:21.7219072,-0.00195383753569171
2022-12-19T15:10:21.7220352,0.010218467083915
2022-12-19T15:10:21.7222912,-0.0239955777923602
2022-12-19T15:10:21.7344512,-0.00359874354901193
2022-12-19T15:10:21.7347328,0.0135082791799726
2022-12-19T15:10:21.7348736,-0.0167579915159647
2022-12-19T15:10:21.7350272,-0.00359874354901193
2022-12-19T15:10:21.7352064,-0.00425670595325207
2022-12-19T15:10:21.7509248,0.0194299409923665
2022-12-19T15:10:21.7513728,-0.0161000291234987
2022-12-19T15:10:21.7515776,0.0490382508205021
2022-12-19T15:10:21.7517056,-0.00359874354901193
2022-12-19T15:10:21.7518208,-0.0480112044499164
2022-12-19T15:10:21.7519360,0.085555168053306
2022-12-19T15:10:21.7520512,-0.0325490887502571
2022-12-19T15:10:21.7671040,0.0269965089378377
2022-12-19T15:10:21.7675136,0.00528374896914695
2022-12-19T15:10:21.7677312,-0.0111653111602924
2022-12-19T15:10:21.7678976,-0.00195383753569171
2022-12-19T15:10:21.7680896,-0.0318911263725649
2022-12-19T15:10:21.7684096,0.0388398328460813
2022-12-19T15:10:21.7686656,-0.0427475055261936
2022-12-19T15:10:21.7688320,0.011205410711089
2022-12-19T15:10:21.7768832,0.0105474482928166
2022-12-19T15:10:21.7771648,-0.0595255457098809
2022-12-19T15:10:21.7773312,-0.0114942923589225
2022-12-19T15:10:21.7774464,0.0121923543396712
2022-12-19T15:10:21.7775616,0.00561273017570495
2022-12-19T15:10:21.7777024,-0.000966893925833531
2022-12-19T15:10:21.7778048,0.00528374896914695
2022-12-19T15:10:21.7779200,0.00758661741833119
2022-12-19T15:10:21.7780224,2.00496854250026E-05
2022-12-19T15:10:21.7879168,0.00363884293869718
2022-12-19T15:10:21.7883264,0.027654471371815
2022-12-19T15:10:21.7886208,-0.0147841043367125
2022-12-19T15:10:21.7887872,0.0546309317101028
2022-12-19T15:10:21.7982848,0.00298088052760892
2022-12-19T15:10:21.7985536,-0.0407736184197342
2022-12-19T15:10:21.7987200,0.0776596182134701
2022-12-19T15:10:21.7988480,-0.0325490887502571
2022-12-19T15:10:21.7989504,0.0269965089378377
2022-12-19T15:10:21.7990656,0.00725763621083642
2022-12-19T15:10:21.8080512,-0.0177449351035055
2022-12-19T15:10:21.8084352,-0.00688855556400039
2022-12-19T15:10:21.8086528,-0.0207057658577945
2022-12-19T15:10:21.8088192,0.0404847389606678
2022-12-19T15:10:21.8091008,-0.0588675833571724
2022-12-19T15:10:21.8211328,0.0223907719176392
2022-12-19T15:10:21.8215552,0.019100959779233
2022-12-19T15:10:21.8217856,-0.0562357339402814
2022-12-19T15:10:21.8219648,-0.0256404837538696
2022-12-19T15:10:21.8221312,0.00133597450261574
2022-12-19T15:10:21.8330112,-0.00359874354901193
2022-12-19T15:10:21.8333440,0.00857356104175289
2022-12-19T15:10:21.8335232,0.0177850349282693
2022-12-19T15:10:21.8336768,0.0161401288680959
2022-12-19T15:10:21.8338048,-0.174010986032693
2022-12-19T15:10:21.8339456,0.0322602084273265
2022-12-19T15:10:21.8449152,0.0569338003251055
2022-12-19T15:10:21.8452992,-0.0154420667304147
2022-12-19T15:10:21.8454912,0.100030343002081
2022-12-19T15:10:21.8456192,0.019100959779233
2022-12-19T15:10:21.8457600,-0.0542618468712477
2022-12-19T15:10:21.8458752,0.0477223259119937
2022-12-19T15:10:21.8576000,-0.0486691668126406
2022-12-19T15:10:21.8579456,0.0335761333060152
2022-12-19T15:10:21.8581248,0.00791559862598218
2022-12-19T15:10:21.8582400,-0.00261179994148619
2022-12-19T15:10:21.8583808,0.000678012093708949
2022-12-19T15:10:21.8584832,-0.016429010319809
2022-12-19T15:10:21.8692864,0.0424586263034057
2022-12-19T15:10:21.8695424,-0.0420895431579843
2022-12-19T15:10:21.8696832,0.0194299409923665
2022-12-19T15:10:21.8697984,0.00890254224987264
2022-12-19T15:10:21.8699136,-0.0545908280497991
2022-12-19T15:10:21.8700160,-0.00359874354901193
2022-12-19T15:10:21.8701184,0.0158111476565318
2022-12-19T15:10:21.8841344,-0.00590161196113415
2022-12-19T15:10:21.8845184,-0.00590161196113415
2022-12-19T15:10:21.8848128,2.00496854250026E-05
2022-12-19T15:10:21.8850944,-0.0131391983497513
2022-12-19T15:10:21.8853888,-0.0282723332842885
2022-12-19T15:10:21.9007488,-0.000966893925833531
2022-12-19T15:10:21.9010560,0.0158111476565318
2022-12-19T15:10:21.9012224,-0.0210347470519443
2022-12-19T15:10:21.9013504,0.0457484385540046
2022-12-19T15:10:21.9014528,0.0214038282744669
2022-12-19T15:10:21.9015552,-0.0532749033346829
2022-12-19T15:10:21.9016704,0.085555168053306
2022-12-19T15:10:21.9017728,-0.0322201075614877
2022-12-19T15:10:21.9106816,0.0263385465044908
2022-12-19T15:10:21.9109120,0.00100699329808449
2022-12-19T15:10:21.9110272,-0.00590161196113415
2022-12-19T15:10:21.9111424,-0.00919142396525881
2022-12-19T15:10:21.9112448,-0.0243245589849698
2022-12-19T15:10:21.9113600,0.0398267765143575
2022-12-19T15:10:21.9114752,-0.0562357339402814
2022-12-19T15:10:21.9115904,0.0174560537159208
2022-12-19T15:10:21.9220480,0.0184429973534371
2022-12-19T15:10:21.9224832,-0.0555777715845434
2022-12-19T15:10:21.9226752,-0.00590161196113415
2022-12-19T15:10:21.9227904,0.0144952228118434
2022-12-19T15:10:21.9229056,-0.0121522547557184
2022-12-19T15:10:21.9350784,-0.00820448036564994
2022-12-19T15:10:21.9354240,0.0128503167595087
2022-12-19T15:10:21.9355904,-0.0085334615656746
2022-12-19T15:10:21.9357056,-0.0055726307598683
2022-12-19T15:10:21.9358336,0.00528374896914695
2022-12-19T15:10:21.9359488,0.0200879034191048
2022-12-19T15:10:21.9509504,-0.00886244276554422
2022-12-19T15:10:21.9513472,0.0506831569597203
2022-12-19T15:10:21.9515136,0.00725763621083642
2022-12-19T15:10:21.9516288,-0.0387997313077776
2022-12-19T15:10:21.9517440,0.0793045244224296
2022-12-19T15:10:21.9518464,-0.0216927094397817
2022-12-19T15:10:21.9628416,0.0266675277210854
2022-12-19T15:10:21.9633536,-0.00129587512927513
2022-12-19T15:10:21.9636992,-0.00721753676464547
2022-12-19T15:10:21.9639936,-0.00294078114415022
2022-12-19T15:10:21.9641728,-0.0364968630035403
2022-12-19T15:10:21.9643136,0.0487092695931362
2022-12-19T15:10:21.9645184,-0.0575516586499388
2022-12-19T15:10:21.9647104,0.0174560537159208
2022-12-19T15:10:21.9723776,0.0144952228118434
2022-12-19T15:10:21.9726976,-0.0332070511273362
2022-12-19T15:10:21.9729536,-0.0039277247512097
2022-12-19T15:10:21.9731328,0.0181140161407747
2022-12-19T15:10:21.9732608,-0.00655957436320019
2022-12-19T15:10:21.9733760,-0.0121522547557184
2022-12-19T15:10:21.9734912,0.00429680535040913
2022-12-19T15:10:21.9835648,-0.00294078114415022
2022-12-19T15:10:21.9837312,-0.0137971607449997
2022-12-19T15:10:21.9838464,0.00495476776274499
2022-12-19T15:10:21.9839616,0.0154821664451246
2022-12-19T15:10:21.9935488,-0.00623059316224477
2022-12-19T15:10:21.9937152,0.0519990818739629
2022-12-19T15:10:21.9938304,0.00758661741833119
2022-12-19T15:10:21.9939456,-0.0443924114440477
2022-12-19T15:10:21.9940480,0.115492462045842
2022-12-19T15:10:22.0045440,-0.0134681795474529
2022-12-19T15:10:22.0048896,0.034234095746308
2022-12-19T15:10:22.0050688,0.00923152345814872
2022-12-19T15:10:22.0052096,-0.0055726307598683
2022-12-19T15:10:22.0053504,-0.00886244276554422
2022-12-19T15:10:22.0182656,-0.0253115025618754
2022-12-19T15:10:22.0184832,0.0339051145260825
2022-12-19T15:10:22.0186112,-0.0503140727167894
2022-12-19T15:10:22.0187264,0.0194299409923665
2022-12-19T15:10:22.0188672,0.0118633731299873
2022-12-19T15:10:22.0189952,-0.04044463723479
2022-12-19T15:10:22.0283008,-0.0243245589849698
2022-12-19T15:10:22.0285440,0.0177850349282693
2022-12-19T15:10:22.0286720,0.0033098617330751
2022-12-19T15:10:22.0288000,-0.00195383753569171
2022-12-19T15:10:22.0289024,-0.000637912722236303
2022-12-19T15:10:22.0290304,0.00298088052760892
2022-12-19T15:10:22.0291584,-0.00623059316224477
2022-12-19T15:10:22.0397952,0.00429680535040913
2022-12-19T15:10:22.0401024,0.0322602084273265
2022-12-19T15:10:22.0403584,-0.0220216906334693
2022-12-19T15:10:22.0405248,0.0539729692501105
2022-12-19T15:10:22.0406400,0.011205410711089
2022-12-19T15:10:22.0526592,-0.0368258441903187
2022-12-19T15:10:22.0529152,0.0773306369721622
2022-12-19T15:10:22.0530560,-0.0249825213697274
2022-12-19T15:10:22.0531712,0.0322602084273265
2022-12-19T15:10:22.0532736,0.00429680535040913
2022-12-19T15:10:22.0533760,-0.000966893925833531
2022-12-19T15:10:22.0672896,-0.0085334615656746
2022-12-19T15:10:22.0676096,-0.0253115025618754
2022-12-19T15:10:22.0677760,0.0513411194165228
2022-12-19T15:10:22.0679168,-0.0575516586499388
2022-12-19T15:10:22.0680448,0.0158111476565318
2022-12-19T15:10:22.0681856,0.00758661741833119
2022-12-19T15:10:22.0793600,-0.0450503738101221
2022-12-19T15:10:22.0795904,-0.00524364955844718
2022-12-19T15:10:22.0797184,0.0128503167595087
2022-12-19T15:10:22.0798336,0.000678012093708949
2022-12-19T15:10:22.0799360,-0.0167579915159647
2022-12-19T15:10:22.0800512,0.0033098617330751
2022-12-19T15:10:22.0801792,-0.0101783675634727
2022-12-19T15:10:22.0913280,-0.0105073487625675
2022-12-19T15:10:22.0916608,0.00166495570730275
2022-12-19T15:10:22.0918272,0.0302863211140333
2022-12-19T15:10:22.0919424,-0.0239955777923602
2022-12-19T15:10:22.0920448,0.0394977952914403
2022-12-19T15:10:22.0921600,0.00627069258928915
2022-12-19T15:10:22.1031040,-0.0407736184197342
2022-12-19T15:10:22.1035520,0.0779885994549393
2022-12-19T15:10:22.1038464,-0.014126141942392
2022-12-19T15:10:22.1040384,0.0292993774595181
2022-12-19T15:10:22.1041664,-0.0137971607449997
2022-12-19T15:10:22.1042816,0.00495476776274499
2022-12-19T15:10:22.1171840,-0.0180739162990437
2022-12-19T15:10:22.1174912,-0.0256404837538696
2022-12-19T15:10:22.1177600,0.0345630769666917
2022-12-19T15:10:22.1179648,-0.0618284139395945
2022-12-19T15:10:22.1180928,0.0108764295018745
2022-12-19T15:10:22.1181952,0.0125213355495117
2022-12-19T15:10:22.1305600,-0.04044463723479
2022-12-19T15:10:22.1308032,-0.0180739162990437
2022-12-19T15:10:22.1309440,-0.0039277247512097
2022-12-19T15:10:22.1310720,-0.00524364955844718
2022-12-19T15:10:22.1311872,-0.00590161196113415
2022-12-19T15:10:22.1312896,-0.00162485633256119
2022-12-19T15:10:22.1314048,-0.00590161196113415
2022-12-19T15:10:22.1432832,-0.0121522547557184
2022-12-19T15:10:22.1435520,-0.00326976234665881
2022-12-19T15:10:22.1436800,0.0329181708663548
2022-12-19T15:10:22.1437952,-0.0213637282459401
2022-12-19T15:10:22.1439104,0.0562758378628775
2022-12-19T15:10:22.1440256,0.0158111476565318
2022-12-19T15:10:22.1441408,-0.0447213926271611
2022-12-19T15:10:22.1547392,0.0845682243182341
2022-12-19T15:10:22.1551488,-0.0276143709026059
2022-12-19T15:10:22.1554048,0.0204168846327095
2022-12-19T15:10:22.1555968,0.00528374896914695
2022-12-19T15:10:22.1558528,0.00561273017570495
2022-12-19T15:10:22.1560704,-0.00261179994148619
2022-12-19T15:10:22.1681536,-0.0269564085203087
2022-12-19T15:10:22.1685120,0.0398267765143575
2022-12-19T15:10:22.1686912,-0.0588675833571724
2022-12-19T15:10:22.1688192,0.0167980912916946
2022-12-19T15:10:22.1689344,0.0204168846327095
2022-12-19T15:10:22.1690496,-0.0473532420865835
2022-12-19T15:10:22.1834880,-0.00820448036564994
2022-12-19T15:10:22.1836800,0.0128503167595087
2022-12-19T15:10:22.1837952,0.00627069258928915
2022-12-19T15:10:22.1839104,-0.00162485633256119
2022-12-19T15:10:22.1840128,-0.00524364955844718
2022-12-19T15:10:22.1841280,-0.000637912722236303
2022-12-19T15:10:22.1843072,-0.0157710479270339
2022-12-19T15:10:22.1934848,-0.00195383753569171
2022-12-19T15:10:22.1937408,0.0207458658464715
2022-12-19T15:10:22.1938816,-0.0108363299615074
2022-12-19T15:10:22.1939968,0.0477223259119937
2022-12-19T15:10:22.1941120,2.00496854250026E-05
2022-12-19T15:10:22.1942144,-0.0489981479937746
2022-12-19T15:10:22.1943296,0.0799624869071432
2022-12-19T15:10:22.2048256,-0.0249825213697274
2022-12-19T15:10:22.2051328,0.0253516028556522
2022-12-19T15:10:22.2053888,0.005941711382419
2022-12-19T15:10:22.2055552,0.0144952228118434
2022-12-19T15:10:22.2056832,-0.00688855556400039
2022-12-19T15:10:22.2160000,-0.0210347470519443
2022-12-19T15:10:22.2162816,0.0424586263034057
2022-12-19T15:10:22.2165760,-0.0575516586499388
2022-12-19T15:10:22.2167936,0.019100959779233
2022-12-19T15:10:22.2169472,0.0177850349282693
2022-12-19T15:10:22.2171008,-0.0328780699388733
2022-12-19T15:10:22.2262912,-0.0111653111602924
2022-12-19T15:10:22.2266112,0.0121923543396712
2022-12-19T15:10:22.2267776,0.00561273017570495
2022-12-19T15:10:22.2268928,-0.0108363299615074
2022-12-19T15:10:22.2270208,0.00495476776274499
2022-12-19T15:10:22.2271360,-0.0203767846634904
2022-12-19T15:10:22.2376832,-0.0118232735573979
2022-12-19T15:10:22.2379264,-0.00294078114415022
2022-12-19T15:10:22.2380544,0.0506831569597203
2022-12-19T15:10:22.2381824,-0.0085334615656746
2022-12-19T15:10:22.2382976,0.0358790018498081
2022-12-19T15:10:22.2506240,0.0141662416010631
2022-12-19T15:10:22.2508544,-0.038141768935903
2022-12-19T15:10:22.2509824,0.0881870180206221
2022-12-19T15:10:22.2510848,-0.0269564085203087
2022-12-19T15:10:22.2512000,0.0483802883659295
2022-12-19T15:10:22.2622592,0.0131792979696624
2022-12-19T15:10:22.2625920,0.0194299409923665
2022-12-19T15:10:22.2628864,-0.0154420667304147
2022-12-19T15:10:22.2630784,-0.0292592768556604
2022-12-19T15:10:22.2632064,0.0246936404238808
2022-12-19T15:10:22.2633216,-0.0470242609046887
2022-12-19T15:10:22.2634240,0.0329181708663548
2022-12-19T15:10:22.2736384,0.0128503167595087
2022-12-19T15:10:22.2739456,-0.0207057658577945
2022-12-19T15:10:22.2742016,-0.0147841043367125
2022-12-19T15:10:22.2743808,0.00462578655649906
2022-12-19T15:10:22.2745216,-0.000308931518483477
2022-12-19T15:10:22.2746368,-0.00952040516481843
2022-12-19T15:10:22.2853760,0.00100699329808449
2022-12-19T15:10:22.2855808,-0.0128102171518951
2022-12-19T15:10:22.2857088,-0.0157710479270339
2022-12-19T15:10:22.2858112,0.010218467083915
2022-12-19T15:10:22.2859264,0.034234095746308
2022-12-19T15:10:22.2860416,-0.027943352093524
2022-12-19T15:10:22.3006464,0.0513411194165228
2022-12-19T15:10:22.3009664,0.0108764295018745
2022-12-19T15:10:22.3011456,-0.0463662985404424
2022-12-19T15:10:22.3012864,0.0776596182134701
2022-12-19T15:10:22.3014784,-0.0180739162990437
2022-12-19T15:10:22.3123712,0.0204168846327095
2022-12-19T15:10:22.3126912,0.000349030889489121
2022-12-19T15:10:22.3128704,0.00890254224987264
2022-12-19T15:10:22.3129984,-0.0243245589849698
2022-12-19T15:10:22.3131136,-0.0236665965995966
2022-12-19T15:10:22.3132416,0.0256805840717742
2022-12-19T15:10:22.3133440,-0.0489981479937746
2022-12-19T15:10:22.3134592,0.0253516028556522
2022-12-19T15:10:22.3240832,0.00396782414447519
2022-12-19T15:10:22.3243904,-0.0368258441903187
2022-12-19T15:10:22.3245568,-0.00294078114415022
2022-12-19T15:10:22.3247232,0.00956050466658112
2022-12-19T15:10:22.3248768,-0.00590161196113415
2022-12-19T15:10:22.3250176,-0.00524364955844718
2022-12-19T15:10:22.3357312,0.00725763621083642
2022-12-19T15:10:22.3360512,-0.00491466835687079
2022-12-19T15:10:22.3362304,-0.0167579915159647
2022-12-19T15:10:22.3363456,0.0033098617330751
2022-12-19T15:10:22.3366784,0.0184429973534371
2022-12-19T15:10:22.3368192,-0.017415953907813
2022-12-19T15:10:22.3511296,0.0566048190939116
2022-12-19T15:10:22.3514496,0.00100699329808449
2022-12-19T15:10:22.3517184,-0.0378127877497363
2022-12-19T15:10:22.3518848,0.0710799934179284
2022-12-19T15:10:22.3520256,-0.0161000291234987
2022-12-19T15:10:22.3521280,0.0269965089378377
2022-12-19T15:10:22.3628416,0.00758661741833119
2022-12-19T15:10:22.3631488,0.00396782414447519
2022-12-19T15:10:22.3633408,-0.0184028974944275
2022-12-19T15:10:22.3634560,-0.0276143709026059
2022-12-19T15:10:22.3635712,0.034234095746308
2022-12-19T15:10:22.3636992,-0.0489981479937746
2022-12-19T15:10:22.3638144,0.0223907719176392
2022-12-19T15:10:22.3723776,0.00692865500349785
2022-12-19T15:10:22.3726976,-0.0272853897115341
2022-12-19T15:10:22.3729536,-0.0203767846634904
2022-12-19T15:10:22.3731456,0.0121923543396712
2022-12-19T15:10:22.3732608,-0.00655957436320019
2022-12-19T15:10:22.3733760,-0.0075465179651354
2022-12-19T15:10:22.3834240,-0.00228281873866669
2022-12-19T15:10:22.3837568,-0.0075465179651354
2022-12-19T15:10:22.3839488,-0.0230086342136077
2022-12-19T15:10:22.3840768,0.00923152345814872
2022-12-19T15:10:22.3842048,0.0332471520861059
2022-12-19T15:10:22.3951104,-0.0328780699388733
2022-12-19T15:10:22.3953280,0.057920744019646
2022-12-19T15:10:22.3954688,0.00988948587516988
2022-12-19T15:10:22.3955840,-0.0351809382548961
2022-12-19T15:10:22.3956864,0.0832522993404034
2022-12-19T15:10:22.4080640,-0.0108363299615074
2022-12-19T15:10:22.4083968,0.0467353822322834
2022-12-19T15:10:22.4086656,-0.0128102171518951
2022-12-19T15:10:22.4088576,0.0207458658464715
2022-12-19T15:10:22.4090112,-0.0147841043367125
2022-12-19T15:10:22.4091264,-0.0292592768556604
2022-12-19T15:10:22.4197632,0.0408137201840608
2022-12-19T15:10:22.4200832,-0.0539328656925445
2022-12-19T15:10:22.4202752,0.00857356104175289
2022-12-19T15:10:22.4203904,0.043774551201739
2022-12-19T15:10:22.4205184,-0.0401156560496931
2022-12-19T15:10:22.4206336,-0.00721753676464547
2022-12-19T15:10:22.4207488,0.0457484385540046
2022-12-19T15:10:22.4350592,-0.000308931518483477
2022-12-19T15:10:22.4354048,0.0398267765143575
2022-12-19T15:10:22.4355968,0.00758661741833119
2022-12-19T15:10:22.4357120,-0.0203767846634904
2022-12-19T15:10:22.4358528,0.0181140161407747
2022-12-19T15:10:22.4359680,-0.02596946494571
2022-12-19T15:10:22.4450688,0.0450904761026137
2022-12-19T15:10:22.4453120,-0.0190608598847322
2022-12-19T15:10:22.4454400,0.0536439880203538
2022-12-19T15:10:22.4581504,0.00528374896914695
2022-12-19T15:10:22.4583808,-0.0424185243421653
2022-12-19T15:10:22.4585088,0.0819363743651601
2022-12-19T15:10:22.4586240,-0.0144551231396295
2022-12-19T15:10:22.4672128,0.0339051145260825
2022-12-19T15:10:22.4675456,0.00791559862598218
2022-12-19T15:10:22.4677120,0.000678012093708949
2022-12-19T15:10:22.4678400,-0.0137971607449997
2022-12-19T15:10:22.4679680,-0.0220216906334693
2022-12-19T15:10:22.4680832,0.0510121381880419
2022-12-19T15:10:22.4681984,-0.0476822232683261
2022-12-19T15:10:22.4683008,0.0233777155622271
2022-12-19T15:10:22.4684160,0.0115343919204599
2022-12-19T15:10:22.4685184,-0.0338650135038022
2022-12-19T15:10:22.4686208,-0.00524364955844718
2022-12-19T15:10:22.4687232,0.0131792979696624
2022-12-19T15:10:22.4832896,0.0105474482928166
2022-12-19T15:10:22.4835456,-0.0078754991654702
2022-12-19T15:10:22.4837888,-0.0075465179651354
2022-12-19T15:10:22.4839424,-0.0121522547557184
2022-12-19T15:10:22.4840576,-0.0203767846634904
2022-12-19T15:10:22.4937216,0.00199393691214557
2022-12-19T15:10:22.4939392,0.0385108516236395
2022-12-19T15:10:22.4940544,-0.0407736184197342
2022-12-19T15:10:22.4941824,0.0523280631029221
2022-12-19T15:10:22.4942976,-0.00984938636422307
2022-12-19T15:10:22.4944000,-0.0322201075614877
2022-12-19T15:10:22.4945152,0.0756857307680414
2022-12-19T15:10:22.5051520,-0.0144551231396295
2022-12-19T15:10:22.5056768,0.0358790018498081
2022-12-19T15:10:22.5060608,0.011205410711089
2022-12-19T15:10:22.5063424,0.0210748470603906
2022-12-19T15:10:22.5065344,-0.0236665965995966
2022-12-19T15:10:22.5066496,-0.0239955777923602
2022-12-19T15:10:22.5184768,0.0394977952914403
2022-12-19T15:10:22.5187328,-0.0401156560496931
2022-12-19T15:10:22.5188864,0.00495476776274499
2022-12-19T15:10:22.5190144,0.0223907719176392
2022-12-19T15:10:22.5191296,-0.0233376154066791
2022-12-19T15:10:22.5192448,-0.0121522547557184
2022-12-19T15:10:22.5345920,0.0082445798337894
2022-12-19T15:10:22.5349248,-0.00491466835687079
2022-12-19T15:10:22.5350784,-0.00886244276554422
2022-12-19T15:10:22.5352064,-0.0085334615656746
2022-12-19T15:10:22.5353088,-0.017415953907813
2022-12-19T15:10:22.5354112,-0.00984938636422307
2022-12-19T15:10:22.5445760,-0.0039277247512097
2022-12-19T15:10:22.5448832,0.037523907957265
2022-12-19T15:10:22.5451392,-0.0351809382548961
2022-12-19T15:10:22.5453056,0.0608815751119031
2022-12-19T15:10:22.5454464,2.00496854250026E-05
2022-12-19T15:10:22.5455616,-0.0437344490773635
2022-12-19T15:10:22.5456640,0.071408974656176
2022-12-19T15:10:22.5457792,-0.0223506718270028
2022-12-19T15:10:22.5559680,0.0217328094887004
2022-12-19T15:10:22.5562112,0.005941711382419
2022-12-19T15:10:22.5563264,0.0246936404238808
2022-12-19T15:10:22.5564416,-0.0157710479270339
2022-12-19T15:10:22.5565568,-0.0249825213697274
2022-12-19T15:10:22.5673984,0.0477223259119937
2022-12-19T15:10:22.5678464,-0.0411025996045257
2022-12-19T15:10:22.5681792,0.0131792979696624
2022-12-19T15:10:22.5684224,0.0164691100798168
2022-12-19T15:10:22.5687040,-0.0328780699388733
2022-12-19T15:10:22.5688704,-0.00195383753569171
2022-12-19T15:10:22.5841536,-0.000308931518483477
2022-12-19T15:10:22.5844096,0.000678012093708949
2022-12-19T15:10:22.5845376,-0.0200478034690322
2022-12-19T15:10:22.5846528,-0.0055726307598683
2022-12-19T15:10:22.5847680,-0.0108363299615074
2022-12-19T15:10:22.5849088,-0.0151130855336409
2022-12-19T15:10:22.5966336,0.011205410711089
2022-12-19T15:10:22.5970176,0.0299573398957038
2022-12-19T15:10:22.5972992,-0.101306153875356
2022-12-19T15:10:22.5974528,0.0878580367741406
2022-12-19T15:10:22.5976320,-0.0414315807891646
2022-12-19T15:10:22.5977856,-0.0651182256834811
2022-12-19T15:10:22.5979520,0.127664768781917
2022-12-19T15:10:22.5981056,-0.0463662985404424
2022-12-19T15:10:22.6078848,0.0246936404238808
2022-12-19T15:10:22.6081408,-0.0276143709026059
2022-12-19T15:10:22.6083712,0.0352210394079334
2022-12-19T15:10:22.6085888,-0.0420895431579843
2022-12-19T15:10:22.6087808,-0.0420895431579843
2022-12-19T15:10:22.6089984,0.0434455699769174
2022-12-19T15:10:22.6191872,-0.0384707501219167
2022-12-19T15:10:22.6194176,0.00396782414447519
2022-12-19T15:10:22.6196736,0.0144952228118434
2022-12-19T15:10:22.6198528,-0.0430764867100695
2022-12-19T15:10:22.6200064,-0.016429010319809
2022-12-19T15:10:22.6201344,0.00199393691214557
2022-12-19T15:10:22.6343040,-0.00162485633256119
2022-12-19T15:10:22.6346624,-0.00886244276554422
2022-12-19T15:10:22.6349440,-0.00425670595325207
2022-12-19T15:10:22.6351104,-0.00590161196113415
2022-12-19T15:10:22.6352384,-0.0184028974944275
2022-12-19T15:10:22.6461440,-0.00886244276554422
2022-12-19T15:10:22.6464128,0.0368659455138072
2022-12-19T15:10:22.6465408,-0.038141768935903
2022-12-19T15:10:22.6466560,0.0615395375786094
2022-12-19T15:10:22.6467584,-0.000637912722236303
2022-12-19T15:10:22.6468736,-0.04044463723479
2022-12-19T15:10:22.6469888,0.0756857307680414
2022-12-19T15:10:22.6471040,-0.0246535401774255
2022-12-19T15:10:22.6576768,0.0220617907030912
2022-12-19T15:10:22.6580096,0.0115343919204599
2022-12-19T15:10:22.6582912,0.0253516028556522
2022-12-19T15:10:22.6584832,-0.0147841043367125
2022-12-19T15:10:22.6586112,-0.0226796530203822
2022-12-19T15:10:22.6587264,0.0539729692501105
2022-12-19T15:10:22.6705408,-0.0417605619736507
2022-12-19T15:10:22.6708736,-0.00919142396525881
2022-12-19T15:10:22.6711424,0.0158111476565318
2022-12-19T15:10:22.6713088,-0.0509720350773848
2022-12-19T15:10:22.6714240,0.00429680535040913
2022-12-19T15:10:22.6715520,0.000349030889489121
2022-12-19T15:10:22.6844288,0.0082445798337894
2022-12-19T15:10:22.6847360,-0.00952040516481843
2022-12-19T15:10:22.6849408,-0.000637912722236303
2022-12-19T15:10:22.6850560,-0.0177449351035055
2022-12-19T15:10:22.6851712,-0.027943352093524
2022-12-19T15:10:22.6852864,-0.00491466835687079
2022-12-19T15:10:22.6944128,0.0411427014076124
2022-12-19T15:10:22.6947712,-0.0450503738101221
2022-12-19T15:10:22.6949888,0.0496962132757115
2022-12-19T15:10:22.6951424,-0.00294078114415022
2022-12-19T15:10:22.6953088,-0.0328780699388733
2022-12-19T15:10:22.6954496,0.0760147120085432
2022-12-19T15:10:22.6956288,-0.0243245589849698
2022-12-19T15:10:22.7065344,0.0266675277210854
2022-12-19T15:10:22.7068288,-0.000966893925833531
2022-12-19T15:10:22.7070848,0.005941711382419
2022-12-19T15:10:22.7073024,-0.00952040516481843
2022-12-19T15:10:22.7074560,-0.0246535401774255
2022-12-19T15:10:22.7180800,0.0589076877156253
2022-12-19T15:10:22.7183360,-0.039457693679041
2022-12-19T15:10:22.7184640,0.0151531852338741
2022-12-19T15:10:22.7185920,0.0118633731299873
2022-12-19T15:10:22.7187328,-0.0526169409762142
2022-12-19T15:10:22.7188480,0.00199393691214557
2022-12-19T15:10:22.7302400,0.00561273017570495
2022-12-19T15:10:22.7304960,0.00363884293869718
2022-12-19T15:10:22.7306240,-0.00162485633256119
2022-12-19T15:10:22.7307520,-0.00590161196113415
2022-12-19T15:10:22.7308928,-0.00524364955844718
2022-12-19T15:10:22.7310848,-0.0157710479270339
2022-12-19T15:10:22.7429888,-0.00458568715513909
2022-12-19T15:10:22.7432064,0.0529860255613189
2022-12-19T15:10:22.7433344,-0.0434054678937928
2022-12-19T15:10:22.7434496,0.0651583311569491
2022-12-19T15:10:22.7435520,0.00528374896914695
2022-12-19T15:10:22.7436800,-0.0190608598847322
2022-12-19T15:10:22.7531392,0.0868710930356683
2022-12-19T15:10:22.7536256,-0.00655957436320019
2022-12-19T15:10:22.7539584,0.0292993774595181
2022-12-19T15:10:22.7542272,0.00265189932229863
2022-12-19T15:10:22.7543936,0.0125213355495117
2022-12-19T15:10:22.7545088,-0.0223506718270028
2022-12-19T15:10:22.7681536,-0.0170869727119661
2022-12-19T15:10:22.7685120,0.0483802883659295
2022-12-19T15:10:22.7686784,-0.0384707501219167
2022-12-19T15:10:22.7687936,-0.00162485633256119
2022-12-19T15:10:22.7689216,0.010218467083915
2022-12-19T15:10:22.7690496,-0.0414315807891646
2022-12-19T15:10:22.7804032,-0.00952040516481843
2022-12-19T15:10:22.7806336,0.00396782414447519
2022-12-19T15:10:22.7807488,0.00462578655649906
2022-12-19T15:10:22.7808640,-0.000966893925833531
2022-12-19T15:10:22.7809792,-0.00261179994148619
2022-12-19T15:10:22.7810944,-0.00228281873866669
2022-12-19T15:10:22.7811968,-0.0233376154066791
2022-12-19T15:10:22.7910784,-0.00359874354901193
2022-12-19T15:10:22.7913856,0.0431165887522547
2022-12-19T15:10:22.7915520,-0.0575516586499388
2022-12-19T15:10:22.7916544,0.0621975000459563
2022-12-19T15:10:22.7917696,-0.0134681795474529
2022-12-19T15:10:22.7918848,-0.0374838065634167
2022-12-19T15:10:22.8027392,0.0898319242554612
2022-12-19T15:10:22.8030720,-0.0207057658577945
2022-12-19T15:10:22.8032768,0.0418006638551917
2022-12-19T15:10:22.8033920,0.0184429973534371
2022-12-19T15:10:22.8035072,0.0138372603904395
2022-12-19T15:10:22.8175872,-0.016429010319809
2022-12-19T15:10:22.8178432,-0.0368258441903187
2022-12-19T15:10:22.8179712,0.104636080551835
2022-12-19T15:10:22.8180736,-0.0430764867100695
2022-12-19T15:10:22.8182016,0.00298088052760892
2022-12-19T15:10:22.8183040,0.0322602084273265
2022-12-19T15:10:22.8293248,2.00496854250026E-05
2022-12-19T15:10:22.8296576,0.0174560537159208
2022-12-19T15:10:22.8298496,-0.0216927094397817
2022-12-19T15:10:22.8299648,0.00692865500349785
2022-12-19T15:10:22.8301056,-0.0131391983497513
2022-12-19T15:10:22.8302208,-0.00688855556400039
2022-12-19T15:10:22.8304128,-0.00820448036564994
2022-12-19T15:10:22.8409856,-0.0134681795474529
2022-12-19T15:10:22.8414208,-0.00359874354901193
2022-12-19T15:10:22.8417280,0.00923152345814872
2022-12-19T15:10:22.8419200,-0.0407736184197342
2022-12-19T15:10:22.8420352,0.0493672320480272
2022-12-19T15:10:22.8423296,-0.00655957436320019
2022-12-19T15:10:22.8549888,-0.0226796530203822
2022-12-19T15:10:22.8552192,0.0793045244224296
2022-12-19T15:10:22.8553600,-0.0055726307598683
2022-12-19T15:10:22.8554752,0.0348920581872335
2022-12-19T15:10:22.8555904,0.00758661741833119
2022-12-19T15:10:22.8557056,0.00363884293869718
2022-12-19T15:10:22.8689920,-0.0151130855336409
2022-12-19T15:10:22.8693376,-0.0230086342136077
2022-12-19T15:10:22.8696064,0.0385108516236395
2022-12-19T15:10:22.8698112,-0.0424185243421653
2022-12-19T15:10:22.8699392,0.000349030889489121
2022-12-19T15:10:22.8700544,0.0131792979696624
2022-12-19T15:10:22.8701568,-0.0358389006295243
2022-12-19T15:10:22.8845440,0.00495476776274499
2022-12-19T15:10:22.8849024,0.00692865500349785
2022-12-19T15:10:22.8851712,0.00528374896914695
2022-12-19T15:10:22.8853504,-0.000308931518483477
2022-12-19T15:10:22.8855424,-0.0039277247512097
2022-12-19T15:10:22.8858368,-0.000966893925833531
2022-12-19T15:10:22.8861696,-0.0272853897115341
2022-12-19T15:10:22.9010176,-0.00425670595325207
2022-12-19T15:10:22.9013376,0.0496962132757115
2022-12-19T15:10:22.9015040,-0.0536038845136896
2022-12-19T15:10:22.9016192,0.0592366689479383
2022-12-19T15:10:22.9017728,-0.000308931518483477
2022-12-19T15:10:22.9019264,-0.0364968630035403
2022-12-19T15:10:22.9020416,0.0704220309419155
2022-12-19T15:10:22.9021440,0.000678012093708949
2022-12-19T15:10:22.9176704,0.0207458658464715
2022-12-19T15:10:22.9179776,0.0158111476565318
2022-12-19T15:10:22.9182208,-0.00195383753569171
2022-12-19T15:10:22.9183872,-0.0167579915159647
2022-12-19T15:10:22.9185024,-0.0230086342136077
2022-12-19T15:10:22.9186048,0.0556178754012885
2022-12-19T15:10:22.9187200,-0.0312331639942593
2022-12-19T15:10:22.9188224,-0.00524364955844718
2022-12-19T15:10:22.9276928,0.00956050466658112
2022-12-19T15:10:22.9280128,-0.0384707501219167
2022-12-19T15:10:22.9282048,-0.0151130855336409
2022-12-19T15:10:22.9283968,0.00298088052760892
2022-12-19T15:10:22.9285504,-0.00491466835687079
2022-12-19T15:10:22.9288064,-0.0128102171518951
2022-12-19T15:10:22.9291776,-0.00326976234665881
2022-12-19T15:10:22.9294592,-0.0128102171518951
2022-12-19T15:10:22.9297152,-0.0207057658577945
2022-12-19T15:10:22.9409536,-0.0055726307598683
2022-12-19T15:10:22.9412992,0.0464064010060314
2022-12-19T15:10:22.9414656,-0.055248790406447
2022-12-19T15:10:22.9415808,0.0477223259119937
2022-12-19T15:10:22.9417216,-0.00688855556400039
2022-12-19T15:10:22.9538432,-0.0325490887502571
2022-12-19T15:10:22.9541248,0.0746987870475031
2022-12-19T15:10:22.9542912,-0.0282723332842885
2022-12-19T15:10:22.9544192,-0.116768268099243
2022-12-19T15:10:22.9545472,-0.143744721925679
2022-12-19T15:10:22.9547264,0.0181140161407747
2022-12-19T15:10:22.9671936,-0.0128102171518951
2022-12-19T15:10:22.9674112,-0.00590161196113415
2022-12-19T15:10:22.9675648,0.0516701006451631
2022-12-19T15:10:22.9676928,-0.0315621451834888
2022-12-19T15:10:22.9678080,-0.0161000291234987
2022-12-19T15:10:22.9679104,-0.00129587512927513
2022-12-19T15:10:22.9680256,-0.0591965645336023
2022-12-19T15:10:22.9772288,0.0167980912916946
2022-12-19T15:10:22.9775616,0.0217328094887004
2022-12-19T15:10:22.9777536,-0.000966893925833531
2022-12-19T15:10:22.9779456,-0.00326976234665881
2022-12-19T15:10:22.9782400,0.00857356104175289
2022-12-19T15:10:22.9784704,-0.0078754991654702
2022-12-19T15:10:22.9899776,-0.0318911263725649
2022-12-19T15:10:22.9902720,-0.00326976234665881
2022-12-19T15:10:22.9904512,0.0371949267354569
2022-12-19T15:10:22.9905664,-0.0595255457098809
2022-12-19T15:10:22.9906944,0.0477223259119937
2022-12-19T15:10:23.0032128,-0.00524364955844718
2022-12-19T15:10:23.0036608,-0.0430764867100695
2022-12-19T15:10:23.0038784,0.0825943368524585
2022-12-19T15:10:23.0039936,-0.0167579915159647
2022-12-19T15:10:23.0041472,0.0319312272080495
2022-12-19T15:10:23.0043136,0.010218467083915
2022-12-19T15:10:23.0045568,0.00232291811714419
2022-12-19T15:10:23.0176384,-0.0262984461373967
2022-12-19T15:10:23.0178816,-0.0503140727167894
2022-12-19T15:10:23.0180096,0.0418006638551917
2022-12-19T15:10:23.0181248,-0.0249825213697274
2022-12-19T15:10:23.0182400,-0.0480112044499164
2022-12-19T15:10:23.0183552,0.0302863211140333
2022-12-19T15:10:23.0184704,-0.0641312821619009
2022-12-19T15:10:23.0297216,0.00923152345814872
2022-12-19T15:10:23.0300544,0.00462578655649906
2022-12-19T15:10:23.0302208,0.00199393691214557
2022-12-19T15:10:23.0303360,-0.0170869727119661
2022-12-19T15:10:23.0304768,-0.00886244276554422
2022-12-19T15:10:23.0306048,0.00265189932229863
2022-12-19T15:10:23.0391552,-0.0197188222744198
2022-12-19T15:10:23.0394112,-0.00162485633256119
2022-12-19T15:10:23.0395776,0.0470643634586944
2022-12-19T15:10:23.0397312,-0.0532749033346829
2022-12-19T15:10:23.0398720,0.0513411194165228
2022-12-19T15:10:23.0400128,0.00133597450261574
2022-12-19T15:10:23.0401920,-0.0345229758796555
2022-12-19T15:10:23.0503296,0.0645003686867174
2022-12-19T15:10:23.0507008,-0.0309041828048764
2022-12-19T15:10:23.0509568,0.0335761333060152
2022-12-19T15:10:23.0511360,0.0144952228118434
2022-12-19T15:10:23.0606464,0.0144952228118434
2022-12-19T15:10:23.0610688,-0.0108363299615074
2022-12-19T15:10:23.0613376,-0.0325490887502571
2022-12-19T15:10:23.0615040,0.0427876075277508
2022-12-19T15:10:23.0616192,-0.0243245589849698
2022-12-19T15:10:23.0617216,-0.0118232735573979
2022-12-19T15:10:23.0710272,0.011205410711089
2022-12-19T15:10:23.0714240,-0.0262984461373967
2022-12-19T15:10:23.0717184,-0.0101783675634727
2022-12-19T15:10:23.0720000,-0.00458568715513909
2022-12-19T15:10:23.0722304,-0.00590161196113415
2022-12-19T15:10:23.0805888,-0.02596946494571
2022-12-19T15:10:23.0808448,-0.0147841043367125
2022-12-19T15:10:23.0810752,-0.00984938636422307
2022-12-19T15:10:23.0812928,-0.0272853897115341
2022-12-19T15:10:23.0814720,-0.0124812359538841
2022-12-19T15:10:23.0902144,0.0401557577374334
2022-12-19T15:10:23.0903808,-0.0608414704134819
2022-12-19T15:10:23.0905088,0.0595656501804112
2022-12-19T15:10:23.0906112,0.00100699329808449
2022-12-19T15:10:23.0907392,-0.0177449351035055
2022-12-19T15:10:23.1007616,0.069106105991819
2022-12-19T15:10:23.1009536,-0.0239955777923602
2022-12-19T15:10:23.1010688,0.037523907957265
2022-12-19T15:10:23.1011840,0.0128503167595087
2022-12-19T15:10:23.1013120,0.0144952228118434
2022-12-19T15:10:23.1107456,-0.016429010319809
2022-12-19T15:10:23.1110400,-0.0184028974944275
2022-12-19T15:10:23.1112832,0.0467353822322834
2022-12-19T15:10:23.1114752,-0.0411025996045257
2022-12-19T15:10:23.1116288,0.00528374896914695
2022-12-19T15:10:23.1223424,0.0135082791799726
2022-12-19T15:10:23.1225984,-0.0184028974944275
2022-12-19T15:10:23.1228288,-0.0210347470519443
2022-12-19T15:10:23.1229824,0.00462578655649906
2022-12-19T15:10:23.1231360,-0.00491466835687079
2022-12-19T15:10:23.1338368,-0.0114942923589225
2022-12-19T15:10:23.1342208,-0.0137971607449997
2022-12-19T15:10:23.1344768,-0.00425670595325207
2022-12-19T15:10:23.1346304,-0.017415953907813
2022-12-19T15:10:23.1347584,-0.00195383753569171
2022-12-19T15:10:23.1348992,0.0431165887522547
2022-12-19T15:10:23.1434752,-0.0466952797226417
2022-12-19T15:10:23.1436672,0.0612105563451762
2022-12-19T15:10:23.1437824,0.00100699329808449
2022-12-19T15:10:23.1439104,-0.0220216906334693
2022-12-19T15:10:23.1440384,0.0727248996107753
2022-12-19T15:10:23.1441536,-0.00688855556400039
2022-12-19T15:10:23.1541120,0.0391688140686815
2022-12-19T15:10:23.1543936,0.005941711382419
2022-12-19T15:10:23.1545472,0.0128503167595087
2022-12-19T15:10:23.1546752,-0.018731878689657
2022-12-19T15:10:23.1642624,-0.0121522547557184
2022-12-19T15:10:23.1645056,0.057920744019646
2022-12-19T15:10:23.1646720,-0.0203767846634904
2022-12-19T15:10:23.1648512,0.0128503167595087
2022-12-19T15:10:23.1649920,0.011205410711089
2022-12-19T15:10:23.1651200,-0.0239955777923602
2022-12-19T15:10:23.1741184,-0.00458568715513909
2022-12-19T15:10:23.1743616,-0.000308931518483477
2022-12-19T15:10:23.1746048,0.0154821664451246
2022-12-19T15:10:23.1747712,-0.0253115025618754
2022-12-19T15:10:23.1748864,-0.0111653111602924
2022-12-19T15:10:23.1856640,-0.00688855556400039
2022-12-19T15:10:23.1858432,-0.0236665965995966
2022-12-19T15:10:23.1859712,-0.0078754991654702
2022-12-19T15:10:23.1860864,0.0582497252514792
2022-12-19T15:10:23.1861888,-0.0480112044499164
2022-12-19T15:10:23.1962112,0.0569338003251055
2022-12-19T15:10:23.1965440,-0.00984938636422307
2022-12-19T15:10:23.1967616,-0.0355099194422867
2022-12-19T15:10:23.1969152,0.0569338003251055
2022-12-19T15:10:23.1970688,-0.014126141942392
2022-12-19T15:10:23.2064640,0.0398267765143575
2022-12-19T15:10:23.2067328,0.00857356104175289
2022-12-19T15:10:23.2069504,0.0135082791799726
2022-12-19T15:10:23.2071680,-0.0128102171518951
2022-12-19T15:10:23.2073216,-0.0253115025618754
2022-12-19T15:10:23.2075008,0.0454194573282296
2022-12-19T15:10:23.2196736,-0.0216927094397817
2022-12-19T15:10:23.2199168,0.0250226216396877
2022-12-19T15:10:23.2201088,0.0181140161407747
2022-12-19T15:10:23.2203776,-0.016429010319809
2022-12-19T15:10:23.2206592,-0.0105073487625675
2022-12-19T15:10:23.2317824,0.0082445798337894
2022-12-19T15:10:23.2319488,-0.0108363299615074
2022-12-19T15:10:23.2320640,-0.0170869727119661
2022-12-19T15:10:23.2321792,-0.00984938636422307
2022-12-19T15:10:23.2322944,-0.0197188222744198
2022-12-19T15:10:23.2324096,-0.0223506718270028
2022-12-19T15:10:23.2325248,2.00496854250026E-05
2022-12-19T15:10:23.2505728,0.0454194573282296
2022-12-19T15:10:23.2510080,-0.0608414704134819
2022-12-19T15:10:23.2512640,0.0404847389606678
2022-12-19T15:10:23.2514432,-0.0213637282459401
2022-12-19T15:10:23.2515584,-0.0223506718270028
2022-12-19T15:10:23.2611456,0.0720669371331538
2022-12-19T15:10:23.2613888,-0.0246535401774255
2022-12-19T15:10:23.2614784,0.0243646592082312
2022-12-19T15:10:23.2615808,0.00857356104175289
2022-12-19T15:10:23.2616832,0.0292993774595181
2022-12-19T15:10:23.2617600,-0.0180739162990437
2022-12-19T15:10:23.2618624,-0.0190608598847322
2022-12-19T15:10:23.2619520,0.043774551201739
2022-12-19T15:10:23.2620416,-0.0246535401774255
2022-12-19T15:10:23.2621312,0.0194299409923665
2022-12-19T15:10:23.2711808,-0.00491466835687079
2022-12-19T15:10:23.2713600,-0.00655957436320019
2022-12-19T15:10:23.2715264,-0.0249825213697274
2022-12-19T15:10:23.2716416,0.0033098617330751
2022-12-19T15:10:23.2717312,-0.0105073487625675
2022-12-19T15:10:23.2816128,-0.0210347470519443
2022-12-19T15:10:23.2818688,-0.0085334615656746
2022-12-19T15:10:23.2820480,-0.0144551231396295
2022-12-19T15:10:23.2821760,-0.0167579915159647
2022-12-19T15:10:23.2822528,-0.000637912722236303
2022-12-19T15:10:23.2926208,0.0427876075277508
2022-12-19T15:10:23.2928384,-0.0522879597967521
2022-12-19T15:10:23.2930176,0.0427876075277508
2022-12-19T15:10:23.2931712,0.0135082791799726
2022-12-19T15:10:23.2932608,-0.0391287124934857
2022-12-19T15:10:23.3021952,0.0825943368524585
2022-12-19T15:10:23.3023488,-0.00820448036564994
2022-12-19T15:10:23.3024512,0.0585787064834723
2022-12-19T15:10:23.3025536,-0.000637912722236303
2022-12-19T15:10:23.3026560,0.0200879034191048
2022-12-19T15:10:23.3027712,-0.064789244509772
2022-12-19T15:10:23.3211392,-0.039457693679041
2022-12-19T15:10:23.3213568,0.0427876075277508
2022-12-19T15:10:23.3215360,-0.0348519570673523
2022-12-19T15:10:23.3216384,0.011205410711089
2022-12-19T15:10:23.3217152,0.0151531852338741
2022-12-19T15:10:23.3339520,-0.00458568715513909
2022-12-19T15:10:23.3342080,-0.000637912722236303
2022-12-19T15:10:23.3343104,0.0151531852338741
2022-12-19T15:10:23.3343744,2.00496854250026E-05
2022-12-19T15:10:23.3344384,-0.0203767846634904
2022-12-19T15:10:23.3344896,-0.0226796530203822
2022-12-19T15:10:23.3345664,-0.016429010319809
2022-12-19T15:10:23.3346304,-0.0147841043367125
2022-12-19T15:10:23.3346816,-0.0055726307598683
2022-12-19T15:10:23.3502336,0.0460774197799385
2022-12-19T15:10:23.3504256,-0.0420895431579843
2022-12-19T15:10:23.3505152,0.0546309317101028
2022-12-19T15:10:23.3505792,-0.0210347470519443
2022-12-19T15:10:23.3506432,-0.0299172392358072
2022-12-19T15:10:23.3507072,0.0733828620890405
2022-12-19T15:10:23.3507584,-0.0118232735573979
2022-12-19T15:10:23.3672576,0.0378528891792314
2022-12-19T15:10:23.3676032,0.00199393691214557
2022-12-19T15:10:23.3677952,0.0316022459889304
2022-12-19T15:10:23.3679232,-0.0085334615656746
2022-12-19T15:10:23.3680384,-0.0246535401774255
2022-12-19T15:10:23.3681536,0.0566048190939116
2022-12-19T15:10:23.3682560,-0.0108363299615074
2022-12-19T15:10:23.3683584,0.0141662416010631
2022-12-19T15:10:23.3848320,0.0108764295018745
2022-12-19T15:10:23.3852032,-0.014126141942392
2022-12-19T15:10:23.3853824,0.000678012093708949
2022-12-19T15:10:23.3854976,0.0118633731299873
2022-12-19T15:10:23.3856128,-0.00458568715513909
2022-12-19T15:10:23.3857536,-0.0289302956653566
2022-12-19T15:10:23.3858688,-0.0190608598847322
2022-12-19T15:10:23.3859968,-0.00590161196113415
2022-12-19T15:10:23.4012416,-0.0180739162990437
2022-12-19T15:10:23.4015616,0.00199393691214557
2022-12-19T15:10:23.4018176,0.0424586263034057
2022-12-19T15:10:23.4019840,-0.0578806398269743
2022-12-19T15:10:23.4021376,0.0543019504800269
2022-12-19T15:10:23.4022528,-0.0108363299615074
2022-12-19T15:10:23.4023552,-0.0249825213697274
2022-12-19T15:10:23.4024704,0.0677901810442935
2022-12-19T15:10:23.4025856,-0.00721753676464547
2022-12-19T15:10:23.4181632,0.0421296450792193
2022-12-19T15:10:23.4184832,-0.00195383753569171
2022-12-19T15:10:23.4186624,0.0302863211140333
2022-12-19T15:10:23.4187776,-0.017415953907813
2022-12-19T15:10:23.4188928,-0.0230086342136077
2022-12-19T15:10:23.4190080,0.0411427014076124
2022-12-19T15:10:23.4191360,-0.0230086342136077
2022-12-19T15:10:23.4192384,0.0108764295018745
2022-12-19T15:10:23.4349312,0.0128503167595087
2022-12-19T15:10:23.4351616,-0.0249825213697274
2022-12-19T15:10:23.4353152,-0.0151130855336409
2022-12-19T15:10:23.4354944,0.00298088052760892
2022-12-19T15:10:23.4356352,0.00199393691214557
2022-12-19T15:10:23.4357632,-0.0161000291234987
2022-12-19T15:10:23.4358784,-0.0197188222744198
2022-12-19T15:10:23.4359936,-0.00590161196113415
2022-12-19T15:10:23.4361088,-0.0226796530203822
2022-12-19T15:10:23.4513536,-0.00359874354901193
2022-12-19T15:10:23.4518016,0.0519990818739629
2022-12-19T15:10:23.4520704,-0.0420895431579843
2022-12-19T15:10:23.4523776,0.0365369642923159
2022-12-19T15:10:23.4525696,-0.0101783675634727
2022-12-19T15:10:23.4526848,-0.0128102171518951
2022-12-19T15:10:23.4528000,0.0628554625139439
2022-12-19T15:10:23.4529152,-0.0134681795474529
2022-12-19T15:10:23.4680192,0.0319312272080495
2022-12-19T15:10:23.4683136,0.00528374896914695
2022-12-19T15:10:23.4684928,0.0286414150239637
2022-12-19T15:10:23.4686208,-0.00655957436320019
2022-12-19T15:10:23.4687360,-0.0266274273289295
2022-12-19T15:10:23.4688512,0.0513411194165228
2022-12-19T15:10:23.4689664,-0.0256404837538696
2022-12-19T15:10:23.4690688,0.0128503167595087
2022-12-19T15:10:23.4691712,0.00725763621083642
2022-12-19T15:10:23.4848768,-0.0177449351035055
2022-12-19T15:10:23.4851840,0.0033098617330751
2022-12-19T15:10:23.4853504,0.0121923543396712
2022-12-19T15:10:23.4854784,-0.0055726307598683
2022-12-19T15:10:23.4855936,-0.0210347470519443
2022-12-19T15:10:23.4857216,-0.0246535401774255
2022-12-19T15:10:23.4858496,-0.0180739162990437
2022-12-19T15:10:23.4859776,-0.02596946494571
2022-12-19T15:10:23.5016320,-0.014126141942392
2022-12-19T15:10:23.5021056,0.0385108516236395
2022-12-19T15:10:23.5023104,-0.0509720350773848
2022-12-19T15:10:23.5024384,0.0526570443320408
2022-12-19T15:10:23.5025408,-0.0253115025618754
2022-12-19T15:10:23.5026816,-0.0193898410796531
2022-12-19T15:10:23.5028224,0.0595656501804112
2022-12-19T15:10:23.5029248,-0.0190608598847322
2022-12-19T15:10:23.5181184,0.0322602084273265
2022-12-19T15:10:23.5185408,-0.00919142396525881
2022-12-19T15:10:23.5188352,0.019100959779233
2022-12-19T15:10:23.5190528,-0.0233376154066791
2022-12-19T15:10:23.5192192,-0.0591965645336023
2022-12-19T15:10:23.5193472,0.0256805840717742
2022-12-19T15:10:23.5194752,-0.0450503738101221
2022-12-19T15:10:23.5195904,0.10397811804277
2022-12-19T15:10:23.5197184,0.0414716826313227
2022-12-19T15:10:23.5347072,-0.0131391983497513
2022-12-19T15:10:23.5350144,0.00956050466658112
2022-12-19T15:10:23.5351936,0.00232291811714419
2022-12-19T15:10:23.5353088,0.00561273017570495
2022-12-19T15:10:23.5354240,-0.0190608598847322
2022-12-19T15:10:23.5355264,-0.00984938636422307
2022-12-19T15:10:23.5356288,-0.00491466835687079
2022-12-19T15:10:23.5357440,-0.0328780699388733
2022-12-19T15:10:23.5516160,-0.0085334615656746
2022-12-19T15:10:23.5519232,0.0348920581872335
2022-12-19T15:10:23.5521792,-0.0549198092281989
2022-12-19T15:10:23.5523712,0.0533150067907566
2022-12-19T15:10:23.5524992,-0.0114942923589225
2022-12-19T15:10:23.5526144,-0.0230086342136077
2022-12-19T15:10:23.5527168,0.0569338003251055
2022-12-19T15:10:23.5528448,-0.00984938636422307
2022-12-19T15:10:23.5682816,0.0279834525890402
2022-12-19T15:10:23.5687552,-0.000637912722236303
2022-12-19T15:10:23.5691136,0.0118633731299873
2022-12-19T15:10:23.5693440,-0.0230086342136077
2022-12-19T15:10:23.5694848,-0.0305752016153402
2022-12-19T15:10:23.5696128,0.0493672320480272
2022-12-19T15:10:23.5697152,-0.0272853897115341
2022-12-19T15:10:23.5698304,0.0118633731299873
2022-12-19T15:10:23.5699328,0.00396782414447519
2022-12-19T15:10:23.5843200,-0.0177449351035055
2022-12-19T15:10:23.5845504,-0.018731878689657
2022-12-19T15:10:23.5846784,0.011205410711089
2022-12-19T15:10:23.5847936,-0.00129587512927513
2022-12-19T15:10:23.5849088,-0.0203767846634904
2022-12-19T15:10:23.5850368,-0.018731878689657
2022-12-19T15:10:23.5851520,0.0128503167595087
2022-12-19T15:10:23.5852544,-0.0230086342136077
2022-12-19T15:10:23.6018304,-0.0085334615656746
2022-12-19T15:10:23.6022144,0.0352210394079334
2022-12-19T15:10:23.6024832,-0.0440634302607818
2022-12-19T15:10:23.6027520,0.0638424062171271
2022-12-19T15:10:23.6029056,-0.0325490887502571
2022-12-19T15:10:23.6030208,-0.017415953907813
2022-12-19T15:10:23.6031232,0.0411427014076124
2022-12-19T15:10:23.6032512,-0.014126141942392
2022-12-19T15:10:23.6174976,0.0345630769666917
2022-12-19T15:10:23.6178048,-0.00261179994148619
2022-12-19T15:10:23.6179968,0.028970396241662
2022-12-19T15:10:23.6181120,-0.00326976234665881
2022-12-19T15:10:23.6182272,-0.0075465179651354
2022-12-19T15:10:23.6183424,0.0569338003251055
2022-12-19T15:10:23.6184576,-0.0184028974944275
2022-12-19T15:10:23.6185728,0.0233777155622271
2022-12-19T15:10:23.6186752,0.0200879034191048
2022-12-19T15:10:23.6351232,-0.0105073487625675
2022-12-19T15:10:23.6354816,-0.0131391983497513
2022-12-19T15:10:23.6357120,0.0141662416010631
2022-12-19T15:10:23.6359040,0.0118633731299873
2022-12-19T15:10:23.6360448,-0.0236665965995966
2022-12-19T15:10:23.6361856,-0.0249825213697274
2022-12-19T15:10:23.6363264,0.0121923543396712
2022-12-19T15:10:23.6364672,-0.0239955777923602
2022-12-19T15:10:23.6510336,-0.00425670595325207
2022-12-19T15:10:23.6513536,0.0292993774595181
2022-12-19T15:10:23.6515328,-0.0526169409762142
2022-12-19T15:10:23.6516608,0.0552888941707336
2022-12-19T15:10:23.6517760,-0.0157710479270339
2022-12-19T15:10:23.6518912,-0.0180739162990437
2022-12-19T15:10:23.6519936,0.0556178754012885
2022-12-19T15:10:23.6521216,-0.0108363299615074
2022-12-19T15:10:23.6683392,0.0286414150239637
2022-12-19T15:10:23.6686720,-0.0055726307598683
2022-12-19T15:10:23.6688384,0.0227197531323445
2022-12-19T15:10:23.6689536,-0.0105073487625675
2022-12-19T15:10:23.6690944,-0.0289302956653566
2022-12-19T15:10:23.6691968,0.0628554625139439
2022-12-19T15:10:23.6693760,-0.0335360323156458
2022-12-19T15:10:23.6695168,0.0135082791799726
2022-12-19T15:10:23.6851840,0.005941711382419
2022-12-19T15:10:23.6853888,-0.0147841043367125
2022-12-19T15:10:23.6855168,-0.0114942923589225
2022-12-19T15:10:23.6856320,0.0187719785662566
2022-12-19T15:10:23.6857472,-0.00688855556400039
2022-12-19T15:10:23.6858624,-0.0226796530203822
2022-12-19T15:10:23.6859776,-0.0131391983497513
2022-12-19T15:10:23.6860928,0.0125213355495117
2022-12-19T15:10:23.6861952,-0.0397866748644434
2022-12-19T15:10:23.7017856,-0.0197188222744198
2022-12-19T15:10:23.7021440,0.030944283551166
2022-12-19T15:10:23.7023872,-0.027943352093524
2022-12-19T15:10:23.7025536,0.0776596182134701
2022-12-19T15:10:23.7026944,-0.0496561103555861
2022-12-19T15:10:23.7028480,-0.0322201075614877
2022-12-19T15:10:23.7029888,0.0536439880203538
2022-12-19T15:10:23.7031296,-0.000966893925833531
2022-12-19T15:10:23.7180928,0.0628554625139439
2022-12-19T15:10:23.7184128,-0.00162485633256119
2022-12-19T15:10:23.7186944,0.00298088052760892
2022-12-19T15:10:23.7188608,-0.00195383753569171
2022-12-19T15:10:23.7190144,-0.0101783675634727
2022-12-19T15:10:23.7191296,0.0539729692501105
2022-12-19T15:10:23.7192448,-0.0203767846634904
2022-12-19T15:10:23.7193600,0.0177850349282693
2022-12-19T15:10:23.7194624,0.00758661741833119
2022-12-19T15:10:23.7347328,-0.0137971607449997
2022-12-19T15:10:23.7350528,-0.0207057658577945
2022-12-19T15:10:23.7352448,0.00890254224987264
2022-12-19T15:10:23.7353728,0.0148242040227804
2022-12-19T15:10:23.7355008,-0.0131391983497513
2022-12-19T15:10:23.7356160,-0.0190608598847322
2022-12-19T15:10:23.7357312,0.0230487343472071
2022-12-19T15:10:23.7358336,-0.0276143709026059
2022-12-19T15:10:23.7517184,-0.0134681795474529
2022-12-19T15:10:23.7520640,0.0408137201840608
2022-12-19T15:10:23.7522304,-0.0575516586499388
2022-12-19T15:10:23.7523584,0.0546309317101028
2022-12-19T15:10:23.7524736,-0.0177449351035055
2022-12-19T15:10:23.7525888,-0.0269564085203087
2022-12-19T15:10:23.7527168,0.0562758378628775
2022-12-19T15:10:23.7528192,-0.0108363299615074
2022-12-19T15:10:23.7683712,0.0131792979696624
2022-12-19T15:10:23.7687808,-0.0220216906334693
2022-12-19T15:10:23.7689856,0.0269965089378377
2022-12-19T15:10:23.7691008,-0.00129587512927513
2022-12-19T15:10:23.7692288,-0.0276143709026059
2022-12-19T15:10:23.7693440,0.0582497252514792
2022-12-19T15:10:23.7694720,-0.0161000291234987
2022-12-19T15:10:23.7695744,0.0207458658464715
2022-12-19T15:10:23.7696896,-0.00129587512927513
2022-12-19T15:10:23.7847680,-0.0039277247512097
2022-12-19T15:10:23.7850880,-0.016429010319809
2022-12-19T15:10:23.7853440,0.00561273017570495
2022-12-19T15:10:23.7855232,0.0121923543396712
2022-12-19T15:10:23.7856640,-0.0131391983497513
2022-12-19T15:10:23.7857664,-0.018731878689657
2022-12-19T15:10:23.7858816,0.0154821664451246
2022-12-19T15:10:23.7859840,-0.0417605619736507
2022-12-19T15:10:23.8016896,-0.0220216906334693
2022-12-19T15:10:23.8019968,0.0286414150239637
2022-12-19T15:10:23.8022144,-0.0513010162574545
2022-12-19T15:10:23.8023424,0.0358790018498081
2022-12-19T15:10:23.8024704,-0.0177449351035055
2022-12-19T15:10:23.8025728,-0.0312331639942593
2022-12-19T15:10:23.8026880,0.0447614948771567
2022-12-19T15:10:23.8027904,-0.0111653111602924
2022-12-19T15:10:23.8205056,0.0161401288680959
2022-12-19T15:10:23.8208128,-0.0167579915159647
2022-12-19T15:10:23.8209664,0.00890254224987264
2022-12-19T15:10:23.8211072,-0.00425670595325207
2022-12-19T15:10:23.8212352,-0.0193898410796531
2022-12-19T15:10:23.8213632,0.0566048190939116
2022-12-19T15:10:23.8214912,-0.0105073487625675
2022-12-19T15:10:23.8216064,0.0171270725037292
2022-12-19T15:10:23.8217472,-0.00294078114415022
2022-12-19T15:10:23.8350336,-0.0134681795474529
2022-12-19T15:10:23.8355712,-0.0167579915159647
2022-12-19T15:10:23.8358912,0.0220617907030912
2022-12-19T15:10:23.8360320,0.00561273017570495
2022-12-19T15:10:23.8361472,-0.0220216906334693
2022-12-19T15:10:23.8362624,-0.0226796530203822
2022-12-19T15:10:23.8363648,0.0204168846327095
2022-12-19T15:10:23.8364928,-0.0358389006295243
2022-12-19T15:10:23.8366080,-0.0118232735573979
2022-12-19T15:10:23.8452096,0.0292993774595181
2022-12-19T15:10:23.8454912,-0.0572226774727517
2022-12-19T15:10:23.8457088,0.0592366689479383
2022-12-19T15:10:23.8459392,-0.0039277247512097
2022-12-19T15:10:23.8461824,-0.0355099194422867
2022-12-19T15:10:23.8463872,0.0457484385540046
2022-12-19T15:10:23.8465920,-0.0177449351035055
2022-12-19T15:10:23.8554752,0.0365369642923159
2022-12-19T15:10:23.8556800,-0.014126141942392
2022-12-19T15:10:23.8558080,0.0204168846327095
2022-12-19T15:10:23.8559360,-0.00326976234665881
2022-12-19T15:10:23.8560640,-0.0151130855336409
2022-12-19T15:10:23.8735488,0.0523280631029221
2022-12-19T15:10:23.8738560,-0.0180739162990437
2022-12-19T15:10:23.8740096,0.0141662416010631
2022-12-19T15:10:23.8741248,-0.00326976234665881
2022-12-19T15:10:23.8743040,-0.0246535401774255
2022-12-19T15:10:23.8863232,-0.0078754991654702
2022-12-19T15:10:23.8867200,0.011205410711089
2022-12-19T15:10:23.8870528,-0.00524364955844718
2022-12-19T15:10:23.8872832,-0.0101783675634727
2022-12-19T15:10:23.8875392,-0.0233376154066791
2022-12-19T15:10:23.8877696,0.0214038282744669
2022-12-19T15:10:23.8880384,-0.0341939946918055
2022-12-19T15:10:23.8883200,-0.0157710479270339
2022-12-19T15:10:23.8886144,0.0345630769666917
2022-12-19T15:10:23.8963712,-0.064789244509772
2022-12-19T15:10:23.8967552,0.0677901810442935
2022-12-19T15:10:23.8970112,-0.0262984461373967
2022-12-19T15:10:23.8972416,-0.0295882580458106
2022-12-19T15:10:23.8973952,0.0503541757315581
2022-12-19T15:10:23.8975104,-0.0216927094397817
2022-12-19T15:10:23.8976256,0.0371949267354569
2022-12-19T15:10:23.8977408,-0.0111653111602924
2022-12-19T15:10:23.9065984,0.0115343919204599
2022-12-19T15:10:23.9068928,-0.0684080374122746
2022-12-19T15:10:23.9070464,-0.0299172392358072
2022-12-19T15:10:23.9071744,0.0865421117898348
2022-12-19T15:10:23.9181440,-0.038141768935903
2022-12-19T15:10:23.9184640,-0.0374838065634167
2022-12-19T15:10:23.9186432,-0.0226796530203822
2022-12-19T15:10:23.9187584,-0.0289302956653566
2022-12-19T15:10:23.9188736,-0.00919142396525881
2022-12-19T15:10:23.9354112,0.0181140161407747
2022-12-19T15:10:23.9358208,0.0128503167595087
2022-12-19T15:10:23.9360000,-0.0322201075614877
2022-12-19T15:10:23.9361280,-0.0276143709026059
2022-12-19T15:10:23.9362432,0.0184429973534371
2022-12-19T15:10:23.9363456,-0.0378127877497363
2022-12-19T15:10:23.9512064,-0.0147841043367125
2022-12-19T15:10:23.9515392,0.0388398328460813
2022-12-19T15:10:23.9517440,-0.0631443386389618
2022-12-19T15:10:23.9518720,0.064829349921753
2022-12-19T15:10:23.9520000,-0.0085334615656746
2022-12-19T15:10:23.9522432,-0.0450503738101221
2022-12-19T15:10:23.9523840,0.0467353822322834
2022-12-19T15:10:23.9524992,-0.0193898410796531
2022-12-19T15:10:23.9678848,0.0217328094887004
2022-12-19T15:10:23.9681920,-0.0216927094397817
2022-12-19T15:10:23.9683840,0.0279834525890402
2022-12-19T15:10:23.9685376,0.000678012093708949
2022-12-19T15:10:23.9686528,-0.0177449351035055
2022-12-19T15:10:23.9687808,0.0450904761026137
2022-12-19T15:10:23.9688832,-0.0322201075614877
2022-12-19T15:10:23.9689984,0.00692865500349785
2022-12-19T15:10:23.9851392,2.00496854250026E-05
2022-12-19T15:10:23.9854592,-0.0223506718270028
2022-12-19T15:10:23.9857152,-0.0190608598847322
2022-12-19T15:10:23.9859200,0.0167980912916946
2022-12-19T15:10:23.9860608,0.010218467083915
2022-12-19T15:10:23.9861760,-0.0085334615656746
2022-12-19T15:10:23.9862912,-0.0299172392358072
2022-12-19T15:10:23.9863936,0.0256805840717742
2022-12-19T15:10:23.9865216,-0.0371548253769442
2022-12-19T15:10:24.0013696,0.0033098617330751
2022-12-19T15:10:24.0016896,0.0385108516236395
2022-12-19T15:10:24.0018560,-0.0434054678937928
2022-12-19T15:10:24.0019712,0.0434455699769174
2022-12-19T15:10:24.0020864,-0.0322201075614877
2022-12-19T15:10:24.0022016,-0.0312331639942593
2022-12-19T15:10:24.0023168,0.0500251945035551
2022-12-19T15:10:24.0024320,-0.00984938636422307
2022-12-19T15:10:24.0185600,0.0352210394079334
2022-12-19T15:10:24.0188288,-0.0180739162990437
2022-12-19T15:10:24.0189824,0.0227197531323445
2022-12-19T15:10:24.0190976,-0.00952040516481843
2022-12-19T15:10:24.0192128,-0.0134681795474529
2022-12-19T15:10:24.0193152,0.0335761333060152
2022-12-19T15:10:24.0195072,-0.0210347470519443
2022-12-19T15:10:24.0198656,0.0220617907030912
2022-12-19T15:10:24.0346880,0.00265189932229863
2022-12-19T15:10:24.0349952,-0.0124812359538841
2022-12-19T15:10:24.0351744,-0.00458568715513909
2022-12-19T15:10:24.0353024,0.0181140161407747
2022-12-19T15:10:24.0354304,0.011205410711089
2022-12-19T15:10:24.0355456,-0.0157710479270339
2022-12-19T15:10:24.0356608,-0.02596946494571
2022-12-19T15:10:24.0357760,0.0141662416010631
2022-12-19T15:10:24.0358784,-0.0318911263725649
2022-12-19T15:10:24.0519040,-0.00952040516481843
2022-12-19T15:10:24.0522624,0.0352210394079334
2022-12-19T15:10:24.0525568,-0.0493271291747564
2022-12-19T15:10:24.0527488,0.0556178754012885
2022-12-19T15:10:24.0528768,-0.00952040516481843
2022-12-19T15:10:24.0529920,-0.0338650135038022
2022-12-19T15:10:24.0531072,0.0233777155622271
2022-12-19T15:10:24.0532224,-0.0111653111602924
2022-12-19T15:10:24.0682624,0.0365369642923159
2022-12-19T15:10:24.0684800,-0.0332070511273362
2022-12-19T15:10:24.0686080,0.0210748470603906
2022-12-19T15:10:24.0687104,-0.0124812359538841
2022-12-19T15:10:24.0688256,-0.00886244276554422
2022-12-19T15:10:24.0689408,0.0536439880203538
2022-12-19T15:10:24.0690432,-0.0246535401774255
2022-12-19T15:10:24.0691584,0.00923152345814872
2022-12-19T15:10:24.0692736,0.00561273017570495
2022-12-19T15:10:24.0853376,-0.0239955777923602
2022-12-19T15:10:24.0858240,-8.90848401639183
2022-12-19T15:10:24.0861312,-0.112162531981557
2022-12-19T15:10:24.0863232,0.0158111476565318
2022-12-19T15:10:24.0864640,-0.00590161196113415
2022-12-19T15:10:24.0865792,-0.0124812359538841
2022-12-19T15:10:24.0866944,0.011205410711089
2022-12-19T15:10:24.0867968,-0.0295882580458106
2022-12-19T15:10:24.1016192,-0.018731878689657
2022-12-19T15:10:24.1019264,0.0378528891792314
2022-12-19T15:10:24.1021056,-0.0848570958306845
2022-12-19T15:10:24.1022336,0.0352210394079334
2022-12-19T15:10:24.1023360,-0.0332070511273362
2022-12-19T15:10:24.1024896,-0.0322201075614877
2022-12-19T15:10:24.1026048,0.0638424062171271
2022-12-19T15:10:24.1027072,0.0266675277210854
2022-12-19T15:10:24.1028096,0.0322602084273265
2022-12-19T15:10:24.1186560,-0.0805803406779723
2022-12-19T15:10:24.1190272,0.0549599129403384
2022-12-19T15:10:24.1192448,0.00758661741833119
2022-12-19T15:10:24.1193600,-0.0151130855336409
2022-12-19T15:10:24.1194752,0.0832522993404034
2022-12-19T15:10:24.1196800,0.0033098617330751
2022-12-19T15:10:24.1199104,-0.00162485633256119
2022-12-19T15:10:24.1201792,0.0381818704013563
2022-12-19T15:10:24.1346560,-0.0213637282459401
2022-12-19T15:10:24.1349760,-0.000966893925833531
2022-12-19T15:10:24.1351552,0.0220617907030912
2022-12-19T15:10:24.1352704,0.0171270725037292
2022-12-19T15:10:24.1353856,-0.0144551231396295
2022-12-19T15:10:24.1354880,-0.0276143709026059
2022-12-19T15:10:24.1356032,0.0125213355495117
2022-12-19T15:10:24.1357312,-0.0384707501219167
2022-12-19T15:10:24.1519616,-0.00326976234665881
2022-12-19T15:10:24.1523072,0.0401557577374334
2022-12-19T15:10:24.1524736,-0.0559067527624882
2022-12-19T15:10:24.1525888,0.0434455699769174
2022-12-19T15:10:24.1527040,-0.0147841043367125
2022-12-19T15:10:24.1528448,-0.0239955777923602
2022-12-19T15:10:24.1529600,0.0411427014076124
2022-12-19T15:10:24.1532544,-0.000308931518483477
2022-12-19T15:10:24.1681920,0.0319312272080495
2022-12-19T15:10:24.1685248,-0.0137971607449997
2022-12-19T15:10:24.1687424,0.0381818704013563
2022-12-19T15:10:24.1688704,-0.00129587512927513
2022-12-19T15:10:24.1690112,-0.0253115025618754
2022-12-19T15:10:24.1691264,0.0536439880203538
2022-12-19T15:10:24.1692288,-0.0157710479270339
2022-12-19T15:10:24.1693440,0.00956050466658112
2022-12-19T15:10:24.1694464,0.00528374896914695
2022-12-19T15:10:24.1852672,-0.0203767846634904
2022-12-19T15:10:24.1856000,-0.0170869727119661
2022-12-19T15:10:24.1857792,0.019100959779233
2022-12-19T15:10:24.1859328,-0.000966893925833531
2022-12-19T15:10:24.1861888,-0.0210347470519443
2022-12-19T15:10:24.1863424,-0.0167579915159647
2022-12-19T15:10:24.1864704,0.00561273017570495
2022-12-19T15:10:24.1865728,-0.0414315807891646
2022-12-19T15:10:24.2016512,-0.0131391983497513
2022-12-19T15:10:24.2019584,0.0348920581872335
2022-12-19T15:10:24.2021248,-0.0519589786171381
2022-12-19T15:10:24.2022528,0.0519990818739629
2022-12-19T15:10:24.2023680,-0.0292592768556604
2022-12-19T15:10:24.2024832,-0.0269564085203087
2022-12-19T15:10:24.2026112,0.0493672320480272
2022-12-19T15:10:24.2027264,-0.00524364955844718
2022-12-19T15:10:24.2187520,0.0319312272080495
2022-12-19T15:10:24.2192256,-0.0230086342136077
2022-12-19T15:10:24.2194688,0.0427876075277508
2022-12-19T15:10:24.2196736,0.00923152345814872
2022-12-19T15:10:24.2198144,-0.0348519570673523
2022-12-19T15:10:24.2199168,0.0408137201840608
2022-12-19T15:10:24.2200320,-0.0236665965995966
2022-12-19T15:10:24.2201344,0.0200879034191048
2022-12-19T15:10:24.2202496,0.00133597450261574
2022-12-19T15:10:24.2346752,-0.0075465179651354
2022-12-19T15:10:24.2348928,-0.0101783675634727
2022-12-19T15:10:24.2350080,0.00923152345814872
2022-12-19T15:10:24.2351232,0.00298088052760892
2022-12-19T15:10:24.2352384,-0.014126141942392
2022-12-19T15:10:24.2353408,-0.0262984461373967
2022-12-19T15:10:24.2354432,0.0171270725037292
2022-12-19T15:10:24.2355712,-0.0200478034690322
2022-12-19T15:10:24.2519552,-0.0216927094397817
2022-12-19T15:10:24.2523520,0.0306153023325207
2022-12-19T15:10:24.2525312,-0.0457083361755869
2022-12-19T15:10:24.2526464,0.0575917627879726
2022-12-19T15:10:24.2527616,-0.0200478034690322
2022-12-19T15:10:24.2528640,-0.0434054678937928
2022-12-19T15:10:24.2529792,0.0358790018498081
2022-12-19T15:10:24.2530944,-0.00984938636422307
2022-12-19T15:10:24.2682752,0.0391688140686815
2022-12-19T15:10:24.2685056,-0.0108363299615074
2022-12-19T15:10:24.2686336,0.027654471371815
2022-12-19T15:10:24.2687488,0.005941711382419
2022-12-19T15:10:24.2688640,-0.017415953907813
2022-12-19T15:10:24.2689920,0.0424586263034057
2022-12-19T15:10:24.2691072,-0.0147841043367125
2022-12-19T15:10:24.2692096,0.00791559862598218
2022-12-19T15:10:24.2693248,0.00265189932229863
2022-12-19T15:10:24.2853632,-0.0184028974944275
2022-12-19T15:10:24.2858112,-0.0243245589849698
2022-12-19T15:10:24.2861184,0.0148242040227804
2022-12-19T15:10:24.2863104,0.00988948587516988
2022-12-19T15:10:24.2864384,-0.0276143709026059
2022-12-19T15:10:24.2865536,-0.0118232735573979
2022-12-19T15:10:24.2866560,0.0237066967774044
2022-12-19T15:10:24.2867712,-0.0437344490773635
2022-12-19T15:10:24.3016960,-0.00491466835687079
2022-12-19T15:10:24.3019264,0.00923152345814872
2022-12-19T15:10:24.3020544,0.00396782414447519
2022-12-19T15:10:24.3021952,0.005941711382419
2022-12-19T15:10:24.3023104,-0.0361678818166088
2022-12-19T15:10:24.3024128,-0.0430764867100695
2022-12-19T15:10:24.3025152,0.0470643634586944
2022-12-19T15:10:24.3026432,0.00528374896914695
2022-12-19T15:10:24.3027456,0.0256805840717742
2022-12-19T15:10:24.3187200,-0.0434054678937928
2022-12-19T15:10:24.3190656,0.0378528891792314
2022-12-19T15:10:24.3192448,-0.0374838065634167
2022-12-19T15:10:24.3193984,0.0158111476565318
2022-12-19T15:10:24.3195264,0.027654471371815
2022-12-19T15:10:24.3196928,-0.00162485633256119
2022-12-19T15:10:24.3198336,0.0118633731299873
2022-12-19T15:10:24.3200128,0.00462578655649906
2022-12-19T15:10:24.3346816,-0.00886244276554422
2022-12-19T15:10:24.3349888,-0.0233376154066791
2022-12-19T15:10:24.3352448,0.0253516028556522
2022-12-19T15:10:24.3354240,0.0108764295018745
2022-12-19T15:10:24.3355392,-0.00919142396525881
2022-12-19T15:10:24.3356544,-0.0325490887502571
2022-12-19T15:10:24.3357696,0.0200879034191048
2022-12-19T15:10:24.3358720,-0.0177449351035055
2022-12-19T15:10:24.3519232,-0.0039277247512097
2022-12-19T15:10:24.3521536,0.034234095746308
2022-12-19T15:10:24.3522816,-0.0542618468712477
2022-12-19T15:10:24.3523968,0.0549599129403384
2022-12-19T15:10:24.3525120,-0.0256404837538696
2022-12-19T15:10:24.3526528,-0.0335360323156458
2022-12-19T15:10:24.3527808,0.0371949267354569
2022-12-19T15:10:24.3528832,-0.0111653111602924
2022-12-19T15:10:24.3686272,0.0233777155622271
2022-12-19T15:10:24.3689600,-0.0134681795474529
2022-12-19T15:10:24.3691776,0.0543019504800269
2022-12-19T15:10:24.3693568,-0.00919142396525881
2022-12-19T15:10:24.3694976,-0.014126141942392
2022-12-19T15:10:24.3696000,0.0404847389606678
2022-12-19T15:10:24.3697152,-0.0151130855336409
2022-12-19T15:10:24.3698176,-0.00326976234665881
2022-12-19T15:10:24.3699200,0.00725763621083642
2022-12-19T15:10:24.3851136,-0.0131391983497513
2022-12-19T15:10:24.3854464,-0.0114942923589225
2022-12-19T15:10:24.3856640,0.00923152345814872
2022-12-19T15:10:24.3857920,0.00988948587516988
2022-12-19T15:10:24.3859200,-0.00820448036564994
2022-12-19T15:10:24.3860352,-0.0305752016153402
2022-12-19T15:10:24.3861504,0.0223907719176392
2022-12-19T15:10:24.3862656,-0.0256404837538696
2022-12-19T15:10:24.4020736,-0.0144551231396295
2022-12-19T15:10:24.4025856,0.0332471520861059
2022-12-19T15:10:24.4029568,-0.0503140727167894
2022-12-19T15:10:24.4032512,0.0467353822322834
2022-12-19T15:10:24.4034304,-0.0210347470519443
2022-12-19T15:10:24.4035456,-0.0355099194422867
2022-12-19T15:10:24.4036480,0.0312732647699692
2022-12-19T15:10:24.4037632,-0.000308931518483477
2022-12-19T15:10:24.4181248,0.0371949267354569
2022-12-19T15:10:24.4184448,-0.0262984461373967
2022-12-19T15:10:24.4186368,0.0362079830709829
2022-12-19T15:10:24.4187648,-0.0055726307598683
2022-12-19T15:10:24.4188800,-0.0253115025618754
2022-12-19T15:10:24.4189952,0.0500251945035551
2022-12-19T15:10:24.4190976,-0.0128102171518951
2022-12-19T15:10:24.4192384,0.0154821664451246
2022-12-19T15:10:24.4193664,0.0082445798337894
2022-12-19T15:10:24.4352896,-0.0108363299615074
2022-12-19T15:10:24.4355328,-0.0213637282459401
2022-12-19T15:10:24.4356480,0.0207458658464715
2022-12-19T15:10:24.4357632,0.00956050466658112
2022-12-19T15:10:24.4358912,-0.0111653111602924
2022-12-19T15:10:24.4359936,-0.0233376154066791
2022-12-19T15:10:24.4361088,0.00495476776274499
2022-12-19T15:10:24.4362240,-0.0223506718270028
2022-12-19T15:10:24.4520960,-0.00688855556400039
2022-12-19T15:10:24.4525696,0.0355500206287917
2022-12-19T15:10:24.4527744,-0.0638023009877389
2022-12-19T15:10:24.4529152,0.0539729692501105
2022-12-19T15:10:24.4530688,-0.0236665965995966
2022-12-19T15:10:24.4531712,-0.016429010319809
2022-12-19T15:10:24.4532864,0.0256805840717742
2022-12-19T15:10:24.4534272,-0.00491466835687079
2022-12-19T15:10:24.4616704,0.0388398328460813
2022-12-19T15:10:24.4619520,-0.0299172392358072
2022-12-19T15:10:24.4621056,0.0217328094887004
2022-12-19T15:10:24.4622208,-0.00129587512927513
2022-12-19T15:10:24.4623360,-0.0203767846634904
2022-12-19T15:10:24.4624640,0.0477223259119937
2022-12-19T15:10:24.4625792,-0.00590161196113415
2022-12-19T15:10:24.4626816,0.0082445798337894
2022-12-19T15:10:24.4627840,2.00496854250026E-05
2022-12-19T15:10:24.4721280,-0.00425670595325207
2022-12-19T15:10:24.4724224,-0.00952040516481843
2022-12-19T15:10:24.4726784,0.0332471520861059
2022-12-19T15:10:24.4728576,0.0200879034191048
2022-12-19T15:10:24.4729984,0.0131792979696624
2022-12-19T15:10:24.4851584,-0.0256404837538696
2022-12-19T15:10:24.4854912,0.0167980912916946
2022-12-19T15:10:24.4856704,-0.0239955777923602
2022-12-19T15:10:24.4857984,0.0033098617330751
2022-12-19T15:10:24.4859264,0.0398267765143575
2022-12-19T15:10:24.4951808,-0.0516299974373722
2022-12-19T15:10:24.4955392,0.0414716826313227
2022-12-19T15:10:24.4956928,-0.027943352093524
2022-12-19T15:10:24.4958080,-0.0134681795474529
2022-12-19T15:10:24.4959360,0.0329181708663548
2022-12-19T15:10:24.4960512,0.00396782414447519
2022-12-19T15:10:24.5071488,0.0335761333060152
2022-12-19T15:10:24.5074944,-0.0197188222744198
2022-12-19T15:10:24.5077632,0.0431165887522547
2022-12-19T15:10:24.5079424,-0.00919142396525881
2022-12-19T15:10:24.5080576,-0.0312331639942593
2022-12-19T15:10:24.5186176,0.0533150067907566
2022-12-19T15:10:24.5188352,-0.00524364955844718
2022-12-19T15:10:24.5189760,0.00363884293869718
2022-12-19T15:10:24.5190912,0.0187719785662566
2022-12-19T15:10:24.5191936,-0.00491466835687079
2022-12-19T15:10:24.5193088,-0.0220216906334693
2022-12-19T15:10:24.5354240,0.0621975000459563
2022-12-19T15:10:24.5358848,-0.0154420667304147
2022-12-19T15:10:24.5360384,0.0082445798337894
2022-12-19T15:10:24.5361664,-0.0374838065634167
2022-12-19T15:10:24.5362944,-0.0325490887502571
2022-12-19T15:10:24.5364224,-0.0493271291747564
2022-12-19T15:10:24.5516160,-0.0124812359538841
2022-12-19T15:10:24.5518720,0.0329181708663548
2022-12-19T15:10:24.5520128,-0.0470242609046887
2022-12-19T15:10:24.5521280,0.0727248996107753
2022-12-19T15:10:24.5522560,-0.0450503738101221
2022-12-19T15:10:24.5523840,-0.0368258441903187
2022-12-19T15:10:24.5524992,0.0306153023325207
2022-12-19T15:10:24.5526144,0.00232291811714419
2022-12-19T15:10:24.5686656,0.0464064010060314
2022-12-19T15:10:24.5689856,-0.017415953907813
2022-12-19T15:10:24.5691776,0.0365369642923159
2022-12-19T15:10:24.5693056,-0.0203767846634904
2022-12-19T15:10:24.5694080,-0.0239955777923602
2022-12-19T15:10:24.5695232,0.0467353822322834
2022-12-19T15:10:24.5696512,0.00100699329808449
2022-12-19T15:10:24.5697792,0.00561273017570495
2022-12-19T15:10:24.5852672,-0.00590161196113415
2022-12-19T15:10:24.5854848,0.00627069258928915
2022-12-19T15:10:24.5856128,-0.00228281873866669
2022-12-19T15:10:24.5857280,0.011205410711089
2022-12-19T15:10:24.5858304,0.0141662416010631
2022-12-19T15:10:24.5859456,-0.00590161196113415
2022-12-19T15:10:24.5860608,-0.0246535401774255
2022-12-19T15:10:24.5861760,0.0125213355495117
2022-12-19T15:10:24.5862784,-0.0407736184197342
2022-12-19T15:10:24.5979648,-0.00458568715513909
2022-12-19T15:10:24.5983744,0.0332471520861059
2022-12-19T15:10:24.5985536,-0.0559067527624882
2022-12-19T15:10:24.5987072,0.0483802883659295
2022-12-19T15:10:24.5988736,-0.027943352093524
2022-12-19T15:10:24.5990144,-0.0161000291234987
2022-12-19T15:10:24.5991552,0.0388398328460813
2022-12-19T15:10:24.5992832,0.00265189932229863
2022-12-19T15:10:24.6073984,0.0381818704013563
2022-12-19T15:10:24.6077056,-0.0305752016153402
2022-12-19T15:10:24.6079488,0.0325891896467616
2022-12-19T15:10:24.6081152,-0.0134681795474529
2022-12-19T15:10:24.6082304,-0.018731878689657
2022-12-19T15:10:24.6083584,0.0582497252514792
2022-12-19T15:10:24.6084608,-0.0180739162990437
2022-12-19T15:10:24.6189312,0.00199393691214557
2022-12-19T15:10:24.6191744,-0.00425670595325207
2022-12-19T15:10:24.6192896,0.0033098617330751
2022-12-19T15:10:24.6194048,-0.0055726307598683
2022-12-19T15:10:24.6343808,0.0194299409923665
2022-12-19T15:10:24.6346112,0.00725763621083642
2022-12-19T15:10:24.6347392,-0.0137971607449997
2022-12-19T15:10:24.6348544,-0.0230086342136077
2022-12-19T15:10:24.6349696,0.0174560537159208
2022-12-19T15:10:24.6350976,-0.0460373173580908
2022-12-19T15:10:24.6484224,-0.0200478034690322
2022-12-19T15:10:24.6487424,0.0414716826313227
2022-12-19T15:10:24.6489984,-0.0565647151179231
2022-12-19T15:10:24.6492544,0.0345630769666917
2022-12-19T15:10:24.6494080,-0.0170869727119661
2022-12-19T15:10:24.6495232,-0.0167579915159647
2022-12-19T15:10:24.6496384,0.0197589222056571
2022-12-19T15:10:24.6497408,0.005941711382419
2022-12-19T15:10:24.6582272,0.0345630769666917
2022-12-19T15:10:24.6585600,-0.0325490887502571
2022-12-19T15:10:24.6588416,0.0352210394079334
2022-12-19T15:10:24.6590080,-0.00590161196113415
2022-12-19T15:10:24.6591616,-0.0118232735573979
2022-12-19T15:10:24.6592896,0.0467353822322834
2022-12-19T15:10:24.6594048,-0.00228281873866669
2022-12-19T15:10:24.6691200,-0.0105073487625675
2022-12-19T15:10:24.6694144,-0.0039277247512097
2022-12-19T15:10:24.6696064,0.0033098617330751
2022-12-19T15:10:24.6698496,-0.0216927094397817
2022-12-19T15:10:24.6701056,0.0141662416010631
2022-12-19T15:10:24.6787584,0.0253516028556522
2022-12-19T15:10:24.6790656,-0.017415953907813
2022-12-19T15:10:24.6793216,-0.0167579915159647
2022-12-19T15:10:24.6795008,0.00528374896914695
2022-12-19T15:10:24.6796160,-0.0420895431579843
2022-12-19T15:10:24.6903808,-0.00886244276554422
2022-12-19T15:10:24.6908416,0.0431165887522547
2022-12-19T15:10:24.6912384,-0.0503140727167894
2022-12-19T15:10:24.6915456,-0.00458568715513909
2022-12-19T15:10:24.6917120,-0.0124812359538841
2022-12-19T15:10:24.7052544,0.0141662416010631
2022-12-19T15:10:24.7055744,0.068448143517735
2022-12-19T15:10:24.7057792,0.0164691100798168
2022-12-19T15:10:24.7060352,0.00429680535040913
2022-12-19T15:10:24.7062016,-0.00820448036564994
2022-12-19T15:10:24.7063168,-0.00228281873866669
2022-12-19T15:10:24.7202432,-0.0157710479270339
2022-12-19T15:10:24.7205888,-0.0348519570673523
2022-12-19T15:10:24.7208448,0.0615395375786094
2022-12-19T15:10:24.7211008,-0.0124812359538841
2022-12-19T15:10:24.7212544,-0.00655957436320019
2022-12-19T15:10:24.7213696,0.0184429973534371
2022-12-19T15:10:24.7216128,-0.00952040516481843
2022-12-19T15:10:24.7341312,-0.017415953907813
2022-12-19T15:10:24.7345280,0.0174560537159208
2022-12-19T15:10:24.7347968,0.0108764295018745
2022-12-19T15:10:24.7350016,-0.0039277247512097
2022-12-19T15:10:24.7351808,-0.0118232735573979
2022-12-19T15:10:24.7353216,0.0148242040227804
2022-12-19T15:10:24.7354496,-0.0358389006295243
2022-12-19T15:10:24.7355904,-0.0055726307598683
2022-12-19T15:10:24.7480832,0.0358790018498081
2022-12-19T15:10:24.7483008,-0.0614994327643749
2022-12-19T15:10:24.7484160,0.0582497252514792
2022-12-19T15:10:24.7485312,-0.0128102171518951
2022-12-19T15:10:24.7486592,-0.0167579915159647
2022-12-19T15:10:24.7487872,0.0316022459889304
2022-12-19T15:10:24.7489152,0.00890254224987264
2022-12-19T15:10:24.7584256,0.0204168846327095
2022-12-19T15:10:24.7587200,-0.0266274273289295
2022-12-19T15:10:24.7588992,0.0266675277210854
2022-12-19T15:10:24.7590272,-0.0055726307598683
2022-12-19T15:10:24.7591424,-0.0184028974944275
2022-12-19T15:10:24.7592576,0.0549599129403384
2022-12-19T15:10:24.7593728,-0.00458568715513909
2022-12-19T15:10:24.7700992,-0.00162485633256119
2022-12-19T15:10:24.7703168,0.00199393691214557
2022-12-19T15:10:24.7704320,-0.0131391983497513
2022-12-19T15:10:24.7705344,-0.0101783675634727
2022-12-19T15:10:24.7706496,0.00396782414447519
2022-12-19T15:10:24.7841152,0.0174560537159208
2022-12-19T15:10:24.7844096,0.00363884293869718
2022-12-19T15:10:24.7845248,-0.0276143709026059
2022-12-19T15:10:24.7846656,0.0187719785662566
2022-12-19T15:10:24.7849472,-0.0450503738101221
2022-12-19T15:10:24.7942528,-0.0200478034690322
2022-12-19T15:10:24.7945600,0.0352210394079334
2022-12-19T15:10:24.7948416,-0.0763035854999428
2022-12-19T15:10:24.7950208,0.0414716826313227
2022-12-19T15:10:24.7951232,-0.018731878689657
2022-12-19T15:10:24.7952768,-0.000308931518483477
2022-12-19T15:10:24.7954048,0.0292993774595181
2022-12-19T15:10:24.7955072,-0.0118232735573979
2022-12-19T15:10:24.8062208,0.0177850349282693
2022-12-19T15:10:24.8065664,-0.0239955777923602
2022-12-19T15:10:24.8068352,0.0312732647699692
2022-12-19T15:10:24.8071040,-0.00820448036564994
2022-12-19T15:10:24.8073984,-0.0216927094397817
2022-12-19T15:10:24.8201344,0.0500251945035551
2022-12-19T15:10:24.8205312,-0.0108363299615074
2022-12-19T15:10:24.8208512,-0.0121522547557184
2022-12-19T15:10:24.8210304,0.00232291811714419
2022-12-19T15:10:24.8211584,-0.000966893925833531
2022-12-19T15:10:24.8212736,-0.00129587512927513
2022-12-19T15:10:24.8341120,0.0135082791799726
2022-12-19T15:10:24.8343424,0.0128503167595087
2022-12-19T15:10:24.8344576,0.00133597450261574
2022-12-19T15:10:24.8345728,-0.0108363299615074
2022-12-19T15:10:24.8347136,-0.00294078114415022
2022-12-19T15:10:24.8348416,-0.0305752016153402
2022-12-19T15:10:24.8349568,-0.0233376154066791
2022-12-19T15:10:24.8444544,0.043774551201739
2022-12-19T15:10:24.8446976,-0.0730137738072749
2022-12-19T15:10:24.8448128,0.0470643634586944
2022-12-19T15:10:24.8449280,-0.018731878689657
2022-12-19T15:10:24.8450432,-0.00919142396525881
2022-12-19T15:10:24.8451712,0.0200879034191048
2022-12-19T15:10:24.8452864,0.00692865500349785
2022-12-19T15:10:24.8562816,0.0151531852338741
2022-12-19T15:10:24.8567808,-0.0128102171518951
2022-12-19T15:10:24.8571264,0.0286414150239637
2022-12-19T15:10:24.8574464,-0.0180739162990437
2022-12-19T15:10:24.8577664,-0.0108363299615074
2022-12-19T15:10:24.8695296,0.0496962132757115
2022-12-19T15:10:24.8699264,0.00561273017570495
2022-12-19T15:10:24.8702208,-0.0039277247512097
2022-12-19T15:10:24.8704768,-0.00195383753569171
2022-12-19T15:10:24.8707072,-0.0055726307598683
2022-12-19T15:10:24.8709760,-0.00326976234665881
2022-12-19T15:10:24.8792320,0.0214038282744669
2022-12-19T15:10:24.8795648,0.00923152345814872
2022-12-19T15:10:24.8798208,-0.0121522547557184
2022-12-19T15:10:24.8799872,-0.0220216906334693
2022-12-19T15:10:24.8801024,0.0174560537159208
2022-12-19T15:10:24.8802176,-0.0420895431579843
2022-12-19T15:10:24.8803200,-0.0108363299615074
2022-12-19T15:10:24.8894080,0.0378528891792314
2022-12-19T15:10:24.8897408,-0.0802513595113311
2022-12-19T15:10:24.8900352,0.0431165887522547
2022-12-19T15:10:24.8903168,-0.00294078114415022
2022-12-19T15:10:24.8990464,0.00956050466658112
2022-12-19T15:10:24.8993920,0.00627069258928915
2022-12-19T15:10:24.8995840,-0.00491466835687079
2022-12-19T15:10:24.8998016,0.0358790018498081
2022-12-19T15:10:24.8999168,-0.0532749033346829
2022-12-19T15:10:24.9086464,0.0181140161407747
2022-12-19T15:10:24.9089536,-0.0055726307598683
2022-12-19T15:10:24.9091584,0.00561273017570495
2022-12-19T15:10:24.9092864,0.0358790018498081
2022-12-19T15:10:24.9094016,-0.000637912722236303
2022-12-19T15:10:24.9201536,-0.0078754991654702
2022-12-19T15:10:24.9204864,0.0431165887522547
2022-12-19T15:10:24.9207680,0.0131792979696624
2022-12-19T15:10:24.9209856,-0.0328780699388733
2022-12-19T15:10:24.9211136,-0.00623059316224477
2022-12-19T15:10:24.9302656,0.0144952228118434
2022-12-19T15:10:24.9305728,-0.0295882580458106
2022-12-19T15:10:24.9307392,-0.00129587512927513
2022-12-19T15:10:24.9308544,0.00791559862598218
2022-12-19T15:10:24.9309696,-0.0387997313077776
2022-12-19T15:10:24.9310720,-0.027943352093524
2022-12-19T15:10:24.9403008,0.0325891896467616
2022-12-19T15:10:24.9405056,-0.0641312821619009
2022-12-19T15:10:24.9406464,0.0424586263034057
2022-12-19T15:10:24.9408384,-0.0246535401774255
2022-12-19T15:10:24.9410944,-0.00129587512927513
2022-12-19T15:10:24.9500544,0.00988948587516988
2022-12-19T15:10:24.9502976,0.00166495570730275
2022-12-19T15:10:24.9504256,0.0325891896467616
2022-12-19T15:10:24.9505408,-0.0328780699388733
2022-12-19T15:10:24.9506688,0.0355500206287917
2022-12-19T15:10:24.9631232,-0.000637912722236303
2022-12-19T15:10:24.9635456,-0.0213637282459401
2022-12-19T15:10:24.9637120,0.06055259387879
2022-12-19T15:10:24.9638272,-0.0101783675634727
2022-12-19T15:10:24.9732864,0.00528374896914695
2022-12-19T15:10:24.9737344,-0.0055726307598683
2022-12-19T15:10:24.9740544,-0.00886244276554422
2022-12-19T15:10:24.9742208,-0.00721753676464547
2022-12-19T15:10:24.9743232,0.00659967379631543
2022-12-19T15:10:24.9744384,0.0207458658464715
2022-12-19T15:10:24.9745408,-0.00623059316224477
2022-12-19T15:10:24.9852160,-0.02596946494571
2022-12-19T15:10:24.9855360,0.0233777155622271
2022-12-19T15:10:24.9858304,-0.0368258441903187
2022-12-19T15:10:24.9860992,-0.0253115025618754
2022-12-19T15:10:24.9863040,0.0312732647699692
2022-12-19T15:10:24.9947776,-0.0654472068570392
2022-12-19T15:10:24.9950848,0.0454194573282296
2022-12-19T15:10:24.9952768,-0.0177449351035055
2022-12-19T15:10:24.9954304,-0.00228281873866669
2022-12-19T15:10:24.9955712,0.0118633731299873
2022-12-19T15:10:24.9956864,0.00363884293869718
2022-12-19T15:10:25.0062720,0.0352210394079334
2022-12-19T15:10:25.0066304,-0.0286013144748993
2022-12-19T15:10:25.0071168,0.0424586263034057
2022-12-19T15:10:25.0073088,-0.0151130855336409
2022-12-19T15:10:25.0074240,-0.0190608598847322
2022-12-19T15:10:25.0165248,0.0529860255613189
2022-12-19T15:10:25.0168320,-0.0114942923589225
2022-12-19T15:10:25.0169984,-0.0157710479270339
2022-12-19T15:10:25.0171136,0.00791559862598218
2022-12-19T15:10:25.0172288,-0.0213637282459401
2022-12-19T15:10:25.0173440,-0.00886244276554422
2022-12-19T15:10:25.0280576,0.00462578655649906
2022-12-19T15:10:25.0285824,0.0256805840717742
2022-12-19T15:10:25.0288896,0.0033098617330751
2022-12-19T15:10:25.0291584,-0.0236665965995966
2022-12-19T15:10:25.0294144,0.0187719785662566
2022-12-19T15:10:25.0403968,-0.0302462204256504
2022-12-19T15:10:25.0407040,-0.0114942923589225
2022-12-19T15:10:25.0408704,0.0348920581872335
2022-12-19T15:10:25.0410752,-0.0769615478366743
2022-12-19T15:10:25.0413184,0.0394977952914403
2022-12-19T15:10:25.0414720,-0.0256404837538696
2022-12-19T15:10:25.0502784,0.005941711382419
2022-12-19T15:10:25.0507392,0.0131792979696624
2022-12-19T15:10:25.0510592,0.0105474482928166
2022-12-19T15:10:25.0512384,0.0279834525890402
2022-12-19T15:10:25.0513536,-0.0292592768556604
2022-12-19T15:10:25.0514816,0.0493672320480272
2022-12-19T15:10:25.0597248,-0.00524364955844718
2022-12-19T15:10:25.0600192,-0.0239955777923602
2022-12-19T15:10:25.0601984,0.0641713874518421
2022-12-19T15:10:25.0603264,2.00496854250026E-05
2022-12-19T15:10:25.0604672,-0.00919142396525881
2022-12-19T15:10:25.0704640,0.00956050466658112
2022-12-19T15:10:25.0707584,-0.00590161196113415
2022-12-19T15:10:25.0709504,0.0171270725037292
2022-12-19T15:10:25.0711296,0.0161401288680959
2022-12-19T15:10:25.0810496,0.0135082791799726
2022-12-19T15:10:25.0814848,0.0319312272080495
2022-12-19T15:10:25.0817920,-0.0457083361755869
2022-12-19T15:10:25.0819584,0.0496962132757115
2022-12-19T15:10:25.0820736,-0.0618284139395945
2022-12-19T15:10:25.0822144,0.0151531852338741
2022-12-19T15:10:25.0908928,0.0835812805846185
2022-12-19T15:10:25.0912640,-0.0707109056134626
2022-12-19T15:10:25.0915072,0.0355500206287917
2022-12-19T15:10:25.0917760,-0.0177449351035055
2022-12-19T15:10:25.0920064,0.000349030889489121
2022-12-19T15:10:25.1005952,0.0105474482928166
2022-12-19T15:10:25.1009152,0.00199393691214557
2022-12-19T15:10:25.1012352,0.027654471371815
2022-12-19T15:10:25.1014272,-0.0407736184197342
2022-12-19T15:10:25.1015424,0.0460774197799385
2022-12-19T15:10:25.1134464,-0.00590161196113415
2022-12-19T15:10:25.1137408,-0.000308931518483477
2022-12-19T15:10:25.1139200,0.0602236126458371
2022-12-19T15:10:25.1140480,0.00462578655649906
2022-12-19T15:10:25.1141888,-0.0121522547557184
2022-12-19T15:10:25.1236736,0.00659967379631543
2022-12-19T15:10:25.1238656,-0.0055726307598683
2022-12-19T15:10:25.1239808,0.00199393691214557
2022-12-19T15:10:25.1241344,0.00495476776274499
2022-12-19T15:10:25.1242624,0.0141662416010631
2022-12-19T15:10:25.1243648,0.0141662416010631
2022-12-19T15:10:25.1344512,-0.0292592768556604
2022-12-19T15:10:25.1348224,0.0325891896467616
2022-12-19T15:10:25.1351552,-0.0239955777923602
2022-12-19T15:10:25.1353600,-0.0075465179651354
2022-12-19T15:10:25.1354752,0.0552888941707336
2022-12-19T15:10:25.1442432,-0.0670921127225668
2022-12-19T15:10:25.1444992,0.0398267765143575
2022-12-19T15:10:25.1447808,-0.0200478034690322
2022-12-19T15:10:25.1450112,0.00462578655649906
2022-12-19T15:10:25.1451648,0.00166495570730275
2022-12-19T15:10:25.1452800,0.0128503167595087
2022-12-19T15:10:25.1543936,0.0263385465044908
2022-12-19T15:10:25.1545728,-0.0236665965995966
2022-12-19T15:10:25.1546880,0.0615395375786094
2022-12-19T15:10:25.1548160,-0.0108363299615074
2022-12-19T15:10:25.1549184,-0.00688855556400039
2022-12-19T15:10:25.1645056,0.0503541757315581
2022-12-19T15:10:25.1648384,0.00363884293869718
2022-12-19T15:10:25.1651584,0.00100699329808449
2022-12-19T15:10:25.1654400,0.0144952228118434
2022-12-19T15:10:25.1656832,0.000349030889489121
2022-12-19T15:10:25.1744256,0.00659967379631543
2022-12-19T15:10:25.1747328,-0.00294078114415022
2022-12-19T15:10:25.1749376,0.0210748470603906
2022-12-19T15:10:25.1750912,-0.0101783675634727
2022-12-19T15:10:25.1752576,-0.0167579915159647
2022-12-19T15:10:25.1853312,0.0204168846327095
2022-12-19T15:10:25.1855104,-0.0292592768556604
2022-12-19T15:10:25.1856384,-0.0121522547557184
2022-12-19T15:10:25.1857536,0.0335761333060152
2022-12-19T15:10:25.1858688,-0.0805803406779723
2022-12-19T15:10:25.1952896,-0.527994598690023
2022-12-19T15:10:25.1955968,-0.148021476710592
2022-12-19T15:10:25.1957504,-0.00688855556400039
2022-12-19T15:10:25.1958656,-0.0055726307598683
2022-12-19T15:10:25.1959936,0.0033098617330751
2022-12-19T15:10:25.2056320,0.0345630769666917
2022-12-19T15:10:25.2059136,-0.0161000291234987
2022-12-19T15:10:25.2062336,0.0335761333060152
2022-12-19T15:10:25.2065408,-0.0322201075614877
2022-12-19T15:10:25.2068352,-0.0108363299615074
2022-12-19T15:10:25.2155520,0.057920744019646
2022-12-19T15:10:25.2160768,-0.00294078114415022
2022-12-19T15:10:25.2163712,-0.00326976234665881
2022-12-19T15:10:25.2166272,0.0250226216396877
2022-12-19T15:10:25.2169088,0.00890254224987264
2022-12-19T15:10:25.2172288,0.00758661741833119
2022-12-19T15:10:25.2256384,-0.00162485633256119
2022-12-19T15:10:25.2260096,0.0246936404238808
2022-12-19T15:10:25.2262784,-0.00820448036564994
2022-12-19T15:10:25.2264448,-0.0203767846634904
2022-12-19T15:10:25.2266112,0.0151531852338741
2022-12-19T15:10:25.2354688,-0.0272853897115341
2022-12-19T15:10:25.2357120,-0.0055726307598683
2022-12-19T15:10:25.2359040,0.0592366689479383
2022-12-19T15:10:25.2360832,-0.070381924442316
2022-12-19T15:10:25.2456448,0.027654471371815
2022-12-19T15:10:25.2458624,-0.0230086342136077
2022-12-19T15:10:25.2459776,0.00166495570730275
2022-12-19T15:10:25.2461184,-0.00919142396525881
2022-12-19T15:10:25.2462720,0.00890254224987264
2022-12-19T15:10:25.2553600,0.0286414150239637
2022-12-19T15:10:25.2557312,-0.0341939946918055
2022-12-19T15:10:25.2559616,0.0543019504800269
2022-12-19T15:10:25.2562432,0.00100699329808449
2022-12-19T15:10:25.2566272,-0.0078754991654702
2022-12-19T15:10:25.2717568,0.0424586263034057
2022-12-19T15:10:25.2720384,0.00265189932229863
2022-12-19T15:10:25.2722816,0.000678012093708949
2022-12-19T15:10:25.2726528,0.00396782414447519
2022-12-19T15:10:25.2728448,0.0125213355495117
2022-12-19T15:10:25.2828928,-0.00919142396525881
2022-12-19T15:10:25.2832384,0.00298088052760892
2022-12-19T15:10:25.2834944,0.0207458658464715
2022-12-19T15:10:25.2837248,0.00561273017570495
2022-12-19T15:10:25.2839424,-0.0216927094397817
2022-12-19T15:10:25.2841472,0.0319312272080495
2022-12-19T15:10:25.2843776,-0.0312331639942593
2022-12-19T15:10:25.2845824,-0.00129587512927513
2022-12-19T15:10:25.2847872,0.0487092695931362
2022-12-19T15:10:25.2927232,-0.0720268302965437
2022-12-19T15:10:25.2930304,0.0299573398957038
2022-12-19T15:10:25.2932608,-0.0272853897115341
2022-12-19T15:10:25.2934400,0.00298088052760892
2022-12-19T15:10:25.2935808,0.00627069258928915
2022-12-19T15:10:25.2937216,0.00561273017570495
2022-12-19T15:10:25.3065728,0.0286414150239637
2022-12-19T15:10:25.3068160,-0.0325490887502571
2022-12-19T15:10:25.3069568,0.0552888941707336
2022-12-19T15:10:25.3070720,-0.0121522547557184
2022-12-19T15:10:25.3182208,-0.0236665965995966
2022-12-19T15:10:25.3185024,0.0385108516236395
2022-12-19T15:10:25.3186560,2.00496854250026E-05
2022-12-19T15:10:25.3188352,0.00199393691214557
2022-12-19T15:10:25.3193216,0.00956050466658112
2022-12-19T15:10:25.3198464,0.0487092695931362
2022-12-19T15:10:25.3201408,-0.0055726307598683
2022-12-19T15:10:25.3320704,0.0339051145260825
2022-12-19T15:10:25.3323264,0.00758661741833119
2022-12-19T15:10:25.3324800,-0.0318911263725649
2022-12-19T15:10:25.3326208,-0.0457083361755869
2022-12-19T15:10:25.3327488,0.0299573398957038
2022-12-19T15:10:25.3328768,-0.0170869727119661
2022-12-19T15:10:25.3422080,0.0279834525890402
2022-12-19T15:10:25.3424768,0.0424586263034057
2022-12-19T15:10:25.3426688,-0.0532749033346829
2022-12-19T15:10:25.3428608,0.0332471520861059
2022-12-19T15:10:25.3431168,-0.0358389006295243
2022-12-19T15:10:25.3432960,-0.00129587512927513
2022-12-19T15:10:25.3434368,0.0033098617330751
2022-12-19T15:10:25.3563520,0.00890254224987264
2022-12-19T15:10:25.3567232,0.0204168846327095
2022-12-19T15:10:25.3570432,-0.0210347470519443
2022-12-19T15:10:25.3573376,0.0654873123923055
2022-12-19T15:10:25.3576192,-0.0161000291234987
2022-12-19T15:10:25.3672960,-0.0180739162990437
2022-12-19T15:10:25.3676416,0.0450904761026137
2022-12-19T15:10:25.3678720,0.0082445798337894
2022-12-19T15:10:25.3680768,-0.00952040516481843
2022-12-19T15:10:25.3682688,-0.00228281873866669
2022-12-19T15:10:25.3684608,0.00528374896914695
2022-12-19T15:10:25.3686528,0.00429680535040913
2022-12-19T15:10:25.3805440,0.0115343919204599
2022-12-19T15:10:25.3807232,0.0148242040227804
2022-12-19T15:10:25.3808512,-0.00886244276554422
2022-12-19T15:10:25.3809664,-0.027943352093524
2022-12-19T15:10:25.3811072,0.0164691100798168
2022-12-19T15:10:25.3907840,-0.0430764867100695
2022-12-19T15:10:25.3911296,0.00133597450261574
2022-12-19T15:10:25.3913088,0.0418006638551917
2022-12-19T15:10:25.3914368,-0.0654472068570392
2022-12-19T15:10:25.3915520,0.027654471371815
2022-12-19T15:10:25.3916672,-0.0295882580458106
2022-12-19T15:10:25.3918848,-0.00228281873866669
2022-12-19T15:10:25.4009728,0.000349030889489121
2022-12-19T15:10:25.4012160,0.00561273017570495
2022-12-19T15:10:25.4014208,0.0194299409923665
2022-12-19T15:10:25.4016256,-0.0269564085203087
2022-12-19T15:10:25.4018432,0.069106105991819
2022-12-19T15:10:25.4184704,-0.0216927094397817
2022-12-19T15:10:25.4188288,-0.0121522547557184
2022-12-19T15:10:25.4190208,0.0487092695931362
2022-12-19T15:10:25.4192000,-0.00425670595325207
2022-12-19T15:10:25.4194048,-0.00721753676464547
2022-12-19T15:10:25.4302336,-0.0039277247512097
2022-12-19T15:10:25.4304640,0.000349030889489121
2022-12-19T15:10:25.4305792,0.00627069258928915
2022-12-19T15:10:25.4306944,2.00496854250026E-05
2022-12-19T15:10:25.4308096,0.00528374896914695
2022-12-19T15:10:25.4309248,2.00496854250026E-05
2022-12-19T15:10:25.4310400,-0.0480112044499164
2022-12-19T15:10:25.4311552,0.0250226216396877
2022-12-19T15:10:25.4312576,-0.0335360323156458
2022-12-19T15:10:25.4418304,-0.0055726307598683
2022-12-19T15:10:25.4420736,0.0394977952914403
2022-12-19T15:10:25.4422144,-0.0730137738072749
2022-12-19T15:10:25.4423168,0.028970396241662
2022-12-19T15:10:25.4424320,-0.04044463723479
2022-12-19T15:10:25.4425472,0.00988948587516988
2022-12-19T15:10:25.4538496,2.00496854250026E-05
2022-12-19T15:10:25.4542208,0.0141662416010631
2022-12-19T15:10:25.4544512,0.0200879034191048
2022-12-19T15:10:25.4545792,-0.0111653111602924
2022-12-19T15:10:25.4546944,0.0516701006451631
2022-12-19T15:10:25.4687616,-0.0226796530203822
2022-12-19T15:10:25.4690688,-0.0180739162990437
2022-12-19T15:10:25.4692096,0.0388398328460813
2022-12-19T15:10:25.4693248,0.0128503167595087
2022-12-19T15:10:25.4694400,-0.00294078114415022
2022-12-19T15:10:25.4696192,0.0118633731299873
2022-12-19T15:10:25.4786944,0.000678012093708949
2022-12-19T15:10:25.4789376,0.000349030889489121
2022-12-19T15:10:25.4790656,0.00462578655649906
2022-12-19T15:10:25.4791808,0.0144952228118434
2022-12-19T15:10:25.4792832,0.00396782414447519
2022-12-19T15:10:25.4794112,-0.0256404837538696
2022-12-19T15:10:25.4795136,0.030944283551166
2022-12-19T15:10:25.4796288,-0.0361678818166088
2022-12-19T15:10:25.4901760,-0.0154420667304147
2022-12-19T15:10:25.4905088,0.0575917627879726
2022-12-19T15:10:25.4906496,-0.0555777715845434
2022-12-19T15:10:25.4907520,0.0250226216396877
2022-12-19T15:10:25.4908800,-0.0256404837538696
2022-12-19T15:10:25.5015040,0.00133597450261574
2022-12-19T15:10:25.5019264,-0.0055726307598683
2022-12-19T15:10:25.5022208,0.0141662416010631
2022-12-19T15:10:25.5024640,0.0316022459889304
2022-12-19T15:10:25.5026944,-0.0364968630035403
2022-12-19T15:10:25.5029632,0.0546309317101028
2022-12-19T15:10:25.5154176,-0.0121522547557184
2022-12-19T15:10:25.5156224,-0.017415953907813
2022-12-19T15:10:25.5157376,0.0352210394079334
2022-12-19T15:10:25.5158656,0.00725763621083642
2022-12-19T15:10:25.5159680,0.000678012093708949
2022-12-19T15:10:25.5160960,-0.0134681795474529
2022-12-19T15:10:25.5292672,0.00232291811714419
2022-12-19T15:10:25.5295744,-0.000966893925833531
2022-12-19T15:10:25.5297536,0.00857356104175289
2022-12-19T15:10:25.5298688,0.0171270725037292
2022-12-19T15:10:25.5300224,-0.000966893925833531
2022-12-19T15:10:25.5301376,-0.0299172392358072
2022-12-19T15:10:25.5443200,0.0243646592082312
2022-12-19T15:10:25.5447680,-0.0371548253769442
2022-12-19T15:10:25.5450496,-0.0108363299615074
2022-12-19T15:10:25.5452160,0.0470643634586944
2022-12-19T15:10:25.5453312,-0.0740007173166529
2022-12-19T15:10:25.5454336,0.0362079830709829
2022-12-19T15:10:25.5455488,-0.0213637282459401
2022-12-19T15:10:25.5576960,0.0135082791799726
2022-12-19T15:10:25.5581696,0.00100699329808449
2022-12-19T15:10:25.5585536,0.0082445798337894
2022-12-19T15:10:25.5587840,0.0233777155622271
2022-12-19T15:10:25.5590016,-0.0256404837538696
2022-12-19T15:10:25.5592064,0.064829349921753
2022-12-19T15:10:25.5594240,-0.0154420667304147
2022-12-19T15:10:25.5596288,-0.00129587512927513
2022-12-19T15:10:25.5680256,-0.00688855556400039
2022-12-19T15:10:25.5682944,0.00462578655649906
2022-12-19T15:10:25.5684608,0.0164691100798168
2022-12-19T15:10:25.5686016,0.0217328094887004
2022-12-19T15:10:25.5687296,-0.00919142396525881
2022-12-19T15:10:25.5688832,-0.0256404837538696
2022-12-19T15:10:25.5690112,0.00528374896914695
2022-12-19T15:10:25.5775488,0.0177850349282693
2022-12-19T15:10:25.5778048,-0.0154420667304147
2022-12-19T15:10:25.5779584,-0.0269564085203087
2022-12-19T15:10:25.5781120,0.00857356104175289
2022-12-19T15:10:25.5782656,-0.0509720350773848
2022-12-19T15:10:25.5872640,-0.0154420667304147
2022-12-19T15:10:25.5876096,0.0536439880203538
2022-12-19T15:10:25.5877760,-0.0707109056134626
2022-12-19T15:10:25.5878912,0.0348920581872335
2022-12-19T15:10:25.6016640,-0.0351809382548961
2022-12-19T15:10:25.6020864,-0.0124812359538841
2022-12-19T15:10:25.6023552,-0.00359874354901193
2022-12-19T15:10:25.6025600,0.0227197531323445
2022-12-19T15:10:25.6027776,0.0214038282744669
2022-12-19T15:10:25.6145152,-0.0299172392358072
2022-12-19T15:10:25.6147840,0.0602236126458371
2022-12-19T15:10:25.6150528,-0.00491466835687079
2022-12-19T15:10:25.6153728,-0.00195383753569171
2022-12-19T15:10:25.6156416,0.0135082791799726
2022-12-19T15:10:25.6158336,-0.00294078114415022
2022-12-19T15:10:25.6160000,0.00528374896914695
2022-12-19T15:10:25.6243840,0.0033098617330751
2022-12-19T15:10:25.6246272,0.00725763621083642
2022-12-19T15:10:25.6247296,-0.0111653111602924
2022-12-19T15:10:25.6248320,-0.000966893925833531
2022-12-19T15:10:25.6249600,0.0187719785662566
2022-12-19T15:10:25.6251008,0.00133597450261574
2022-12-19T15:10:25.6252032,-0.0200478034690322
2022-12-19T15:10:25.6373376,0.0121923543396712
2022-12-19T15:10:25.6376448,-0.0572226774727517
2022-12-19T15:10:25.6378624,0.00298088052760892
2022-12-19T15:10:25.6380800,0.0595656501804112
2022-12-19T15:10:25.6383360,-0.0749876608246784
2022-12-19T15:10:25.6514688,0.0214038282744669
2022-12-19T15:10:25.6518272,-0.0226796530203822
2022-12-19T15:10:25.6520960,-0.000966893925833531
2022-12-19T15:10:25.6522624,-0.00655957436320019
2022-12-19T15:10:25.6523776,0.0187719785662566
2022-12-19T15:10:25.6524928,0.0385108516236395
2022-12-19T15:10:25.6651520,-0.0338650135038022
2022-12-19T15:10:25.6654464,0.0651583311569491
2022-12-19T15:10:25.6656128,-0.0128102171518951
2022-12-19T15:10:25.6659328,-0.0137971607449997
2022-12-19T15:10:25.6662016,0.0348920581872335
2022-12-19T15:10:25.6664704,0.00495476776274499
2022-12-19T15:10:25.6667520,0.00627069258928915
2022-12-19T15:10:25.6756608,0.00100699329808449
2022-12-19T15:10:25.6760960,-0.0039277247512097
2022-12-19T15:10:25.6763648,-0.0039277247512097
2022-12-19T15:10:25.6765440,-0.00261179994148619
2022-12-19T15:10:25.6766720,0.00528374896914695
2022-12-19T15:10:25.6767744,-0.00195383753569171
2022-12-19T15:10:25.6768896,-0.0322201075614877
