2022-12-19T16:54:22.1454208,-0.00886244276554422
2022-12-19T16:54:22.1560448,-0.0387997313077776
2022-12-19T16:54:22.1562368,0.0388398328460813
2022-12-19T16:54:22.1563648,-0.0417605619736507
2022-12-19T16:54:22.1564416,0.00791559862598218
2022-12-19T16:54:22.1686656,0.00692865500349785
2022-12-19T16:54:22.1688448,-0.0220216906334693
2022-12-19T16:54:22.1689600,-0.0124812359538841
2022-12-19T16:54:22.1690496,0.0171270725037292
2022-12-19T16:54:22.1691264,2.00496854250026E-05
2022-12-19T16:54:22.1692032,-0.0315621451834888
2022-12-19T16:54:22.1787648,-0.00820448036564994
2022-12-19T16:54:22.1790336,0.00199393691214557
2022-12-19T16:54:22.1792128,-0.0253115025618754
2022-12-19T16:54:22.1794048,0.000349030889489121
2022-12-19T16:54:22.1795712,0.0391688140686815
2022-12-19T16:54:22.1797248,-0.0358389006295243
2022-12-19T16:54:22.1912448,0.0589076877156253
2022-12-19T16:54:22.1915648,-0.000966893925833531
2022-12-19T16:54:22.1918080,-0.0239955777923602
2022-12-19T16:54:22.1920256,0.0746987870475031
2022-12-19T16:54:22.1922304,-0.0161000291234987
2022-12-19T16:54:22.2057728,0.0266675277210854
2022-12-19T16:54:22.2060672,-0.00195383753569171
2022-12-19T16:54:22.2061952,0.0158111476565318
2022-12-19T16:54:22.2063232,-0.0180739162990437
2022-12-19T16:54:22.2064512,-0.0328780699388733
2022-12-19T16:54:22.2065792,0.0473933446852645
2022-12-19T16:54:22.2067072,-0.0529459221555245
2022-12-19T16:54:22.2150272,-0.00294078114415022
2022-12-19T16:54:22.2151936,0.010218467083915
2022-12-19T16:54:22.2152960,-0.0282723332842885
2022-12-19T16:54:22.2153856,-0.0207057658577945
2022-12-19T16:54:22.2154880,0.0121923543396712
2022-12-19T16:54:22.2155776,0.00265189932229863
2022-12-19T16:54:22.2156928,-0.0151130855336409
2022-12-19T16:54:22.2268288,-0.000308931518483477
2022-12-19T16:54:22.2271488,0.0082445798337894
2022-12-19T16:54:22.2273408,-0.0361678818166088
2022-12-19T16:54:22.2274688,0.00363884293869718
2022-12-19T16:54:22.2368512,0.0447614948771567
2022-12-19T16:54:22.2373248,-0.0532749033346829
2022-12-19T16:54:22.2376064,0.0487092695931362
2022-12-19T16:54:22.2377344,-0.000308931518483477
2022-12-19T16:54:22.2378368,-0.0378127877497363
2022-12-19T16:54:22.2379392,0.0661452748634996
2022-12-19T16:54:22.2476928,-0.018731878689657
2022-12-19T16:54:22.2479104,0.037523907957265
2022-12-19T16:54:22.2480384,-0.0055726307598683
2022-12-19T16:54:22.2481664,0.0240356779927391
2022-12-19T16:54:22.2482944,-0.0249825213697274
2022-12-19T16:54:22.2606080,-0.0223506718270028
2022-12-19T16:54:22.2609152,0.0490382508205021
2022-12-19T16:54:22.2610816,-0.0568936962954132
2022-12-19T16:54:22.2611840,0.000678012093708949
2022-12-19T16:54:22.2612864,0.00166495570730275
2022-12-19T16:54:22.2613760,-0.0282723332842885
2022-12-19T16:54:22.2705024,-0.0144551231396295
2022-12-19T16:54:22.2707328,0.0158111476565318
2022-12-19T16:54:22.2708736,0.00298088052760892
2022-12-19T16:54:22.2709760,-0.0177449351035055
2022-12-19T16:54:22.2710656,-0.00721753676464547
2022-12-19T16:54:22.2711680,-0.00261179994148619
2022-12-19T16:54:22.2821120,-0.0434054678937928
2022-12-19T16:54:22.2822912,0.0171270725037292
2022-12-19T16:54:22.2824064,0.0401557577374334
2022-12-19T16:54:22.2824960,-0.0440634302607818
2022-12-19T16:54:22.2825856,0.0404847389606678
2022-12-19T16:54:22.2932480,-0.0111653111602924
2022-12-19T16:54:22.2934784,-0.0364968630035403
2022-12-19T16:54:22.2936192,0.0618685188122028
2022-12-19T16:54:22.2937984,-0.0184028974944275
2022-12-19T16:54:22.2940032,0.0312732647699692
2022-12-19T16:54:22.2941440,-0.00294078114415022
2022-12-19T16:54:22.3029248,0.0210748470603906
2022-12-19T16:54:22.3031680,-0.0239955777923602
2022-12-19T16:54:22.3032960,-0.0299172392358072
2022-12-19T16:54:22.3033984,0.0418006638551917
2022-12-19T16:54:22.3035264,-0.0591965645336023
2022-12-19T16:54:22.3186176,0.00462578655649906
2022-12-19T16:54:22.3189120,0.00627069258928915
2022-12-19T16:54:22.3191424,-0.0286013144748993
2022-12-19T16:54:22.3193472,-0.0223506718270028
2022-12-19T16:54:22.3195136,-0.00129587512927513
2022-12-19T16:54:22.3290496,0.00758661741833119
2022-12-19T16:54:22.3292672,-0.0266274273289295
2022-12-19T16:54:22.3293824,-0.0085334615656746
2022-12-19T16:54:22.3295232,0.00298088052760892
2022-12-19T16:54:22.3296384,-0.0305752016153402
2022-12-19T16:54:22.3297408,0.00133597450261574
2022-12-19T16:54:22.3298560,0.0510121381880419
2022-12-19T16:54:22.3299584,-0.039457693679041
2022-12-19T16:54:22.3405184,0.0411427014076124
2022-12-19T16:54:22.3407360,0.00100699329808449
2022-12-19T16:54:22.3408896,-0.0210347470519443
2022-12-19T16:54:22.3410176,0.0569338003251055
2022-12-19T16:54:22.3411328,-0.0118232735573979
2022-12-19T16:54:22.3517440,0.0260095652880537
2022-12-19T16:54:22.3520896,2.00496854250026E-05
2022-12-19T16:54:22.3523200,0.0148242040227804
2022-12-19T16:54:22.3525888,-0.0210347470519443
2022-12-19T16:54:22.3528064,-0.0351809382548961
2022-12-19T16:54:22.3530240,0.0398267765143575
2022-12-19T16:54:22.3616512,-0.064460263335912
2022-12-19T16:54:22.3618944,-0.00359874354901193
2022-12-19T16:54:22.3620864,0.0158111476565318
2022-12-19T16:54:22.3622656,-0.0253115025618754
2022-12-19T16:54:22.3624320,-0.02596946494571
2022-12-19T16:54:22.3626112,0.00100699329808449
2022-12-19T16:54:22.3725568,-0.00655957436320019
2022-12-19T16:54:22.3728384,-0.0111653111602924
2022-12-19T16:54:22.3731072,0.00166495570730275
2022-12-19T16:54:22.3734528,-0.000637912722236303
2022-12-19T16:54:22.3736576,-0.0315621451834888
2022-12-19T16:54:22.3822848,-0.00261179994148619
2022-12-19T16:54:22.3825536,0.0529860255613189
2022-12-19T16:54:22.3826816,-0.0453793549929307
2022-12-19T16:54:22.3827712,0.0335761333060152
2022-12-19T16:54:22.3828864,0.00890254224987264
2022-12-19T16:54:22.3919488,-0.0338650135038022
2022-12-19T16:54:22.3921664,0.0608815751119031
2022-12-19T16:54:22.3923072,-0.017415953907813
2022-12-19T16:54:22.3924352,0.0362079830709829
2022-12-19T16:54:22.3925632,-0.00425670595325207
2022-12-19T16:54:22.4019712,0.0154821664451246
2022-12-19T16:54:22.4023552,-0.0213637282459401
2022-12-19T16:54:22.4026112,-0.0325490887502571
2022-12-19T16:54:22.4027776,0.0441035324267193
2022-12-19T16:54:22.4029184,-0.0453793549929307
2022-12-19T16:54:22.4116992,-0.00326976234665881
2022-12-19T16:54:22.4119168,0.0138372603904395
2022-12-19T16:54:22.4120576,-0.0332070511273362
2022-12-19T16:54:22.4122240,-0.0128102171518951
2022-12-19T16:54:22.4123648,-0.000637912722236303
2022-12-19T16:54:22.4214656,2.00496854250026E-05
2022-12-19T16:54:22.4217088,-0.0151130855336409
2022-12-19T16:54:22.4218880,2.21505524063643
2022-12-19T16:54:22.4220544,-0.174668948282377
2022-12-19T16:54:22.4222208,-0.00820448036564994
2022-12-19T16:54:22.4328064,0.0151531852338741
2022-12-19T16:54:22.4330752,0.0585787064834723
2022-12-19T16:54:22.4333056,-0.0463662985404424
2022-12-19T16:54:22.4334464,0.0306153023325207
2022-12-19T16:54:22.4335872,0.0210748470603906
2022-12-19T16:54:22.4423424,-0.0292592768556604
2022-12-19T16:54:22.4426240,0.0635134249825725
2022-12-19T16:54:22.4429056,-0.00919142396525881
2022-12-19T16:54:22.4431104,0.0105474482928166
2022-12-19T16:54:22.4432640,0.0105474482928166
2022-12-19T16:54:22.4531328,0.0082445798337894
2022-12-19T16:54:22.4532864,-0.0111653111602924
2022-12-19T16:54:22.4534016,-0.0295882580458106
2022-12-19T16:54:22.4534912,0.0312732647699692
2022-12-19T16:54:22.4535936,-0.0555777715845434
2022-12-19T16:54:22.4686464,0.0108764295018745
2022-12-19T16:54:22.4690304,0.0141662416010631
2022-12-19T16:54:22.4692992,-0.0387997313077776
2022-12-19T16:54:22.4694656,-0.0243245589849698
2022-12-19T16:54:22.4695680,0.00923152345814872
2022-12-19T16:54:22.4785280,0.0033098617330751
2022-12-19T16:54:22.4789248,-0.0131391983497513
2022-12-19T16:54:22.4791680,0.00890254224987264
2022-12-19T16:54:22.4793984,-0.00425670595325207
2022-12-19T16:54:22.4796288,-0.0226796530203822
2022-12-19T16:54:22.4798592,0.0148242040227804
2022-12-19T16:54:22.4800768,0.0516701006451631
2022-12-19T16:54:22.4803328,-0.0328780699388733
2022-12-19T16:54:22.4946176,0.0602236126458371
2022-12-19T16:54:22.4947712,0.00495476776274499
2022-12-19T16:54:22.4948864,-0.0374838065634167
2022-12-19T16:54:22.4949888,0.0727248996107753
2022-12-19T16:54:22.4950784,-0.0315621451834888
2022-12-19T16:54:22.4951808,0.0184429973534371
2022-12-19T16:54:22.5043456,0.0279834525890402
2022-12-19T16:54:22.5046528,0.00298088052760892
2022-12-19T16:54:22.5048448,0.00495476776274499
2022-12-19T16:54:22.5049984,-0.0499850915362638
2022-12-19T16:54:22.5051520,0.0529860255613189
2022-12-19T16:54:22.5053440,-0.0595255457098809
2022-12-19T16:54:22.5055104,-0.0457083361755869
2022-12-19T16:54:22.5164416,0.0197589222056571
2022-12-19T16:54:22.5169024,-0.0542618468712477
2022-12-19T16:54:22.5171712,0.0158111476565318
2022-12-19T16:54:22.5173760,-0.0151130855336409
2022-12-19T16:54:22.5176320,0.0292993774595181
2022-12-19T16:54:22.5297664,-0.0184028974944275
2022-12-19T16:54:22.5300352,-0.0039277247512097
2022-12-19T16:54:22.5302016,0.0296283586775321
2022-12-19T16:54:22.5303040,-0.0161000291234987
2022-12-19T16:54:22.5304192,0.0033098617330751
2022-12-19T16:54:22.5305600,0.0339051145260825
2022-12-19T16:54:22.5392000,-0.0335360323156458
2022-12-19T16:54:22.5395712,0.0424586263034057
2022-12-19T16:54:22.5398144,0.00166495570730275
2022-12-19T16:54:22.5400448,-0.0246535401774255
2022-12-19T16:54:22.5401984,0.0766726744900302
2022-12-19T16:54:22.5403264,-0.0312331639942593
2022-12-19T16:54:22.5404416,0.0352210394079334
2022-12-19T16:54:22.5494784,0.00758661741833119
2022-12-19T16:54:22.5497728,0.00396782414447519
2022-12-19T16:54:22.5499520,-0.0243245589849698
2022-12-19T16:54:22.5501056,-0.0223506718270028
2022-12-19T16:54:22.5502592,0.0470643634586944
2022-12-19T16:54:22.5646976,-0.0447213926271611
2022-12-19T16:54:22.5650048,0.00265189932229863
2022-12-19T16:54:22.5651712,0.0266675277210854
2022-12-19T16:54:22.5652864,-0.0417605619736507
2022-12-19T16:54:22.5788672,-0.0108363299615074
2022-12-19T16:54:22.5790976,-0.00129587512927513
2022-12-19T16:54:22.5792512,-0.0190608598847322
2022-12-19T16:54:22.5793536,-0.0118232735573979
2022-12-19T16:54:22.5794560,0.0184429973534371
2022-12-19T16:54:22.5795584,-0.0105073487625675
2022-12-19T16:54:22.5796480,-0.0292592768556604
2022-12-19T16:54:22.5797504,0.00298088052760892
2022-12-19T16:54:22.5884800,0.0441035324267193
2022-12-19T16:54:22.5887872,-0.0506430538971631
2022-12-19T16:54:22.5889536,0.0454194573282296
2022-12-19T16:54:22.5890944,0.0411427014076124
2022-12-19T16:54:22.5892224,-0.0424185243421653
2022-12-19T16:54:22.5893760,0.0454194573282296
2022-12-19T16:54:22.5895424,0.00166495570730275
2022-12-19T16:54:22.5985280,0.0296283586775321
2022-12-19T16:54:22.5986816,0.011205410711089
2022-12-19T16:54:22.5987840,-0.00359874354901193
2022-12-19T16:54:22.5988864,-0.00623059316224477
2022-12-19T16:54:22.5990016,-0.0207057658577945
2022-12-19T16:54:22.6129920,0.0480513071388821
2022-12-19T16:54:22.6133120,-0.0249825213697274
2022-12-19T16:54:22.6135552,-0.00623059316224477
2022-12-19T16:54:22.6137344,0.0118633731299873
2022-12-19T16:54:22.6139136,-0.0269564085203087
2022-12-19T16:54:22.6231424,0.005941711382419
2022-12-19T16:54:22.6234624,0.000678012093708949
2022-12-19T16:54:22.6236928,0.0269965089378377
2022-12-19T16:54:22.6238464,-0.0220216906334693
2022-12-19T16:54:22.6239872,0.0131792979696624
2022-12-19T16:54:22.6241024,-0.02596946494571
2022-12-19T16:54:22.6242304,-0.0167579915159647
2022-12-19T16:54:22.6338688,0.00133597450261574
2022-12-19T16:54:22.6342144,0.0523280631029221
2022-12-19T16:54:22.6345856,-0.0292592768556604
2022-12-19T16:54:22.6347904,0.0641713874518421
2022-12-19T16:54:22.6349056,0.0138372603904395
2022-12-19T16:54:22.6461568,-0.0233376154066791
2022-12-19T16:54:22.6468480,0.0526570443320408
2022-12-19T16:54:22.6471424,-0.0430764867100695
2022-12-19T16:54:22.6473216,0.0286414150239637
2022-12-19T16:54:22.6474880,0.0246936404238808
2022-12-19T16:54:22.6476544,-0.0134681795474529
2022-12-19T16:54:22.6629248,-0.0338650135038022
2022-12-19T16:54:22.6632192,-0.0253115025618754
2022-12-19T16:54:22.6634240,0.0661452748634996
2022-12-19T16:54:22.6651520,-0.0345229758796555
2022-12-19T16:54:22.6654208,-0.00162485633256119
2022-12-19T16:54:22.6655488,0.0174560537159208
2022-12-19T16:54:22.6796032,-0.061170451589004
2022-12-19T16:54:22.6798336,0.00133597450261574
2022-12-19T16:54:22.6800512,0.0121923543396712
2022-12-19T16:54:22.6801920,-0.00129587512927513
2022-12-19T16:54:22.6803072,-0.00425670595325207
2022-12-19T16:54:22.6803968,0.0260095652880537
2022-12-19T16:54:22.6804864,-0.0101783675634727
2022-12-19T16:54:22.6806016,-0.0216927094397817
2022-12-19T16:54:22.6806912,-0.00195383753569171
2022-12-19T16:54:22.6912256,0.0483802883659295
2022-12-19T16:54:22.6914048,-0.0549198092281989
2022-12-19T16:54:22.6915328,0.0737118433284146
2022-12-19T16:54:22.6916224,0.0260095652880537
2022-12-19T16:54:22.6917248,-0.0151130855336409
2022-12-19T16:54:22.6918272,0.0743698058076459
2022-12-19T16:54:22.6919296,-0.027943352093524
2022-12-19T16:54:22.6920192,0.0329181708663548
2022-12-19T16:54:22.7014016,0.0151531852338741
2022-12-19T16:54:22.7016704,-0.0184028974944275
2022-12-19T16:54:22.7017856,-0.0220216906334693
2022-12-19T16:54:22.7018880,-0.0302462204256504
2022-12-19T16:54:22.7019904,0.0516701006451631
2022-12-19T16:54:22.7114240,-0.0460373173580908
2022-12-19T16:54:22.7117824,0.00857356104175289
2022-12-19T16:54:22.7119360,0.011205410711089
2022-12-19T16:54:22.7120384,-0.0559067527624882
2022-12-19T16:54:22.7121408,-0.0190608598847322
2022-12-19T16:54:22.7266688,0.00923152345814872
2022-12-19T16:54:22.7269504,-0.00919142396525881
2022-12-19T16:54:22.7271680,-0.00655957436320019
2022-12-19T16:54:22.7273600,0.00923152345814872
2022-12-19T16:54:22.7275520,-0.0055726307598683
2022-12-19T16:54:22.7399808,-0.0239955777923602
2022-12-19T16:54:22.7402112,-0.0134681795474529
2022-12-19T16:54:22.7403520,0.0418006638551917
2022-12-19T16:54:22.7405056,-0.0489981479937746
2022-12-19T16:54:22.7406336,0.0204168846327095
2022-12-19T16:54:22.7407616,0.0260095652880537
2022-12-19T16:54:22.7408768,-0.0167579915159647
2022-12-19T16:54:22.7410048,0.0615395375786094
2022-12-19T16:54:22.7541376,-0.0437344490773635
2022-12-19T16:54:22.7544064,0.0207458658464715
2022-12-19T16:54:22.7545344,-0.00162485633256119
2022-12-19T16:54:22.7546496,-0.0151130855336409
2022-12-19T16:54:22.7547520,0.0371949267354569
2022-12-19T16:54:22.7548672,-0.0516299974373722
2022-12-19T16:54:22.7549696,0.0401557577374334
2022-12-19T16:54:22.7719296,-0.0430764867100695
2022-12-19T16:54:22.7723008,0.0108764295018745
2022-12-19T16:54:22.7725824,0.0154821664451246
2022-12-19T16:54:22.7727232,-0.0427475055261936
2022-12-19T16:54:22.7728256,0.0135082791799726
2022-12-19T16:54:22.7729280,0.0256805840717742
2022-12-19T16:54:22.7730304,-0.0124812359538841
2022-12-19T16:54:22.7859200,0.00363884293869718
2022-12-19T16:54:22.7861760,0.0240356779927391
2022-12-19T16:54:22.7863424,-0.018731878689657
2022-12-19T16:54:22.7864576,-0.00655957436320019
2022-12-19T16:54:22.7865600,-0.00820448036564994
2022-12-19T16:54:22.7866752,0.0401557577374334
2022-12-19T16:54:22.7867776,-0.0391287124934857
2022-12-19T16:54:22.7868800,0.043774551201739
2022-12-19T16:54:22.7869824,0.0207458658464715
2022-12-19T16:54:22.7964672,-0.0239955777923602
2022-12-19T16:54:22.7967360,0.0602236126458371
2022-12-19T16:54:22.7968896,-0.0545908280497991
2022-12-19T16:54:22.7969920,0.0220617907030912
2022-12-19T16:54:22.7970944,0.0223907719176392
2022-12-19T16:54:22.7971968,-0.0282723332842885
2022-12-19T16:54:22.7972864,0.00462578655649906
2022-12-19T16:54:22.8106624,-0.0269564085203087
2022-12-19T16:54:22.8109184,0.0526570443320408
2022-12-19T16:54:22.8111232,-0.0424185243421653
2022-12-19T16:54:22.8112512,0.00923152345814872
2022-12-19T16:54:22.8113792,0.0230487343472071
2022-12-19T16:54:22.8201216,-0.059854526886008
2022-12-19T16:54:22.8203392,0.00923152345814872
2022-12-19T16:54:22.8204544,-0.00359874354901193
2022-12-19T16:54:22.8205568,-0.0114942923589225
2022-12-19T16:54:22.8206464,0.00363884293869718
2022-12-19T16:54:22.8207360,0.0144952228118434
2022-12-19T16:54:22.8208256,-0.0226796530203822
2022-12-19T16:54:22.8360576,-0.00919142396525881
2022-12-19T16:54:22.8363264,0.00462578655649906
2022-12-19T16:54:22.8365184,0.0378528891792314
2022-12-19T16:54:22.8367744,-0.0302462204256504
2022-12-19T16:54:22.8369280,0.0421296450792193
2022-12-19T16:54:22.8552064,0.0233777155622271
2022-12-19T16:54:22.8556032,-0.0493271291747564
2022-12-19T16:54:22.8558592,0.0654873123923055
2022-12-19T16:54:22.8559872,-0.0532749033346829
2022-12-19T16:54:22.8560896,0.0141662416010631
2022-12-19T16:54:22.8561920,0.0368659455138072
2022-12-19T16:54:22.8562816,-0.0180739162990437
2022-12-19T16:54:22.8563968,0.0197589222056571
2022-12-19T16:54:22.8679296,-0.0203767846634904
2022-12-19T16:54:22.8682112,0.0316022459889304
2022-12-19T16:54:22.8683520,-0.0529459221555245
2022-12-19T16:54:22.8684544,0.0187719785662566
2022-12-19T16:54:22.8685568,0.0345630769666917
2022-12-19T16:54:22.8686592,-0.0483401856313546
2022-12-19T16:54:22.8687616,-0.00688855556400039
2022-12-19T16:54:22.8688640,0.0408137201840608
2022-12-19T16:54:22.8689664,-0.0417605619736507
2022-12-19T16:54:22.8690560,-0.0371548253769442
2022-12-19T16:54:22.8778752,0.0187719785662566
2022-12-19T16:54:22.8780928,2.00496854250026E-05
2022-12-19T16:54:22.8782464,-0.0101783675634727
2022-12-19T16:54:22.8784000,-0.0078754991654702
2022-12-19T16:54:22.8785920,0.0362079830709829
2022-12-19T16:54:22.8787200,-0.0154420667304147
2022-12-19T16:54:22.8880000,0.0418006638551917
2022-12-19T16:54:22.8883584,0.0246936404238808
2022-12-19T16:54:22.8884736,-0.0430764867100695
2022-12-19T16:54:22.8885760,0.0829233180963501
2022-12-19T16:54:22.8886656,-0.075974604331352
2022-12-19T16:54:22.9024000,0.0266675277210854
2022-12-19T16:54:22.9025664,0.0421296450792193
2022-12-19T16:54:22.9026688,-0.0368258441903187
2022-12-19T16:54:22.9027712,0.0131792979696624
2022-12-19T16:54:22.9028608,-0.0384707501219167
2022-12-19T16:54:22.9124608,0.0454194573282296
2022-12-19T16:54:22.9127040,-0.0414315807891646
2022-12-19T16:54:22.9128192,0.0181140161407747
2022-12-19T16:54:22.9129344,0.0250226216396877
2022-12-19T16:54:22.9130368,-0.0457083361755869
2022-12-19T16:54:22.9131264,0.00495476776274499
2022-12-19T16:54:22.9132416,0.0144952228118434
2022-12-19T16:54:22.9301120,-0.000637912722236303
2022-12-19T16:54:22.9302912,0.0148242040227804
2022-12-19T16:54:22.9303936,0.0171270725037292
2022-12-19T16:54:22.9304960,-0.0226796530203822
2022-12-19T16:54:22.9305856,-0.00458568715513909
2022-12-19T16:54:22.9410816,0.0207458658464715
2022-12-19T16:54:22.9413120,0.0444325136518585
2022-12-19T16:54:22.9414400,-0.0318911263725649
2022-12-19T16:54:22.9416064,0.0355500206287917
2022-12-19T16:54:22.9417856,0.00166495570730275
2022-12-19T16:54:22.9419008,-0.0391287124934857
2022-12-19T16:54:22.9419904,0.069106105991819
2022-12-19T16:54:22.9421056,-0.0621573951146631
2022-12-19T16:54:22.9422208,0.0404847389606678
2022-12-19T16:54:22.9509760,0.0325891896467616
2022-12-19T16:54:22.9511808,-0.04044463723479
2022-12-19T16:54:22.9512960,-0.00491466835687079
2022-12-19T16:54:22.9514624,-0.02596946494571
2022-12-19T16:54:22.9516800,0.0348920581872335
2022-12-19T16:54:22.9613440,-0.0249825213697274
2022-12-19T16:54:22.9615360,0.00791559862598218
2022-12-19T16:54:22.9616512,0.0115343919204599
2022-12-19T16:54:22.9617536,-0.0414315807891646
2022-12-19T16:54:22.9618432,0.0197589222056571
2022-12-19T16:54:22.9710720,0.00429680535040913
2022-12-19T16:54:22.9713408,0.00199393691214557
2022-12-19T16:54:22.9715072,0.0151531852338741
2022-12-19T16:54:22.9716096,0.0164691100798168
2022-12-19T16:54:22.9717248,-0.0266274273289295
2022-12-19T16:54:22.9806720,-0.00886244276554422
2022-12-19T16:54:22.9808256,0.00495476776274499
2022-12-19T16:54:22.9809152,0.0441035324267193
2022-12-19T16:54:22.9810176,-0.0216927094397817
2022-12-19T16:54:22.9811328,0.0552888941707336
2022-12-19T16:54:22.9920384,0.0237066967774044
2022-12-19T16:54:22.9922816,-0.0542618468712477
2022-12-19T16:54:22.9924096,0.0658162936278223
2022-12-19T16:54:22.9925376,-0.0368258441903187
2022-12-19T16:54:22.9926912,0.0263385465044908
2022-12-19T16:54:23.0024320,0.0210748470603906
2022-12-19T16:54:23.0028160,-0.017415953907813
2022-12-19T16:54:23.0031232,0.00166495570730275
2022-12-19T16:54:23.0033408,-0.0437344490773635
2022-12-19T16:54:23.0034560,0.00429680535040913
2022-12-19T16:54:23.0035840,-0.0335360323156458
2022-12-19T16:54:23.0118016,0.0269965089378377
2022-12-19T16:54:23.0120320,0.0214038282744669
2022-12-19T16:54:23.0121728,-0.0401156560496931
2022-12-19T16:54:23.0122752,0.00265189932229863
2022-12-19T16:54:23.0123904,0.00495476776274499
2022-12-19T16:54:23.0220544,-0.00359874354901193
2022-12-19T16:54:23.0223872,0.0138372603904395
2022-12-19T16:54:23.0225792,2.00496854250026E-05
2022-12-19T16:54:23.0227328,-0.00425670595325207
2022-12-19T16:54:23.0228608,-0.00688855556400039
2022-12-19T16:54:23.0403712,0.0135082791799726
2022-12-19T16:54:23.0406656,0.037523907957265
2022-12-19T16:54:23.0408960,-0.0335360323156458
2022-12-19T16:54:23.0411264,0.0391688140686815
2022-12-19T16:54:23.0412800,0.0115343919204599
2022-12-19T16:54:23.0552064,-0.0753166419937198
2022-12-19T16:54:23.0554112,0.0539729692501105
2022-12-19T16:54:23.0555136,-0.0536038845136896
2022-12-19T16:54:23.0556160,2.00496854250026E-05
2022-12-19T16:54:23.0557056,0.0404847389606678
2022-12-19T16:54:23.0557952,-0.0137971607449997
2022-12-19T16:54:23.0558976,0.000678012093708949
2022-12-19T16:54:23.0560000,-0.0657761880304464
2022-12-19T16:54:23.0560896,0.00956050466658112
2022-12-19T16:54:23.0666624,-0.0210347470519443
2022-12-19T16:54:23.0669184,-0.0039277247512097
2022-12-19T16:54:23.0670848,0.0223907719176392
2022-12-19T16:54:23.0672384,-0.0506430538971631
2022-12-19T16:54:23.0673792,0.0033098617330751
2022-12-19T16:54:23.0675072,-0.00129587512927513
2022-12-19T16:54:23.0676352,-0.0108363299615074
2022-12-19T16:54:23.0781312,0.0200879034191048
2022-12-19T16:54:23.0783360,0.0151531852338741
2022-12-19T16:54:23.0784896,0.00462578655649906
2022-12-19T16:54:23.0786560,-0.016429010319809
2022-12-19T16:54:23.0787968,-0.00952040516481843
2022-12-19T16:54:23.0789376,0.00857356104175289
2022-12-19T16:54:23.0893312,-0.0411025996045257
2022-12-19T16:54:23.0895360,0.0306153023325207
2022-12-19T16:54:23.0896768,0.0131792979696624
2022-12-19T16:54:23.0898304,-0.0269564085203087
2022-12-19T16:54:23.0899840,0.0635134249825725
2022-12-19T16:54:23.0901248,-0.0466952797226417
2022-12-19T16:54:23.1049984,0.0256805840717742
2022-12-19T16:54:23.1052032,0.00199393691214557
2022-12-19T16:54:23.1053440,-0.0503140727167894
2022-12-19T16:54:23.1054592,0.0187719785662566
2022-12-19T16:54:23.1055872,-0.0391287124934857
2022-12-19T16:54:23.1171328,0.0299573398957038
2022-12-19T16:54:23.1173120,-0.0230086342136077
2022-12-19T16:54:23.1174656,0.0352210394079334
2022-12-19T16:54:23.1175808,0.028970396241662
2022-12-19T16:54:23.1177472,-0.0559067527624882
2022-12-19T16:54:23.1179136,0.0121923543396712
2022-12-19T16:54:23.1180032,-0.00590161196113415
2022-12-19T16:54:23.1180672,-0.0137971607449997
2022-12-19T16:54:23.1286656,0.0082445798337894
2022-12-19T16:54:23.1287936,0.019100959779233
2022-12-19T16:54:23.1288832,-0.0170869727119661
2022-12-19T16:54:23.1289728,-0.000308931518483477
2022-12-19T16:54:23.1290752,0.0220617907030912
2022-12-19T16:54:23.1291392,0.019100959779233
2022-12-19T16:54:23.1407616,-0.016429010319809
2022-12-19T16:54:23.1409408,0.0362079830709829
2022-12-19T16:54:23.1410816,0.00890254224987264
2022-12-19T16:54:23.1412352,-0.055248790406447
2022-12-19T16:54:23.1413376,0.0654873123923055
2022-12-19T16:54:23.1414528,-0.059854526886008
2022-12-19T16:54:23.1505792,0.0204168846327095
2022-12-19T16:54:23.1508096,0.0411427014076124
2022-12-19T16:54:23.1509632,-0.0463662985404424
2022-12-19T16:54:23.1511424,-0.00590161196113415
2022-12-19T16:54:23.1512320,-0.0282723332842885
2022-12-19T16:54:23.1512960,0.0121923543396712
2022-12-19T16:54:23.1610368,-0.00919142396525881
2022-12-19T16:54:23.1612032,0.00791559862598218
2022-12-19T16:54:23.1613696,0.028970396241662
2022-12-19T16:54:23.1614976,-0.0335360323156458
2022-12-19T16:54:23.1615872,0.0187719785662566
2022-12-19T16:54:23.1710720,-0.00425670595325207
2022-12-19T16:54:23.1712000,-0.00952040516481843
2022-12-19T16:54:23.1712896,0.000678012093708949
2022-12-19T16:54:23.1713664,0.00791559862598218
2022-12-19T16:54:23.1714432,-0.00886244276554422
2022-12-19T16:54:23.1812992,-0.0128102171518951
2022-12-19T16:54:23.1814912,0.0227197531323445
2022-12-19T16:54:23.1816192,0.0348920581872335
2022-12-19T16:54:23.1817344,0.00561273017570495
2022-12-19T16:54:23.1818112,0.0381818704013563
2022-12-19T16:54:23.1946880,0.0194299409923665
2022-12-19T16:54:23.1949440,-0.0414315807891646
2022-12-19T16:54:23.1951104,0.0569338003251055
2022-12-19T16:54:23.1952384,-0.0608414704134819
2022-12-19T16:54:23.1953664,0.0118633731299873
2022-12-19T16:54:23.2111744,0.0335761333060152
2022-12-19T16:54:23.2113408,-0.0601835080619839
2022-12-19T16:54:23.2114304,-0.00984938636422307
2022-12-19T16:54:23.2115200,-0.0193898410796531
2022-12-19T16:54:23.2116224,0.00956050466658112
2022-12-19T16:54:23.2117120,-0.02596946494571
2022-12-19T16:54:23.2117888,0.0194299409923665
2022-12-19T16:54:23.2209664,0.0256805840717742
2022-12-19T16:54:23.2210816,-0.0430764867100695
2022-12-19T16:54:23.2211456,0.0207458658464715
2022-12-19T16:54:23.2212096,0.0033098617330751
2022-12-19T16:54:23.2212736,-0.0233376154066791
2022-12-19T16:54:23.2213504,0.0105474482928166
2022-12-19T16:54:23.2215040,0.00528374896914695
2022-12-19T16:54:23.2216064,-0.0167579915159647
2022-12-19T16:54:23.2387840,-0.00425670595325207
2022-12-19T16:54:23.2390400,0.00429680535040913
2022-12-19T16:54:23.2391424,0.0306153023325207
2022-12-19T16:54:23.2392064,-0.00886244276554422
2022-12-19T16:54:23.2392832,0.0273254901547475
2022-12-19T16:54:23.2509952,0.00758661741833119
2022-12-19T16:54:23.2511744,-0.0355099194422867
2022-12-19T16:54:23.2512768,0.0523280631029221
2022-12-19T16:54:23.2513664,-0.0595255457098809
2022-12-19T16:54:23.2514432,0.0197589222056571
2022-12-19T16:54:23.2515328,0.0319312272080495
2022-12-19T16:54:23.2516096,-0.0489981479937746
2022-12-19T16:54:23.2516864,0.0115343919204599
2022-12-19T16:54:23.2517632,-0.0374838065634167
2022-12-19T16:54:23.2626816,0.010218467083915
2022-12-19T16:54:23.2628864,-0.0243245589849698
2022-12-19T16:54:23.2630272,0.028970396241662
2022-12-19T16:54:23.2631424,0.0243646592082312
2022-12-19T16:54:23.2632576,-0.0384707501219167
2022-12-19T16:54:23.2633728,0.0243646592082312
2022-12-19T16:54:23.2744064,-0.00129587512927513
2022-12-19T16:54:23.2749184,-0.0144551231396295
2022-12-19T16:54:23.2753408,0.0243646592082312
2022-12-19T16:54:23.2755840,0.00956050466658112
2022-12-19T16:54:23.2757376,-0.00162485633256119
2022-12-19T16:54:23.2758528,-0.00326976234665881
2022-12-19T16:54:23.2896384,0.0223907719176392
2022-12-19T16:54:23.2898560,0.00923152345814872
2022-12-19T16:54:23.2900480,-0.000966893925833531
2022-12-19T16:54:23.2902144,0.0325891896467616
2022-12-19T16:54:23.2903936,0.0161401288680959
2022-12-19T16:54:23.2905600,-0.0453793549929307
2022-12-19T16:54:23.3051520,0.0615395375786094
2022-12-19T16:54:23.3053696,-0.0516299974373722
2022-12-19T16:54:23.3054976,0.0148242040227804
2022-12-19T16:54:23.3056384,0.0263385465044908
2022-12-19T16:54:23.3057664,-0.0486691668126406
2022-12-19T16:54:23.3058816,0.00923152345814872
2022-12-19T16:54:23.3060224,-0.0397866748644434
2022-12-19T16:54:23.3061632,-0.0055726307598683
2022-12-19T16:54:23.3157504,-0.0292592768556604
2022-12-19T16:54:23.3161984,0.0243646592082312
2022-12-19T16:54:23.3164160,0.0362079830709829
2022-12-19T16:54:23.3165824,-0.0243245589849698
2022-12-19T16:54:23.3168512,0.0355500206287917
2022-12-19T16:54:23.3170688,0.00133597450261574
2022-12-19T16:54:23.3171968,-0.00984938636422307
2022-12-19T16:54:23.3292032,0.0108764295018745
2022-12-19T16:54:23.3294720,0.0227197531323445
2022-12-19T16:54:23.3296512,-0.00195383753569171
2022-12-19T16:54:23.3297664,-0.0167579915159647
2022-12-19T16:54:23.3298560,0.0144952228118434
2022-12-19T16:54:23.3300096,-0.0121522547557184
2022-12-19T16:54:23.3408512,0.0125213355495117
2022-12-19T16:54:23.3411328,-0.00688855556400039
2022-12-19T16:54:23.3413760,0.0171270725037292
2022-12-19T16:54:23.3415552,-0.0792644160105083
2022-12-19T16:54:23.3416576,0.0779885994549393
2022-12-19T16:54:23.3417600,-0.0559067527624882
2022-12-19T16:54:23.3562368,-0.0075465179651354
2022-12-19T16:54:23.3565568,0.0141662416010631
2022-12-19T16:54:23.3567872,-0.0730137738072749
2022-12-19T16:54:23.3569024,0.0214038282744669
2022-12-19T16:54:23.3570432,-0.0391287124934857
2022-12-19T16:54:23.3571584,0.00890254224987264
2022-12-19T16:54:23.3680640,-0.00425670595325207
2022-12-19T16:54:23.3683968,0.0164691100798168
2022-12-19T16:54:23.3687040,0.034234095746308
2022-12-19T16:54:23.3689088,-0.039457693679041
2022-12-19T16:54:23.3690240,0.0378528891792314
2022-12-19T16:54:23.3691520,0.00528374896914695
2022-12-19T16:54:23.3692672,-0.0193898410796531
2022-12-19T16:54:23.3693696,0.0283124338064231
2022-12-19T16:54:23.3796864,0.0151531852338741
2022-12-19T16:54:23.3801600,-0.0114942923589225
2022-12-19T16:54:23.3804928,-0.0078754991654702
2022-12-19T16:54:23.3807104,0.0171270725037292
2022-12-19T16:54:23.3808256,0.00363884293869718
2022-12-19T16:54:23.3809280,0.0158111476565318
2022-12-19T16:54:23.3921920,0.030944283551166
2022-12-19T16:54:23.3924992,0.00659967379631543
2022-12-19T16:54:23.3926912,-0.0407736184197342
2022-12-19T16:54:23.3928192,0.0543019504800269
2022-12-19T16:54:23.3929472,-0.0608414704134819
2022-12-19T16:54:23.3930624,0.000678012093708949
2022-12-19T16:54:23.4072448,0.0454194573282296
2022-12-19T16:54:23.4075648,-0.0532749033346829
2022-12-19T16:54:23.4077440,0.0240356779927391
2022-12-19T16:54:23.4078720,-0.0256404837538696
2022-12-19T16:54:23.4079744,0.00758661741833119
2022-12-19T16:54:23.4080896,-0.016429010319809
2022-12-19T16:54:23.4173056,0.0335761333060152
2022-12-19T16:54:23.4176384,0.0368659455138072
2022-12-19T16:54:23.4178944,-0.038141768935903
2022-12-19T16:54:23.4180864,0.0269965089378377
2022-12-19T16:54:23.4182144,0.00857356104175289
2022-12-19T16:54:23.4183296,-0.0108363299615074
2022-12-19T16:54:23.4184448,0.0286414150239637
2022-12-19T16:54:23.4285440,-0.00886244276554422
2022-12-19T16:54:23.4287360,0.00791559862598218
2022-12-19T16:54:23.4288640,0.00363884293869718
2022-12-19T16:54:23.4289792,0.0148242040227804
2022-12-19T16:54:23.4290816,-0.00820448036564994
2022-12-19T16:54:23.4291968,0.00988948587516988
2022-12-19T16:54:23.4387456,0.0233777155622271
2022-12-19T16:54:23.4389888,-0.00261179994148619
2022-12-19T16:54:23.4391552,-0.0509720350773848
2022-12-19T16:54:23.4393088,0.0598946314130441
2022-12-19T16:54:23.4394368,-0.0532749033346829
2022-12-19T16:54:23.4495232,-0.00425670595325207
2022-12-19T16:54:23.4497408,0.0371949267354569
2022-12-19T16:54:23.4499200,-0.0572226774727517
2022-12-19T16:54:23.4500480,0.0154821664451246
2022-12-19T16:54:23.4501504,-0.0318911263725649
2022-12-19T16:54:23.4599808,0.00791559862598218
2022-12-19T16:54:23.4602112,-0.0131391983497513
2022-12-19T16:54:23.4604160,0.0200879034191048
2022-12-19T16:54:23.4605568,0.0220617907030912
2022-12-19T16:54:23.4607488,-0.0460373173580908
2022-12-19T16:54:23.4698624,0.0431165887522547
2022-12-19T16:54:23.4700800,0.005941711382419
2022-12-19T16:54:23.4703360,-0.0075465179651354
2022-12-19T16:54:23.4705664,0.00298088052760892
2022-12-19T16:54:23.4706944,-0.000966893925833531
2022-12-19T16:54:23.4707968,-0.0124812359538841
2022-12-19T16:54:23.4827392,-0.00326976234665881
2022-12-19T16:54:23.4830080,0.0121923543396712
2022-12-19T16:54:23.4831616,-0.00590161196113415
2022-12-19T16:54:23.4832640,0.0164691100798168
2022-12-19T16:54:23.4833664,0.0365369642923159
2022-12-19T16:54:23.4925568,0.00363884293869718
2022-12-19T16:54:23.4928640,-0.0430764867100695
2022-12-19T16:54:23.4931712,0.0496962132757115
2022-12-19T16:54:23.4934144,-0.0585386021805911
2022-12-19T16:54:23.4935680,0.0138372603904395
2022-12-19T16:54:23.4937344,0.0398267765143575
2022-12-19T16:54:23.5024000,-0.0614994327643749
2022-12-19T16:54:23.5026560,0.0210748470603906
2022-12-19T16:54:23.5029376,-0.0325490887502571
2022-12-19T16:54:23.5032064,0.0210748470603906
2022-12-19T16:54:23.5033984,-0.0108363299615074
2022-12-19T16:54:23.5126144,0.0220617907030912
2022-12-19T16:54:23.5128576,0.0352210394079334
2022-12-19T16:54:23.5131136,-0.038141768935903
2022-12-19T16:54:23.5133312,0.0434455699769174
2022-12-19T16:54:23.5135360,-0.00919142396525881
2022-12-19T16:54:23.5254016,-0.0121522547557184
2022-12-19T16:54:23.5256704,0.0279834525890402
2022-12-19T16:54:23.5257984,0.000349030889489121
2022-12-19T16:54:23.5258880,-0.00623059316224477
2022-12-19T16:54:23.5260032,-0.0085334615656746
2022-12-19T16:54:23.5357824,0.0174560537159208
2022-12-19T16:54:23.5359488,0.00199393691214557
2022-12-19T16:54:23.5360640,-0.000308931518483477
2022-12-19T16:54:23.5361664,0.0214038282744669
2022-12-19T16:54:23.5362688,-0.00688855556400039
2022-12-19T16:54:23.5363584,-0.0447213926271611
2022-12-19T16:54:23.5472896,0.0549599129403384
2022-12-19T16:54:23.5474432,1.65808780492005
2022-12-19T16:54:23.5475456,-0.148350457846878
2022-12-19T16:54:23.5476608,0.0332471520861059
2022-12-19T16:54:23.5477632,-0.0588675833571724
2022-12-19T16:54:23.5578624,0.0240356779927391
2022-12-19T16:54:23.5582080,-0.0243245589849698
2022-12-19T16:54:23.5584128,-0.00359874354901193
2022-12-19T16:54:23.5585536,-0.00228281873866669
2022-12-19T16:54:23.5586816,0.00396782414447519
2022-12-19T16:54:23.5587840,-0.00162485633256119
2022-12-19T16:54:23.5686144,-0.0572226774727517
2022-12-19T16:54:23.5689600,0.0529860255613189
2022-12-19T16:54:23.5692032,0.0033098617330751
2022-12-19T16:54:23.5693568,-0.0114942923589225
2022-12-19T16:54:23.5694848,0.0421296450792193
2022-12-19T16:54:23.5695872,-0.00162485633256119
2022-12-19T16:54:23.5783040,-0.00326976234665881
2022-12-19T16:54:23.5784576,-0.00458568715513909
2022-12-19T16:54:23.5785600,0.00758661741833119
2022-12-19T16:54:23.5786624,-0.00590161196113415
2022-12-19T16:54:23.5787520,0.00956050466658112
2022-12-19T16:54:23.5894784,0.0227197531323445
2022-12-19T16:54:23.5898240,-0.000966893925833531
2022-12-19T16:54:23.5900672,-0.0345229758796555
2022-12-19T16:54:23.5902080,0.0427876075277508
2022-12-19T16:54:23.5903232,-0.0447213926271611
2022-12-19T16:54:23.5989632,-0.0055726307598683
2022-12-19T16:54:23.5991168,0.0457484385540046
2022-12-19T16:54:23.5992192,-0.0539328656925445
2022-12-19T16:54:23.5993088,0.0230487343472071
2022-12-19T16:54:23.5993984,-0.0203767846634904
2022-12-19T16:54:23.6093952,-0.0055726307598683
2022-12-19T16:54:23.6097152,-0.00425670595325207
2022-12-19T16:54:23.6099584,0.0263385465044908
2022-12-19T16:54:23.6101632,0.0167980912916946
2022-12-19T16:54:23.6103040,-0.0516299974373722
2022-12-19T16:54:23.6197248,0.0668032373353356
2022-12-19T16:54:23.6198656,-0.125321777955607
2022-12-19T16:54:23.6199936,0.0345630769666917
2022-12-19T16:54:23.6200832,0.0510121381880419
2022-12-19T16:54:23.6201856,0.011205410711089
2022-12-19T16:54:23.6294912,0.0161401288680959
2022-12-19T16:54:23.6297344,0.0312732647699692
2022-12-19T16:54:23.6298752,-0.000308931518483477
2022-12-19T16:54:23.6299776,-0.0180739162990437
2022-12-19T16:54:23.6300800,0.0141662416010631
2022-12-19T16:54:23.6409216,0.0197589222056571
2022-12-19T16:54:23.6411776,-0.00129587512927513
2022-12-19T16:54:23.6414080,-0.0427475055261936
2022-12-19T16:54:23.6416256,0.0457484385540046
2022-12-19T16:54:23.6418560,-0.0542618468712477
2022-12-19T16:54:23.6509440,0.000678012093708949
2022-12-19T16:54:23.6512896,0.0329181708663548
2022-12-19T16:54:23.6515200,-0.0657761880304464
2022-12-19T16:54:23.6517632,0.0296283586775321
2022-12-19T16:54:23.6519936,-0.0355099194422867
2022-12-19T16:54:23.6521472,0.00692865500349785
2022-12-19T16:54:23.6609920,0.00232291811714419
2022-12-19T16:54:23.6612352,0.00363884293869718
2022-12-19T16:54:23.6613760,0.0273254901547475
2022-12-19T16:54:23.6615296,-0.0437344490773635
2022-12-19T16:54:23.6616448,0.0575917627879726
2022-12-19T16:54:23.6734720,-0.0078754991654702
2022-12-19T16:54:23.6737664,-0.0154420667304147
2022-12-19T16:54:23.6740352,0.0371949267354569
2022-12-19T16:54:23.6742784,-0.00524364955844718
2022-12-19T16:54:23.6744448,-0.0161000291234987
2022-12-19T16:54:23.6832000,-0.00524364955844718
2022-12-19T16:54:23.6834304,0.005941711382419
2022-12-19T16:54:23.6835584,-0.0157710479270339
2022-12-19T16:54:23.6836864,0.00956050466658112
2022-12-19T16:54:23.6838272,0.0269965089378377
2022-12-19T16:54:23.6839552,-0.0039277247512097
2022-12-19T16:54:23.6930176,-0.0529459221555245
2022-12-19T16:54:23.6933120,0.0355500206287917
2022-12-19T16:54:23.6935296,-0.0522879597967521
2022-12-19T16:54:23.6937088,0.00133597450261574
2022-12-19T16:54:23.6939136,0.037523907957265
2022-12-19T16:54:23.7030912,-0.0657761880304464
2022-12-19T16:54:23.7033344,0.0493672320480272
2022-12-19T16:54:23.7035264,-0.0397866748644434
2022-12-19T16:54:23.7037184,0.0121923543396712
2022-12-19T16:54:23.7038848,0.0164691100798168
2022-12-19T16:54:23.7195904,0.0138372603904395
2022-12-19T16:54:23.7198592,0.0325891896467616
2022-12-19T16:54:23.7200512,-0.0565647151179231
2022-12-19T16:54:23.7202560,0.0671322185714943
2022-12-19T16:54:23.7204992,-0.00294078114415022
2022-12-19T16:54:23.7369216,-0.0180739162990437
2022-12-19T16:54:23.7371648,0.0592366689479383
2022-12-19T16:54:23.7373056,-0.0124812359538841
2022-12-19T16:54:23.7374464,-0.0101783675634727
2022-12-19T16:54:23.7375872,0.00923152345814872
2022-12-19T16:54:23.7377280,-0.00524364955844718
2022-12-19T16:54:23.7378432,-0.027943352093524
2022-12-19T16:54:23.7379584,0.0256805840717742
2022-12-19T16:54:23.7380736,0.0256805840717742
2022-12-19T16:54:23.7464320,0.0207458658464715
2022-12-19T16:54:23.7467008,-0.0483401856313546
2022-12-19T16:54:23.7469056,0.0322602084273265
2022-12-19T16:54:23.7471232,-0.070052943271019
2022-12-19T16:54:23.7473152,0.0256805840717742
2022-12-19T16:54:23.7485184,0.0286414150239637
2022-12-19T16:54:23.7487104,-0.0621573951146631
2022-12-19T16:54:23.7488256,0.0572627815564591
2022-12-19T16:54:23.7612544,-0.0233376154066791
2022-12-19T16:54:23.7616128,0.0115343919204599
2022-12-19T16:54:23.7618944,0.00166495570730275
2022-12-19T16:54:23.7620608,0.0283124338064231
2022-12-19T16:54:23.7622144,0.034234095746308
2022-12-19T16:54:23.7624192,-0.0614994327643749
2022-12-19T16:54:23.7756544,0.0441035324267193
2022-12-19T16:54:23.7759744,-0.0055726307598683
2022-12-19T16:54:23.7762048,-0.0203767846634904
2022-12-19T16:54:23.7764608,0.0529860255613189
2022-12-19T16:54:23.7767424,-0.00162485633256119
2022-12-19T16:54:23.7770496,-0.0134681795474529
2022-12-19T16:54:23.7854464,0.00199393691214557
2022-12-19T16:54:23.7856896,-0.0105073487625675
2022-12-19T16:54:23.7860224,-0.0286013144748993
2022-12-19T16:54:23.7863168,0.0151531852338741
2022-12-19T16:54:23.7865216,0.0214038282744669
2022-12-19T16:54:23.7867008,-0.00162485633256119
2022-12-19T16:54:23.7868160,-0.0358389006295243
2022-12-19T16:54:23.7869440,0.034234095746308
2022-12-19T16:54:23.7954048,-0.0434054678937928
2022-12-19T16:54:23.7959296,0.00495476776274499
2022-12-19T16:54:23.7961216,0.0371949267354569
2022-12-19T16:54:23.7962752,-0.0726847926371815
2022-12-19T16:54:23.7964032,0.0391688140686815
2022-12-19T16:54:23.8100352,-0.0167579915159647
2022-12-19T16:54:23.8102784,-0.00919142396525881
2022-12-19T16:54:23.8104448,0.00199393691214557
2022-12-19T16:54:23.8105856,0.010218467083915
2022-12-19T16:54:23.8243328,0.0243646592082312
2022-12-19T16:54:23.8246272,-0.0450503738101221
2022-12-19T16:54:23.8248320,0.0296283586775321
2022-12-19T16:54:23.8249344,0.00890254224987264
2022-12-19T16:54:23.8250368,-0.0269564085203087
2022-12-19T16:54:23.8251520,0.0582497252514792
2022-12-19T16:54:23.8252544,-0.00886244276554422
2022-12-19T16:54:23.8253568,-0.00886244276554422
2022-12-19T16:54:23.8401152,0.00363884293869718
2022-12-19T16:54:23.8404736,-0.0272853897115341
2022-12-19T16:54:23.8406784,-0.0266274273289295
2022-12-19T16:54:23.8408576,0.0204168846327095
2022-12-19T16:54:23.8409984,0.0260095652880537
2022-12-19T16:54:23.8411008,-0.00195383753569171
2022-12-19T16:54:23.8412160,-0.0516299974373722
2022-12-19T16:54:23.8552960,0.0414716826313227
2022-12-19T16:54:23.8555136,-0.0411025996045257
2022-12-19T16:54:23.8556672,-0.014126141942392
2022-12-19T16:54:23.8557952,0.0444325136518585
2022-12-19T16:54:23.8559104,-0.0572226774727517
2022-12-19T16:54:23.8560128,0.0418006638551917
2022-12-19T16:54:23.8561152,-0.0190608598847322
2022-12-19T16:54:23.8562304,-0.0108363299615074
2022-12-19T16:54:23.8736640,0.0217328094887004
2022-12-19T16:54:23.8739840,0.0237066967774044
2022-12-19T16:54:23.8741888,0.0424586263034057
2022-12-19T16:54:23.8743040,-0.0407736184197342
2022-12-19T16:54:23.8744192,0.0345630769666917
2022-12-19T16:54:23.8745344,-0.0105073487625675
2022-12-19T16:54:23.8746368,-0.018731878689657
2022-12-19T16:54:23.8846336,0.0421296450792193
2022-12-19T16:54:23.8849664,-0.017415953907813
2022-12-19T16:54:23.8851584,0.00363884293869718
2022-12-19T16:54:23.8853248,-0.0292592768556604
2022-12-19T16:54:23.8855552,-0.0039277247512097
2022-12-19T16:54:23.8857344,-0.0420895431579843
2022-12-19T16:54:23.8858624,0.0227197531323445
2022-12-19T16:54:23.8860032,0.0401557577374334
2022-12-19T16:54:23.8861440,-0.0085334615656746
2022-12-19T16:54:23.8862720,-0.0420895431579843
2022-12-19T16:54:23.8948352,0.0355500206287917
2022-12-19T16:54:23.8953472,-0.0427475055261936
2022-12-19T16:54:23.8956416,-0.0121522547557184
2022-12-19T16:54:23.8959104,0.0450904761026137
2022-12-19T16:54:23.8961024,-0.0657761880304464
2022-12-19T16:54:23.9042304,0.0618685188122028
2022-12-19T16:54:23.9043328,-0.0177449351035055
2022-12-19T16:54:23.9043968,0.0345630769666917
2022-12-19T16:54:23.9044608,0.0174560537159208
2022-12-19T16:54:23.9045248,0.00495476776274499
2022-12-19T16:54:23.9224960,0.0414716826313227
2022-12-19T16:54:23.9226496,-0.038141768935903
2022-12-19T16:54:23.9227392,0.0533150067907566
2022-12-19T16:54:23.9228160,-0.0121522547557184
2022-12-19T16:54:23.9228928,-0.0101783675634727
2022-12-19T16:54:23.9353728,0.0740408245679497
2022-12-19T16:54:23.9356800,-0.00590161196113415
2022-12-19T16:54:23.9359360,0.00298088052760892
2022-12-19T16:54:23.9360896,0.00396782414447519
2022-12-19T16:54:23.9362048,-0.00820448036564994
2022-12-19T16:54:23.9363712,-0.0154420667304147
2022-12-19T16:54:23.9364992,-0.0108363299615074
2022-12-19T16:54:23.9366144,0.00857356104175289
2022-12-19T16:54:23.9367296,-0.00129587512927513
2022-12-19T16:54:23.9470592,-0.0322201075614877
2022-12-19T16:54:23.9475456,0.0332471520861059
2022-12-19T16:54:23.9478656,-0.0575516586499388
2022-12-19T16:54:23.9480192,-0.0269564085203087
2022-12-19T16:54:23.9481472,0.043774551201739
2022-12-19T16:54:23.9482624,-0.0572226774727517
2022-12-19T16:54:23.9483648,0.069106105991819
2022-12-19T16:54:23.9587584,-0.0226796530203822
2022-12-19T16:54:23.9590656,-0.00984938636422307
2022-12-19T16:54:23.9593344,0.0131792979696624
2022-12-19T16:54:23.9595648,0.00232291811714419
2022-12-19T16:54:23.9596928,0.010218467083915
2022-12-19T16:54:23.9732224,-0.0282723332842885
2022-12-19T16:54:23.9735296,0.0523280631029221
2022-12-19T16:54:23.9737984,-0.0114942923589225
2022-12-19T16:54:23.9740032,-0.0200478034690322
2022-12-19T16:54:23.9741184,0.0562758378628775
2022-12-19T16:54:23.9742336,-0.0302462204256504
2022-12-19T16:54:23.9867520,-0.00688855556400039
2022-12-19T16:54:23.9869696,0.0128503167595087
2022-12-19T16:54:23.9871104,-0.0167579915159647
2022-12-19T16:54:23.9872256,-0.0180739162990437
2022-12-19T16:54:23.9873536,0.0121923543396712
2022-12-19T16:54:23.9874688,0.010218467083915
2022-12-19T16:54:23.9875712,0.00462578655649906
2022-12-19T16:54:23.9966080,-0.0299172392358072
2022-12-19T16:54:23.9969408,0.0329181708663548
2022-12-19T16:54:23.9971456,-0.0236665965995966
2022-12-19T16:54:23.9973888,0.00462578655649906
2022-12-19T16:54:23.9976704,0.027654471371815
2022-12-19T16:54:23.9979520,-0.0726847926371815
2022-12-19T16:54:23.9981696,0.0628554625139439
2022-12-19T16:54:24.0098816,-0.0220216906334693
2022-12-19T16:54:24.0101504,-0.0226796530203822
2022-12-19T16:54:24.0104064,0.0204168846327095
2022-12-19T16:54:24.0105856,0.005941711382419
2022-12-19T16:54:24.0107392,0.0286414150239637
2022-12-19T16:54:24.0221184,-0.0325490887502571
2022-12-19T16:54:24.0222848,0.0427876075277508
2022-12-19T16:54:24.0224000,-0.00820448036564994
2022-12-19T16:54:24.0225152,-0.0210347470519443
2022-12-19T16:54:24.0226176,0.0411427014076124
2022-12-19T16:54:24.0227328,-0.0266274273289295
2022-12-19T16:54:24.0228480,-0.00228281873866669
2022-12-19T16:54:24.0325760,-0.000637912722236303
2022-12-19T16:54:24.0328064,-0.0200478034690322
2022-12-19T16:54:24.0329216,-0.0236665965995966
2022-12-19T16:54:24.0330368,0.0227197531323445
2022-12-19T16:54:24.0331648,0.00857356104175289
2022-12-19T16:54:24.0332800,-0.00952040516481843
2022-12-19T16:54:24.0439936,-0.0295882580458106
2022-12-19T16:54:24.0443392,0.0227197531323445
2022-12-19T16:54:24.0445056,-0.0318911263725649
2022-12-19T16:54:24.0446336,-0.00359874354901193
2022-12-19T16:54:24.0447488,0.0378528891792314
2022-12-19T16:54:24.0558336,-0.0565647151179231
2022-12-19T16:54:24.0561536,0.0773306369721622
2022-12-19T16:54:24.0564096,-0.0345229758796555
2022-12-19T16:54:24.0565888,-0.0121522547557184
2022-12-19T16:54:24.0567552,0.0385108516236395
2022-12-19T16:54:24.0568704,-0.0101783675634727
2022-12-19T16:54:24.0695040,0.0355500206287917
2022-12-19T16:54:24.0698368,-0.0105073487625675
2022-12-19T16:54:24.0699776,0.0454194573282296
2022-12-19T16:54:24.0701056,-0.0144551231396295
2022-12-19T16:54:24.0702208,-0.0131391983497513
2022-12-19T16:54:24.0703872,0.0510121381880419
2022-12-19T16:54:24.0809984,-0.0226796530203822
2022-12-19T16:54:24.0813184,-0.0131391983497513
2022-12-19T16:54:24.0815872,0.0115343919204599
2022-12-19T16:54:24.0817408,-0.027943352093524
2022-12-19T16:54:24.0818688,-0.0302462204256504
2022-12-19T16:54:24.0819840,0.0141662416010631
2022-12-19T16:54:24.0927616,0.0207458658464715
2022-12-19T16:54:24.0930688,-0.0121522547557184
2022-12-19T16:54:24.0933632,-0.0417605619736507
2022-12-19T16:54:24.0935936,0.0250226216396877
2022-12-19T16:54:24.0937344,-0.0292592768556604
2022-12-19T16:54:24.0938368,-0.00820448036564994
2022-12-19T16:54:24.1077632,0.0385108516236395
2022-12-19T16:54:24.1080704,-0.0568936962954132
2022-12-19T16:54:24.1082624,0.0572627815564591
2022-12-19T16:54:24.1083776,-0.0351809382548961
2022-12-19T16:54:24.1084928,-0.0272853897115341
2022-12-19T16:54:24.1086336,0.0283124338064231
2022-12-19T16:54:24.1196672,-0.0055726307598683
2022-12-19T16:54:24.1200384,0.0391688140686815
2022-12-19T16:54:24.1203840,-0.0207057658577945
2022-12-19T16:54:24.1205760,0.0325891896467616
2022-12-19T16:54:24.1207040,-0.0118232735573979
2022-12-19T16:54:24.1208064,-0.0387997313077776
2022-12-19T16:54:24.1209088,0.0569338003251055
2022-12-19T16:54:24.1210240,-0.0210347470519443
2022-12-19T16:54:24.1312896,-0.000966893925833531
2022-12-19T16:54:24.1316096,-0.000637912722236303
2022-12-19T16:54:24.1318016,-0.0190608598847322
2022-12-19T16:54:24.1319552,-0.0190608598847322
2022-12-19T16:54:24.1321088,0.0223907719176392
2022-12-19T16:54:24.1322496,0.00265189932229863
2022-12-19T16:54:24.1477632,-0.0184028974944275
2022-12-19T16:54:24.1480960,-0.0249825213697274
2022-12-19T16:54:24.1482624,0.0204168846327095
2022-12-19T16:54:24.1483776,-0.0387997313077776
2022-12-19T16:54:24.1484928,0.000349030889489121
2022-12-19T16:54:24.1579008,0.043774551201739
2022-12-19T16:54:24.1582080,-0.0503140727167894
2022-12-19T16:54:24.1584896,0.0773306369721622
2022-12-19T16:54:24.1586560,-0.0203767846634904
2022-12-19T16:54:24.1587840,-0.0276143709026059
2022-12-19T16:54:24.1588992,0.0362079830709829
2022-12-19T16:54:24.1590016,-0.000966893925833531
2022-12-19T16:54:24.1591040,0.034234095746308
2022-12-19T16:54:24.1732352,-0.0269564085203087
2022-12-19T16:54:24.1735680,0.0266675277210854
2022-12-19T16:54:24.1737728,-0.0078754991654702
2022-12-19T16:54:24.1739136,-0.0108363299615074
2022-12-19T16:54:24.1740288,0.0536439880203538
2022-12-19T16:54:24.1741568,-0.0309041828048764
2022-12-19T16:54:24.1830912,-0.00261179994148619
2022-12-19T16:54:24.1834368,0.00528374896914695
2022-12-19T16:54:24.1837056,-0.0223506718270028
2022-12-19T16:54:24.1838976,-0.0128102171518951
2022-12-19T16:54:24.1840256,0.0151531852338741
2022-12-19T16:54:24.1841408,0.0158111476565318
2022-12-19T16:54:24.1842432,-0.0151130855336409
2022-12-19T16:54:24.1944704,-0.0276143709026059
2022-12-19T16:54:24.1948672,0.0167980912916946
2022-12-19T16:54:24.1951232,-0.0348519570673523
2022-12-19T16:54:24.1953024,-0.00359874354901193
2022-12-19T16:54:24.1954432,0.0371949267354569
2022-12-19T16:54:24.2061824,-0.0608414704134819
2022-12-19T16:54:24.2065536,0.06055259387879
2022-12-19T16:54:24.2068096,-0.0223506718270028
2022-12-19T16:54:24.2069760,-0.018731878689657
2022-12-19T16:54:24.2070912,0.0500251945035551
2022-12-19T16:54:24.2072064,0.00495476776274499
2022-12-19T16:54:24.2161152,0.0243646592082312
2022-12-19T16:54:24.2164352,0.00988948587516988
2022-12-19T16:54:24.2166016,0.0240356779927391
2022-12-19T16:54:24.2167168,-0.0766325666683836
2022-12-19T16:54:24.2168320,-0.0269564085203087
2022-12-19T16:54:24.2169344,0.0177850349282693
2022-12-19T16:54:24.2270336,-0.0292592768556604
2022-12-19T16:54:24.2275328,0.0256805840717742
2022-12-19T16:54:24.2279936,0.0121923543396712
2022-12-19T16:54:24.2282368,-0.0124812359538841
2022-12-19T16:54:24.2283648,-0.0039277247512097
2022-12-19T16:54:24.2408192,0.0167980912916946
2022-12-19T16:54:24.2411648,0.00791559862598218
2022-12-19T16:54:24.2413312,-0.00984938636422307
2022-12-19T16:54:24.2414592,-0.0236665965995966
2022-12-19T16:54:24.2415744,0.0108764295018745
2022-12-19T16:54:24.2569600,-0.04044463723479
2022-12-19T16:54:24.2575232,0.0151531852338741
2022-12-19T16:54:24.2578304,0.0378528891792314
2022-12-19T16:54:24.2580736,-0.0605124892378086
2022-12-19T16:54:24.2583680,0.0671322185714943
2022-12-19T16:54:24.2586112,-0.016429010319809
2022-12-19T16:54:24.2588416,-0.0371548253769442
2022-12-19T16:54:24.2733696,0.0589076877156253
2022-12-19T16:54:24.2736768,-0.00886244276554422
2022-12-19T16:54:24.2738432,0.0223907719176392
2022-12-19T16:54:24.2739456,-0.016429010319809
2022-12-19T16:54:24.2740608,0.027654471371815
2022-12-19T16:54:24.2847872,-0.00886244276554422
2022-12-19T16:54:24.2849408,-0.0269564085203087
2022-12-19T16:54:24.2850560,0.0519990818739629
2022-12-19T16:54:24.2851584,-0.0246535401774255
2022-12-19T16:54:24.2898176,-0.00590161196113415
2022-12-19T16:54:24.2900736,0.0131792979696624
2022-12-19T16:54:24.2902528,-0.0272853897115341
2022-12-19T16:54:24.2903936,-0.0193898410796531
2022-12-19T16:54:24.2905344,0.0138372603904395
2022-12-19T16:54:24.2906752,0.0138372603904395
2022-12-19T16:54:24.2908160,-0.0118232735573979
2022-12-19T16:54:24.2909440,-0.0226796530203822
2022-12-19T16:54:24.2910976,0.00923152345814872
2022-12-19T16:54:24.2912384,-0.0420895431579843
2022-12-19T16:54:24.2913792,0.0108764295018745
2022-12-19T16:54:24.2915072,0.0388398328460813
2022-12-19T16:54:24.2916352,-0.0509720350773848
2022-12-19T16:54:24.3063296,0.0441035324267193
2022-12-19T16:54:24.3066112,-0.0161000291234987
2022-12-19T16:54:24.3067648,-0.0466952797226417
2022-12-19T16:54:24.3194880,0.0454194573282296
2022-12-19T16:54:24.3200896,0.00561273017570495
2022-12-19T16:54:24.3204352,0.0286414150239637
2022-12-19T16:54:24.3206272,-0.0157710479270339
2022-12-19T16:54:24.3207424,0.0263385465044908
2022-12-19T16:54:24.3208576,-0.0203767846634904
2022-12-19T16:54:24.3209600,-0.0134681795474529
2022-12-19T16:54:24.3210624,0.0500251945035551
2022-12-19T16:54:24.3312384,-0.0443924114440477
2022-12-19T16:54:24.3315840,-0.00129587512927513
2022-12-19T16:54:24.3317504,0.011205410711089
2022-12-19T16:54:24.3318784,-0.0180739162990437
2022-12-19T16:54:24.3319936,-0.0157710479270339
2022-12-19T16:54:24.3320960,2.00496854250026E-05
2022-12-19T16:54:24.3321984,-0.00294078114415022
2022-12-19T16:54:24.3420928,-0.0203767846634904
2022-12-19T16:54:24.3424256,-0.0220216906334693
2022-12-19T16:54:24.3425920,0.00988948587516988
2022-12-19T16:54:24.3427072,-0.0325490887502571
2022-12-19T16:54:24.3428224,0.0138372603904395
2022-12-19T16:54:24.3566592,0.0546309317101028
2022-12-19T16:54:24.3569152,-0.0555777715845434
2022-12-19T16:54:24.3570432,0.0519990818739629
2022-12-19T16:54:24.3571712,-0.0190608598847322
2022-12-19T16:54:24.3572864,-0.0286013144748993
2022-12-19T16:54:24.3574016,0.0631844437481781
2022-12-19T16:54:24.3685248,-0.00820448036564994
2022-12-19T16:54:24.3687552,0.0283124338064231
2022-12-19T16:54:24.3688832,-0.0105073487625675
2022-12-19T16:54:24.3689984,0.0444325136518585
2022-12-19T16:54:24.3691136,-0.00688855556400039
2022-12-19T16:54:24.3692160,-0.02596946494571
2022-12-19T16:54:24.3693312,0.0569338003251055
2022-12-19T16:54:24.3781248,-0.039457693679041
2022-12-19T16:54:24.3784832,-0.000966893925833531
2022-12-19T16:54:24.3787648,0.00725763621083642
2022-12-19T16:54:24.3789568,-0.0055726307598683
2022-12-19T16:54:24.3791104,-0.0197188222744198
2022-12-19T16:54:24.3792768,0.00462578655649906
2022-12-19T16:54:24.3910272,0.00133597450261574
2022-12-19T16:54:24.3912576,-0.0269564085203087
2022-12-19T16:54:24.3913984,-0.0289302956653566
2022-12-19T16:54:24.3915136,0.0131792979696624
2022-12-19T16:54:24.3916288,-0.0295882580458106
2022-12-19T16:54:24.4068096,-0.00228281873866669
2022-12-19T16:54:24.4071296,0.0408137201840608
2022-12-19T16:54:24.4072960,-0.0601835080619839
2022-12-19T16:54:24.4074112,0.0638424062171271
2022-12-19T16:54:24.4075264,-0.018731878689657
2022-12-19T16:54:24.4076288,-0.0114942923589225
2022-12-19T16:54:24.4167040,0.0638424062171271
2022-12-19T16:54:24.4170368,-0.00655957436320019
2022-12-19T16:54:24.4172032,0.043774551201739
2022-12-19T16:54:24.4173312,-0.0121522547557184
2022-12-19T16:54:24.4174336,0.0325891896467616
2022-12-19T16:54:24.4175488,-0.00261179994148619
2022-12-19T16:54:24.4176896,-0.0216927094397817
2022-12-19T16:54:24.4177920,0.0500251945035551
2022-12-19T16:54:24.4281216,-0.0318911263725649
2022-12-19T16:54:24.4284800,-0.00721753676464547
2022-12-19T16:54:24.4287232,0.00956050466658112
2022-12-19T16:54:24.4288640,-0.0223506718270028
2022-12-19T16:54:24.4289920,-0.0358389006295243
2022-12-19T16:54:24.4400128,0.00659967379631543
2022-12-19T16:54:24.4403840,0.00495476776274499
2022-12-19T16:54:24.4405632,-0.00326976234665881
2022-12-19T16:54:24.4406784,-0.0134681795474529
2022-12-19T16:54:24.4407936,0.00627069258928915
2022-12-19T16:54:24.4409088,-0.0207057658577945
2022-12-19T16:54:24.4518016,0.00396782414447519
2022-12-19T16:54:24.4521216,0.0467353822322834
2022-12-19T16:54:24.4522880,-0.0536038845136896
2022-12-19T16:54:24.4524160,0.0671322185714943
2022-12-19T16:54:24.4525312,-0.00326976234665881
2022-12-19T16:54:24.4526464,-0.0236665965995966
2022-12-19T16:54:24.4614016,0.0687771247546967
2022-12-19T16:54:24.4618240,0.00232291811714419
2022-12-19T16:54:24.4621056,0.0378528891792314
2022-12-19T16:54:24.4622976,-0.0101783675634727
2022-12-19T16:54:24.4624384,0.0371949267354569
2022-12-19T16:54:24.4625664,-0.0223506718270028
2022-12-19T16:54:24.4737792,-0.0239955777923602
2022-12-19T16:54:24.4740992,0.0398267765143575
2022-12-19T16:54:24.4743040,-0.0509720350773848
2022-12-19T16:54:24.4744192,0.00166495570730275
2022-12-19T16:54:24.4745728,0.0207458658464715
2022-12-19T16:54:24.4855296,-0.0203767846634904
2022-12-19T16:54:24.4858368,-0.0276143709026059
2022-12-19T16:54:24.4860288,0.011205410711089
2022-12-19T16:54:24.4861568,0.00956050466658112
2022-12-19T16:54:24.4862592,-0.00688855556400039
2022-12-19T16:54:24.4974464,-0.00524364955844718
2022-12-19T16:54:24.4976768,0.0108764295018745
2022-12-19T16:54:24.4977920,-0.0249825213697274
2022-12-19T16:54:24.4979072,0.00265189932229863
2022-12-19T16:54:24.4980096,0.0431165887522547
2022-12-19T16:54:24.4981248,-0.0489981479937746
2022-12-19T16:54:24.5092096,0.057920744019646
2022-12-19T16:54:24.5095808,-0.0055726307598683
2022-12-19T16:54:24.5097856,-0.0210347470519443
2022-12-19T16:54:24.5100928,0.0740408245679497
2022-12-19T16:54:24.5102592,-0.00688855556400039
2022-12-19T16:54:24.5103872,0.0490382508205021
2022-12-19T16:54:24.5189760,-0.000308931518483477
2022-12-19T16:54:24.5193856,0.0487092695931362
2022-12-19T16:54:24.5196160,-0.0233376154066791
2022-12-19T16:54:24.5197568,-0.0328780699388733
2022-12-19T16:54:24.5199104,0.0414716826313227
2022-12-19T16:54:24.5200512,-0.0549198092281989
2022-12-19T16:54:24.5314816,0.0141662416010631
2022-12-19T16:54:24.5317120,0.0151531852338741
2022-12-19T16:54:24.5318656,-0.0282723332842885
2022-12-19T16:54:24.5319808,-0.0144551231396295
2022-12-19T16:54:24.5320832,0.0033098617330751
2022-12-19T16:54:24.5442560,0.0082445798337894
2022-12-19T16:54:24.5447424,0.00100699329808449
2022-12-19T16:54:24.5451776,-0.0114942923589225
2022-12-19T16:54:24.5453824,0.0128503167595087
2022-12-19T16:54:24.5455232,-0.0243245589849698
2022-12-19T16:54:24.5456384,0.00363884293869718
2022-12-19T16:54:24.5579904,0.0546309317101028
2022-12-19T16:54:24.5583104,-0.0417605619736507
2022-12-19T16:54:24.5584768,0.0510121381880419
2022-12-19T16:54:24.5585920,-0.00655957436320019
2022-12-19T16:54:24.5587072,-0.0216927094397817
2022-12-19T16:54:24.5588096,0.0671322185714943
2022-12-19T16:54:24.5589248,-0.00952040516481843
2022-12-19T16:54:24.5734656,0.0312732647699692
2022-12-19T16:54:24.5737088,-0.00886244276554422
2022-12-19T16:54:24.5738496,0.0207458658464715
2022-12-19T16:54:24.5739648,-0.0128102171518951
2022-12-19T16:54:24.5740672,-0.0325490887502571
2022-12-19T16:54:24.5741824,0.0391688140686815
2022-12-19T16:54:24.5742976,-0.0420895431579843
2022-12-19T16:54:24.5853568,-0.00261179994148619
2022-12-19T16:54:24.5856000,0.0200879034191048
2022-12-19T16:54:24.5857280,-0.0322201075614877
2022-12-19T16:54:24.5858432,-0.0243245589849698
2022-12-19T16:54:24.5859456,0.0171270725037292
2022-12-19T16:54:24.5860608,2.00496854250026E-05
2022-12-19T16:54:24.5861760,-0.0161000291234987
2022-12-19T16:54:24.5969536,-0.027943352093524
2022-12-19T16:54:24.5972736,0.005941711382419
2022-12-19T16:54:24.5974272,-0.04044463723479
2022-12-19T16:54:24.5975424,0.00528374896914695
2022-12-19T16:54:24.5976576,0.0477223259119937
2022-12-19T16:54:24.5977984,-0.0536038845136896
2022-12-19T16:54:24.6086400,0.0661452748634996
2022-12-19T16:54:24.6089344,0.00363884293869718
2022-12-19T16:54:24.6091136,-0.027943352093524
2022-12-19T16:54:24.6092288,0.071408974656176
2022-12-19T16:54:24.6093312,-0.0197188222744198
2022-12-19T16:54:24.6094464,0.0391688140686815
2022-12-19T16:54:24.6237440,0.00692865500349785
2022-12-19T16:54:24.6240768,0.0266675277210854
2022-12-19T16:54:24.6242560,-0.0272853897115341
2022-12-19T16:54:24.6243712,-0.02596946494571
2022-12-19T16:54:24.6244864,0.0454194573282296
2022-12-19T16:54:24.6245888,-0.0559067527624882
2022-12-19T16:54:24.6356224,-0.00195383753569171
2022-12-19T16:54:24.6359552,0.00363884293869718
2022-12-19T16:54:24.6362368,-0.0328780699388733
2022-12-19T16:54:24.6364160,-0.0249825213697274
2022-12-19T16:54:24.6365440,-0.000966893925833531
2022-12-19T16:54:24.6366464,0.0033098617330751
2022-12-19T16:54:24.6367616,-0.00919142396525881
2022-12-19T16:54:24.6368768,0.0082445798337894
2022-12-19T16:54:24.6471296,0.00528374896914695
2022-12-19T16:54:24.6474624,-0.0256404837538696
2022-12-19T16:54:24.6476672,-0.0101783675634727
2022-12-19T16:54:24.6478080,0.043774551201739
2022-12-19T16:54:24.6479232,-0.0341939946918055
2022-12-19T16:54:24.6480384,0.0631844437481781
2022-12-19T16:54:24.6600320,-0.00458568715513909
2022-12-19T16:54:24.6604800,-0.0243245589849698
2022-12-19T16:54:24.6608256,0.064829349921753
2022-12-19T16:54:24.6611072,-0.0266274273289295
2022-12-19T16:54:24.6613120,0.0401557577374334
2022-12-19T16:54:24.6748800,1.3310795390256
2022-12-19T16:54:24.6752000,-0.115123362346242
2022-12-19T16:54:24.6753664,-0.0134681795474529
2022-12-19T16:54:24.6754944,-0.0338650135038022
2022-12-19T16:54:24.6755968,0.0585787064834723
2022-12-19T16:54:24.6757120,-0.0526169409762142
2022-12-19T16:54:24.6758272,-0.0269564085203087
2022-12-19T16:54:24.6901504,0.0164691100798168
2022-12-19T16:54:24.6904064,-0.0466952797226417
2022-12-19T16:54:24.6905344,-0.0295882580458106
2022-12-19T16:54:24.6906496,-0.000637912722236303
2022-12-19T16:54:24.6907648,0.0164691100798168
2022-12-19T16:54:24.6908800,0.00298088052760892
2022-12-19T16:54:24.6909952,0.00100699329808449
2022-12-19T16:54:24.7011712,0.00988948587516988
2022-12-19T16:54:24.7014912,-0.0207057658577945
2022-12-19T16:54:24.7016960,-0.00655957436320019
2022-12-19T16:54:24.7018112,0.0362079830709829
2022-12-19T16:54:24.7019264,-0.0335360323156458
2022-12-19T16:54:24.7020288,0.0569338003251055
2022-12-19T16:54:24.7021440,0.00692865500349785
2022-12-19T16:54:24.7022464,-0.0213637282459401
2022-12-19T16:54:24.7109504,0.0766726744900302
2022-12-19T16:54:24.7113088,-0.0161000291234987
2022-12-19T16:54:24.7115136,0.0171270725037292
2022-12-19T16:54:24.7116416,-0.0075465179651354
2022-12-19T16:54:24.7117568,0.00988948587516988
2022-12-19T16:54:24.7239936,-0.0137971607449997
2022-12-19T16:54:24.7242112,-0.0397866748644434
2022-12-19T16:54:24.7243392,0.0421296450792193
2022-12-19T16:54:24.7244544,-0.0542618468712477
2022-12-19T16:54:24.7245696,-0.00919142396525881
2022-12-19T16:54:24.7359744,0.010218467083915
2022-12-19T16:54:24.7362816,-0.0397866748644434
2022-12-19T16:54:24.7364736,-0.0253115025618754
2022-12-19T16:54:24.7366016,0.00100699329808449
2022-12-19T16:54:24.7367296,-0.0055726307598683
2022-12-19T16:54:24.7368448,-0.00688855556400039
2022-12-19T16:54:24.7476608,-0.00228281873866669
2022-12-19T16:54:24.7479040,-0.0161000291234987
2022-12-19T16:54:24.7480192,-0.0190608598847322
2022-12-19T16:54:24.7481472,-0.0137971607449997
2022-12-19T16:54:24.7482624,0.0487092695931362
2022-12-19T16:54:24.7483648,-0.0450503738101221
2022-12-19T16:54:24.7484800,0.0674611998078136
2022-12-19T16:54:24.7595136,0.0118633731299873
2022-12-19T16:54:24.7597824,-0.018731878689657
2022-12-19T16:54:24.7599232,0.0895029430081691
2022-12-19T16:54:24.7600384,-0.0180739162990437
2022-12-19T16:54:24.7601664,0.0230487343472071
2022-12-19T16:54:24.7735040,0.0108764295018745
2022-12-19T16:54:24.7737344,0.0128503167595087
2022-12-19T16:54:24.7739776,-0.0447213926271611
2022-12-19T16:54:24.7741184,-0.0664341503768083
2022-12-19T16:54:24.7742464,0.0569338003251055
2022-12-19T16:54:24.7743488,-0.0865020016519206
2022-12-19T16:54:24.7833600,-0.00590161196113415
2022-12-19T16:54:24.7835776,0.00956050466658112
2022-12-19T16:54:24.7837056,0.00528374896914695
2022-12-19T16:54:24.7838208,-0.0302462204256504
2022-12-19T16:54:24.7839488,0.0220617907030912
2022-12-19T16:54:24.7840512,-0.00425670595325207
2022-12-19T16:54:24.7841664,-0.0131391983497513
2022-12-19T16:54:24.7936000,-0.000966893925833531
2022-12-19T16:54:24.7939328,-0.00721753676464547
2022-12-19T16:54:24.7941120,-0.0184028974944275
2022-12-19T16:54:24.7942272,-0.0134681795474529
2022-12-19T16:54:24.7943424,0.0585787064834723
2022-12-19T16:54:24.8068992,-0.0203767846634904
2022-12-19T16:54:24.8071552,0.0477223259119937
2022-12-19T16:54:24.8072960,0.0135082791799726
2022-12-19T16:54:24.8074112,-0.0358389006295243
2022-12-19T16:54:24.8075520,0.0674611998078136
2022-12-19T16:54:24.8167808,-0.0269564085203087
2022-12-19T16:54:24.8171008,0.0273254901547475
2022-12-19T16:54:24.8172672,0.00627069258928915
2022-12-19T16:54:24.8174080,0.0154821664451246
2022-12-19T16:54:24.8175488,0.0033098617330751
2022-12-19T16:54:24.8177024,-0.0236665965995966
2022-12-19T16:54:24.8178432,0.0460774197799385
2022-12-19T16:54:24.8281728,-0.0680790562400737
2022-12-19T16:54:24.8284928,0.00923152345814872
2022-12-19T16:54:24.8286848,0.00956050466658112
2022-12-19T16:54:24.8288000,-0.0519589786171381
2022-12-19T16:54:24.8289152,-0.000966893925833531
2022-12-19T16:54:24.8411648,0.00495476776274499
2022-12-19T16:54:24.8416256,0.00100699329808449
2022-12-19T16:54:24.8418048,0.00166495570730275
2022-12-19T16:54:24.8419456,-0.00162485633256119
2022-12-19T16:54:24.8420608,-0.0134681795474529
2022-12-19T16:54:24.8421632,-0.0085334615656746
2022-12-19T16:54:24.8533632,-0.0039277247512097
2022-12-19T16:54:24.8536832,0.0365369642923159
2022-12-19T16:54:24.8538624,-0.0197188222744198
2022-12-19T16:54:24.8539904,0.0569338003251055
2022-12-19T16:54:24.8541056,-0.0078754991654702
2022-12-19T16:54:24.8542336,-0.0289302956653566
2022-12-19T16:54:24.8648832,0.0707510121798415
2022-12-19T16:54:24.8651136,-0.0378127877497363
2022-12-19T16:54:24.8652544,0.0266675277210854
2022-12-19T16:54:24.8653696,-0.00228281873866669
2022-12-19T16:54:24.8654848,0.0302863211140333
2022-12-19T16:54:24.8656000,-0.0243245589849698
2022-12-19T16:54:24.8770048,-0.0272853897115341
2022-12-19T16:54:24.8772992,0.0388398328460813
2022-12-19T16:54:24.8774528,-0.070052943271019
2022-12-19T16:54:24.8775808,0.0283124338064231
2022-12-19T16:54:24.8776960,0.0243646592082312
2022-12-19T16:54:24.8778240,-0.0440634302607818
2022-12-19T16:54:24.8905088,-0.0230086342136077
2022-12-19T16:54:24.8908288,0.00659967379631543
2022-12-19T16:54:24.8910720,0.00890254224987264
2022-12-19T16:54:24.8912384,-0.00458568715513909
2022-12-19T16:54:24.8913664,-0.0207057658577945
2022-12-19T16:54:24.8914944,-0.0111653111602924
2022-12-19T16:54:24.9023104,-0.0144551231396295
2022-12-19T16:54:24.9026304,0.0131792979696624
2022-12-19T16:54:24.9028864,0.0365369642923159
2022-12-19T16:54:24.9030656,-0.02596946494571
2022-12-19T16:54:24.9031808,0.0404847389606678
2022-12-19T16:54:24.9033600,0.00857356104175289
2022-12-19T16:54:24.9034880,-0.0230086342136077
2022-12-19T16:54:24.9139200,0.0743698058076459
2022-12-19T16:54:24.9141376,-0.0601835080619839
2022-12-19T16:54:24.9142656,0.0227197531323445
2022-12-19T16:54:24.9143808,0.00363884293869718
2022-12-19T16:54:24.9144960,0.0154821664451246
2022-12-19T16:54:24.9146112,0.0243646592082312
2022-12-19T16:54:24.9256064,-0.0726847926371815
2022-12-19T16:54:24.9258240,0.0503541757315581
2022-12-19T16:54:24.9259520,-0.0417605619736507
2022-12-19T16:54:24.9260544,-0.00195383753569171
2022-12-19T16:54:24.9261696,0.00923152345814872
2022-12-19T16:54:24.9405952,-0.0322201075614877
2022-12-19T16:54:24.9408640,2.00496854250026E-05
2022-12-19T16:54:24.9409920,0.00133597450261574
2022-12-19T16:54:24.9411072,-0.00228281873866669
2022-12-19T16:54:24.9412224,0.0164691100798168
2022-12-19T16:54:24.9413248,0.00462578655649906
2022-12-19T16:54:24.9527296,0.000678012093708949
2022-12-19T16:54:24.9529600,-0.00984938636422307
2022-12-19T16:54:24.9530880,-0.00326976234665881
2022-12-19T16:54:24.9532032,0.0335761333060152
2022-12-19T16:54:24.9533056,-0.0154420667304147
2022-12-19T16:54:24.9534080,0.0467353822322834
2022-12-19T16:54:24.9535360,0.00100699329808449
2022-12-19T16:54:24.9536640,-0.027943352093524
2022-12-19T16:54:24.9643136,0.064829349921753
2022-12-19T16:54:24.9646336,-0.0605124892378086
2022-12-19T16:54:24.9647872,0.0355500206287917
2022-12-19T16:54:24.9649152,0.000678012093708949
2022-12-19T16:54:24.9650304,-0.00623059316224477
2022-12-19T16:54:24.9651712,-0.00129587512927513
2022-12-19T16:54:24.9760768,-0.0358389006295243
2022-12-19T16:54:24.9763840,0.0519990818739629
2022-12-19T16:54:24.9766400,-0.0532749033346829
2022-12-19T16:54:24.9767936,-0.00162485633256119
2022-12-19T16:54:24.9769856,0.00561273017570495
2022-12-19T16:54:24.9771904,-0.0361678818166088
2022-12-19T16:54:24.9910784,2.00496854250026E-05
2022-12-19T16:54:24.9915904,0.00528374896914695
2022-12-19T16:54:24.9919104,-0.00359874354901193
2022-12-19T16:54:24.9920640,-0.00129587512927513
2022-12-19T16:54:24.9921920,0.00166495570730275
2022-12-19T16:54:24.9923072,-0.00688855556400039
2022-12-19T16:54:25.0071680,-0.0190608598847322
2022-12-19T16:54:25.0075776,0.0115343919204599
2022-12-19T16:54:25.0078720,0.0444325136518585
2022-12-19T16:54:25.0080640,-0.0200478034690322
2022-12-19T16:54:25.0082176,0.0401557577374334
2022-12-19T16:54:25.0083712,-0.0118232735573979
2022-12-19T16:54:25.0085120,-0.0384707501219167
2022-12-19T16:54:25.0195712,0.0674611998078136
2022-12-19T16:54:25.0198400,-0.0582096210038585
2022-12-19T16:54:25.0199680,0.0292993774595181
2022-12-19T16:54:25.0200832,0.027654471371815
2022-12-19T16:54:25.0202112,-0.0180739162990437
2022-12-19T16:54:25.0203264,-0.00294078114415022
2022-12-19T16:54:25.0204544,-0.0184028974944275
2022-12-19T16:54:25.0205696,0.0556178754012885
2022-12-19T16:54:25.0310272,-0.0443924114440477
2022-12-19T16:54:25.0312576,0.00725763621083642
2022-12-19T16:54:25.0314112,0.0200879034191048
2022-12-19T16:54:25.0315392,-0.0420895431579843
2022-12-19T16:54:25.0316544,0.00462578655649906
2022-12-19T16:54:25.0317568,0.0115343919204599
2022-12-19T16:54:25.0427136,0.00199393691214557
2022-12-19T16:54:25.0429440,0.019100959779233
2022-12-19T16:54:25.0430720,0.00100699329808449
2022-12-19T16:54:25.0432000,-0.0101783675634727
2022-12-19T16:54:25.0433024,-0.018731878689657
2022-12-19T16:54:25.0434048,0.000678012093708949
2022-12-19T16:54:25.0572288,0.0566048190939116
2022-12-19T16:54:25.0575360,-0.0305752016153402
2022-12-19T16:54:25.0577024,0.0733828620890405
2022-12-19T16:54:25.0578176,-0.0105073487625675
2022-12-19T16:54:25.0579328,-0.0335360323156458
2022-12-19T16:54:25.0580352,0.0635134249825725
2022-12-19T16:54:25.0691328,-0.0302462204256504
2022-12-19T16:54:25.0694528,0.00923152345814872
2022-12-19T16:54:25.0696320,0.0128503167595087
2022-12-19T16:54:25.0697728,0.0161401288680959
2022-12-19T16:54:25.0699136,0.00133597450261574
2022-12-19T16:54:25.0700544,-0.00524364955844718
2022-12-19T16:54:25.0702080,0.06252648127987
2022-12-19T16:54:25.0825472,-0.0460373173580908
2022-12-19T16:54:25.0830720,0.00462578655649906
2022-12-19T16:54:25.0832768,0.0214038282744669
2022-12-19T16:54:25.0833920,-0.0568936962954132
2022-12-19T16:54:25.0835072,0.00956050466658112
2022-12-19T16:54:25.0836096,0.0217328094887004
2022-12-19T16:54:25.0945408,-0.0256404837538696
2022-12-19T16:54:25.0948864,0.00363884293869718
2022-12-19T16:54:25.0951680,0.0210748470603906
2022-12-19T16:54:25.0953728,-0.00688855556400039
2022-12-19T16:54:25.0955008,-0.0243245589849698
2022-12-19T16:54:25.0956160,0.00495476776274499
2022-12-19T16:54:25.0957184,0.043774551201739
2022-12-19T16:54:25.1083520,-0.0200478034690322
2022-12-19T16:54:25.1086464,0.0526570443320408
2022-12-19T16:54:25.1089280,0.0174560537159208
2022-12-19T16:54:25.1091200,-0.0430764867100695
2022-12-19T16:54:25.1092480,0.06055259387879
2022-12-19T16:54:25.1093504,-0.0542618468712477
2022-12-19T16:54:25.1239296,0.0454194573282296
2022-12-19T16:54:25.1242752,0.0121923543396712
2022-12-19T16:54:25.1245056,-0.0108363299615074
2022-12-19T16:54:25.1246592,0.00298088052760892
2022-12-19T16:54:25.1248128,-0.0476822232683261
2022-12-19T16:54:25.1249280,0.0496962132757115
2022-12-19T16:54:25.1250304,-0.0585386021805911
2022-12-19T16:54:25.1368192,0.0151531852338741
2022-12-19T16:54:25.1371520,0.0210748470603906
2022-12-19T16:54:25.1374592,-0.0355099194422867
2022-12-19T16:54:25.1376512,0.00956050466658112
2022-12-19T16:54:25.1377664,0.00363884293869718
2022-12-19T16:54:25.1378816,-0.0075465179651354
2022-12-19T16:54:25.1379968,0.005941711382419
2022-12-19T16:54:25.1380992,0.0171270725037292
2022-12-19T16:54:25.1462528,-0.0134681795474529
2022-12-19T16:54:25.1466112,-0.0137971607449997
2022-12-19T16:54:25.1468672,0.0184429973534371
2022-12-19T16:54:25.1471232,0.0362079830709829
2022-12-19T16:54:25.1473792,-0.0170869727119661
2022-12-19T16:54:25.1476480,0.0365369642923159
2022-12-19T16:54:25.1557504,0.0118633731299873
2022-12-19T16:54:25.1561600,-0.0355099194422867
2022-12-19T16:54:25.1564544,0.0589076877156253
2022-12-19T16:54:25.1566592,-0.0493271291747564
2022-12-19T16:54:25.1568128,0.0286414150239637
2022-12-19T16:54:25.1687296,0.010218467083915
2022-12-19T16:54:25.1690496,-0.0243245589849698
2022-12-19T16:54:25.1692160,0.0148242040227804
2022-12-19T16:54:25.1693312,-0.0309041828048764
2022-12-19T16:54:25.1694464,0.034234095746308
2022-12-19T16:54:25.1816064,-0.0532749033346829
2022-12-19T16:54:25.1819904,0.0148242040227804
2022-12-19T16:54:25.1821952,0.0204168846327095
2022-12-19T16:54:25.1823744,-0.0463662985404424
2022-12-19T16:54:25.1825024,0.00298088052760892
2022-12-19T16:54:25.1826176,0.0184429973534371
2022-12-19T16:54:25.1945088,-0.0108363299615074
2022-12-19T16:54:25.1950208,-0.0105073487625675
2022-12-19T16:54:25.1954304,0.00429680535040913
2022-12-19T16:54:25.1956992,-0.0184028974944275
2022-12-19T16:54:25.1958528,0.00100699329808449
2022-12-19T16:54:25.1960064,0.00659967379631543
2022-12-19T16:54:25.2073600,0.0411427014076124
2022-12-19T16:54:25.2076544,-0.0108363299615074
2022-12-19T16:54:25.2077952,0.0335761333060152
2022-12-19T16:54:25.2079360,0.00298088052760892
2022-12-19T16:54:25.2080640,-0.0282723332842885
2022-12-19T16:54:25.2081792,0.071408974656176
2022-12-19T16:54:25.2083328,-0.0509720350773848
2022-12-19T16:54:25.2202880,0.0266675277210854
2022-12-19T16:54:25.2205184,0.0184429973534371
2022-12-19T16:54:25.2206336,-0.0223506718270028
2022-12-19T16:54:25.2207488,-0.00886244276554422
2022-12-19T16:54:25.2208512,-0.0506430538971631
2022-12-19T16:54:25.2209664,0.0240356779927391
2022-12-19T16:54:25.2319232,-0.0489981479937746
2022-12-19T16:54:25.2321792,0.00725763621083642
2022-12-19T16:54:25.2323072,0.0207458658464715
2022-12-19T16:54:25.2324096,-0.0499850915362638
2022-12-19T16:54:25.2325248,0.0033098617330751
2022-12-19T16:54:25.2326528,0.0141662416010631
2022-12-19T16:54:25.2327680,-0.00721753676464547
2022-12-19T16:54:25.2440576,0.00232291811714419
2022-12-19T16:54:25.2445824,0.0217328094887004
2022-12-19T16:54:25.2449792,-0.0289302956653566
2022-12-19T16:54:25.2452480,-0.00195383753569171
2022-12-19T16:54:25.2455552,0.0240356779927391
2022-12-19T16:54:25.2457216,0.0325891896467616
2022-12-19T16:54:25.2582912,-0.0210347470519443
2022-12-19T16:54:25.2585984,0.0325891896467616
2022-12-19T16:54:25.2587648,0.00956050466658112
2022-12-19T16:54:25.2589184,-0.0476822232683261
2022-12-19T16:54:25.2590592,0.0631844437481781
2022-12-19T16:54:25.2592000,-0.0697239620995714
2022-12-19T16:54:25.2736512,0.0204168846327095
2022-12-19T16:54:25.2739456,0.027654471371815
2022-12-19T16:54:25.2741120,-0.0371548253769442
2022-12-19T16:54:25.2742784,0.00363884293869718
2022-12-19T16:54:25.2744064,-0.0322201075614877
2022-12-19T16:54:25.2745344,0.0237066967774044
2022-12-19T16:54:25.2746752,-0.0401156560496931
2022-12-19T16:54:25.2835840,0.0141662416010631
2022-12-19T16:54:25.2839808,0.0184429973534371
2022-12-19T16:54:25.2842112,-0.0499850915362638
2022-12-19T16:54:25.2843392,0.00890254224987264
2022-12-19T16:54:25.2844544,0.0108764295018745
2022-12-19T16:54:25.2845696,-0.00524364955844718
2022-12-19T16:54:25.2846720,0.0204168846327095
2022-12-19T16:54:25.2847744,0.00758661741833119
2022-12-19T16:54:25.2936448,-0.0177449351035055
2022-12-19T16:54:25.2939648,0.00199393691214557
2022-12-19T16:54:25.2941440,0.00923152345814872
2022-12-19T16:54:25.2942592,0.0299573398957038
2022-12-19T16:54:25.2943872,-0.0269564085203087
2022-12-19T16:54:25.3083648,0.0483802883659295
2022-12-19T16:54:25.3086848,0.0138372603904395
2022-12-19T16:54:25.3088768,-0.0499850915362638
2022-12-19T16:54:25.3090048,0.0621975000459563
2022-12-19T16:54:25.3213568,-0.0720268302965437
2022-12-19T16:54:25.3217152,0.0184429973534371
2022-12-19T16:54:25.3219200,0.0240356779927391
2022-12-19T16:54:25.3220736,-0.0322201075614877
2022-12-19T16:54:25.3222400,0.000349030889489121
2022-12-19T16:54:25.3225088,-0.0338650135038022
2022-12-19T16:54:25.3227008,0.0237066967774044
2022-12-19T16:54:25.3228160,-0.0345229758796555
2022-12-19T16:54:25.3340672,0.0174560537159208
2022-12-19T16:54:25.3343616,0.0240356779927391
2022-12-19T16:54:25.3346176,-0.0427475055261936
2022-12-19T16:54:25.3347712,0.0197589222056571
2022-12-19T16:54:25.3348864,-0.0075465179651354
2022-12-19T16:54:25.3350144,-0.000966893925833531
2022-12-19T16:54:25.3351168,0.0174560537159208
2022-12-19T16:54:25.3455232,0.0118633731299873
2022-12-19T16:54:25.3459840,-0.00886244276554422
2022-12-19T16:54:25.3462144,-0.00129587512927513
2022-12-19T16:54:25.3463808,0.0306153023325207
2022-12-19T16:54:25.3464960,0.0253516028556522
2022-12-19T16:54:25.3466112,-0.00228281873866669
2022-12-19T16:54:25.3573376,0.0398267765143575
2022-12-19T16:54:25.3577216,0.00429680535040913
2022-12-19T16:54:25.3580416,-0.0453793549929307
2022-12-19T16:54:25.3582976,0.0539729692501105
2022-12-19T16:54:25.3584896,-0.0509720350773848
2022-12-19T16:54:25.3685248,0.0296283586775321
2022-12-19T16:54:25.3688064,0.0371949267354569
2022-12-19T16:54:25.3689984,-0.039457693679041
2022-12-19T16:54:25.3691264,0.00725763621083642
2022-12-19T16:54:25.3692416,-0.0302462204256504
2022-12-19T16:54:25.3693696,0.0135082791799726
2022-12-19T16:54:25.3787520,-0.0226796530203822
2022-12-19T16:54:25.3791616,0.0273254901547475
2022-12-19T16:54:25.3794304,0.0233777155622271
2022-12-19T16:54:25.3796864,-0.0453793549929307
2022-12-19T16:54:25.3799424,0.0223907719176392
2022-12-19T16:54:25.3801728,0.0082445798337894
2022-12-19T16:54:25.3925632,-0.00162485633256119
2022-12-19T16:54:25.3928704,0.00791559862598218
2022-12-19T16:54:25.3930368,0.0171270725037292
2022-12-19T16:54:25.3931648,-0.0105073487625675
2022-12-19T16:54:25.3932800,-0.00524364955844718
2022-12-19T16:54:25.4073344,0.00627069258928915
2022-12-19T16:54:25.4076032,0.0381818704013563
2022-12-19T16:54:25.4077312,-0.0101783675634727
2022-12-19T16:54:25.4078592,0.0332471520861059
2022-12-19T16:54:25.4079744,-0.000637912722236303
2022-12-19T16:54:25.4080768,-0.04044463723479
2022-12-19T16:54:25.4081920,0.071408974656176
2022-12-19T16:54:25.4192896,-0.0463662985404424
2022-12-19T16:54:25.4195072,0.0194299409923665
2022-12-19T16:54:25.4196224,0.0391688140686815
2022-12-19T16:54:25.4197376,-0.0575516586499388
2022-12-19T16:54:25.4198528,0.000678012093708949
2022-12-19T16:54:25.4199552,-0.0312331639942593
2022-12-19T16:54:25.4200576,0.00495476776274499
2022-12-19T16:54:25.4311680,-0.027943352093524
2022-12-19T16:54:25.4313984,0.0223907719176392
2022-12-19T16:54:25.4315264,0.0269965089378377
2022-12-19T16:54:25.4316416,-0.039457693679041
2022-12-19T16:54:25.4317440,0.0260095652880537
2022-12-19T16:54:25.4318592,-0.0131391983497513
2022-12-19T16:54:25.4428928,0.00429680535040913
2022-12-19T16:54:25.4433408,0.000349030889489121
2022-12-19T16:54:25.4437120,0.0138372603904395
2022-12-19T16:54:25.4438784,-0.00294078114415022
2022-12-19T16:54:25.4439936,0.00396782414447519
2022-12-19T16:54:25.4440960,0.0250226216396877
2022-12-19T16:54:25.4570880,0.011205410711089
2022-12-19T16:54:25.4573952,-0.00195383753569171
2022-12-19T16:54:25.4575616,0.0260095652880537
2022-12-19T16:54:25.4576896,0.00725763621083642
2022-12-19T16:54:25.4578048,-0.0549198092281989
2022-12-19T16:54:25.4579200,0.0766726744900302
2022-12-19T16:54:25.4691072,-0.055248790406447
2022-12-19T16:54:25.4694272,-0.0105073487625675
2022-12-19T16:54:25.4696320,0.0773306369721622
2022-12-19T16:54:25.4697472,-0.0503140727167894
2022-12-19T16:54:25.4698496,0.129309675114894
2022-12-19T16:54:25.4699648,-0.0457083361755869
2022-12-19T16:54:25.4700800,0.00791559862598218
2022-12-19T16:54:25.4808448,-0.0575516586499388
2022-12-19T16:54:25.4811776,0.0345630769666917
2022-12-19T16:54:25.4814336,-0.00359874354901193
2022-12-19T16:54:25.4816128,-0.0503140727167894
2022-12-19T16:54:25.4817280,0.0177850349282693
2022-12-19T16:54:25.4818560,-0.018731878689657
2022-12-19T16:54:25.4924672,-0.0223506718270028
2022-12-19T16:54:25.4928128,0.0118633731299873
2022-12-19T16:54:25.4929920,0.0105474482928166
2022-12-19T16:54:25.4931072,0.00199393691214557
2022-12-19T16:54:25.4932352,0.00495476776274499
2022-12-19T16:54:25.4933504,0.0237066967774044
2022-12-19T16:54:25.5073536,0.0256805840717742
2022-12-19T16:54:25.5075840,-0.00261179994148619
2022-12-19T16:54:25.5077120,0.0292993774595181
2022-12-19T16:54:25.5078400,0.0164691100798168
2022-12-19T16:54:25.5079424,-0.0476822232683261
2022-12-19T16:54:25.5080576,0.0592366689479383
2022-12-19T16:54:25.5203840,-0.0440634302607818
2022-12-19T16:54:25.5209088,0.00923152345814872
2022-12-19T16:54:25.5212416,0.0204168846327095
2022-12-19T16:54:25.5214336,-0.0680790562400737
2022-12-19T16:54:25.5215360,0.0128503167595087
2022-12-19T16:54:25.5216512,-0.0256404837538696
2022-12-19T16:54:25.5217664,0.010218467083915
2022-12-19T16:54:25.5325056,-0.0197188222744198
2022-12-19T16:54:25.5328256,0.0118633731299873
2022-12-19T16:54:25.5330176,0.0273254901547475
2022-12-19T16:54:25.5331456,-0.0374838065634167
2022-12-19T16:54:25.5332608,0.0427876075277508
2022-12-19T16:54:25.5333760,0.00166495570730275
2022-12-19T16:54:25.5334784,-0.0124812359538841
2022-12-19T16:54:25.5426688,-0.00294078114415022
2022-12-19T16:54:25.5429120,-0.000308931518483477
2022-12-19T16:54:25.5430656,-0.00952040516481843
2022-12-19T16:54:25.5432064,-0.0039277247512097
2022-12-19T16:54:25.5433088,0.019100959779233
2022-12-19T16:54:25.5434240,0.0128503167595087
2022-12-19T16:54:25.5526656,0.00133597450261574
2022-12-19T16:54:25.5529984,0.0207458658464715
2022-12-19T16:54:25.5532928,0.00495476776274499
2022-12-19T16:54:25.5534976,-0.0407736184197342
2022-12-19T16:54:25.5536256,0.0598946314130441
2022-12-19T16:54:25.5656064,-0.0509720350773848
2022-12-19T16:54:25.5658112,0.0115343919204599
2022-12-19T16:54:25.5659264,0.0325891896467616
2022-12-19T16:54:25.5660416,-0.0536038845136896
2022-12-19T16:54:25.5661568,0.0230487343472071
2022-12-19T16:54:25.5755136,-0.0371548253769442
2022-12-19T16:54:25.5756928,0.0214038282744669
2022-12-19T16:54:25.5758080,-0.0266274273289295
2022-12-19T16:54:25.5759232,0.0207458658464715
2022-12-19T16:54:25.5760512,0.0368659455138072
2022-12-19T16:54:25.5761536,-0.0401156560496931
2022-12-19T16:54:25.5851264,0.0345630769666917
2022-12-19T16:54:25.5853056,0.00627069258928915
2022-12-19T16:54:25.5854208,-0.000637912722236303
2022-12-19T16:54:25.5855360,0.0138372603904395
2022-12-19T16:54:25.5856512,0.0108764295018745
2022-12-19T16:54:25.5948672,-0.0108363299615074
2022-12-19T16:54:25.5950976,0.00462578655649906
2022-12-19T16:54:25.5952640,0.0256805840717742
2022-12-19T16:54:25.5954048,0.00988948587516988
2022-12-19T16:54:25.5955712,0.00857356104175289
2022-12-19T16:54:25.6046720,0.028970396241662
2022-12-19T16:54:25.6048640,0.0148242040227804
2022-12-19T16:54:25.6049920,-0.0513010162574545
2022-12-19T16:54:25.6050944,0.0595656501804112
2022-12-19T16:54:25.6052096,-0.0526169409762142
2022-12-19T16:54:25.6197248,2.00496854250026E-05
2022-12-19T16:54:25.6199680,0.0352210394079334
2022-12-19T16:54:25.6201216,-0.0657761880304464
2022-12-19T16:54:25.6202880,0.0194299409923665
2022-12-19T16:54:25.6204416,-0.0332070511273362
2022-12-19T16:54:25.6385024,0.0286414150239637
2022-12-19T16:54:25.6388480,-0.0108363299615074
2022-12-19T16:54:25.6390272,0.0214038282744669
2022-12-19T16:54:25.6391424,0.0230487343472071
2022-12-19T16:54:25.6392448,-0.0397866748644434
2022-12-19T16:54:25.6393728,0.0526570443320408
2022-12-19T16:54:25.6394880,-0.00524364955844718
2022-12-19T16:54:25.6573184,-0.0233376154066791
2022-12-19T16:54:25.6576384,0.0167980912916946
2022-12-19T16:54:25.6578432,0.00627069258928915
2022-12-19T16:54:25.6580736,-0.0101783675634727
2022-12-19T16:54:25.6582784,-0.0039277247512097
2022-12-19T16:54:25.6584576,0.0210748470603906
2022-12-19T16:54:25.6586496,-0.00326976234665881
2022-12-19T16:54:25.6588416,0.0108764295018745
2022-12-19T16:54:25.6590208,0.030944283551166
2022-12-19T16:54:25.6592128,0.0135082791799726
2022-12-19T16:54:25.6752640,-0.039457693679041
2022-12-19T16:54:25.6756480,0.0559468566320032
2022-12-19T16:54:25.6759680,-0.0585386021805911
2022-12-19T16:54:25.6762368,0.00758661741833119
2022-12-19T16:54:25.6764032,0.0230487343472071
2022-12-19T16:54:25.6765184,-0.0513010162574545
2022-12-19T16:54:25.6766336,0.0299573398957038
2022-12-19T16:54:25.6767360,-0.04044463723479
2022-12-19T16:54:25.6768512,0.005941711382419
2022-12-19T16:54:25.6769536,-0.0039277247512097
2022-12-19T16:54:25.6849792,0.0207458658464715
2022-12-19T16:54:25.6851712,0.0220617907030912
2022-12-19T16:54:25.6852864,-0.0355099194422867
2022-12-19T16:54:25.6854016,0.0523280631029221
2022-12-19T16:54:25.6855168,0.00791559862598218
2022-12-19T16:54:25.6856192,-0.00688855556400039
2022-12-19T16:54:25.6857472,0.0197589222056571
2022-12-19T16:54:25.6858496,0.00758661741833119
2022-12-19T16:54:25.6859648,-0.00688855556400039
2022-12-19T16:54:25.6947328,0.00528374896914695
2022-12-19T16:54:25.6950016,0.0135082791799726
2022-12-19T16:54:25.6952576,0.00462578655649906
2022-12-19T16:54:25.6954368,0.00561273017570495
2022-12-19T16:54:25.7069312,0.0237066967774044
2022-12-19T16:54:25.7071104,0.00758661741833119
2022-12-19T16:54:25.7072256,-0.0368258441903187
2022-12-19T16:54:25.7073408,0.0487092695931362
2022-12-19T16:54:25.7074560,-0.0424185243421653
2022-12-19T16:54:25.7182976,0.0128503167595087
2022-12-19T16:54:25.7188096,0.0345630769666917
2022-12-19T16:54:25.7190912,-0.0473532420865835
2022-12-19T16:54:25.7192448,0.0246936404238808
2022-12-19T16:54:25.7193728,-0.0430764867100695
2022-12-19T16:54:25.7195008,-0.000966893925833531
2022-12-19T16:54:25.7293056,-0.0118232735573979
2022-12-19T16:54:25.7294720,0.028970396241662
2022-12-19T16:54:25.7296000,0.027654471371815
2022-12-19T16:54:25.7297024,-0.0549198092281989
2022-12-19T16:54:25.7298176,0.0589076877156253
2022-12-19T16:54:25.7299200,0.00265189932229863
2022-12-19T16:54:25.7405440,-0.000966893925833531
2022-12-19T16:54:25.7408000,0.0316022459889304
2022-12-19T16:54:25.7409536,0.00659967379631543
2022-12-19T16:54:25.7410688,-0.00984938636422307
2022-12-19T16:54:25.7411968,-0.0134681795474529
2022-12-19T16:54:25.7580928,0.0115343919204599
2022-12-19T16:54:25.7584512,0.00363884293869718
2022-12-19T16:54:25.7586304,0.010218467083915
2022-12-19T16:54:25.7587712,0.0283124338064231
2022-12-19T16:54:25.7589760,0.00692865500349785
2022-12-19T16:54:25.7591936,-0.0463662985404424
2022-12-19T16:54:25.7676416,0.0490382508205021
2022-12-19T16:54:25.7679360,-0.0466952797226417
2022-12-19T16:54:25.7681920,0.00265189932229863
2022-12-19T16:54:25.7683712,0.028970396241662
2022-12-19T16:54:25.7685248,-0.0575516586499388
2022-12-19T16:54:25.7686784,0.027654471371815
2022-12-19T16:54:25.7688320,-0.027943352093524
2022-12-19T16:54:25.7689856,0.00692865500349785
2022-12-19T16:54:25.7691136,0.00363884293869718
2022-12-19T16:54:25.7776128,0.0253516028556522
2022-12-19T16:54:25.7778560,0.0286414150239637
2022-12-19T16:54:25.7780608,-0.0424185243421653
2022-12-19T16:54:25.7782912,0.0526570443320408
2022-12-19T16:54:25.7785856,1.01690181249978
2022-12-19T16:54:25.7875968,-0.12663770254009
2022-12-19T16:54:25.7878656,0.0411427014076124
2022-12-19T16:54:25.7880832,0.00890254224987264
2022-12-19T16:54:25.7882368,-0.00294078114415022
2022-12-19T16:54:25.7976192,0.0138372603904395
2022-12-19T16:54:25.7978496,-0.00294078114415022
2022-12-19T16:54:25.7980032,0.00199393691214557
2022-12-19T16:54:25.7981824,-0.00655957436320019
2022-12-19T16:54:25.7983488,0.0167980912916946
2022-12-19T16:54:25.8075392,0.0210748470603906
2022-12-19T16:54:25.8077056,-0.0397866748644434
2022-12-19T16:54:25.8078208,0.0493672320480272
2022-12-19T16:54:25.8079360,-0.0450503738101221
2022-12-19T16:54:25.8080384,0.0082445798337894
2022-12-19T16:54:25.8260096,0.0368659455138072
2022-12-19T16:54:25.8262784,-0.0486691668126406
2022-12-19T16:54:25.8264448,0.0424586263034057
2022-12-19T16:54:25.8265856,-0.0466952797226417
2022-12-19T16:54:25.8267264,0.0246936404238808
2022-12-19T16:54:25.8406400,0.00166495570730275
2022-12-19T16:54:25.8410368,0.019100959779233
2022-12-19T16:54:25.8413184,0.00890254224987264
2022-12-19T16:54:25.8415616,-0.0440634302607818
2022-12-19T16:54:25.8417280,0.0388398328460813
2022-12-19T16:54:25.8418432,0.00692865500349785
2022-12-19T16:54:25.8419584,-0.0276143709026059
2022-12-19T16:54:25.8420608,0.0559468566320032
2022-12-19T16:54:25.8421760,0.0138372603904395
2022-12-19T16:54:25.8422784,2.00496854250026E-05
2022-12-19T16:54:25.8539392,-0.00491466835687079
2022-12-19T16:54:25.8542080,0.0253516028556522
2022-12-19T16:54:25.8543744,-0.0157710479270339
2022-12-19T16:54:25.8544896,0.00199393691214557
2022-12-19T16:54:25.8545920,0.0167980912916946
2022-12-19T16:54:25.8547200,-0.0213637282459401
2022-12-19T16:54:25.8548480,-0.103280040815743
2022-12-19T16:54:25.8730752,0.00627069258928915
2022-12-19T16:54:25.8733696,-0.0374838065634167
2022-12-19T16:54:25.8735232,-0.00688855556400039
2022-12-19T16:54:25.8736512,0.0559468566320032
2022-12-19T16:54:25.8737664,-0.0549198092281989
2022-12-19T16:54:25.8738816,-0.0101783675634727
2022-12-19T16:54:25.8739968,-0.0253115025618754
2022-12-19T16:54:25.8862336,-0.038141768935903
2022-12-19T16:54:25.8865920,0.0108764295018745
2022-12-19T16:54:25.8868480,0.0154821664451246
2022-12-19T16:54:25.8870784,0.0408137201840608
2022-12-19T16:54:25.8872192,-0.0513010162574545
2022-12-19T16:54:25.8873600,0.0424586263034057
2022-12-19T16:54:25.8875008,0.00988948587516988
2022-12-19T16:54:25.8876544,-0.0184028974944275
2022-12-19T16:54:25.8877824,0.0671322185714943
2022-12-19T16:54:25.9015040,-0.0137971607449997
2022-12-19T16:54:25.9017472,-0.00129587512927513
2022-12-19T16:54:25.9019008,0.00988948587516988
2022-12-19T16:54:25.9020288,-0.000637912722236303
2022-12-19T16:54:25.9021440,-0.0134681795474529
2022-12-19T16:54:25.9022592,0.0223907719176392
2022-12-19T16:54:25.9024128,0.0335761333060152
2022-12-19T16:54:25.9117440,0.00561273017570495
2022-12-19T16:54:25.9119232,-0.0496561103555861
2022-12-19T16:54:25.9120256,0.0385108516236395
2022-12-19T16:54:25.9120896,-0.0450503738101221
2022-12-19T16:54:25.9121792,-0.0226796530203822
2022-12-19T16:54:25.9122560,0.0316022459889304
2022-12-19T16:54:25.9123200,-0.0670921127225668
2022-12-19T16:54:25.9220992,0.0355500206287917
2022-12-19T16:54:25.9222528,-0.0361678818166088
2022-12-19T16:54:25.9223552,2.00496854250026E-05
2022-12-19T16:54:25.9224448,0.00659967379631543
2022-12-19T16:54:25.9225344,0.0161401288680959
2022-12-19T16:54:25.9363328,0.0253516028556522
2022-12-19T16:54:25.9365504,-0.0358389006295243
2022-12-19T16:54:25.9366656,0.0408137201840608
2022-12-19T16:54:25.9367424,0.00758661741833119
2022-12-19T16:54:25.9368064,-0.0147841043367125
2022-12-19T16:54:25.9492352,0.0595656501804112
2022-12-19T16:54:25.9495168,-0.0167579915159647
2022-12-19T16:54:25.9496832,-0.00524364955844718
2022-12-19T16:54:25.9497856,-0.00623059316224477
2022-12-19T16:54:25.9498880,-0.00458568715513909
2022-12-19T16:54:25.9499776,-0.02596946494571
2022-12-19T16:54:25.9500800,0.00396782414447519
2022-12-19T16:54:25.9501696,0.0217328094887004
2022-12-19T16:54:25.9594240,2.00496854250026E-05
2022-12-19T16:54:25.9599488,-0.0348519570673523
2022-12-19T16:54:25.9601920,0.0533150067907566
2022-12-19T16:54:25.9603328,-0.0368258441903187
2022-12-19T16:54:25.9604352,-0.0213637282459401
2022-12-19T16:54:25.9605504,0.0487092695931362
2022-12-19T16:54:25.9742208,-0.0476822232683261
2022-12-19T16:54:25.9745280,0.0460774197799385
2022-12-19T16:54:25.9747840,-0.0282723332842885
2022-12-19T16:54:25.9749760,-0.00129587512927513
2022-12-19T16:54:25.9751040,0.0207458658464715
2022-12-19T16:54:25.9860096,0.00758661741833119
2022-12-19T16:54:25.9863296,0.0329181708663548
2022-12-19T16:54:25.9865984,-0.0407736184197342
2022-12-19T16:54:25.9868288,0.0421296450792193
2022-12-19T16:54:25.9869568,-0.00359874354901193
2022-12-19T16:54:25.9870976,-0.00655957436320019
2022-12-19T16:54:25.9872000,0.0549599129403384
2022-12-19T16:54:25.9873152,-0.0114942923589225
2022-12-19T16:54:25.9982720,-0.00129587512927513
2022-12-19T16:54:25.9985920,-0.00491466835687079
2022-12-19T16:54:25.9987584,-0.00425670595325207
2022-12-19T16:54:25.9988736,-0.027943352093524
2022-12-19T16:54:25.9989760,0.00363884293869718
2022-12-19T16:54:25.9990912,0.0204168846327095
2022-12-19T16:54:26.0114560,0.0141662416010631
2022-12-19T16:54:26.0118528,-0.0345229758796555
2022-12-19T16:54:26.0120576,0.0401557577374334
2022-12-19T16:54:26.0122496,-0.0338650135038022
2022-12-19T16:54:26.0124032,-0.00326976234665881
2022-12-19T16:54:26.0125184,0.0434455699769174
2022-12-19T16:54:26.0252544,-0.061170451589004
2022-12-19T16:54:26.0255104,0.0598946314130441
2022-12-19T16:54:26.0256384,-0.0289302956653566
2022-12-19T16:54:26.0257536,-0.00623059316224477
2022-12-19T16:54:26.0258560,0.0217328094887004
2022-12-19T16:54:26.0259712,0.00659967379631543
2022-12-19T16:54:26.0371328,0.0250226216396877
2022-12-19T16:54:26.0373632,-0.0335360323156458
2022-12-19T16:54:26.0374784,0.0266675277210854
2022-12-19T16:54:26.0375936,-0.000308931518483477
2022-12-19T16:54:26.0376960,-0.00162485633256119
2022-12-19T16:54:26.0378112,0.0513411194165228
2022-12-19T16:54:26.0379264,-0.016429010319809
2022-12-19T16:54:26.0487552,-0.0121522547557184
2022-12-19T16:54:26.0490624,0.00758661741833119
2022-12-19T16:54:26.0492288,-0.0236665965995966
2022-12-19T16:54:26.0493568,-0.017415953907813
2022-12-19T16:54:26.0494592,0.0319312272080495
2022-12-19T16:54:26.0496000,0.0108764295018745
2022-12-19T16:54:26.0589440,-0.00359874354901193
2022-12-19T16:54:26.0592768,-0.0420895431579843
2022-12-19T16:54:26.0594688,0.0352210394079334
2022-12-19T16:54:26.0596224,-0.0513010162574545
2022-12-19T16:54:26.0597632,-0.000308931518483477
2022-12-19T16:54:26.0599168,0.0460774197799385
2022-12-19T16:54:26.0742272,-0.061170451589004
2022-12-19T16:54:26.0746880,0.0483802883659295
2022-12-19T16:54:26.0749952,-0.0226796530203822
2022-12-19T16:54:26.0751616,-0.00688855556400039
2022-12-19T16:54:26.0752768,0.0158111476565318
2022-12-19T16:54:26.0859008,-0.000308931518483477
2022-12-19T16:54:26.0862080,0.0316022459889304
2022-12-19T16:54:26.0864000,-0.0253115025618754
2022-12-19T16:54:26.0865280,0.0388398328460813
2022-12-19T16:54:26.0866304,0.00133597450261574
2022-12-19T16:54:26.0867584,-0.0105073487625675
2022-12-19T16:54:26.0868736,0.0516701006451631
2022-12-19T16:54:26.0869760,-0.0170869727119661
2022-12-19T16:54:26.0954368,0.00956050466658112
2022-12-19T16:54:26.0958080,-0.000637912722236303
2022-12-19T16:54:26.0960384,-0.0075465179651354
2022-12-19T16:54:26.0962176,-0.0387997313077776
2022-12-19T16:54:26.0963712,0.0296283586775321
2022-12-19T16:54:26.0964864,0.0197589222056571
2022-12-19T16:54:26.1084160,0.00692865500349785
2022-12-19T16:54:26.1086336,-0.0417605619736507
2022-12-19T16:54:26.1087488,0.0345630769666917
2022-12-19T16:54:26.1088640,-0.0391287124934857
2022-12-19T16:54:26.1244544,-0.0075465179651354
2022-12-19T16:54:26.1247744,0.0414716826313227
2022-12-19T16:54:26.1249536,-0.0588675833571724
2022-12-19T16:54:26.1251072,0.0658162936278223
2022-12-19T16:54:26.1252608,-0.0249825213697274
2022-12-19T16:54:26.1253888,-0.0230086342136077
2022-12-19T16:54:26.1255296,0.0164691100798168
2022-12-19T16:54:26.1407232,-0.00820448036564994
2022-12-19T16:54:26.1410432,0.0401557577374334
2022-12-19T16:54:26.1412224,-0.0315621451834888
2022-12-19T16:54:26.1413376,0.0391688140686815
2022-12-19T16:54:26.1414400,0.00199393691214557
2022-12-19T16:54:26.1415552,-0.0167579915159647
2022-12-19T16:54:26.1416960,0.0529860255613189
2022-12-19T16:54:26.1418112,-0.0233376154066791
2022-12-19T16:54:26.1525504,-0.00590161196113415
2022-12-19T16:54:26.1528704,0.00363884293869718
2022-12-19T16:54:26.1530496,-0.0137971607449997
2022-12-19T16:54:26.1531648,-0.0216927094397817
2022-12-19T16:54:26.1532928,0.0154821664451246
2022-12-19T16:54:26.1533952,0.0161401288680959
2022-12-19T16:54:26.1535104,-0.0124812359538841
2022-12-19T16:54:26.1536384,-0.0345229758796555
2022-12-19T16:54:26.1641984,0.0322602084273265
2022-12-19T16:54:26.1646976,-0.0358389006295243
2022-12-19T16:54:26.1650304,-0.00326976234665881
2022-12-19T16:54:26.1651968,0.0391688140686815
2022-12-19T16:54:26.1653120,-0.0591965645336023
2022-12-19T16:54:26.1654144,0.0585787064834723
2022-12-19T16:54:26.1759488,-0.0157710479270339
2022-12-19T16:54:26.1762560,-0.0184028974944275
2022-12-19T16:54:26.1764224,0.0335761333060152
2022-12-19T16:54:26.1765632,0.00396782414447519
2022-12-19T16:54:26.1766656,0.0398267765143575
2022-12-19T16:54:26.1767680,-0.018731878689657
2022-12-19T16:54:26.1872384,0.0260095652880537
2022-12-19T16:54:26.1875200,-0.0243245589849698
2022-12-19T16:54:26.1877504,-0.0151130855336409
2022-12-19T16:54:26.1879040,0.0602236126458371
2022-12-19T16:54:26.1880192,-0.016429010319809
2022-12-19T16:54:26.1881216,-0.0039277247512097
2022-12-19T16:54:26.2000256,0.00561273017570495
2022-12-19T16:54:26.2003712,0.010218467083915
2022-12-19T16:54:26.2006272,-0.0309041828048764
2022-12-19T16:54:26.2007936,0.0154821664451246
2022-12-19T16:54:26.2009088,0.00725763621083642
2022-12-19T16:54:26.2127104,-0.00326976234665881
2022-12-19T16:54:26.2131200,-0.0378127877497363
2022-12-19T16:54:26.2134144,0.0286414150239637
2022-12-19T16:54:26.2136960,-0.0355099194422867
2022-12-19T16:54:26.2138624,-0.00820448036564994
2022-12-19T16:54:26.2139776,0.0473933446852645
2022-12-19T16:54:26.2141312,-0.0522879597967521
2022-12-19T16:54:26.2245504,0.0671322185714943
2022-12-19T16:54:26.2248960,-0.0249825213697274
2022-12-19T16:54:26.2251264,-0.0203767846634904
2022-12-19T16:54:26.2252800,0.0319312272080495
2022-12-19T16:54:26.2253952,-0.00458568715513909
2022-12-19T16:54:26.2255104,0.0355500206287917
2022-12-19T16:54:26.2344960,-0.0262984461373967
2022-12-19T16:54:26.2348288,0.0273254901547475
2022-12-19T16:54:26.2350336,-0.0223506718270028
2022-12-19T16:54:26.2351616,-0.0289302956653566
2022-12-19T16:54:26.2352768,0.0477223259119937
2022-12-19T16:54:26.2353792,-0.0193898410796531
2022-12-19T16:54:26.2445312,-0.00261179994148619
2022-12-19T16:54:26.2450816,0.00363884293869718
2022-12-19T16:54:26.2454912,-0.02596946494571
2022-12-19T16:54:26.2457344,-0.0200478034690322
2022-12-19T16:54:26.2460288,0.00988948587516988
2022-12-19T16:54:26.2574080,0.00758661741833119
2022-12-19T16:54:26.2577024,-0.00524364955844718
2022-12-19T16:54:26.2578816,-0.0322201075614877
2022-12-19T16:54:26.2579968,0.0194299409923665
2022-12-19T16:54:26.2580992,-0.0407736184197342
2022-12-19T16:54:26.2700928,-0.0151130855336409
2022-12-19T16:54:26.2708736,0.0414716826313227
2022-12-19T16:54:26.2711552,-0.0585386021805911
2022-12-19T16:54:26.2713088,0.0559468566320032
2022-12-19T16:54:26.2714240,-0.0269564085203087
2022-12-19T16:54:26.2715264,-0.0253115025618754
2022-12-19T16:54:26.2838656,0.0404847389606678
2022-12-19T16:54:26.2842496,0.00199393691214557
2022-12-19T16:54:26.2845312,0.0286414150239637
2022-12-19T16:54:26.2847488,-0.0131391983497513
2022-12-19T16:54:26.2848768,0.0266675277210854
2022-12-19T16:54:26.2849920,0.000349030889489121
2022-12-19T16:54:26.2851200,-0.0233376154066791
2022-12-19T16:54:26.2933376,0.0582497252514792
2022-12-19T16:54:26.2935168,-0.0216927094397817
2022-12-19T16:54:26.2936320,0.00692865500349785
2022-12-19T16:54:26.2937472,0.00791559862598218
2022-12-19T16:54:26.2938496,-0.0190608598847322
2022-12-19T16:54:26.2939776,-0.0193898410796531
2022-12-19T16:54:26.2941440,-0.000966893925833531
2022-12-19T16:54:26.3078912,0.00692865500349785
2022-12-19T16:54:26.3088256,-0.0184028974944275
2022-12-19T16:54:26.3090944,-0.0233376154066791
2022-12-19T16:54:26.3093120,0.0210748470603906
2022-12-19T16:54:26.3243392,-0.0315621451834888
2022-12-19T16:54:26.3248640,-0.00655957436320019
2022-12-19T16:54:26.3252864,0.0447614948771567
2022-12-19T16:54:26.3255424,-0.0749876608246784
2022-12-19T16:54:26.3256832,0.0516701006451631
2022-12-19T16:54:26.3257984,-0.0170869727119661
2022-12-19T16:54:26.3259008,-0.0318911263725649
2022-12-19T16:54:26.3260032,0.0566048190939116
2022-12-19T16:54:26.3409536,-0.00623059316224477
2022-12-19T16:54:26.3412608,0.0362079830709829
2022-12-19T16:54:26.3414400,-0.0213637282459401
2022-12-19T16:54:26.3415680,0.0250226216396877
2022-12-19T16:54:26.3416960,-0.0170869727119661
2022-12-19T16:54:26.3417984,-0.0243245589849698
2022-12-19T16:54:26.3419136,0.0559468566320032
2022-12-19T16:54:26.3420288,-0.027943352093524
2022-12-19T16:54:26.3527168,-0.00359874354901193
2022-12-19T16:54:26.3530240,-0.00590161196113415
2022-12-19T16:54:26.3532800,-0.02596946494571
2022-12-19T16:54:26.3534720,-0.0154420667304147
2022-12-19T16:54:26.3536128,0.010218467083915
2022-12-19T16:54:26.3537408,0.00659967379631543
2022-12-19T16:54:26.3538688,-0.0111653111602924
2022-12-19T16:54:26.3539712,-0.0203767846634904
2022-12-19T16:54:26.3623424,0.0164691100798168
2022-12-19T16:54:26.3626880,-0.0226796530203822
2022-12-19T16:54:26.3628928,-0.0105073487625675
2022-12-19T16:54:26.3630976,0.0388398328460813
2022-12-19T16:54:26.3632896,-0.0559067527624882
2022-12-19T16:54:26.3635200,0.06252648127987
2022-12-19T16:54:26.3757312,-0.0216927094397817
2022-12-19T16:54:26.3760896,-0.0230086342136077
2022-12-19T16:54:26.3762688,0.0556178754012885
2022-12-19T16:54:26.3764096,-0.00919142396525881
2022-12-19T16:54:26.3765248,0.0385108516236395
2022-12-19T16:54:26.3901056,-0.0180739162990437
2022-12-19T16:54:26.3903488,0.0401557577374334
2022-12-19T16:54:26.3905920,-0.00820448036564994
2022-12-19T16:54:26.3907712,-0.0114942923589225
2022-12-19T16:54:26.3909120,0.0506831569597203
2022-12-19T16:54:26.3910400,-0.017415953907813
2022-12-19T16:54:26.4001152,-0.0121522547557184
2022-12-19T16:54:26.4004736,0.0151531852338741
2022-12-19T16:54:26.4007296,-0.0184028974944275
2022-12-19T16:54:26.4009088,-0.0341939946918055
2022-12-19T16:54:26.4010624,0.00100699329808449
2022-12-19T16:54:26.4012416,0.0121923543396712
2022-12-19T16:54:26.4014336,-0.0134681795474529
2022-12-19T16:54:26.4015872,-0.0200478034690322
2022-12-19T16:54:26.4114816,0.00659967379631543
2022-12-19T16:54:26.4118528,-0.0193898410796531
2022-12-19T16:54:26.4121472,-0.00820448036564994
2022-12-19T16:54:26.4123776,0.0329181708663548
2022-12-19T16:54:26.4126208,-0.0670921127225668
2022-12-19T16:54:26.4249984,0.0681191622809339
2022-12-19T16:54:26.4253952,-0.0085334615656746
2022-12-19T16:54:26.4255616,-0.0230086342136077
2022-12-19T16:54:26.4256768,0.0700930497041503
2022-12-19T16:54:26.4257920,-0.0170869727119661
2022-12-19T16:54:26.4410368,0.037523907957265
2022-12-19T16:54:26.4414080,-0.0124812359538841
2022-12-19T16:54:26.4416256,0.0158111476565318
2022-12-19T16:54:26.4417536,-0.0197188222744198
2022-12-19T16:54:26.4418560,-0.0190608598847322
2022-12-19T16:54:26.4419712,0.0487092695931362
2022-12-19T16:54:26.4420736,-0.02596946494571
2022-12-19T16:54:26.4531584,-0.00425670595325207
2022-12-19T16:54:26.4534784,0.0118633731299873
2022-12-19T16:54:26.4536704,-0.02596946494571
2022-12-19T16:54:26.4537984,-0.0269564085203087
2022-12-19T16:54:26.4539264,0.0151531852338741
2022-12-19T16:54:26.4540288,-0.00129587512927513
2022-12-19T16:54:26.4541312,-0.00129587512927513
2022-12-19T16:54:26.4542464,-0.0114942923589225
2022-12-19T16:54:26.4627328,-0.00952040516481843
2022-12-19T16:54:26.4630272,-0.0355099194422867
2022-12-19T16:54:26.4632576,-0.00195383753569171
2022-12-19T16:54:26.4634240,0.0447614948771567
2022-12-19T16:54:26.4635648,-0.0516299974373722
2022-12-19T16:54:26.4636800,0.0575917627879726
2022-12-19T16:54:26.4743296,-0.0124812359538841
2022-12-19T16:54:26.4746496,-0.0328780699388733
2022-12-19T16:54:26.4749056,0.069106105991819
2022-12-19T16:54:26.4750976,-0.0085334615656746
2022-12-19T16:54:26.4752128,0.0348920581872335
2022-12-19T16:54:26.4842752,-0.00655957436320019
2022-12-19T16:54:26.4846208,0.0243646592082312
2022-12-19T16:54:26.4848896,-0.027943352093524
2022-12-19T16:54:26.4851072,-0.0256404837538696
2022-12-19T16:54:26.4852352,0.06055259387879
2022-12-19T16:54:26.4853504,-0.0401156560496931
2022-12-19T16:54:26.4961024,-0.0147841043367125
2022-12-19T16:54:26.4965376,0.00232291811714419
2022-12-19T16:54:26.4967936,-0.0197188222744198
2022-12-19T16:54:26.4970368,-0.0180739162990437
2022-12-19T16:54:26.4972800,-0.00590161196113415
2022-12-19T16:54:26.5080192,-0.00294078114415022
2022-12-19T16:54:26.5084032,-0.0111653111602924
2022-12-19T16:54:26.5086592,-0.00294078114415022
2022-12-19T16:54:26.5088128,0.00923152345814872
2022-12-19T16:54:26.5089408,-0.0315621451834888
2022-12-19T16:54:26.5090688,0.00396782414447519
2022-12-19T16:54:26.5208192,0.0566048190939116
2022-12-19T16:54:26.5211264,-0.0499850915362638
2022-12-19T16:54:26.5213184,0.0473933446852645
2022-12-19T16:54:26.5214464,-0.00590161196113415
2022-12-19T16:54:26.5215616,-0.0364968630035403
2022-12-19T16:54:26.5216768,0.0730538808498274
2022-12-19T16:54:26.5305600,-0.0124812359538841
2022-12-19T16:54:26.5307904,0.0158111476565318
2022-12-19T16:54:26.5309184,-0.00688855556400039
2022-12-19T16:54:26.5310464,0.0118633731299873
2022-12-19T16:54:26.5311488,-0.0256404837538696
2022-12-19T16:54:26.5312640,-0.0292592768556604
2022-12-19T16:54:26.5435776,0.0516701006451631
2022-12-19T16:54:26.5438976,-0.0434054678937928
2022-12-19T16:54:26.5440768,0.00429680535040913
2022-12-19T16:54:26.5442048,0.00495476776274499
2022-12-19T16:54:26.5443200,-0.0184028974944275
2022-12-19T16:54:26.5584256,-0.0249825213697274
2022-12-19T16:54:26.5587456,0.00988948587516988
2022-12-19T16:54:26.5590016,2.00496854250026E-05
2022-12-19T16:54:26.5591808,-0.0239955777923602
2022-12-19T16:54:26.5592960,-0.0124812359538841
2022-12-19T16:54:26.5594112,0.0299573398957038
2022-12-19T16:54:26.5743872,-0.0374838065634167
2022-12-19T16:54:26.5746432,0.0371949267354569
2022-12-19T16:54:26.5747712,0.064829349921753
2022-12-19T16:54:26.5748864,-0.0713688679553041
2022-12-19T16:54:26.5750016,0.071408974656176
2022-12-19T16:54:26.5751040,0.00725763621083642
2022-12-19T16:54:26.5752192,-0.0473532420865835
2022-12-19T16:54:26.5753344,0.0473933446852645
2022-12-19T16:54:26.5862400,-0.00491466835687079
2022-12-19T16:54:26.5864960,0.043774551201739
2022-12-19T16:54:26.5867264,-0.0085334615656746
2022-12-19T16:54:26.5868672,0.0263385465044908
2022-12-19T16:54:26.5869824,-0.0111653111602924
2022-12-19T16:54:26.5870848,-0.0203767846634904
2022-12-19T16:54:26.5871872,0.0398267765143575
2022-12-19T16:54:26.5873152,-0.0437344490773635
2022-12-19T16:54:26.5966848,0.00429680535040913
2022-12-19T16:54:26.5970560,0.0128503167595087
2022-12-19T16:54:26.5973120,-0.0161000291234987
2022-12-19T16:54:26.5975296,-0.0161000291234987
2022-12-19T16:54:26.5976704,0.00232291811714419
2022-12-19T16:54:26.5977984,0.0174560537159208
2022-12-19T16:54:26.6094848,-0.0121522547557184
2022-12-19T16:54:26.6097920,-0.00919142396525881
2022-12-19T16:54:26.6100480,0.00232291811714419
2022-12-19T16:54:26.6102528,-0.0167579915159647
2022-12-19T16:54:26.6103808,0.00495476776274499
2022-12-19T16:54:26.6244224,0.0385108516236395
2022-12-19T16:54:26.6247424,-0.0506430538971631
2022-12-19T16:54:26.6249344,0.0661452748634996
2022-12-19T16:54:26.6250624,0.00298088052760892
2022-12-19T16:54:26.6251776,-0.0397866748644434
2022-12-19T16:54:26.6253440,0.0651583311569491
2022-12-19T16:54:26.6361728,-0.0226796530203822
2022-12-19T16:54:26.6364928,0.0220617907030912
2022-12-19T16:54:26.6366720,2.00496854250026E-05
2022-12-19T16:54:26.6368000,0.011205410711089
2022-12-19T16:54:26.6369152,-0.0161000291234987
2022-12-19T16:54:26.6370176,-0.0243245589849698
2022-12-19T16:54:26.6371328,0.034234095746308
2022-12-19T16:54:26.6372352,-0.0687370185843248
2022-12-19T16:54:26.6458368,-0.00195383753569171
2022-12-19T16:54:26.6461568,0.0543019504800269
2022-12-19T16:54:26.6462976,-0.0749876608246784
2022-12-19T16:54:26.6464128,-0.00820448036564994
2022-12-19T16:54:26.6465152,-0.00129587512927513
2022-12-19T16:54:26.6466176,-0.00952040516481843
2022-12-19T16:54:26.6582400,-0.0233376154066791
2022-12-19T16:54:26.6586240,0.0243646592082312
2022-12-19T16:54:26.6588800,-0.0147841043367125
2022-12-19T16:54:26.6590848,0.0131792979696624
2022-12-19T16:54:26.6742528,0.00429680535040913
2022-12-19T16:54:26.6745600,0.0345630769666917
2022-12-19T16:54:26.6747520,-0.0693949809279731
2022-12-19T16:54:26.6748928,0.0901609055029155
2022-12-19T16:54:26.6749952,0.00758661741833119
2022-12-19T16:54:26.6751232,-0.0440634302607818
2022-12-19T16:54:26.6752384,0.0536439880203538
2022-12-19T16:54:26.6841728,-0.0220216906334693
2022-12-19T16:54:26.6844800,0.0398267765143575
2022-12-19T16:54:26.6846464,-0.00162485633256119
2022-12-19T16:54:26.6847744,0.00133597450261574
2022-12-19T16:54:26.6848768,-0.0210347470519443
2022-12-19T16:54:26.6850048,-0.0305752016153402
2022-12-19T16:54:26.6851200,0.0460774197799385
2022-12-19T16:54:26.6852224,-0.0519589786171381
2022-12-19T16:54:26.6955392,0.00232291811714419
2022-12-19T16:54:26.6959744,0.0171270725037292
2022-12-19T16:54:26.6962688,-0.0197188222744198
2022-12-19T16:54:26.6964096,-0.0315621451834888
2022-12-19T16:54:26.6965248,-0.0151130855336409
2022-12-19T16:54:26.7085184,2.00496854250026E-05
2022-12-19T16:54:26.7088384,-0.0121522547557184
2022-12-19T16:54:26.7090176,0.00495476776274499
2022-12-19T16:54:26.7091328,-0.00261179994148619
2022-12-19T16:54:26.7092480,-0.0230086342136077
2022-12-19T16:54:26.7207552,-0.0055726307598683
2022-12-19T16:54:26.7210112,0.0470643634586944
2022-12-19T16:54:26.7211648,-0.0424185243421653
2022-12-19T16:54:26.7213056,0.0589076877156253
2022-12-19T16:54:26.7214080,0.000678012093708949
2022-12-19T16:54:26.7215232,-0.0443924114440477
2022-12-19T16:54:26.7216384,0.0766726744900302
2022-12-19T16:54:26.7304576,-0.0210347470519443
2022-12-19T16:54:26.7307648,0.0329181708663548
2022-12-19T16:54:26.7310080,0.00232291811714419
2022-12-19T16:54:26.7311872,0.0108764295018745
2022-12-19T16:54:26.7313280,-0.0253115025618754
2022-12-19T16:54:26.7314304,-0.0276143709026059
2022-12-19T16:54:26.7421568,0.0569338003251055
2022-12-19T16:54:26.7424000,-0.0608414704134819
2022-12-19T16:54:26.7425152,0.00166495570730275
2022-12-19T16:54:26.7426304,0.00561273017570495
2022-12-19T16:54:26.7427328,-0.0391287124934857
2022-12-19T16:54:26.7577472,-0.0197188222744198
2022-12-19T16:54:26.7581568,0.00528374896914695
2022-12-19T16:54:26.7583744,0.00462578655649906
2022-12-19T16:54:26.7585664,0.00133597450261574
2022-12-19T16:54:26.7587072,-0.00326976234665881
2022-12-19T16:54:26.7697792,0.000349030889489121
2022-12-19T16:54:26.7700992,-0.0213637282459401
2022-12-19T16:54:26.7703552,0.00923152345814872
2022-12-19T16:54:26.7705216,0.0569338003251055
2022-12-19T16:54:26.7706624,-0.0180739162990437
2022-12-19T16:54:26.7707648,0.0418006638551917
2022-12-19T16:54:26.7708800,0.0144952228118434
2022-12-19T16:54:26.7709824,-0.0332070511273362
2022-12-19T16:54:26.7812480,0.0743698058076459
2022-12-19T16:54:26.7815552,-0.0371548253769442
2022-12-19T16:54:26.7818112,0.0339051145260825
2022-12-19T16:54:26.7819904,0.0115343919204599
2022-12-19T16:54:26.7821312,0.0283124338064231
2022-12-19T16:54:26.7822848,-0.027943352093524
2022-12-19T16:54:26.7824000,-0.0276143709026059
2022-12-19T16:54:26.7929344,0.0585787064834723
2022-12-19T16:54:26.7931520,-0.0723558114669378
2022-12-19T16:54:26.7932672,-0.0131391983497513
2022-12-19T16:54:26.7933824,-0.00919142396525881
2022-12-19T16:54:26.7934848,-0.0473532420865835
2022-12-19T16:54:26.8077824,-0.00261179994148619
2022-12-19T16:54:26.8081024,0.00396782414447519
2022-12-19T16:54:26.8083584,0.0316022459889304
2022-12-19T16:54:26.8085376,0.028970396241662
2022-12-19T16:54:26.8086528,0.00166495570730275
2022-12-19T16:54:26.8087552,-0.0170869727119661
2022-12-19T16:54:26.8177664,-0.0114942923589225
2022-12-19T16:54:26.8181760,0.0125213355495117
2022-12-19T16:54:26.8183552,0.0365369642923159
2022-12-19T16:54:26.8184704,-0.04044463723479
2022-12-19T16:54:26.8185856,0.06055259387879
2022-12-19T16:54:26.8186880,0.00627069258928915
2022-12-19T16:54:26.8188160,-0.0351809382548961
2022-12-19T16:54:26.8293120,0.0770016557310156
2022-12-19T16:54:26.8296448,-0.0305752016153402
2022-12-19T16:54:26.8297856,0.0431165887522547
2022-12-19T16:54:26.8299264,0.00988948587516988
2022-12-19T16:54:26.8301824,0.00988948587516988
2022-12-19T16:54:26.8412032,-0.0101783675634727
2022-12-19T16:54:26.8414336,-0.0411025996045257
2022-12-19T16:54:26.8415616,0.0404847389606678
2022-12-19T16:54:26.8416768,-0.0591965645336023
2022-12-19T16:54:26.8417792,0.0128503167595087
2022-12-19T16:54:26.8418944,0.00528374896914695
2022-12-19T16:54:26.8531072,-0.0562357339402814
2022-12-19T16:54:26.8534656,0.000349030889489121
2022-12-19T16:54:26.8537984,-0.0124812359538841
2022-12-19T16:54:26.8540672,2.00496854250026E-05
2022-12-19T16:54:26.8542720,0.00429680535040913
2022-12-19T16:54:26.8544000,-0.00425670595325207
2022-12-19T16:54:26.8646784,-0.0085334615656746
2022-12-19T16:54:26.8649216,-0.016429010319809
2022-12-19T16:54:26.8650496,0.0138372603904395
2022-12-19T16:54:26.8651648,0.0473933446852645
2022-12-19T16:54:26.8652800,-0.0503140727167894
2022-12-19T16:54:26.8653824,0.0348920581872335
2022-12-19T16:54:26.8764288,0.00298088052760892
2022-12-19T16:54:26.8768512,-0.0371548253769442
2022-12-19T16:54:26.8771072,0.0908188679983108
2022-12-19T16:54:26.8772992,-0.0335360323156458
2022-12-19T16:54:26.8775168,0.0220617907030912
2022-12-19T16:54:26.8777728,0.00199393691214557
2022-12-19T16:54:26.8910592,0.00429680535040913
2022-12-19T16:54:26.8914048,-0.017415953907813
2022-12-19T16:54:26.8916736,-0.0233376154066791
2022-12-19T16:54:26.8918656,0.0526570443320408
2022-12-19T16:54:26.8919936,-0.070381924442316
2022-12-19T16:54:26.8921088,0.0125213355495117
2022-12-19T16:54:26.9028480,0.0233777155622271
2022-12-19T16:54:26.9031552,-0.0506430538971631
2022-12-19T16:54:26.9033472,0.00363884293869718
2022-12-19T16:54:26.9034752,-0.000637912722236303
2022-12-19T16:54:26.9035776,-0.00162485633256119
2022-12-19T16:54:26.9036800,0.758651168816201
2022-12-19T16:54:26.9037952,-0.093739587221035
2022-12-19T16:54:26.9125632,-0.017415953907813
2022-12-19T16:54:26.9130368,-0.00425670595325207
2022-12-19T16:54:26.9133312,0.0200879034191048
2022-12-19T16:54:26.9135872,0.0362079830709829
2022-12-19T16:54:26.9138048,-0.0193898410796531
2022-12-19T16:54:26.9140608,0.0362079830709829
2022-12-19T16:54:26.9254144,0.0115343919204599
2022-12-19T16:54:26.9257344,-0.0167579915159647
2022-12-19T16:54:26.9259136,0.0582497252514792
2022-12-19T16:54:26.9260416,-0.0315621451834888
2022-12-19T16:54:26.9261568,0.0292993774595181
2022-12-19T16:54:26.9427200,0.0187719785662566
2022-12-19T16:54:26.9430400,-0.014126141942392
2022-12-19T16:54:26.9431808,-0.0355099194422867
2022-12-19T16:54:26.9433856,-0.0332070511273362
2022-12-19T16:54:26.9437696,0.0401557577374334
2022-12-19T16:54:26.9440256,-0.0443924114440477
2022-12-19T16:54:26.9600256,0.0151531852338741
2022-12-19T16:54:26.9603456,0.0371949267354569
2022-12-19T16:54:26.9606144,-0.0483401856313546
2022-12-19T16:54:26.9608064,-0.00688855556400039
2022-12-19T16:54:26.9609472,-0.00524364955844718
2022-12-19T16:54:26.9611520,-0.0161000291234987
2022-12-19T16:54:26.9613312,0.00429680535040913
2022-12-19T16:54:26.9614464,0.0223907719176392
2022-12-19T16:54:26.9615616,0.00166495570730275
2022-12-19T16:54:26.9754240,-0.00721753676464547
2022-12-19T16:54:26.9757824,0.0181140161407747
2022-12-19T16:54:26.9760512,0.0516701006451631
2022-12-19T16:54:26.9762688,-0.0447213926271611
2022-12-19T16:54:26.9765504,0.0302863211140333
2022-12-19T16:54:26.9768192,0.0148242040227804
2022-12-19T16:54:26.9769728,-0.055248790406447
2022-12-19T16:54:26.9771008,0.102991174280396
2022-12-19T16:54:26.9772032,-0.0483401856313546
2022-12-19T16:54:26.9934080,0.0302863211140333
2022-12-19T16:54:26.9937280,0.0292993774595181
2022-12-19T16:54:26.9938944,-0.0170869727119661
2022-12-19T16:54:26.9940096,-0.00919142396525881
2022-12-19T16:54:26.9941376,-0.0055726307598683
2022-12-19T16:54:26.9942912,0.0500251945035551
2022-12-19T16:54:26.9943936,-0.039457693679041
2022-12-19T16:54:26.9945088,-0.00195383753569171
2022-12-19T16:54:27.0081536,0.0174560537159208
2022-12-19T16:54:27.0086784,-0.0443924114440477
2022-12-19T16:54:27.0091136,0.0184429973534371
2022-12-19T16:54:27.0093824,-0.00491466835687079
2022-12-19T16:54:27.0095744,-0.00886244276554422
2022-12-19T16:54:27.0097536,0.00166495570730275
2022-12-19T16:54:27.0099584,0.0279834525890402
2022-12-19T16:54:27.0100992,-0.0128102171518951
2022-12-19T16:54:27.0251008,-0.00228281873866669
2022-12-19T16:54:27.0253696,0.00495476776274499
2022-12-19T16:54:27.0255232,0.0306153023325207
2022-12-19T16:54:27.0256640,-0.0437344490773635
2022-12-19T16:54:27.0258048,0.0467353822322834
2022-12-19T16:54:27.0259456,0.0164691100798168
2022-12-19T16:54:27.0260864,-0.0355099194422867
2022-12-19T16:54:27.0262272,0.0766726744900302
2022-12-19T16:54:27.0400512,-0.0575516586499388
2022-12-19T16:54:27.0403200,0.0217328094887004
2022-12-19T16:54:27.0405120,0.0194299409923665
2022-12-19T16:54:27.0407168,-0.0134681795474529
2022-12-19T16:54:27.0409216,-0.0108363299615074
2022-12-19T16:54:27.0411136,-0.0272853897115341
2022-12-19T16:54:27.0413184,0.0490382508205021
2022-12-19T16:54:27.0414720,-0.0562357339402814
2022-12-19T16:54:27.0587520,0.00627069258928915
2022-12-19T16:54:27.0592000,0.0325891896467616
2022-12-19T16:54:27.0593408,-0.0539328656925445
2022-12-19T16:54:27.0594560,0.0144952228118434
2022-12-19T16:54:27.0595840,-0.0039277247512097
2022-12-19T16:54:27.0596864,-0.00491466835687079
2022-12-19T16:54:27.0598016,0.0246936404238808
2022-12-19T16:54:27.0599040,0.0306153023325207
2022-12-19T16:54:27.0744704,-0.000308931518483477
2022-12-19T16:54:27.0748672,-0.0137971607449997
2022-12-19T16:54:27.0751232,0.0184429973534371
2022-12-19T16:54:27.0753920,0.0496962132757115
2022-12-19T16:54:27.0756352,-0.0203767846634904
2022-12-19T16:54:27.0757888,0.034234095746308
2022-12-19T16:54:27.0759296,0.0141662416010631
2022-12-19T16:54:27.0760576,-0.0322201075614877
2022-12-19T16:54:27.0761984,0.0677901810442935
2022-12-19T16:54:27.0926208,-0.066763131549763
2022-12-19T16:54:27.0931840,0.0332471520861059
2022-12-19T16:54:27.0934272,0.0227197531323445
2022-12-19T16:54:27.0935552,-0.0253115025618754
2022-12-19T16:54:27.0936576,-0.0114942923589225
2022-12-19T16:54:27.0937728,-0.0318911263725649
2022-12-19T16:54:27.0938752,0.0421296450792193
2022-12-19T16:54:27.0939904,-0.0496561103555861
2022-12-19T16:54:27.1078272,0.0148242040227804
2022-12-19T16:54:27.1081728,0.0187719785662566
2022-12-19T16:54:27.1085056,-0.0335360323156458
2022-12-19T16:54:27.1087488,0.0125213355495117
2022-12-19T16:54:27.1088768,-0.00129587512927513
2022-12-19T16:54:27.1089920,-0.0055726307598683
2022-12-19T16:54:27.1091072,0.010218467083915
2022-12-19T16:54:27.1092096,0.0125213355495117
2022-12-19T16:54:27.1093248,-0.0226796530203822
2022-12-19T16:54:27.1263488,-0.00228281873866669
2022-12-19T16:54:27.1268352,-0.000308931518483477
2022-12-19T16:54:27.1271552,0.0204168846327095
2022-12-19T16:54:27.1273472,-0.0272853897115341
2022-12-19T16:54:27.1275008,0.0464064010060314
2022-12-19T16:54:27.1276416,0.00659967379631543
2022-12-19T16:54:27.1277696,-0.0440634302607818
2022-12-19T16:54:27.1278976,0.0687771247546967
2022-12-19T16:54:27.1412480,-0.0427475055261936
2022-12-19T16:54:27.1418112,0.0210748470603906
2022-12-19T16:54:27.1422208,0.0263385465044908
2022-12-19T16:54:27.1425152,-0.0210347470519443
2022-12-19T16:54:27.1426944,0.0082445798337894
2022-12-19T16:54:27.1428736,-0.04044463723479
2022-12-19T16:54:27.1430272,0.037523907957265
2022-12-19T16:54:27.1431680,-0.0572226774727517
2022-12-19T16:54:27.1432960,0.0158111476565318
2022-12-19T16:54:27.1591552,0.0204168846327095
2022-12-19T16:54:27.1593728,-0.0565647151179231
2022-12-19T16:54:27.1595008,0.000349030889489121
2022-12-19T16:54:27.1596288,0.00561273017570495
2022-12-19T16:54:27.1597312,-0.0118232735573979
2022-12-19T16:54:27.1598464,0.0151531852338741
2022-12-19T16:54:27.1599488,0.019100959779233
2022-12-19T16:54:27.1600512,-0.016429010319809
2022-12-19T16:54:27.1744384,-0.0039277247512097
2022-12-19T16:54:27.1748352,0.00495476776274499
2022-12-19T16:54:27.1751296,0.0348920581872335
2022-12-19T16:54:27.1754880,-0.0213637282459401
2022-12-19T16:54:27.1757184,0.0398267765143575
2022-12-19T16:54:27.1759616,0.00857356104175289
2022-12-19T16:54:27.1762176,-0.027943352093524
2022-12-19T16:54:27.1764736,0.0704220309419155
2022-12-19T16:54:27.1946752,-0.0499850915362638
2022-12-19T16:54:27.1951616,0.011205410711089
2022-12-19T16:54:27.1954688,0.030944283551166
2022-12-19T16:54:27.1957888,-0.0555777715845434
2022-12-19T16:54:27.1960064,0.00100699329808449
2022-12-19T16:54:27.1961216,-0.0207057658577945
2022-12-19T16:54:27.1962368,0.0154821664451246
2022-12-19T16:54:27.1963392,-0.0463662985404424
2022-12-19T16:54:27.2097664,0.00429680535040913
2022-12-19T16:54:27.2100992,0.0187719785662566
2022-12-19T16:54:27.2102656,-0.0595255457098809
2022-12-19T16:54:27.2103936,0.00199393691214557
2022-12-19T16:54:27.2105088,0.00429680535040913
2022-12-19T16:54:27.2106240,2.00496854250026E-05
2022-12-19T16:54:27.2107264,0.00988948587516988
2022-12-19T16:54:27.2108288,0.0220617907030912
2022-12-19T16:54:27.2110592,-0.00919142396525881
2022-12-19T16:54:27.2112000,0.00692865500349785
2022-12-19T16:54:27.2246912,0.019100959779233
2022-12-19T16:54:27.2251392,0.0329181708663548
2022-12-19T16:54:27.2253568,-0.0147841043367125
2022-12-19T16:54:27.2254848,0.0467353822322834
2022-12-19T16:54:27.2256384,0.00659967379631543
2022-12-19T16:54:27.2257408,-0.0417605619736507
2022-12-19T16:54:27.2258688,0.0559468566320032
2022-12-19T16:54:27.2259712,-0.0588675833571724
2022-12-19T16:54:27.2411136,0.0158111476565318
2022-12-19T16:54:27.2414208,0.0332471520861059
2022-12-19T16:54:27.2416128,-0.0397866748644434
2022-12-19T16:54:27.2417408,0.00429680535040913
2022-12-19T16:54:27.2418432,-0.0443924114440477
2022-12-19T16:54:27.2419584,0.0421296450792193
2022-12-19T16:54:27.2420864,-0.0374838065634167
2022-12-19T16:54:27.2528896,0.0220617907030912
2022-12-19T16:54:27.2532352,0.0115343919204599
2022-12-19T16:54:27.2534016,-0.0575516586499388
2022-12-19T16:54:27.2535296,0.0210748470603906
2022-12-19T16:54:27.2536320,-0.00261179994148619
2022-12-19T16:54:27.2537856,-0.0137971607449997
2022-12-19T16:54:27.2538880,0.00956050466658112
2022-12-19T16:54:27.2540032,0.0204168846327095
2022-12-19T16:54:27.2643840,-0.0180739162990437
2022-12-19T16:54:27.2646144,-0.00524364955844718
2022-12-19T16:54:27.2647296,-0.00721753676464547
2022-12-19T16:54:27.2648576,0.0273254901547475
2022-12-19T16:54:27.2649600,-0.0151130855336409
2022-12-19T16:54:27.2650752,0.0256805840717742
2022-12-19T16:54:27.2765568,0.0108764295018745
2022-12-19T16:54:27.2768256,-0.0496561103555861
2022-12-19T16:54:27.2769536,0.0585787064834723
2022-12-19T16:54:27.2770688,-0.0618284139395945
2022-12-19T16:54:27.2771840,0.0207458658464715
2022-12-19T16:54:27.2772992,0.0398267765143575
2022-12-19T16:54:27.2912000,-0.0565647151179231
2022-12-19T16:54:27.2915840,0.011205410711089
2022-12-19T16:54:27.2917888,-0.0345229758796555
2022-12-19T16:54:27.2919040,0.0365369642923159
2022-12-19T16:54:27.2920192,-0.0463662985404424
2022-12-19T16:54:27.2921344,0.00495476776274499
2022-12-19T16:54:27.3032960,0.0253516028556522
2022-12-19T16:54:27.3035264,-0.0499850915362638
2022-12-19T16:54:27.3036672,0.0227197531323445
2022-12-19T16:54:27.3037824,0.0105474482928166
2022-12-19T16:54:27.3038976,-0.00655957436320019
2022-12-19T16:54:27.3040384,0.00659967379631543
2022-12-19T16:54:27.3041408,0.0263385465044908
2022-12-19T16:54:27.3154688,0.00100699329808449
2022-12-19T16:54:27.3158144,-0.00425670595325207
2022-12-19T16:54:27.3159936,0.00396782414447519
2022-12-19T16:54:27.3161088,0.0204168846327095
2022-12-19T16:54:27.3162240,-0.0246535401774255
2022-12-19T16:54:27.3163392,0.0454194573282296
2022-12-19T16:54:27.3272704,-0.00458568715513909
2022-12-19T16:54:27.3279744,-0.0470242609046887
2022-12-19T16:54:27.3283072,0.0628554625139439
2022-12-19T16:54:27.3285632,-0.0585386021805911
2022-12-19T16:54:27.3288576,0.00890254224987264
2022-12-19T16:54:27.3291648,0.0345630769666917
2022-12-19T16:54:27.3410176,-0.0795933971775991
2022-12-19T16:54:27.3413376,0.0131792979696624
2022-12-19T16:54:27.3415808,-0.0332070511273362
2022-12-19T16:54:27.3417344,0.0174560537159208
2022-12-19T16:54:27.3418496,-0.0328780699388733
2022-12-19T16:54:27.3419776,0.0141662416010631
2022-12-19T16:54:27.3420928,0.0253516028556522
2022-12-19T16:54:27.3528320,-0.0414315807891646
2022-12-19T16:54:27.3531520,0.0391688140686815
2022-12-19T16:54:27.3534080,-0.00655957436320019
2022-12-19T16:54:27.3535872,-0.0236665965995966
2022-12-19T16:54:27.3537024,0.0200879034191048
2022-12-19T16:54:27.3538176,0.0200879034191048
2022-12-19T16:54:27.3645184,-0.0203767846634904
2022-12-19T16:54:27.3649920,0.00890254224987264
2022-12-19T16:54:27.3651840,0.00232291811714419
2022-12-19T16:54:27.3653248,0.0233777155622271
2022-12-19T16:54:27.3655168,-0.00952040516481843
2022-12-19T16:54:27.3656704,0.0411427014076124
2022-12-19T16:54:27.3785216,0.00462578655649906
2022-12-19T16:54:27.3787904,-0.0351809382548961
2022-12-19T16:54:27.3789312,0.0483802883659295
2022-12-19T16:54:27.3790464,-0.0529459221555245
2022-12-19T16:54:27.3791744,0.0141662416010631
2022-12-19T16:54:27.3793024,0.0217328094887004
2022-12-19T16:54:27.3920640,-0.070381924442316
2022-12-19T16:54:27.3924224,0.0253516028556522
2022-12-19T16:54:27.3927040,-0.0223506718270028
2022-12-19T16:54:27.3928576,0.0158111476565318
2022-12-19T16:54:27.3929984,-0.0207057658577945
2022-12-19T16:54:27.3931520,0.0154821664451246
2022-12-19T16:54:27.3932800,0.0200879034191048
2022-12-19T16:54:27.4077440,-0.0460373173580908
2022-12-19T16:54:27.4080768,0.0365369642923159
2022-12-19T16:54:27.4083328,-0.00623059316224477
2022-12-19T16:54:27.4084992,-0.0151130855336409
2022-12-19T16:54:27.4086144,0.0128503167595087
2022-12-19T16:54:27.4087296,0.0174560537159208
2022-12-19T16:54:27.4088576,-0.0131391983497513
2022-12-19T16:54:27.4196608,-0.00655957436320019
2022-12-19T16:54:27.4200064,0.00956050466658112
2022-12-19T16:54:27.4201984,0.0144952228118434
2022-12-19T16:54:27.4203136,-0.00162485633256119
2022-12-19T16:54:27.4204160,0.0329181708663548
2022-12-19T16:54:27.4205184,0.00166495570730275
2022-12-19T16:54:27.4206336,-0.0364968630035403
2022-12-19T16:54:27.4315392,0.0464064010060314
2022-12-19T16:54:27.4318720,-0.0608414704134819
2022-12-19T16:54:27.4320640,0.0161401288680959
2022-12-19T16:54:27.4321920,0.0418006638551917
2022-12-19T16:54:27.4323200,-0.0680790562400737
2022-12-19T16:54:27.4324608,0.00462578655649906
2022-12-19T16:54:27.4426624,-0.0276143709026059
2022-12-19T16:54:27.4429184,0.0250226216396877
2022-12-19T16:54:27.4430720,-0.0236665965995966
2022-12-19T16:54:27.4431872,-0.00261179994148619
2022-12-19T16:54:27.4433024,0.0144952228118434
2022-12-19T16:54:27.4434176,-0.0397866748644434
2022-12-19T16:54:27.4571648,0.0368659455138072
2022-12-19T16:54:27.4574336,0.0523280631029221
2022-12-19T16:54:27.4575744,0.00199393691214557
2022-12-19T16:54:27.4576896,-0.00195383753569171
2022-12-19T16:54:27.4578176,0.0385108516236395
2022-12-19T16:54:27.4580736,-0.00458568715513909
2022-12-19T16:54:27.4686208,-0.00228281873866669
2022-12-19T16:54:27.4688768,0.0131792979696624
2022-12-19T16:54:27.4690560,0.0299573398957038
2022-12-19T16:54:27.4691712,-0.0180739162990437
2022-12-19T16:54:27.4692736,0.0118633731299873
2022-12-19T16:54:27.4693888,0.0223907719176392
2022-12-19T16:54:27.4695040,-0.0216927094397817
2022-12-19T16:54:27.4783488,0.0421296450792193
2022-12-19T16:54:27.4786176,-0.0483401856313546
2022-12-19T16:54:27.4787584,0.00659967379631543
2022-12-19T16:54:27.4788736,0.0510121381880419
2022-12-19T16:54:27.4790272,-0.0707109056134626
2022-12-19T16:54:27.4791680,0.0217328094887004
2022-12-19T16:54:27.4927104,-0.0266274273289295
2022-12-19T16:54:27.4930560,0.010218467083915
2022-12-19T16:54:27.4932096,-0.0351809382548961
2022-12-19T16:54:27.4933888,0.0184429973534371
2022-12-19T16:54:27.4935168,0.0200879034191048
2022-12-19T16:54:27.5025280,-0.0292592768556604
2022-12-19T16:54:27.5027328,0.0658162936278223
2022-12-19T16:54:27.5028608,-0.00590161196113415
2022-12-19T16:54:27.5029632,-0.0134681795474529
2022-12-19T16:54:27.5030784,0.0121923543396712
2022-12-19T16:54:27.5031936,0.027654471371815
2022-12-19T16:54:27.5032960,-0.0286013144748993
2022-12-19T16:54:27.5169536,-0.00294078114415022
2022-12-19T16:54:27.5173632,-0.00162485633256119
2022-12-19T16:54:27.5175296,0.00791559862598218
2022-12-19T16:54:27.5176576,-0.00294078114415022
2022-12-19T16:54:27.5177728,0.0240356779927391
2022-12-19T16:54:27.5286656,0.0033098617330751
2022-12-19T16:54:27.5289344,-0.0387997313077776
2022-12-19T16:54:27.5290752,0.0483802883659295
2022-12-19T16:54:27.5291776,-0.0447213926271611
2022-12-19T16:54:27.5292928,-0.00590161196113415
2022-12-19T16:54:27.5294080,0.0345630769666917
2022-12-19T16:54:27.5295104,-0.0670921127225668
2022-12-19T16:54:27.5417600,0.0332471520861059
2022-12-19T16:54:27.5419776,-0.0299172392358072
2022-12-19T16:54:27.5420928,0.0144952228118434
2022-12-19T16:54:27.5422080,-0.0190608598847322
2022-12-19T16:54:27.5423232,0.00495476776274499
2022-12-19T16:54:27.5424256,0.0135082791799726
2022-12-19T16:54:27.5548032,-0.0341939946918055
2022-12-19T16:54:27.5551104,0.0602236126458371
2022-12-19T16:54:27.5553792,-0.0039277247512097
2022-12-19T16:54:27.5556480,-0.0266274273289295
2022-12-19T16:54:27.5558272,0.0161401288680959
2022-12-19T16:54:27.5559552,0.0115343919204599
2022-12-19T16:54:27.5664512,-0.0118232735573979
2022-12-19T16:54:27.5667968,0.00692865500349785
2022-12-19T16:54:27.5669888,0.0105474482928166
2022-12-19T16:54:27.5671168,-0.00491466835687079
2022-12-19T16:54:27.5672320,0.00100699329808449
2022-12-19T16:54:27.5673472,0.0256805840717742
2022-12-19T16:54:27.5674496,-0.0151130855336409
2022-12-19T16:54:27.5779840,-0.0401156560496931
2022-12-19T16:54:27.5783680,0.0404847389606678
2022-12-19T16:54:27.5786368,-0.0338650135038022
2022-12-19T16:54:27.5789440,0.00199393691214557
2022-12-19T16:54:27.5792128,0.0355500206287917
2022-12-19T16:54:27.5794176,-0.0601835080619839
2022-12-19T16:54:27.5913344,0.0210748470603906
2022-12-19T16:54:27.5916800,-0.0318911263725649
2022-12-19T16:54:27.5918976,0.00363884293869718
2022-12-19T16:54:27.5920256,-0.00655957436320019
2022-12-19T16:54:27.5921408,0.0181140161407747
2022-12-19T16:54:27.5922432,0.0273254901547475
2022-12-19T16:54:27.6034176,-0.0503140727167894
2022-12-19T16:54:27.6036480,0.0493672320480272
2022-12-19T16:54:27.6037888,-0.00820448036564994
2022-12-19T16:54:27.6039040,-0.016429010319809
2022-12-19T16:54:27.6040192,0.0467353822322834
2022-12-19T16:54:27.6041344,0.00659967379631543
2022-12-19T16:54:27.6140672,-0.016429010319809
2022-12-19T16:54:27.6142976,0.00396782414447519
2022-12-19T16:54:27.6144128,0.00758661741833119
2022-12-19T16:54:27.6145536,-0.0134681795474529
2022-12-19T16:54:27.6146688,0.0223907719176392
2022-12-19T16:54:27.6147712,0.0214038282744669
2022-12-19T16:54:27.6257024,-0.00886244276554422
2022-12-19T16:54:27.6259200,-0.0371548253769442
2022-12-19T16:54:27.6260480,0.0391688140686815
2022-12-19T16:54:27.6261760,-0.0387997313077776
2022-12-19T16:54:27.6262784,-0.0128102171518951
2022-12-19T16:54:27.6414976,0.0381818704013563
2022-12-19T16:54:27.6418304,-0.0545908280497991
2022-12-19T16:54:27.6420608,0.034234095746308
2022-12-19T16:54:27.6422656,-0.0417605619736507
2022-12-19T16:54:27.6424704,0.00659967379631543
2022-12-19T16:54:27.6426880,-0.018731878689657
2022-12-19T16:54:27.6572672,0.0177850349282693
2022-12-19T16:54:27.6576896,0.0164691100798168
2022-12-19T16:54:27.6579456,-0.0318911263725649
2022-12-19T16:54:27.6581888,0.0490382508205021
2022-12-19T16:54:27.6583808,-0.0170869727119661
2022-12-19T16:54:27.6585728,-0.00623059316224477
2022-12-19T16:54:27.6587648,0.034234095746308
2022-12-19T16:54:27.6589696,0.0105474482928166
2022-12-19T16:54:27.6737920,-0.016429010319809
2022-12-19T16:54:27.6740608,0.0125213355495117
2022-12-19T16:54:27.6742272,0.0141662416010631
2022-12-19T16:54:27.6743680,-0.0184028974944275
2022-12-19T16:54:27.6745344,0.0154821664451246
2022-12-19T16:54:27.6746624,0.0325891896467616
2022-12-19T16:54:27.6747904,-0.00491466835687079
2022-12-19T16:54:27.6749312,-0.0345229758796555
2022-12-19T16:54:27.6750592,0.0408137201840608
2022-12-19T16:54:27.6844288,-0.0476822232683261
2022-12-19T16:54:27.6847488,-0.0144551231396295
2022-12-19T16:54:27.6849536,0.0457484385540046
2022-12-19T16:54:27.6850816,-0.0582096210038585
2022-12-19T16:54:27.6851968,0.0352210394079334
2022-12-19T16:54:27.6853376,-0.0417605619736507
2022-12-19T16:54:27.6854400,-0.000966893925833531
2022-12-19T16:54:27.6855552,0.0033098617330751
2022-12-19T16:54:27.6957184,0.0154821664451246
2022-12-19T16:54:27.6960896,0.027654471371815
2022-12-19T16:54:27.6963456,-0.0371548253769442
2022-12-19T16:54:27.6966272,0.0496962132757115
2022-12-19T16:54:27.6968064,-0.016429010319809
2022-12-19T16:54:27.7058560,-0.018731878689657
2022-12-19T16:54:27.7061120,0.0408137201840608
2022-12-19T16:54:27.7063808,-0.00425670595325207
2022-12-19T16:54:27.7066880,-0.0114942923589225
2022-12-19T16:54:27.7068416,-0.00721753676464547
2022-12-19T16:54:27.7178368,0.0227197531323445
2022-12-19T16:54:27.7182208,-0.0272853897115341
2022-12-19T16:54:27.7184896,0.00298088052760892
2022-12-19T16:54:27.7187456,0.0246936404238808
2022-12-19T16:54:27.7189760,-0.0101783675634727
2022-12-19T16:54:27.7282560,-0.0427475055261936
2022-12-19T16:54:27.7285248,0.0355500206287917
2022-12-19T16:54:27.7287552,-0.0437344490773635
2022-12-19T16:54:27.7289856,-0.0039277247512097
2022-12-19T16:54:27.7292032,0.0263385465044908
2022-12-19T16:54:27.7294208,-0.0591965645336023
2022-12-19T16:54:27.7296256,0.0460774197799385
2022-12-19T16:54:27.7391104,-0.0190608598847322
2022-12-19T16:54:27.7394816,0.00758661741833119
2022-12-19T16:54:27.7397632,0.00627069258928915
2022-12-19T16:54:27.7399424,0.00988948587516988
2022-12-19T16:54:27.7401216,0.0408137201840608
2022-12-19T16:54:27.7547904,-0.0424185243421653
2022-12-19T16:54:27.7550592,0.0454194573282296
2022-12-19T16:54:27.7552768,-0.000637912722236303
2022-12-19T16:54:27.7554432,-0.0302462204256504
2022-12-19T16:54:27.7555456,0.0500251945035551
2022-12-19T16:54:27.7726848,-0.0137971607449997
2022-12-19T16:54:27.7729152,0.00199393691214557
2022-12-19T16:54:27.7730688,0.00659967379631543
2022-12-19T16:54:27.7731712,0.0125213355495117
2022-12-19T16:54:27.7732864,-0.00590161196113415
2022-12-19T16:54:27.7733888,0.0217328094887004
2022-12-19T16:54:27.7734912,0.0345630769666917
2022-12-19T16:54:27.7736064,0.00627069258928915
2022-12-19T16:54:27.7842304,-0.0338650135038022
2022-12-19T16:54:27.7844096,0.0365369642923159
2022-12-19T16:54:27.7845376,-0.0483401856313546
2022-12-19T16:54:27.7846528,-0.00261179994148619
2022-12-19T16:54:27.7847552,0.0464064010060314
2022-12-19T16:54:27.7848704,-0.0772905290048149
2022-12-19T16:54:27.7849984,0.0444325136518585
2022-12-19T16:54:27.7851136,-0.0239955777923602
2022-12-19T16:54:27.7852288,-0.0154420667304147
2022-12-19T16:54:27.7954816,0.00528374896914695
2022-12-19T16:54:27.7956864,0.00659967379631543
2022-12-19T16:54:27.7958016,0.0263385465044908
2022-12-19T16:54:27.7959040,-0.0302462204256504
2022-12-19T16:54:27.7960192,0.0368659455138072
2022-12-19T16:54:27.7961344,-0.00952040516481843
2022-12-19T16:54:27.8055296,-0.0348519570673523
2022-12-19T16:54:27.8056960,0.0408137201840608
2022-12-19T16:54:27.8058112,-0.0124812359538841
2022-12-19T16:54:27.8059520,-0.00688855556400039
2022-12-19T16:54:27.8060672,-0.00655957436320019
2022-12-19T16:54:27.8244096,-0.0078754991654702
2022-12-19T16:54:27.8247552,-0.0200478034690322
2022-12-19T16:54:27.8250368,0.0243646592082312
2022-12-19T16:54:27.8252288,0.0181140161407747
2022-12-19T16:54:27.8254080,-0.00984938636422307
2022-12-19T16:54:27.8392320,-0.0440634302607818
2022-12-19T16:54:27.8393856,0.0391688140686815
2022-12-19T16:54:27.8395264,-0.04044463723479
2022-12-19T16:54:27.8396800,0.00462578655649906
2022-12-19T16:54:27.8398592,0.0562758378628775
2022-12-19T16:54:27.8399616,-0.0687370185843248
2022-12-19T16:54:27.8400512,0.0743698058076459
2022-12-19T16:54:27.8401280,-0.0286013144748993
2022-12-19T16:54:27.8402048,-0.016429010319809
2022-12-19T16:54:27.8402688,0.0204168846327095
2022-12-19T16:54:27.8490624,0.0194299409923665
2022-12-19T16:54:27.8491776,0.0207458658464715
2022-12-19T16:54:27.8492416,-0.0368258441903187
2022-12-19T16:54:27.8492928,0.0378528891792314
2022-12-19T16:54:27.8493440,-0.0180739162990437
2022-12-19T16:54:27.8493952,-0.018731878689657
2022-12-19T16:54:27.8494464,0.0418006638551917
2022-12-19T16:54:27.8586112,-0.0167579915159647
2022-12-19T16:54:27.8587008,0.00495476776274499
2022-12-19T16:54:27.8587520,0.00890254224987264
2022-12-19T16:54:27.8588032,-0.00886244276554422
2022-12-19T16:54:27.8588544,-0.0249825213697274
2022-12-19T16:54:27.8683008,0.0174560537159208
2022-12-19T16:54:27.8684160,0.011205410711089
2022-12-19T16:54:27.8684544,0.0033098617330751
2022-12-19T16:54:27.8685056,-0.0387997313077776
2022-12-19T16:54:27.8786944,0.0263385465044908
2022-12-19T16:54:27.8788096,-0.0450503738101221
2022-12-19T16:54:27.8789248,-0.0193898410796531
2022-12-19T16:54:27.8790016,0.0487092695931362
2022-12-19T16:54:27.8790656,-0.0427475055261936
2022-12-19T16:54:27.8887168,0.0572627815564591
2022-12-19T16:54:27.8888576,-0.00359874354901193
2022-12-19T16:54:27.8889344,-0.0190608598847322
2022-12-19T16:54:27.8890240,0.0286414150239637
2022-12-19T16:54:27.8890880,0.005941711382419
2022-12-19T16:54:27.8983808,0.0398267765143575
2022-12-19T16:54:27.8984960,-0.0341939946918055
2022-12-19T16:54:27.8985984,0.043774551201739
2022-12-19T16:54:27.8986496,-0.0286013144748993
2022-12-19T16:54:27.8987136,-0.0266274273289295
2022-12-19T16:54:27.8987520,0.0585787064834723
2022-12-19T16:54:27.9081088,-0.0101783675634727
2022-12-19T16:54:27.9082752,-0.00458568715513909
2022-12-19T16:54:27.9083392,0.0164691100798168
2022-12-19T16:54:27.9083904,-0.0151130855336409
2022-12-19T16:54:27.9182080,-0.00886244276554422
2022-12-19T16:54:27.9183232,0.0286414150239637
2022-12-19T16:54:27.9184128,0.00988948587516988
2022-12-19T16:54:27.9185024,-0.0193898410796531
2022-12-19T16:54:27.9185792,-0.0341939946918055
2022-12-19T16:54:27.9278464,0.00988948587516988
2022-12-19T16:54:27.9280512,-0.0447213926271611
2022-12-19T16:54:27.9281280,-0.00425670595325207
2022-12-19T16:54:27.9281664,0.0411427014076124
2022-12-19T16:54:27.9282176,-0.061170451589004
2022-12-19T16:54:27.9373952,0.043774551201739
2022-12-19T16:54:27.9375360,-0.0325490887502571
2022-12-19T16:54:27.9376128,-0.0253115025618754
2022-12-19T16:54:27.9376640,0.0230487343472071
2022-12-19T16:54:27.9377024,-0.00524364955844718
2022-12-19T16:54:27.9546368,0.0401557577374334
2022-12-19T16:54:27.9548160,-0.0358389006295243
2022-12-19T16:54:27.9549312,0.0358790018498081
2022-12-19T16:54:27.9550080,-0.0180739162990437
2022-12-19T16:54:27.9550592,-0.017415953907813
2022-12-19T16:54:27.9660800,0.0467353822322834
2022-12-19T16:54:27.9662592,-0.0341939946918055
2022-12-19T16:54:27.9663488,0.00791559862598218
2022-12-19T16:54:27.9664128,-0.00261179994148619
2022-12-19T16:54:27.9664768,-0.0121522547557184
2022-12-19T16:54:27.9665280,-0.0292592768556604
2022-12-19T16:54:27.9665920,0.0253516028556522
2022-12-19T16:54:27.9666560,0.0210748470603906
2022-12-19T16:54:27.9783296,-0.0151130855336409
2022-12-19T16:54:27.9784704,-0.0180739162990437
2022-12-19T16:54:27.9785472,0.0233777155622271
2022-12-19T16:54:27.9786112,-0.0315621451834888
2022-12-19T16:54:27.9786752,-0.0210347470519443
2022-12-19T16:54:27.9787648,0.0450904761026137
2022-12-19T16:54:27.9908736,-0.0726847926371815
2022-12-19T16:54:27.9910144,0.0539729692501105
2022-12-19T16:54:27.9910784,-0.0226796530203822
2022-12-19T16:54:27.9911424,-0.0197188222744198
2022-12-19T16:54:27.9912064,0.0444325136518585
2022-12-19T16:54:27.9912576,-0.09735837997856
2022-12-19T16:54:28.0034560,0.0556178754012885
2022-12-19T16:54:28.0037120,-0.0529459221555245
2022-12-19T16:54:28.0038528,0.0668032373353356
2022-12-19T16:54:28.0039552,-0.00655957436320019
2022-12-19T16:54:28.0040448,0.00758661741833119
2022-12-19T16:54:28.0041216,0.0875290555278212
2022-12-19T16:54:28.0042112,-0.0207057658577945
2022-12-19T16:54:28.0134656,0.00199393691214557
2022-12-19T16:54:28.0137728,0.00363884293869718
2022-12-19T16:54:28.0139648,-0.0101783675634727
2022-12-19T16:54:28.0140800,-0.00886244276554422
2022-12-19T16:54:28.0141952,0.0332471520861059
2022-12-19T16:54:28.0143104,0.00429680535040913
2022-12-19T16:54:28.0240128,-0.0118232735573979
2022-12-19T16:54:28.0242560,-0.0282723332842885
2022-12-19T16:54:28.0243712,0.564552045046337
2022-12-19T16:54:28.0244864,-0.123018909927118
2022-12-19T16:54:28.0246016,-0.0055726307598683
2022-12-19T16:54:28.0358656,0.0464064010060314
2022-12-19T16:54:28.0361984,-0.0542618468712477
2022-12-19T16:54:28.0363648,0.0697640684665458
2022-12-19T16:54:28.0364800,-0.00721753676464547
2022-12-19T16:54:28.0365952,-0.0282723332842885
2022-12-19T16:54:28.0455424,0.0450904761026137
2022-12-19T16:54:28.0458880,-0.0124812359538841
2022-12-19T16:54:28.0461568,0.0227197531323445
2022-12-19T16:54:28.0463104,-0.0134681795474529
2022-12-19T16:54:28.0464512,0.0414716826313227
2022-12-19T16:54:28.0465920,-0.0161000291234987
2022-12-19T16:54:28.0591104,-0.0223506718270028
2022-12-19T16:54:28.0594304,0.0612105563451762
2022-12-19T16:54:28.0596096,-0.0190608598847322
2022-12-19T16:54:28.0597376,0.00988948587516988
2022-12-19T16:54:28.0598656,0.0115343919204599
2022-12-19T16:54:28.0750208,-0.0361678818166088
2022-12-19T16:54:28.0753408,-0.0085334615656746
2022-12-19T16:54:28.0755200,0.00692865500349785
2022-12-19T16:54:28.0756352,0.00988948587516988
2022-12-19T16:54:28.0757504,-0.0161000291234987
2022-12-19T16:54:28.0758656,-0.0180739162990437
2022-12-19T16:54:28.0760064,0.00199393691214557
2022-12-19T16:54:28.0868608,-0.0282723332842885
2022-12-19T16:54:28.0873856,-0.000637912722236303
2022-12-19T16:54:28.0877184,0.037523907957265
2022-12-19T16:54:28.0879616,-0.0638023009877389
2022-12-19T16:54:28.0882304,0.0812784118785083
2022-12-19T16:54:28.0884992,-0.0170869727119661
2022-12-19T16:54:28.0886912,-0.0322201075614877
2022-12-19T16:54:28.0888064,0.0621975000459563
2022-12-19T16:54:28.0999936,0.005941711382419
2022-12-19T16:54:28.1003264,0.0256805840717742
2022-12-19T16:54:28.1004672,-0.0476822232683261
2022-12-19T16:54:28.1005824,0.0424586263034057
2022-12-19T16:54:28.1006976,-0.0108363299615074
2022-12-19T16:54:28.1008256,-0.0289302956653566
2022-12-19T16:54:28.1126144,0.0529860255613189
2022-12-19T16:54:28.1129856,0.0283124338064231
2022-12-19T16:54:28.1132416,-0.0085334615656746
2022-12-19T16:54:28.1133952,0.0141662416010631
2022-12-19T16:54:28.1135616,-0.0197188222744198
2022-12-19T16:54:28.1137024,-0.0391287124934857
2022-12-19T16:54:28.1252608,0.0286414150239637
2022-12-19T16:54:28.1254912,-0.0078754991654702
2022-12-19T16:54:28.1256192,-0.0312331639942593
2022-12-19T16:54:28.1257216,-0.0378127877497363
2022-12-19T16:54:28.1258368,0.005941711382419
2022-12-19T16:54:28.1259392,-0.0111653111602924
2022-12-19T16:54:28.1260928,0.0033098617330751
2022-12-19T16:54:28.1364352,0.0394977952914403
2022-12-19T16:54:28.1366144,-0.0114942923589225
2022-12-19T16:54:28.1367296,0.0615395375786094
2022-12-19T16:54:28.1368320,-0.0128102171518951
2022-12-19T16:54:28.1369472,-0.0437344490773635
2022-12-19T16:54:28.1370496,0.0529860255613189
2022-12-19T16:54:28.1469568,-0.0167579915159647
2022-12-19T16:54:28.1473664,0.0371949267354569
2022-12-19T16:54:28.1475200,-0.0190608598847322
2022-12-19T16:54:28.1476352,0.028970396241662
2022-12-19T16:54:28.1477504,-0.0121522547557184
2022-12-19T16:54:28.1603840,-0.0305752016153402
2022-12-19T16:54:28.1606784,0.0490382508205021
2022-12-19T16:54:28.1608704,-0.0427475055261936
2022-12-19T16:54:28.1610112,-0.00919142396525881
2022-12-19T16:54:28.1611392,0.0108764295018745
2022-12-19T16:54:28.1612672,-0.0463662985404424
2022-12-19T16:54:28.1705984,-0.0203767846634904
2022-12-19T16:54:28.1708032,0.0227197531323445
2022-12-19T16:54:28.1709312,-0.00590161196113415
2022-12-19T16:54:28.1710464,-0.0170869727119661
2022-12-19T16:54:28.1711616,-0.0101783675634727
2022-12-19T16:54:28.1712640,0.0131792979696624
2022-12-19T16:54:28.1713664,-0.0289302956653566
2022-12-19T16:54:28.1841664,0.0033098617330751
2022-12-19T16:54:28.1844992,0.0266675277210854
2022-12-19T16:54:28.1846784,-0.0539328656925445
2022-12-19T16:54:28.1848064,0.0628554625139439
2022-12-19T16:54:28.1849088,-0.000637912722236303
2022-12-19T16:54:28.1956992,-0.0407736184197342
2022-12-19T16:54:28.1960704,0.0806204493925027
2022-12-19T16:54:28.1962752,-0.0246535401774255
2022-12-19T16:54:28.1964032,0.0322602084273265
2022-12-19T16:54:28.1965056,-0.014126141942392
2022-12-19T16:54:28.1967616,0.00857356104175289
2022-12-19T16:54:28.2086656,-0.0193898410796531
2022-12-19T16:54:28.2089984,-0.0286013144748993
2022-12-19T16:54:28.2091648,0.0612105563451762
2022-12-19T16:54:28.2092928,-0.0302462204256504
2022-12-19T16:54:28.2094080,0.00659967379631543
2022-12-19T16:54:28.2095360,0.00725763621083642
2022-12-19T16:54:28.2205696,-0.02596946494571
2022-12-19T16:54:28.2208896,-0.0161000291234987
2022-12-19T16:54:28.2211584,0.00988948587516988
2022-12-19T16:54:28.2213632,0.011205410711089
2022-12-19T16:54:28.2214784,-0.00425670595325207
2022-12-19T16:54:28.2215936,-0.00195383753569171
2022-12-19T16:54:28.2216960,0.00692865500349785
2022-12-19T16:54:28.2321152,-0.0213637282459401
2022-12-19T16:54:28.2324608,-0.00162485633256119
2022-12-19T16:54:28.2326528,0.0519990818739629
2022-12-19T16:54:28.2328064,-0.0575516586499388
2022-12-19T16:54:28.2329472,0.0668032373353356
2022-12-19T16:54:28.2330624,0.011205410711089
2022-12-19T16:54:28.2437888,-0.0322201075614877
2022-12-19T16:54:28.2440832,0.0658162936278223
2022-12-19T16:54:28.2442752,-0.0151130855336409
2022-12-19T16:54:28.2444032,0.0194299409923665
2022-12-19T16:54:28.2445312,-0.0075465179651354
2022-12-19T16:54:28.2446336,0.0148242040227804
2022-12-19T16:54:28.2583040,-0.0325490887502571
2022-12-19T16:54:28.2586240,-0.0210347470519443
2022-12-19T16:54:28.2588032,0.0371949267354569
2022-12-19T16:54:28.2589184,-0.0207057658577945
2022-12-19T16:54:28.2590336,0.005941711382419
2022-12-19T16:54:28.2683136,0.000678012093708949
2022-12-19T16:54:28.2684032,-0.0318911263725649
2022-12-19T16:54:28.2684544,-0.0121522547557184
2022-12-19T16:54:28.2685056,-0.00129587512927513
2022-12-19T16:54:28.2685440,0.010218467083915
2022-12-19T16:54:28.2685952,-0.00359874354901193
2022-12-19T16:54:28.2686336,0.00429680535040913
2022-12-19T16:54:28.2781568,0.00725763621083642
2022-12-19T16:54:28.2782720,-0.00886244276554422
2022-12-19T16:54:28.2783744,0.00988948587516988
2022-12-19T16:54:28.2784640,0.0391688140686815
2022-12-19T16:54:28.2785408,-0.0427475055261936
2022-12-19T16:54:28.2925184,0.06252648127987
2022-12-19T16:54:28.2926464,-0.00359874354901193
2022-12-19T16:54:28.2927232,-0.0624863762895804
2022-12-19T16:54:28.2928000,0.0717379558945845
2022-12-19T16:54:28.2928768,-0.0305752016153402
2022-12-19T16:54:28.3084032,0.0348920581872335
2022-12-19T16:54:28.3087104,-0.00129587512927513
2022-12-19T16:54:28.3089664,0.00495476776274499
2022-12-19T16:54:28.3091712,-0.0137971607449997
2022-12-19T16:54:28.3092864,-0.0137971607449997
2022-12-19T16:54:28.3093888,0.0487092695931362
2022-12-19T16:54:28.3095040,-0.0480112044499164
2022-12-19T16:54:28.3207936,0.00199393691214557
2022-12-19T16:54:28.3211136,0.0177850349282693
2022-12-19T16:54:28.3213824,-0.0332070511273362
2022-12-19T16:54:28.3215744,-0.0197188222744198
2022-12-19T16:54:28.3217024,0.00857356104175289
2022-12-19T16:54:28.3218048,-0.00359874354901193
2022-12-19T16:54:28.3219200,-0.00491466835687079
2022-12-19T16:54:28.3220224,-0.00952040516481843
2022-12-19T16:54:28.3221376,0.0141662416010631
2022-12-19T16:54:28.3331712,-0.0177449351035055
2022-12-19T16:54:28.3335168,-0.000966893925833531
2022-12-19T16:54:28.3337216,0.0316022459889304
2022-12-19T16:54:28.3338368,-0.0414315807891646
2022-12-19T16:54:28.3339520,0.0470643634586944
2022-12-19T16:54:28.3340672,0.000349030889489121
2022-12-19T16:54:28.3450880,-0.0483401856313546
2022-12-19T16:54:28.3454336,0.0845682243182341
2022-12-19T16:54:28.3456000,-0.0292592768556604
2022-12-19T16:54:28.3457280,0.0296283586775321
2022-12-19T16:54:28.3458432,-0.00294078114415022
2022-12-19T16:54:28.3461376,0.0237066967774044
2022-12-19T16:54:28.3581312,-0.00886244276554422
2022-12-19T16:54:28.3584512,-0.0105073487625675
2022-12-19T16:54:28.3587072,0.0408137201840608
2022-12-19T16:54:28.3588864,-0.0624863762895804
2022-12-19T16:54:28.3590144,0.00495476776274499
2022-12-19T16:54:28.3591424,0.00857356104175289
2022-12-19T16:54:28.3716608,-0.0463662985404424
2022-12-19T16:54:28.3719808,0.00298088052760892
2022-12-19T16:54:28.3721600,0.0154821664451246
2022-12-19T16:54:28.3722752,0.0174560537159208
2022-12-19T16:54:28.3723776,-0.124005853368779
2022-12-19T16:54:28.3724928,-0.0223506718270028
2022-12-19T16:54:28.3725952,-0.0358389006295243
2022-12-19T16:54:28.3814016,-0.0246535401774255
2022-12-19T16:54:28.3817344,-0.0108363299615074
2022-12-19T16:54:28.3819136,0.0546309317101028
2022-12-19T16:54:28.3820288,-0.0565647151179231
2022-12-19T16:54:28.3821568,0.0661452748634996
2022-12-19T16:54:28.3822848,0.0131792979696624
2022-12-19T16:54:28.3931904,-0.0401156560496931
2022-12-19T16:54:28.3934336,0.0908188679983108
2022-12-19T16:54:28.3935488,-0.0272853897115341
2022-12-19T16:54:28.3936640,0.0454194573282296
2022-12-19T16:54:28.3937792,-0.00326976234665881
2022-12-19T16:54:28.4081792,-0.00228281873866669
2022-12-19T16:54:28.4084864,-0.00984938636422307
2022-12-19T16:54:28.4086528,-0.0318911263725649
2022-12-19T16:54:28.4087680,0.0352210394079334
2022-12-19T16:54:28.4088832,-0.0654472068570392
2022-12-19T16:54:28.4089984,0.0108764295018745
2022-12-19T16:54:28.4180352,0.0141662416010631
2022-12-19T16:54:28.4183552,-0.0509720350773848
2022-12-19T16:54:28.4185472,-0.0108363299615074
2022-12-19T16:54:28.4186880,0.0141662416010631
2022-12-19T16:54:28.4187904,-0.00228281873866669
2022-12-19T16:54:28.4189056,-0.00820448036564994
2022-12-19T16:54:28.4190080,0.0128503167595087
2022-12-19T16:54:28.4282496,-0.0039277247512097
2022-12-19T16:54:28.4285056,-0.0101783675634727
2022-12-19T16:54:28.4286464,-0.00458568715513909
2022-12-19T16:54:28.4287744,0.0273254901547475
2022-12-19T16:54:28.4288896,-0.0207057658577945
2022-12-19T16:54:28.4426240,0.0658162936278223
2022-12-19T16:54:28.4430464,0.0167980912916946
2022-12-19T16:54:28.4432256,-0.0443924114440477
2022-12-19T16:54:28.4433664,0.0776596182134701
2022-12-19T16:54:28.4434688,-0.0397866748644434
2022-12-19T16:54:28.4583808,0.0316022459889304
2022-12-19T16:54:28.4586368,2.00496854250026E-05
2022-12-19T16:54:28.4587776,-0.00590161196113415
2022-12-19T16:54:28.4588928,0.010218467083915
2022-12-19T16:54:28.4590080,-0.0269564085203087
2022-12-19T16:54:28.4591104,0.0362079830709829
2022-12-19T16:54:28.4592128,-0.0430764867100695
2022-12-19T16:54:28.4593152,0.00988948587516988
2022-12-19T16:54:28.4704640,0.00627069258928915
2022-12-19T16:54:28.4706944,-0.0368258441903187
2022-12-19T16:54:28.4708352,-0.00820448036564994
2022-12-19T16:54:28.4709504,0.0131792979696624
2022-12-19T16:54:28.4710528,-0.00195383753569171
2022-12-19T16:54:28.4711552,-0.00688855556400039
2022-12-19T16:54:28.4712704,0.0210748470603906
2022-12-19T16:54:28.4713728,-0.0177449351035055
2022-12-19T16:54:28.4810752,0.00166495570730275
2022-12-19T16:54:28.4813824,-0.00326976234665881
2022-12-19T16:54:28.4815488,0.0418006638551917
2022-12-19T16:54:28.4816640,-0.0167579915159647
2022-12-19T16:54:28.4817664,0.0457484385540046
2022-12-19T16:54:28.4819072,0.0082445798337894
2022-12-19T16:54:28.4927232,-0.0447213926271611
2022-12-19T16:54:28.4930432,0.0710799934179284
2022-12-19T16:54:28.4932096,-0.0292592768556604
2022-12-19T16:54:28.4933376,0.0339051145260825
2022-12-19T16:54:28.4934528,0.0158111476565318
2022-12-19T16:54:28.5084032,-0.0085334615656746
2022-12-19T16:54:28.5087360,-0.0124812359538841
2022-12-19T16:54:28.5089408,-0.0361678818166088
2022-12-19T16:54:28.5090688,0.0404847389606678
2022-12-19T16:54:28.5091840,-0.0420895431579843
2022-12-19T16:54:28.5092864,0.019100959779233
2022-12-19T16:54:28.5183104,0.0164691100798168
2022-12-19T16:54:28.5185664,-0.0595255457098809
2022-12-19T16:54:28.5187072,0.0131792979696624
2022-12-19T16:54:28.5188480,0.0131792979696624
2022-12-19T16:54:28.5189632,-0.0121522547557184
2022-12-19T16:54:28.5190656,0.000678012093708949
2022-12-19T16:54:28.5191808,0.00890254224987264
2022-12-19T16:54:28.5193088,-0.0177449351035055
2022-12-19T16:54:28.5296384,-0.00655957436320019
2022-12-19T16:54:28.5298944,-0.00425670595325207
2022-12-19T16:54:28.5301120,0.0260095652880537
2022-12-19T16:54:28.5303808,-0.0332070511273362
2022-12-19T16:54:28.5305728,0.0572627815564591
2022-12-19T16:54:28.5420544,0.0125213355495117
2022-12-19T16:54:28.5423616,-0.04044463723479
2022-12-19T16:54:28.5425536,0.0799624869071432
2022-12-19T16:54:28.5426816,-0.0555777715845434
2022-12-19T16:54:28.5427968,0.0246936404238808
2022-12-19T16:54:28.5539328,0.00659967379631543
2022-12-19T16:54:28.5542272,-0.0124812359538841
2022-12-19T16:54:28.5543936,-0.0184028974944275
2022-12-19T16:54:28.5545216,-0.0233376154066791
2022-12-19T16:54:28.5546240,0.0526570443320408
2022-12-19T16:54:28.5547264,-0.0473532420865835
2022-12-19T16:54:28.5635072,0.0121923543396712
2022-12-19T16:54:28.5638528,0.0266675277210854
2022-12-19T16:54:28.5640320,-0.0506430538971631
2022-12-19T16:54:28.5641472,0.00298088052760892
2022-12-19T16:54:28.5642624,0.00100699329808449
2022-12-19T16:54:28.5643776,0.0131792979696624
2022-12-19T16:54:28.5757568,0.00462578655649906
2022-12-19T16:54:28.5760640,0.010218467083915
2022-12-19T16:54:28.5762304,-0.0134681795474529
2022-12-19T16:54:28.5763584,0.00232291811714419
2022-12-19T16:54:28.5764736,2.00496854250026E-05
2022-12-19T16:54:28.5919872,0.0283124338064231
2022-12-19T16:54:28.5923456,-0.014126141942392
2022-12-19T16:54:28.5925120,0.0503541757315581
2022-12-19T16:54:28.5926400,0.00298088052760892
2022-12-19T16:54:28.5927808,-0.0466952797226417
2022-12-19T16:54:28.5930624,0.0615395375786094
2022-12-19T16:54:28.6050560,-0.0503140727167894
2022-12-19T16:54:28.6054144,0.0355500206287917
2022-12-19T16:54:28.6057088,0.0174560537159208
2022-12-19T16:54:28.6059008,-0.0134681795474529
2022-12-19T16:54:28.6060288,0.00495476776274499
2022-12-19T16:54:28.6061568,-0.0312331639942593
2022-12-19T16:54:28.6062848,0.0368659455138072
2022-12-19T16:54:28.6064000,-0.0503140727167894
2022-12-19T16:54:28.6065024,0.0200879034191048
2022-12-19T16:54:28.6148608,0.0158111476565318
2022-12-19T16:54:28.6151168,-0.0483401856313546
2022-12-19T16:54:28.6152704,0.0177850349282693
2022-12-19T16:54:28.6153984,0.00298088052760892
2022-12-19T16:54:28.6155136,0.00725763621083642
2022-12-19T16:54:28.6156544,-0.0190608598847322
2022-12-19T16:54:28.6275328,0.027654471371815
2022-12-19T16:54:28.6278400,-0.0137971607449997
2022-12-19T16:54:28.6280064,-0.00425670595325207
2022-12-19T16:54:28.6281216,0.00462578655649906
2022-12-19T16:54:28.6283904,0.0246936404238808
2022-12-19T16:54:28.6416512,-0.0105073487625675
2022-12-19T16:54:28.6419584,0.0592366689479383
2022-12-19T16:54:28.6421248,0.00923152345814872
2022-12-19T16:54:28.6422528,-0.0276143709026059
2022-12-19T16:54:28.6423552,0.0539729692501105
2022-12-19T16:54:28.6424704,-0.0532749033346829
2022-12-19T16:54:28.6546944,0.030944283551166
2022-12-19T16:54:28.6550912,0.0269965089378377
2022-12-19T16:54:28.6553856,-0.0210347470519443
2022-12-19T16:54:28.6555648,-0.00721753676464547
2022-12-19T16:54:28.6556800,-0.0128102171518951
2022-12-19T16:54:28.6557952,0.0454194573282296
2022-12-19T16:54:28.6559488,-0.0536038845136896
2022-12-19T16:54:28.6666624,0.0299573398957038
2022-12-19T16:54:28.6671104,0.0214038282744669
2022-12-19T16:54:28.6674048,-0.0522879597967521
2022-12-19T16:54:28.6677760,0.0164691100798168
2022-12-19T16:54:28.6681344,-0.00590161196113415
2022-12-19T16:54:28.6684288,-0.0253115025618754
2022-12-19T16:54:28.6687488,-0.0131391983497513
2022-12-19T16:54:28.6803328,0.0135082791799726
2022-12-19T16:54:28.6806272,-0.0167579915159647
2022-12-19T16:54:28.6808704,-0.00129587512927513
2022-12-19T16:54:28.6810368,0.00363884293869718
2022-12-19T16:54:28.6811648,0.0253516028556522
2022-12-19T16:54:28.6812672,-0.00129587512927513
2022-12-19T16:54:28.6919296,0.0539729692501105
2022-12-19T16:54:28.6922496,0.00692865500349785
2022-12-19T16:54:28.6924544,-0.0361678818166088
2022-12-19T16:54:28.6925696,0.0618685188122028
2022-12-19T16:54:28.6926848,-0.0605124892378086
2022-12-19T16:54:28.6928000,0.0299573398957038
2022-12-19T16:54:28.6931072,0.0240356779927391
2022-12-19T16:54:28.7048576,-0.0387997313077776
2022-12-19T16:54:28.7051648,0.010218467083915
2022-12-19T16:54:28.7054848,-0.0292592768556604
2022-12-19T16:54:28.7057920,0.0385108516236395
2022-12-19T16:54:28.7059712,-0.0522879597967521
2022-12-19T16:54:28.7060864,0.0128503167595087
2022-12-19T16:54:28.7176960,0.0217328094887004
2022-12-19T16:54:28.7180032,-0.0424185243421653
2022-12-19T16:54:28.7182720,0.0164691100798168
2022-12-19T16:54:28.7184640,-0.000308931518483477
2022-12-19T16:54:28.7185792,-0.00919142396525881
2022-12-19T16:54:28.7186944,0.0082445798337894
2022-12-19T16:54:28.7292160,0.0260095652880537
2022-12-19T16:54:28.7296000,-0.0055726307598683
2022-12-19T16:54:28.7298432,-0.000637912722236303
2022-12-19T16:54:28.7299840,0.0181140161407747
2022-12-19T16:54:28.7301120,0.0332471520861059
2022-12-19T16:54:28.7302272,-0.0075465179651354
2022-12-19T16:54:28.7425792,0.0500251945035551
2022-12-19T16:54:28.7429120,-0.000966893925833531
2022-12-19T16:54:28.7430912,-0.0430764867100695
2022-12-19T16:54:28.7432192,0.0549599129403384
2022-12-19T16:54:28.7433344,-0.0503140727167894
2022-12-19T16:54:28.7434368,0.0263385465044908
2022-12-19T16:54:28.7525504,0.0316022459889304
2022-12-19T16:54:28.7527680,-0.0341939946918055
2022-12-19T16:54:28.7528960,-0.00228281873866669
2022-12-19T16:54:28.7530240,-0.0167579915159647
2022-12-19T16:54:28.7531264,0.0332471520861059
2022-12-19T16:54:28.7532416,-0.0522879597967521
2022-12-19T16:54:28.7533440,0.0266675277210854
2022-12-19T16:54:28.7624320,0.0115343919204599
2022-12-19T16:54:28.7626752,-0.0302462204256504
2022-12-19T16:54:28.7628160,0.0154821664451246
2022-12-19T16:54:28.7629312,-0.00524364955844718
2022-12-19T16:54:28.7630592,0.00166495570730275
2022-12-19T16:54:28.7768704,0.00988948587516988
2022-12-19T16:54:28.7773312,0.0263385465044908
2022-12-19T16:54:28.7776128,-0.0262984461373967
2022-12-19T16:54:28.7778944,-0.00524364955844718
2022-12-19T16:54:28.7917696,0.0197589222056571
2022-12-19T16:54:28.7920768,0.0299573398957038
2022-12-19T16:54:28.7923328,-0.0193898410796531
2022-12-19T16:54:28.7925120,0.0345630769666917
2022-12-19T16:54:28.7926272,0.00265189932229863
2022-12-19T16:54:28.7927424,-0.0226796530203822
2022-12-19T16:54:28.7928448,0.131612543987996
2022-12-19T16:54:28.7929600,-0.117755211549278
2022-12-19T16:54:28.8017152,0.0464064010060314
2022-12-19T16:54:28.8020224,0.0269965089378377
2022-12-19T16:54:28.8022784,-0.0532749033346829
2022-12-19T16:54:28.8024320,0.019100959779233
2022-12-19T16:54:28.8025472,-0.0335360323156458
2022-12-19T16:54:28.8026880,0.0286414150239637
2022-12-19T16:54:28.8028032,-0.0361678818166088
2022-12-19T16:54:28.8119552,0.0164691100798168
2022-12-19T16:54:28.8122112,0.0401557577374334
2022-12-19T16:54:28.8123648,-0.0378127877497363
2022-12-19T16:54:28.8125056,0.0421296450792193
2022-12-19T16:54:28.8126336,0.00100699329808449
2022-12-19T16:54:28.8256512,-0.0075465179651354
2022-12-19T16:54:28.8259712,0.00232291811714419
2022-12-19T16:54:28.8261760,0.027654471371815
2022-12-19T16:54:28.8263040,-0.00623059316224477
2022-12-19T16:54:28.8264192,0.00265189932229863
2022-12-19T16:54:28.8420352,0.0220617907030912
2022-12-19T16:54:28.8423552,0.019100959779233
2022-12-19T16:54:28.8425600,-0.00623059316224477
2022-12-19T16:54:28.8427264,0.019100959779233
2022-12-19T16:54:28.8430720,-0.000308931518483477
2022-12-19T16:54:28.8433408,-0.0292592768556604
2022-12-19T16:54:28.8435968,0.0529860255613189
2022-12-19T16:54:28.8583808,-0.0341939946918055
2022-12-19T16:54:28.8587008,0.0135082791799726
2022-12-19T16:54:28.8589568,0.0388398328460813
2022-12-19T16:54:28.8591872,-0.0634733198134259
2022-12-19T16:54:28.8593920,0.00627069258928915
2022-12-19T16:54:28.8595200,-0.0328780699388733
2022-12-19T16:54:28.8596480,0.0161401288680959
2022-12-19T16:54:28.8597632,-0.0397866748644434
2022-12-19T16:54:28.8598912,0.0220617907030912
2022-12-19T16:54:28.8701312,0.0246936404238808
2022-12-19T16:54:28.8704384,-0.0526169409762142
2022-12-19T16:54:28.8707328,0.0174560537159208
2022-12-19T16:54:28.8709248,0.00692865500349785
2022-12-19T16:54:28.8710400,-0.0085334615656746
2022-12-19T16:54:28.8711680,0.0158111476565318
2022-12-19T16:54:28.8712704,0.005941711382419
2022-12-19T16:54:28.8713728,-0.018731878689657
2022-12-19T16:54:28.8823936,-0.00195383753569171
2022-12-19T16:54:28.8827136,0.0214038282744669
2022-12-19T16:54:28.8829184,0.0141662416010631
2022-12-19T16:54:28.8830592,0.00561273017570495
2022-12-19T16:54:28.8831744,0.0250226216396877
2022-12-19T16:54:28.8832896,0.00495476776274499
2022-12-19T16:54:28.8934528,-0.0391287124934857
2022-12-19T16:54:28.8937984,0.0516701006451631
2022-12-19T16:54:28.8940672,-0.0608414704134819
2022-12-19T16:54:28.8942208,0.0279834525890402
2022-12-19T16:54:28.8943488,0.0421296450792193
2022-12-19T16:54:28.8944640,-0.0680790562400737
2022-12-19T16:54:28.9075072,-0.000966893925833531
2022-12-19T16:54:28.9076992,-0.0289302956653566
2022-12-19T16:54:28.9078144,0.0161401288680959
2022-12-19T16:54:28.9079424,-0.0348519570673523
2022-12-19T16:54:28.9080448,0.0237066967774044
2022-12-19T16:54:28.9186944,0.0345630769666917
2022-12-19T16:54:28.9190912,-0.0499850915362638
2022-12-19T16:54:28.9194112,0.0339051145260825
2022-12-19T16:54:28.9196544,-0.000966893925833531
2022-12-19T16:54:28.9198976,-0.000966893925833531
2022-12-19T16:54:28.9201152,0.00758661741833119
2022-12-19T16:54:28.9203456,0.0316022459889304
2022-12-19T16:54:28.9324800,-0.0128102171518951
2022-12-19T16:54:28.9326976,0.0082445798337894
2022-12-19T16:54:28.9328384,0.0167980912916946
2022-12-19T16:54:28.9329664,0.0207458658464715
2022-12-19T16:54:28.9330688,0.00692865500349785
2022-12-19T16:54:28.9331840,0.030944283551166
2022-12-19T16:54:28.9452032,-0.000637912722236303
2022-12-19T16:54:28.9455232,-0.0276143709026059
2022-12-19T16:54:28.9456896,0.0411427014076124
2022-12-19T16:54:28.9458048,-0.0424185243421653
2022-12-19T16:54:28.9459200,0.0151531852338741
2022-12-19T16:54:28.9460736,0.0434455699769174
2022-12-19T16:54:28.9463680,-0.0680790562400737
2022-12-19T16:54:28.9585792,0.0223907719176392
2022-12-19T16:54:28.9591296,-0.0493271291747564
2022-12-19T16:54:28.9595136,0.00561273017570495
2022-12-19T16:54:28.9598208,-0.0430764867100695
2022-12-19T16:54:28.9699712,0.0164691100798168
2022-12-19T16:54:28.9701760,0.0200879034191048
2022-12-19T16:54:28.9820800,-0.0378127877497363
2022-12-19T16:54:28.9823360,0.0493672320480272
2022-12-19T16:54:28.9825152,-0.0055726307598683
2022-12-19T16:54:28.9826304,-0.0144551231396295
2022-12-19T16:54:28.9827456,0.0154821664451246
2022-12-19T16:54:28.9828608,0.0233777155622271
2022-12-19T16:54:28.9829760,-0.0210347470519443
2022-12-19T16:54:28.9830912,0.0105474482928166
2022-12-19T16:54:28.9831936,-0.0075465179651354
2022-12-19T16:54:28.9833088,0.0227197531323445
2022-12-19T16:54:28.9834112,0.000349030889489121
2022-12-19T16:54:28.9835264,0.0233777155622271
2022-12-19T16:54:28.9924736,0.00166495570730275
2022-12-19T16:54:28.9926912,-0.0341939946918055
2022-12-19T16:54:28.9928192,0.0473933446852645
2022-12-19T16:54:28.9929344,-0.0332070511273362
2022-12-19T16:54:28.9930368,0.00166495570730275
2022-12-19T16:54:28.9931520,0.0431165887522547
2022-12-19T16:54:28.9932544,-0.0861730204879722
2022-12-19T16:54:29.0087680,0.0187719785662566
2022-12-19T16:54:29.0091264,-0.0105073487625675
2022-12-19T16:54:29.0093184,0.0108764295018745
2022-12-19T16:54:29.0094720,-0.0213637282459401
2022-12-19T16:54:29.0096384,0.0200879034191048
2022-12-19T16:54:29.0208512,0.0283124338064231
2022-12-19T16:54:29.0211968,-0.0338650135038022
2022-12-19T16:54:29.0213888,0.0473933446852645
2022-12-19T16:54:29.0215168,-0.00261179994148619
2022-12-19T16:54:29.0216192,-0.014126141942392
2022-12-19T16:54:29.0217344,0.0184429973534371
2022-12-19T16:54:29.0218496,0.0227197531323445
2022-12-19T16:54:29.0219520,-0.00261179994148619
2022-12-19T16:54:29.0324736,0.0033098617330751
2022-12-19T16:54:29.0327936,0.00429680535040913
2022-12-19T16:54:29.0329600,0.0108764295018745
2022-12-19T16:54:29.0330752,-0.00294078114415022
2022-12-19T16:54:29.0331776,0.0322602084273265
2022-12-19T16:54:29.0332928,0.0135082791799726
2022-12-19T16:54:29.0441728,-0.027943352093524
2022-12-19T16:54:29.0445056,0.0348920581872335
2022-12-19T16:54:29.0446976,-0.0483401856313546
2022-12-19T16:54:29.0448256,0.00100699329808449
2022-12-19T16:54:29.0449408,0.0506831569597203
2022-12-19T16:54:29.0450560,-0.0911077379315242
2022-12-19T16:54:29.0587520,0.0263385465044908
2022-12-19T16:54:29.0589568,-0.0292592768556604
2022-12-19T16:54:29.0590848,0.0118633731299873
2022-12-19T16:54:29.0592000,-0.0230086342136077
2022-12-19T16:54:29.0593152,0.00199393691214557
2022-12-19T16:54:29.0716928,0.0207458658464715
2022-12-19T16:54:29.0720256,-0.0355099194422867
2022-12-19T16:54:29.0722304,0.0470643634586944
2022-12-19T16:54:29.0723584,-0.0111653111602924
2022-12-19T16:54:29.0724736,-0.00952040516481843
2022-12-19T16:54:29.0726016,0.0263385465044908
2022-12-19T16:54:29.0727040,0.0164691100798168
2022-12-19T16:54:29.0728192,2.00496854250026E-05
2022-12-19T16:54:29.0833536,-0.00294078114415022
2022-12-19T16:54:29.0835840,-0.00326976234665881
2022-12-19T16:54:29.0837120,0.00890254224987264
2022-12-19T16:54:29.0838272,0.00725763621083642
2022-12-19T16:54:29.0839424,0.0319312272080495
2022-12-19T16:54:29.0840576,-0.0137971607449997
2022-12-19T16:54:29.0952320,-0.0378127877497363
2022-12-19T16:54:29.0955648,0.0279834525890402
2022-12-19T16:54:29.0958848,-0.0476822232683261
2022-12-19T16:54:29.0960640,0.00857356104175289
2022-12-19T16:54:29.0961920,0.0457484385540046
2022-12-19T16:54:29.0962944,-0.0772905290048149
2022-12-19T16:54:29.1089536,0.028970396241662
2022-12-19T16:54:29.1092608,-0.0483401856313546
2022-12-19T16:54:29.1094528,-0.00162485633256119
2022-12-19T16:54:29.1095808,-0.0078754991654702
2022-12-19T16:54:29.1096960,0.00659967379631543
2022-12-19T16:54:29.1098112,0.034234095746308
2022-12-19T16:54:29.1188992,-0.0466952797226417
2022-12-19T16:54:29.1192064,0.0839102618289952
2022-12-19T16:54:29.1194752,-0.0674210938952199
2022-12-19T16:54:29.1196544,-0.0246535401774255
2022-12-19T16:54:29.1198080,0.0260095652880537
2022-12-19T16:54:29.1199232,-0.00425670595325207
2022-12-19T16:54:29.1200256,-0.0414315807891646
2022-12-19T16:54:29.1303040,-0.0167579915159647
2022-12-19T16:54:29.1306624,0.0174560537159208
2022-12-19T16:54:29.1308160,-0.0157710479270339
2022-12-19T16:54:29.1309312,-0.00886244276554422
2022-12-19T16:54:29.1310464,0.0408137201840608
2022-12-19T16:54:29.1433984,-0.0121522547557184
2022-12-19T16:54:29.1437312,-0.0401156560496931
2022-12-19T16:54:29.1439744,0.0230487343472071
2022-12-19T16:54:29.1441024,-0.0466952797226417
2022-12-19T16:54:29.1442048,0.348082255343444
2022-12-19T16:54:29.1585792,-0.0210347470519443
2022-12-19T16:54:29.1587968,-0.0782774725083365
2022-12-19T16:54:29.1589120,0.0214038282744669
2022-12-19T16:54:29.1590400,-0.0154420667304147
2022-12-19T16:54:29.1591552,0.00133597450261574
2022-12-19T16:54:29.1592576,0.00232291811714419
2022-12-19T16:54:29.1593728,0.00166495570730275
2022-12-19T16:54:29.1704192,0.0227197531323445
2022-12-19T16:54:29.1706368,-0.0411025996045257
2022-12-19T16:54:29.1707648,0.0536439880203538
2022-12-19T16:54:29.1708800,-0.0193898410796531
2022-12-19T16:54:29.1709952,0.00166495570730275
2022-12-19T16:54:29.1710976,0.0592366689479383
2022-12-19T16:54:29.1712128,-0.00721753676464547
2022-12-19T16:54:29.1713920,-0.00655957436320019
2022-12-19T16:54:29.1819392,-0.00886244276554422
2022-12-19T16:54:29.1822592,0.00890254224987264
2022-12-19T16:54:29.1825152,-0.00294078114415022
2022-12-19T16:54:29.1827072,0.00199393691214557
2022-12-19T16:54:29.1828224,0.0352210394079334
2022-12-19T16:54:29.1829248,-0.00294078114415022
2022-12-19T16:54:29.1936256,-0.00952040516481843
2022-12-19T16:54:29.1939328,0.0230487343472071
2022-12-19T16:54:29.1941248,-0.0486691668126406
2022-12-19T16:54:29.1942400,-0.0101783675634727
2022-12-19T16:54:29.1943552,0.0365369642923159
2022-12-19T16:54:29.2086272,-0.101306153875356
2022-12-19T16:54:29.2090112,0.0358790018498081
2022-12-19T16:54:29.2092544,-0.0364968630035403
2022-12-19T16:54:29.2094336,0.0194299409923665
2022-12-19T16:54:29.2095488,-0.0039277247512097
2022-12-19T16:54:29.2096896,0.005941711382419
2022-12-19T16:54:29.2217728,0.0273254901547475
2022-12-19T16:54:29.2220288,-0.0401156560496931
2022-12-19T16:54:29.2222464,0.0572627815564591
2022-12-19T16:54:29.2224256,-0.0170869727119661
2022-12-19T16:54:29.2225536,-0.0180739162990437
2022-12-19T16:54:29.2226560,0.0645003686867174
2022-12-19T16:54:29.2227584,0.00857356104175289
2022-12-19T16:54:29.2228736,-0.0108363299615074
2022-12-19T16:54:29.2314368,-0.0055726307598683
2022-12-19T16:54:29.2317568,0.0033098617330751
2022-12-19T16:54:29.2320000,-0.0039277247512097
2022-12-19T16:54:29.2321536,0.0135082791799726
2022-12-19T16:54:29.2322944,0.0253516028556522
2022-12-19T16:54:29.2324096,-0.000308931518483477
2022-12-19T16:54:29.2431872,-0.038141768935903
2022-12-19T16:54:29.2434688,0.0312732647699692
2022-12-19T16:54:29.2437248,-0.0328780699388733
2022-12-19T16:54:29.2438912,-0.00524364955844718
2022-12-19T16:54:29.2440704,0.0477223259119937
2022-12-19T16:54:29.2585984,-0.0792644160105083
2022-12-19T16:54:29.2588160,0.0483802883659295
2022-12-19T16:54:29.2589312,-0.0476822232683261
2022-12-19T16:54:29.2590592,0.00232291811714419
2022-12-19T16:54:29.2591616,0.0167980912916946
2022-12-19T16:54:29.2592640,0.011205410711089
2022-12-19T16:54:29.2704640,0.0312732647699692
2022-12-19T16:54:29.2708096,-0.0318911263725649
2022-12-19T16:54:29.2709760,0.0332471520861059
2022-12-19T16:54:29.2710912,-0.00820448036564994
2022-12-19T16:54:29.2712192,-0.00721753676464547
2022-12-19T16:54:29.2713216,0.0513411194165228
2022-12-19T16:54:29.2714240,0.00396782414447519
2022-12-19T16:54:29.2715264,-0.0121522547557184
2022-12-19T16:54:29.2823296,-0.00359874354901193
2022-12-19T16:54:29.2826624,-0.00326976234665881
2022-12-19T16:54:29.2828544,-0.0184028974944275
2022-12-19T16:54:29.2829952,-0.00952040516481843
2022-12-19T16:54:29.2831104,0.0237066967774044
2022-12-19T16:54:29.2832256,-0.0078754991654702
2022-12-19T16:54:29.2940160,-0.0295882580458106
2022-12-19T16:54:29.2943360,0.0144952228118434
2022-12-19T16:54:29.2945280,-0.0499850915362638
2022-12-19T16:54:29.2946432,-0.00491466835687079
2022-12-19T16:54:29.2947584,0.0371949267354569
2022-12-19T16:54:29.2948736,-0.064789244509772
2022-12-19T16:54:29.3087232,0.0510121381880419
2022-12-19T16:54:29.3089536,-0.0262984461373967
2022-12-19T16:54:29.3090816,-0.0118232735573979
2022-12-19T16:54:29.3091968,0.00561273017570495
2022-12-19T16:54:29.3093120,-0.000308931518483477
2022-12-19T16:54:29.3206784,0.0273254901547475
2022-12-19T16:54:29.3209728,-0.0325490887502571
2022-12-19T16:54:29.3212416,0.0490382508205021
2022-12-19T16:54:29.3214208,-0.0147841043367125
2022-12-19T16:54:29.3215616,-0.00919142396525881
2022-12-19T16:54:29.3216896,0.0740408245679497
2022-12-19T16:54:29.3218048,0.00495476776274499
2022-12-19T16:54:29.3219328,-0.00458568715513909
2022-12-19T16:54:29.3312000,0.00166495570730275
2022-12-19T16:54:29.3315584,-0.0039277247512097
2022-12-19T16:54:29.3317504,-0.0216927094397817
2022-12-19T16:54:29.3318784,0.00659967379631543
2022-12-19T16:54:29.3319936,0.00659967379631543
2022-12-19T16:54:29.3321088,-0.00294078114415022
2022-12-19T16:54:29.3428608,-0.0236665965995966
2022-12-19T16:54:29.3431680,0.0131792979696624
2022-12-19T16:54:29.3433344,-0.0447213926271611
2022-12-19T16:54:29.3434624,-0.00524364955844718
2022-12-19T16:54:29.3435648,0.0503541757315581
2022-12-19T16:54:29.3588224,-0.0822252465089318
2022-12-19T16:54:29.3590912,0.0671322185714943
2022-12-19T16:54:29.3592320,-0.027943352093524
2022-12-19T16:54:29.3593472,-0.0151130855336409
2022-12-19T16:54:29.3594496,0.0256805840717742
2022-12-19T16:54:29.3595648,-0.00228281873866669
2022-12-19T16:54:29.3705600,0.0266675277210854
2022-12-19T16:54:29.3708672,-0.0226796530203822
2022-12-19T16:54:29.3710336,0.0348920581872335
2022-12-19T16:54:29.3711488,-0.0101783675634727
2022-12-19T16:54:29.3712768,-0.00721753676464547
2022-12-19T16:54:29.3713920,0.057920744019646
2022-12-19T16:54:29.3715072,-0.00952040516481843
2022-12-19T16:54:29.3716224,-0.0184028974944275
2022-12-19T16:54:29.3802496,0.00133597450261574
2022-12-19T16:54:29.3807232,0.0033098617330751
2022-12-19T16:54:29.3810304,-0.0157710479270339
2022-12-19T16:54:29.3811840,0.011205410711089
2022-12-19T16:54:29.3812992,0.0158111476565318
2022-12-19T16:54:29.3814144,-0.00425670595325207
2022-12-19T16:54:29.3923456,-0.00820448036564994
2022-12-19T16:54:29.3928192,0.00692865500349785
2022-12-19T16:54:29.3931520,-0.0371548253769442
2022-12-19T16:54:29.3933568,-0.0167579915159647
2022-12-19T16:54:29.3934720,0.0464064010060314
2022-12-19T16:54:29.4041216,-0.0628153574643467
2022-12-19T16:54:29.4043392,0.0723959183718841
2022-12-19T16:54:29.4044672,-0.0407736184197342
2022-12-19T16:54:29.4045696,-0.0137971607449997
2022-12-19T16:54:29.4046848,0.0292993774595181
2022-12-19T16:54:29.4048000,0.0598946314130441
2022-12-19T16:54:29.4169600,0.0388398328460813
2022-12-19T16:54:29.4172800,-0.0815672841769972
2022-12-19T16:54:29.4174720,0.0246936404238808
2022-12-19T16:54:29.4175872,-0.0121522547557184
2022-12-19T16:54:29.4177024,-0.00952040516481843
2022-12-19T16:54:29.4295168,0.0862131305441633
2022-12-19T16:54:29.4298496,-0.0286013144748993
2022-12-19T16:54:29.4300544,0.0306153023325207
2022-12-19T16:54:29.4301952,0.0135082791799726
2022-12-19T16:54:29.4304000,-0.00820448036564994
2022-12-19T16:54:29.4306688,-0.00524364955844718
2022-12-19T16:54:29.4308480,0.0302863211140333
2022-12-19T16:54:29.4423168,0.0131792979696624
2022-12-19T16:54:29.4426368,0.00495476776274499
2022-12-19T16:54:29.4428288,-0.0121522547557184
2022-12-19T16:54:29.4429696,0.00725763621083642
2022-12-19T16:54:29.4430848,-0.0378127877497363
2022-12-19T16:54:29.4432000,-0.0105073487625675
2022-12-19T16:54:29.4541312,0.0427876075277508
2022-12-19T16:54:29.4545792,-0.0624863762895804
2022-12-19T16:54:29.4547840,0.0628554625139439
2022-12-19T16:54:29.4549632,-0.0233376154066791
2022-12-19T16:54:29.4550912,-0.0075465179651354
2022-12-19T16:54:29.4551936,0.0362079830709829
2022-12-19T16:54:29.4676608,-0.0161000291234987
2022-12-19T16:54:29.4679808,0.0273254901547475
2022-12-19T16:54:29.4681984,-0.00326976234665881
2022-12-19T16:54:29.4683264,0.0358790018498081
2022-12-19T16:54:29.4684288,-0.0226796530203822
2022-12-19T16:54:29.4685568,-0.0239955777923602
2022-12-19T16:54:29.4795264,0.0523280631029221
2022-12-19T16:54:29.4797824,-0.0295882580458106
2022-12-19T16:54:29.4800256,-0.00655957436320019
2022-12-19T16:54:29.4801792,-0.000966893925833531
2022-12-19T16:54:29.4802944,-0.0108363299615074
2022-12-19T16:54:29.4804096,-0.0039277247512097
2022-12-19T16:54:29.4805120,0.0194299409923665
2022-12-19T16:54:29.4934528,0.0138372603904395
2022-12-19T16:54:29.4936960,-0.0167579915159647
2022-12-19T16:54:29.4938240,0.00166495570730275
2022-12-19T16:54:29.4939392,-0.00228281873866669
2022-12-19T16:54:29.4940544,-0.0246535401774255
2022-12-19T16:54:29.4941696,-0.0177449351035055
2022-12-19T16:54:29.5055232,0.0460774197799385
2022-12-19T16:54:29.5059584,-0.0499850915362638
2022-12-19T16:54:29.5062528,0.0621975000459563
2022-12-19T16:54:29.5064192,-0.0361678818166088
2022-12-19T16:54:29.5065344,-0.0216927094397817
2022-12-19T16:54:29.5066368,0.0467353822322834
2022-12-19T16:54:29.5067520,-0.0177449351035055
2022-12-19T16:54:29.5183744,0.0286414150239637
2022-12-19T16:54:29.5187712,-0.00294078114415022
2022-12-19T16:54:29.5189376,0.0322602084273265
2022-12-19T16:54:29.5190656,-0.0154420667304147
2022-12-19T16:54:29.5191936,-0.017415953907813
2022-12-19T16:54:29.5193088,0.0635134249825725
2022-12-19T16:54:29.5295872,-0.0266274273289295
2022-12-19T16:54:29.5299200,-0.00294078114415022
2022-12-19T16:54:29.5300992,-0.014126141942392
2022-12-19T16:54:29.5302656,-0.0266274273289295
2022-12-19T16:54:29.5305344,0.000678012093708949
2022-12-19T16:54:29.5308032,0.00956050466658112
2022-12-19T16:54:29.5310080,0.00857356104175289
2022-12-19T16:54:29.5414272,-0.0256404837538696
2022-12-19T16:54:29.5416576,-0.0151130855336409
2022-12-19T16:54:29.5417728,-0.00524364955844718
2022-12-19T16:54:29.5419008,-0.0345229758796555
2022-12-19T16:54:29.5420160,-0.00820448036564994
2022-12-19T16:54:29.5513088,0.0431165887522547
2022-12-19T16:54:29.5516160,-0.0539328656925445
2022-12-19T16:54:29.5518208,0.068448143517735
2022-12-19T16:54:29.5519360,-0.0355099194422867
2022-12-19T16:54:29.5520512,-0.0374838065634167
2022-12-19T16:54:29.5521536,0.0595656501804112
2022-12-19T16:54:29.5614208,-0.00886244276554422
2022-12-19T16:54:29.5617280,0.0444325136518585
2022-12-19T16:54:29.5620736,-0.00524364955844718
2022-12-19T16:54:29.5622528,0.0194299409923665
2022-12-19T16:54:29.5623808,-0.0114942923589225
2022-12-19T16:54:29.5761792,-0.0256404837538696
2022-12-19T16:54:29.5764096,0.0598946314130441
2022-12-19T16:54:29.5765504,-0.0154420667304147
2022-12-19T16:54:29.5766784,-0.00919142396525881
2022-12-19T16:54:29.5767808,0.011205410711089
2022-12-19T16:54:29.5885568,-0.018731878689657
2022-12-19T16:54:29.5887872,-0.0193898410796531
2022-12-19T16:54:29.5889152,0.0220617907030912
2022-12-19T16:54:29.5890304,0.00462578655649906
2022-12-19T16:54:29.5891584,-0.0213637282459401
2022-12-19T16:54:29.5892736,-0.0180739162990437
2022-12-19T16:54:29.5893760,0.00659967379631543
2022-12-19T16:54:29.6013440,-0.0226796530203822
2022-12-19T16:54:29.6016512,-0.0075465179651354
2022-12-19T16:54:29.6018176,0.0506831569597203
2022-12-19T16:54:29.6019328,-0.0618284139395945
2022-12-19T16:54:29.6020480,0.0668032373353356
2022-12-19T16:54:29.6021760,-0.0256404837538696
2022-12-19T16:54:29.6022912,-0.0328780699388733
2022-12-19T16:54:29.6127744,0.0490382508205021
2022-12-19T16:54:29.6130176,-0.0144551231396295
2022-12-19T16:54:29.6131456,0.0408137201840608
2022-12-19T16:54:29.6132608,-0.00886244276554422
2022-12-19T16:54:29.6133760,0.0335761333060152
2022-12-19T16:54:29.6136192,-0.00886244276554422
2022-12-19T16:54:29.6258688,-0.0364968630035403
2022-12-19T16:54:29.6261888,0.068448143517735
2022-12-19T16:54:29.6263552,-0.0249825213697274
2022-12-19T16:54:29.6264704,0.0033098617330751
2022-12-19T16:54:29.6265728,0.00462578655649906
2022-12-19T16:54:29.6267008,-0.0276143709026059
2022-12-19T16:54:29.6359936,-0.00688855556400039
2022-12-19T16:54:29.6362368,-0.0055726307598683
2022-12-19T16:54:29.6363776,0.0141662416010631
2022-12-19T16:54:29.6364928,-0.0239955777923602
2022-12-19T16:54:29.6366080,-0.00655957436320019
2022-12-19T16:54:29.6367104,-0.00688855556400039
2022-12-19T16:54:29.6487680,-0.0292592768556604
2022-12-19T16:54:29.6490880,-0.017415953907813
2022-12-19T16:54:29.6493056,0.0427876075277508
2022-12-19T16:54:29.6494464,-0.0496561103555861
2022-12-19T16:54:29.6496256,0.0707510121798415
2022-12-19T16:54:29.6604672,-0.00491466835687079
2022-12-19T16:54:29.6608896,-0.0309041828048764
2022-12-19T16:54:29.6611968,0.0585787064834723
2022-12-19T16:54:29.6614144,-0.00129587512927513
2022-12-19T16:54:29.6616064,0.027654471371815
2022-12-19T16:54:29.6618112,-0.00326976234665881
2022-12-19T16:54:29.6620032,0.0237066967774044
2022-12-19T16:54:29.6760704,-0.00984938636422307
2022-12-19T16:54:29.6763776,-0.0289302956653566
2022-12-19T16:54:29.6765440,0.0388398328460813
2022-12-19T16:54:29.6766592,-0.0312331639942593
2022-12-19T16:54:29.6767616,0.00495476776274499
2022-12-19T16:54:29.6768896,0.0131792979696624
2022-12-19T16:54:29.6922880,-0.0351809382548961
2022-12-19T16:54:29.6926208,-0.00458568715513909
2022-12-19T16:54:29.6928384,-0.00359874354901193
2022-12-19T16:54:29.6929536,-0.0075465179651354
2022-12-19T16:54:29.6930688,-0.0236665965995966
2022-12-19T16:54:29.6931840,-0.0078754991654702
2022-12-19T16:54:29.6932992,-0.000966893925833531
2022-12-19T16:54:29.7042816,-0.0236665965995966
2022-12-19T16:54:29.7049216,-0.00491466835687079
2022-12-19T16:54:29.7053440,0.0519990818739629
2022-12-19T16:54:29.7054976,-0.0628153574643467
2022-12-19T16:54:29.7056128,0.0464064010060314
2022-12-19T16:54:29.7057280,-0.00952040516481843
2022-12-19T16:54:29.7058304,-0.0190608598847322
2022-12-19T16:54:29.7059328,0.0763436932492061
2022-12-19T16:54:29.7060480,-0.00984938636422307
2022-12-19T16:54:29.7165696,0.0316022459889304
2022-12-19T16:54:29.7169408,0.0194299409923665
2022-12-19T16:54:29.7171328,0.0200879034191048
2022-12-19T16:54:29.7172736,-0.0207057658577945
2022-12-19T16:54:29.7174144,-0.0226796530203822
2022-12-19T16:54:29.7175424,0.0562758378628775
2022-12-19T16:54:29.7268352,-0.0420895431579843
2022-12-19T16:54:29.7270912,0.0128503167595087
2022-12-19T16:54:29.7273344,0.0121923543396712
2022-12-19T16:54:29.7275136,-0.0427475055261936
2022-12-19T16:54:29.7276416,0.000678012093708949
2022-12-19T16:54:29.7277568,0.0135082791799726
2022-12-19T16:54:29.7380736,0.010218467083915
2022-12-19T16:54:29.7382912,-0.0167579915159647
2022-12-19T16:54:29.7384448,0.00265189932229863
2022-12-19T16:54:29.7385856,0.00100699329808449
2022-12-19T16:54:29.7387136,-0.0341939946918055
2022-12-19T16:54:29.7479680,-0.00491466835687079
2022-12-19T16:54:29.7482112,0.057920744019646
2022-12-19T16:54:29.7483776,-0.0411025996045257
2022-12-19T16:54:29.7485440,0.06055259387879
2022-12-19T16:54:29.7486976,0.00166495570730275
2022-12-19T16:54:29.7601536,-0.0332070511273362
2022-12-19T16:54:29.7603584,0.064829349921753
2022-12-19T16:54:29.7604864,-0.0151130855336409
2022-12-19T16:54:29.7606016,0.0365369642923159
2022-12-19T16:54:29.7607296,-0.00326976234665881
2022-12-19T16:54:29.7749504,0.0167980912916946
2022-12-19T16:54:29.7751808,-0.0157710479270339
2022-12-19T16:54:29.7752960,-0.0266274273289295
2022-12-19T16:54:29.7754112,0.0411427014076124
2022-12-19T16:54:29.7755136,-0.0332070511273362
2022-12-19T16:54:29.7756160,0.00758661741833119
2022-12-19T16:54:29.7845760,0.0223907719176392
2022-12-19T16:54:29.7847552,-0.0302462204256504
2022-12-19T16:54:29.7848704,-0.0161000291234987
2022-12-19T16:54:29.7849856,0.00298088052760892
2022-12-19T16:54:29.7850880,0.0121923543396712
2022-12-19T16:54:29.7852160,-0.0134681795474529
2022-12-19T16:54:29.7853312,-0.0131391983497513
2022-12-19T16:54:29.7854464,-0.00458568715513909
2022-12-19T16:54:29.7956736,-0.0180739162990437
2022-12-19T16:54:29.7958528,0.0184429973534371
2022-12-19T16:54:29.7959808,0.0506831569597203
2022-12-19T16:54:29.7960832,-0.0384707501219167
2022-12-19T16:54:29.7963008,0.0523280631029221
2022-12-19T16:54:29.8084992,-0.0101783675634727
2022-12-19T16:54:29.8087552,-0.0348519570673523
2022-12-19T16:54:29.8089728,0.0727248996107753
2022-12-19T16:54:29.8092032,-0.0121522547557184
2022-12-19T16:54:29.8093440,0.0352210394079334
2022-12-19T16:54:29.8243200,0.00133597450261574
2022-12-19T16:54:29.8245632,-0.00162485633256119
2022-12-19T16:54:29.8247424,-0.0180739162990437
2022-12-19T16:54:29.8248576,-0.017415953907813
2022-12-19T16:54:29.8249600,0.0503541757315581
2022-12-19T16:54:29.8250752,-0.0397866748644434
2022-12-19T16:54:29.8251776,0.0214038282744669
2022-12-19T16:54:29.8381312,0.00725763621083642
2022-12-19T16:54:29.8383744,-0.0345229758796555
2022-12-19T16:54:29.8385408,-0.00820448036564994
2022-12-19T16:54:29.8386816,0.000349030889489121
2022-12-19T16:54:29.8388352,0.011205410711089
2022-12-19T16:54:29.8389888,0.000349030889489121
2022-12-19T16:54:29.8391168,0.0141662416010631
2022-12-19T16:54:29.8483584,-0.0157710479270339
2022-12-19T16:54:29.8486528,0.00166495570730275
2022-12-19T16:54:29.8488576,0.010218467083915
2022-12-19T16:54:29.8490624,0.0464064010060314
2022-12-19T16:54:29.8492800,-0.0466952797226417
2022-12-19T16:54:29.8494976,0.0638424062171271
2022-12-19T16:54:29.8497024,0.00791559862598218
2022-12-19T16:54:29.8581248,-0.027943352093524
2022-12-19T16:54:29.8585344,0.0720669371331538
2022-12-19T16:54:29.8587648,-0.0295882580458106
2022-12-19T16:54:29.8589056,0.0431165887522547
2022-12-19T16:54:29.8590336,-0.000966893925833531
2022-12-19T16:54:29.8591488,0.0187719785662566
2022-12-19T16:54:29.8756992,-0.0203767846634904
2022-12-19T16:54:29.8761344,-0.0295882580458106
2022-12-19T16:54:29.8764160,0.0362079830709829
2022-12-19T16:54:29.8765696,-0.0559067527624882
2022-12-19T16:54:29.8852608,0.0431165887522547
2022-12-19T16:54:29.8854272,0.0082445798337894
2022-12-19T16:54:29.8855552,-0.0338650135038022
2022-12-19T16:54:29.8856704,-0.00195383753569171
2022-12-19T16:54:29.8857856,0.0227197531323445
2022-12-19T16:54:29.8858880,0.00857356104175289
2022-12-19T16:54:29.8860032,-0.0345229758796555
2022-12-19T16:54:29.8861184,0.0174560537159208
2022-12-19T16:54:29.8862208,-0.00952040516481843
2022-12-19T16:54:29.8955904,-0.018731878689657
2022-12-19T16:54:29.8958848,-0.00162485633256119
2022-12-19T16:54:29.8960640,0.0316022459889304
2022-12-19T16:54:29.8962176,-0.0272853897115341
2022-12-19T16:54:29.8963840,0.0585787064834723
2022-12-19T16:54:29.9073920,0.0339051145260825
2022-12-19T16:54:29.9076352,0.00396782414447519
2022-12-19T16:54:29.9078656,0.182275661259059
2022-12-19T16:54:29.9080832,-0.0200478034690322
2022-12-19T16:54:29.9083264,0.0408137201840608
2022-12-19T16:54:29.9178624,0.0322602084273265
2022-12-19T16:54:29.9181056,0.0138372603904395
2022-12-19T16:54:29.9182592,-0.00952040516481843
2022-12-19T16:54:29.9184000,-0.0328780699388733
2022-12-19T16:54:29.9185408,0.0358790018498081
2022-12-19T16:54:29.9186944,-0.0137971607449997
2022-12-19T16:54:29.9288064,0.0121923543396712
2022-12-19T16:54:29.9291008,-0.0078754991654702
2022-12-19T16:54:29.9293440,-0.0483401856313546
2022-12-19T16:54:29.9295488,0.0108764295018745
2022-12-19T16:54:29.9297792,0.0121923543396712
2022-12-19T16:54:29.9410048,0.005941711382419
2022-12-19T16:54:29.9411840,-0.0213637282459401
2022-12-19T16:54:29.9413120,0.0138372603904395
2022-12-19T16:54:29.9414144,-0.0200478034690322
2022-12-19T16:54:29.9415296,-0.0075465179651354
2022-12-19T16:54:29.9416704,0.0135082791799726
2022-12-19T16:54:29.9513984,0.0388398328460813
2022-12-19T16:54:29.9515520,-0.0239955777923602
2022-12-19T16:54:29.9516544,0.0631844437481781
2022-12-19T16:54:29.9517312,0.00725763621083642
2022-12-19T16:54:29.9518080,-0.0332070511273362
2022-12-19T16:54:29.9518720,0.0756857307680414
2022-12-19T16:54:29.9609216,-0.0272853897115341
2022-12-19T16:54:29.9611392,0.0197589222056571
2022-12-19T16:54:29.9612800,0.00791559862598218
2022-12-19T16:54:29.9614080,-0.00359874354901193
2022-12-19T16:54:29.9615104,-0.0233376154066791
2022-12-19T16:54:29.9711232,-0.0322201075614877
2022-12-19T16:54:29.9713280,0.0408137201840608
2022-12-19T16:54:29.9714560,-0.0509720350773848
2022-12-19T16:54:29.9715456,0.0385108516236395
2022-12-19T16:54:29.9716096,0.0223907719176392
2022-12-19T16:54:29.9816192,-0.0539328656925445
2022-12-19T16:54:29.9817216,0.00199393691214557
2022-12-19T16:54:29.9818752,-0.00228281873866669
2022-12-19T16:54:29.9819776,-0.000966893925833531
2022-12-19T16:54:29.9820672,-0.00688855556400039
2022-12-19T16:54:29.9914368,0.0194299409923665
2022-12-19T16:54:29.9916288,-0.0161000291234987
2022-12-19T16:54:29.9917568,0.00429680535040913
2022-12-19T16:54:29.9918592,-0.00458568715513909
2022-12-19T16:54:29.9919360,0.0424586263034057
2022-12-19T16:54:30.0017664,-0.0161000291234987
2022-12-19T16:54:30.0019456,0.0483802883659295
2022-12-19T16:54:30.0020864,-0.00425670595325207
2022-12-19T16:54:30.0021632,-0.0355099194422867
2022-12-19T16:54:30.0022272,0.0825943368524585
2022-12-19T16:54:30.0113664,-0.0312331639942593
2022-12-19T16:54:30.0114688,0.0335761333060152
2022-12-19T16:54:30.0115712,0.00495476776274499
2022-12-19T16:54:30.0116480,-0.00524364955844718
2022-12-19T16:54:30.0117120,-0.0128102171518951
2022-12-19T16:54:30.0241152,-0.0341939946918055
2022-12-19T16:54:30.0242304,0.0316022459889304
2022-12-19T16:54:30.0242944,-0.0631443386389618
2022-12-19T16:54:30.0243456,0.0316022459889304
2022-12-19T16:54:30.0243840,0.0184429973534371
2022-12-19T16:54:30.0356864,-0.0499850915362638
2022-12-19T16:54:30.0358656,0.0144952228118434
2022-12-19T16:54:30.0359680,0.0144952228118434
2022-12-19T16:54:30.0360320,0.00758661741833119
2022-12-19T16:54:30.0360832,-0.0124812359538841
2022-12-19T16:54:30.0361472,0.0164691100798168
2022-12-19T16:54:30.0479872,-0.0055726307598683
2022-12-19T16:54:30.0481920,-0.0193898410796531
2022-12-19T16:54:30.0482816,-0.00458568715513909
2022-12-19T16:54:30.0483456,0.0365369642923159
2022-12-19T16:54:30.0484096,-0.018731878689657
2022-12-19T16:54:30.0484608,0.0493672320480272
2022-12-19T16:54:30.0593536,0.00298088052760892
2022-12-19T16:54:30.0595840,-0.038141768935903
2022-12-19T16:54:30.0596992,0.0704220309419155
2022-12-19T16:54:30.0597888,-0.0411025996045257
2022-12-19T16:54:30.0598656,0.034234095746308
2022-12-19T16:54:30.0599424,0.0217328094887004
2022-12-19T16:54:30.0751872,-0.0128102171518951
2022-12-19T16:54:30.0754944,-0.00919142396525881
2022-12-19T16:54:30.0756736,-0.0341939946918055
2022-12-19T16:54:30.0758144,0.0187719785662566
2022-12-19T16:54:30.0759552,-0.0529459221555245
2022-12-19T16:54:30.0761088,0.0174560537159208
2022-12-19T16:54:30.0923392,0.0138372603904395
2022-12-19T16:54:30.0925824,-0.0559067527624882
2022-12-19T16:54:30.0927104,0.0184429973534371
2022-12-19T16:54:30.0928256,0.00890254224987264
2022-12-19T16:54:30.0929408,-0.00820448036564994
2022-12-19T16:54:30.0930560,-0.00359874354901193
2022-12-19T16:54:30.0931584,0.0125213355495117
2022-12-19T16:54:30.0933504,-0.0101783675634727
2022-12-19T16:54:30.1051648,0.00265189932229863
2022-12-19T16:54:30.1055104,-0.00162485633256119
2022-12-19T16:54:30.1057152,0.0322602084273265
2022-12-19T16:54:30.1058560,-0.00984938636422307
2022-12-19T16:54:30.1059712,0.0362079830709829
2022-12-19T16:54:30.1060992,0.0115343919204599
2022-12-19T16:54:30.1062272,-0.038141768935903
2022-12-19T16:54:30.1063680,0.0743698058076459
2022-12-19T16:54:30.1064704,-0.0529459221555245
2022-12-19T16:54:30.1148928,0.0325891896467616
2022-12-19T16:54:30.1152128,0.0194299409923665
2022-12-19T16:54:30.1154688,-0.0246535401774255
2022-12-19T16:54:30.1156352,-0.00491466835687079
2022-12-19T16:54:30.1157888,-0.0417605619736507
2022-12-19T16:54:30.1159040,0.0306153023325207
2022-12-19T16:54:30.1267712,-0.04044463723479
2022-12-19T16:54:30.1272448,0.0365369642923159
2022-12-19T16:54:30.1275520,0.0148242040227804
2022-12-19T16:54:30.1277952,-0.0687370185843248
2022-12-19T16:54:30.1280512,0.019100959779233
2022-12-19T16:54:30.1421824,0.000678012093708949
2022-12-19T16:54:30.1424256,-0.00491466835687079
2022-12-19T16:54:30.1425536,0.00758661741833119
2022-12-19T16:54:30.1426688,0.0210748470603906
2022-12-19T16:54:30.1427712,-0.0216927094397817
2022-12-19T16:54:30.1428864,-0.00623059316224477
2022-12-19T16:54:30.1540224,0.0108764295018745
2022-12-19T16:54:30.1542912,0.0253516028556522
2022-12-19T16:54:30.1544320,-0.00984938636422307
2022-12-19T16:54:30.1545472,0.0612105563451762
2022-12-19T16:54:30.1546624,0.0148242040227804
2022-12-19T16:54:30.1547648,-0.0529459221555245
2022-12-19T16:54:30.1548928,0.0704220309419155
2022-12-19T16:54:30.1657600,-0.0526169409762142
2022-12-19T16:54:30.1659776,0.0322602084273265
2022-12-19T16:54:30.1660928,0.0131792979696624
2022-12-19T16:54:30.1662080,-0.0328780699388733
2022-12-19T16:54:30.1663104,0.011205410711089
2022-12-19T16:54:30.1664384,-0.0374838065634167
2022-12-19T16:54:30.1775360,0.0362079830709829
2022-12-19T16:54:30.1777536,-0.0460373173580908
2022-12-19T16:54:30.1778816,0.0233777155622271
2022-12-19T16:54:30.1779968,0.0214038282744669
2022-12-19T16:54:30.1780992,-0.0670921127225668
2022-12-19T16:54:30.1782144,0.0253516028556522
2022-12-19T16:54:30.1923456,0.00495476776274499
2022-12-19T16:54:30.1926784,-0.0118232735573979
2022-12-19T16:54:30.1929216,0.0177850349282693
2022-12-19T16:54:30.1930752,0.0223907719176392
2022-12-19T16:54:30.1932288,-0.0124812359538841
2022-12-19T16:54:30.1933696,-0.00425670595325207
2022-12-19T16:54:30.2054784,0.0131792979696624
2022-12-19T16:54:30.2059136,0.0105474482928166
2022-12-19T16:54:30.2062464,-0.0197188222744198
2022-12-19T16:54:30.2064256,0.0464064010060314
2022-12-19T16:54:30.2065536,0.00298088052760892
2022-12-19T16:54:30.2066688,-0.0457083361755869
2022-12-19T16:54:30.2067968,0.068448143517735
2022-12-19T16:54:30.2069248,-0.0595255457098809
2022-12-19T16:54:30.2181632,0.0269965089378377
2022-12-19T16:54:30.2185856,0.00462578655649906
2022-12-19T16:54:30.2189312,-0.0387997313077776
2022-12-19T16:54:30.2192512,0.0118633731299873
2022-12-19T16:54:30.2195200,-0.0286013144748993
2022-12-19T16:54:30.2196864,0.0263385465044908
2022-12-19T16:54:30.2298752,-0.0526169409762142
2022-12-19T16:54:30.2302720,0.028970396241662
2022-12-19T16:54:30.2305024,0.0279834525890402
2022-12-19T16:54:30.2306432,-0.0549198092281989
2022-12-19T16:54:30.2307584,0.030944283551166
2022-12-19T16:54:30.2308736,0.0151531852338741
2022-12-19T16:54:30.2309760,-0.00721753676464547
2022-12-19T16:54:30.2395264,-0.000966893925833531
2022-12-19T16:54:30.2397056,0.0204168846327095
2022-12-19T16:54:30.2398208,-0.00984938636422307
2022-12-19T16:54:30.2399488,-0.0085334615656746
2022-12-19T16:54:30.2400512,0.00692865500349785
2022-12-19T16:54:30.2599424,0.0283124338064231
2022-12-19T16:54:30.2602496,-0.0078754991654702
2022-12-19T16:54:30.2604288,0.0464064010060314
2022-12-19T16:54:30.2605696,0.0223907719176392
2022-12-19T16:54:30.2607232,-0.0674210938952199
2022-12-19T16:54:30.2737152,0.115163480785827
2022-12-19T16:54:30.2740480,-0.0193898410796531
2022-12-19T16:54:30.2742272,-0.0496561103555861
2022-12-19T16:54:30.2743424,-0.0414315807891646
2022-12-19T16:54:30.2744576,0.188526305873528
2022-12-19T16:54:30.2745728,-0.0536038845136896
2022-12-19T16:54:30.2746752,-0.0266274273289295
2022-12-19T16:54:30.2747776,-0.0111653111602924
2022-12-19T16:54:30.2749056,-0.0624863762895804
2022-12-19T16:54:30.2750080,0.000349030889489121
2022-12-19T16:54:30.2914304,0.0230487343472071
2022-12-19T16:54:30.2916864,-0.0713688679553041
2022-12-19T16:54:30.2918272,0.0460774197799385
2022-12-19T16:54:30.2919424,-0.0111653111602924
2022-12-19T16:54:30.2920704,-0.00228281873866669
2022-12-19T16:54:30.2921728,0.00725763621083642
2022-12-19T16:54:30.2922752,0.0306153023325207
2022-12-19T16:54:30.3105792,-0.0207057658577945
2022-12-19T16:54:30.3110144,0.00166495570730275
2022-12-19T16:54:30.3113088,0.00396782414447519
2022-12-19T16:54:30.3115648,0.0177850349282693
2022-12-19T16:54:30.3118208,-0.0170869727119661
2022-12-19T16:54:30.3120896,0.0457484385540046
2022-12-19T16:54:30.3123328,0.00627069258928915
2022-12-19T16:54:30.3125760,-0.0440634302607818
2022-12-19T16:54:30.3128320,0.0766726744900302
2022-12-19T16:54:30.3255168,-0.0453793549929307
2022-12-19T16:54:30.3258240,0.0243646592082312
2022-12-19T16:54:30.3260800,0.0352210394079334
2022-12-19T16:54:30.3262720,-0.0447213926271611
2022-12-19T16:54:30.3264000,0.00627069258928915
2022-12-19T16:54:30.3265152,-0.0249825213697274
2022-12-19T16:54:30.3266304,0.0273254901547475
2022-12-19T16:54:30.3267328,-0.0621573951146631
2022-12-19T16:54:30.3268352,0.0220617907030912
2022-12-19T16:54:30.3269376,0.0237066967774044
2022-12-19T16:54:30.3374336,-0.0565647151179231
2022-12-19T16:54:30.3376768,0.0365369642923159
2022-12-19T16:54:30.3377920,0.00956050466658112
2022-12-19T16:54:30.3379072,-0.00458568715513909
2022-12-19T16:54:30.3380096,0.0141662416010631
2022-12-19T16:54:30.3381248,0.0319312272080495
2022-12-19T16:54:30.3382400,-0.00820448036564994
2022-12-19T16:54:30.3500416,-0.00195383753569171
2022-12-19T16:54:30.3502592,0.0174560537159208
2022-12-19T16:54:30.3503872,0.0306153023325207
2022-12-19T16:54:30.3505024,0.000678012093708949
2022-12-19T16:54:30.3506176,0.0411427014076124
2022-12-19T16:54:30.3507456,0.0177850349282693
2022-12-19T16:54:30.3614720,-0.0526169409762142
2022-12-19T16:54:30.3618048,0.0766726744900302
2022-12-19T16:54:30.3620096,-0.0473532420865835
2022-12-19T16:54:30.3622272,0.0325891896467616
2022-12-19T16:54:30.3624704,0.0279834525890402
2022-12-19T16:54:30.3627136,-0.0670921127225668
2022-12-19T16:54:30.3764736,0.0207458658464715
2022-12-19T16:54:30.3767808,-0.0358389006295243
2022-12-19T16:54:30.3769472,0.00199393691214557
2022-12-19T16:54:30.3770624,-0.0387997313077776
2022-12-19T16:54:30.3771776,0.030944283551166
2022-12-19T16:54:30.3772928,0.037523907957265
2022-12-19T16:54:30.3927424,-0.0549198092281989
2022-12-19T16:54:30.3932416,0.0312732647699692
2022-12-19T16:54:30.3935104,-0.00886244276554422
2022-12-19T16:54:30.3937408,-0.00326976234665881
2022-12-19T16:54:30.3939840,0.0154821664451246
2022-12-19T16:54:30.3942528,0.0220617907030912
2022-12-19T16:54:30.3944960,-0.00655957436320019
2022-12-19T16:54:30.4088192,-0.0131391983497513
2022-12-19T16:54:30.4090496,0.0187719785662566
2022-12-19T16:54:30.4091648,0.0135082791799726
2022-12-19T16:54:30.4092800,-0.00886244276554422
2022-12-19T16:54:30.4093952,0.0385108516236395
2022-12-19T16:54:30.4095104,0.0033098617330751
2022-12-19T16:54:30.4096128,-0.0332070511273362
2022-12-19T16:54:30.4097280,0.0664742560993373
2022-12-19T16:54:30.4098304,-0.0473532420865835
2022-12-19T16:54:30.4208896,0.011205410711089
2022-12-19T16:54:30.4212608,0.0194299409923665
2022-12-19T16:54:30.4214912,-0.0661051692037028
2022-12-19T16:54:30.4216448,0.0121923543396712
2022-12-19T16:54:30.4217728,-0.0437344490773635
2022-12-19T16:54:30.4219008,0.00956050466658112
2022-12-19T16:54:30.4220288,-0.0453793549929307
2022-12-19T16:54:30.4221440,0.0204168846327095
2022-12-19T16:54:30.4301824,0.0273254901547475
2022-12-19T16:54:30.4305152,-0.0519589786171381
2022-12-19T16:54:30.4308224,0.0371949267354569
2022-12-19T16:54:30.4310272,0.00561273017570495
2022-12-19T16:54:30.4311680,-0.0147841043367125
2022-12-19T16:54:30.4312832,0.0230487343472071
2022-12-19T16:54:30.4406784,0.0125213355495117
2022-12-19T16:54:30.4409984,2.00496854250026E-05
2022-12-19T16:54:30.4411904,-0.00590161196113415
2022-12-19T16:54:30.4413184,0.00133597450261574
2022-12-19T16:54:30.4521344,0.0158111476565318
2022-12-19T16:54:30.4523264,-0.000637912722236303
2022-12-19T16:54:30.4524416,0.0230487343472071
2022-12-19T16:54:30.4525440,0.0144952228118434
2022-12-19T16:54:30.4526592,-0.0450503738101221
2022-12-19T16:54:30.4619264,0.0447614948771567
2022-12-19T16:54:30.4621696,-0.059854526886008
2022-12-19T16:54:30.4623744,0.0148242040227804
2022-12-19T16:54:30.4625280,0.0480513071388821
2022-12-19T16:54:30.4626816,-0.0789354348432677
2022-12-19T16:54:30.4628224,0.0296283586775321
2022-12-19T16:54:30.4722688,-0.0368258441903187
2022-12-19T16:54:30.4724608,-0.00655957436320019
2022-12-19T16:54:30.4725760,-0.0374838065634167
2022-12-19T16:54:30.4726912,0.0138372603904395
2022-12-19T16:54:30.4728192,0.0322602084273265
2022-12-19T16:54:30.4836608,-0.0572226774727517
2022-12-19T16:54:30.4840064,0.0450904761026137
2022-12-19T16:54:30.4841728,0.00857356104175289
2022-12-19T16:54:30.4842880,-0.0075465179651354
2022-12-19T16:54:30.4844032,0.0233777155622271
2022-12-19T16:54:30.4932992,0.030944283551166
2022-12-19T16:54:30.4935936,-0.0039277247512097
2022-12-19T16:54:30.4937728,0.00396782414447519
2022-12-19T16:54:30.4938880,-0.000308931518483477
2022-12-19T16:54:30.4940416,0.00725763621083642
2022-12-19T16:54:30.4941568,0.0138372603904395
2022-12-19T16:54:30.5071488,0.0352210394079334
2022-12-19T16:54:30.5074560,0.00725763621083642
2022-12-19T16:54:30.5076992,-0.0578806398269743
2022-12-19T16:54:30.5079296,0.0523280631029221
2022-12-19T16:54:30.5081216,-0.0539328656925445
2022-12-19T16:54:30.5221888,0.00232291811714419
2022-12-19T16:54:30.5225728,0.0316022459889304
2022-12-19T16:54:30.5227776,-0.0897918132831926
2022-12-19T16:54:30.5229184,0.0233777155622271
2022-12-19T16:54:30.5230592,-0.0305752016153402
2022-12-19T16:54:30.5231872,0.0105474482928166
2022-12-19T16:54:30.5233152,-0.0223506718270028
2022-12-19T16:54:30.5318912,0.0105474482928166
2022-12-19T16:54:30.5321984,0.0210748470603906
2022-12-19T16:54:30.5323776,-0.0470242609046887
2022-12-19T16:54:30.5324928,0.0477223259119937
2022-12-19T16:54:30.5326208,-0.0131391983497513
2022-12-19T16:54:30.5327232,-0.00984938636422307
2022-12-19T16:54:30.5328256,0.0398267765143575
2022-12-19T16:54:30.5431808,0.0174560537159208
2022-12-19T16:54:30.5434880,0.0082445798337894
2022-12-19T16:54:30.5436416,-0.0131391983497513
2022-12-19T16:54:30.5437696,-0.00261179994148619
2022-12-19T16:54:30.5438848,0.000678012093708949
2022-12-19T16:54:30.5581952,0.0141662416010631
2022-12-19T16:54:30.5585792,0.0292993774595181
2022-12-19T16:54:30.5587584,-0.00491466835687079
2022-12-19T16:54:30.5588736,-0.0503140727167894
2022-12-19T16:54:30.5589760,0.0408137201840608
2022-12-19T16:54:30.5590784,-0.0513010162574545
2022-12-19T16:54:30.5721600,-0.00228281873866669
2022-12-19T16:54:30.5724544,0.0424586263034057
2022-12-19T16:54:30.5726848,-0.0858440393238745
2022-12-19T16:54:30.5728640,0.019100959779233
2022-12-19T16:54:30.5729920,-0.0292592768556604
2022-12-19T16:54:30.5731072,0.00166495570730275
2022-12-19T16:54:30.5732096,-0.0233376154066791
2022-12-19T16:54:30.5819392,0.0204168846327095
2022-12-19T16:54:30.5822208,0.0256805840717742
2022-12-19T16:54:30.5823744,-0.0568936962954132
2022-12-19T16:54:30.5825280,0.0710799934179284
2022-12-19T16:54:30.5828224,-0.000966893925833531
2022-12-19T16:54:30.5830144,-0.0180739162990437
2022-12-19T16:54:30.5831296,0.0250226216396877
2022-12-19T16:54:30.5931776,0.00363884293869718
2022-12-19T16:54:30.5935488,0.00265189932229863
2022-12-19T16:54:30.5938304,-0.00261179994148619
2022-12-19T16:54:30.5939840,-0.0039277247512097
2022-12-19T16:54:30.5941120,0.00199393691214557
2022-12-19T16:54:30.6080000,0.0118633731299873
2022-12-19T16:54:30.6082944,0.0483802883659295
2022-12-19T16:54:30.6085504,0.000349030889489121
2022-12-19T16:54:30.6087424,-0.0443924114440477
2022-12-19T16:54:30.6088832,0.0496962132757115
2022-12-19T16:54:30.6089856,-0.0437344490773635
2022-12-19T16:54:30.6176896,0.0148242040227804
2022-12-19T16:54:30.6179072,0.0365369642923159
2022-12-19T16:54:30.6180480,-0.0736717361470106
2022-12-19T16:54:30.6181632,0.0401557577374334
2022-12-19T16:54:30.6182784,-0.0246535401774255
2022-12-19T16:54:30.6183936,0.0105474482928166
2022-12-19T16:54:30.6185088,-0.0223506718270028
2022-12-19T16:54:30.6290304,0.0141662416010631
2022-12-19T16:54:30.6293376,0.0266675277210854
2022-12-19T16:54:30.6296320,-0.0489981479937746
2022-12-19T16:54:30.6299008,0.0763436932492061
2022-12-19T16:54:30.6300544,0.0306153023325207
2022-12-19T16:54:30.6390784,0.0957535867344766
2022-12-19T16:54:30.6393984,0.129638656381985
2022-12-19T16:54:30.6396416,-0.0506430538971631
2022-12-19T16:54:30.6398080,0.0220617907030912
2022-12-19T16:54:30.6399872,0.0250226216396877
2022-12-19T16:54:30.6401024,-0.0124812359538841
2022-12-19T16:54:30.6487040,-0.0118232735573979
2022-12-19T16:54:30.6490368,0.00429680535040913
2022-12-19T16:54:30.6493568,0.0141662416010631
2022-12-19T16:54:30.6495488,-0.0184028974944275
2022-12-19T16:54:30.6496640,-0.0414315807891646
2022-12-19T16:54:30.6590336,0.0348920581872335
2022-12-19T16:54:30.6593280,-0.0292592768556604
2022-12-19T16:54:30.6595712,-0.014126141942392
2022-12-19T16:54:30.6598016,0.0362079830709829
2022-12-19T16:54:30.6600064,-0.0776195101728054
2022-12-19T16:54:30.6720000,0.0371949267354569
2022-12-19T16:54:30.6722176,-0.0355099194422867
2022-12-19T16:54:30.6723456,-0.00524364955844718
2022-12-19T16:54:30.6725632,-0.0177449351035055
2022-12-19T16:54:30.6728576,0.0200879034191048
2022-12-19T16:54:30.6820480,0.0253516028556522
2022-12-19T16:54:30.6823552,-0.0411025996045257
2022-12-19T16:54:30.6825856,0.0572627815564591
2022-12-19T16:54:30.6827520,-0.014126141942392
2022-12-19T16:54:30.6829184,0.00100699329808449
2022-12-19T16:54:30.6830336,0.0447614948771567
2022-12-19T16:54:30.6939520,-0.00655957436320019
2022-12-19T16:54:30.6942976,-0.00688855556400039
2022-12-19T16:54:30.6944768,0.00495476776274499
2022-12-19T16:54:30.6947200,0.00429680535040913
2022-12-19T16:54:30.6949632,-0.0220216906334693
2022-12-19T16:54:30.7034624,0.0273254901547475
2022-12-19T16:54:30.7038336,0.00988948587516988
2022-12-19T16:54:30.7042176,-0.00326976234665881
2022-12-19T16:54:30.7045376,-0.0351809382548961
2022-12-19T16:54:30.7047424,0.0194299409923665
2022-12-19T16:54:30.7048576,-0.0391287124934857
2022-12-19T16:54:30.7137920,-0.00688855556400039
2022-12-19T16:54:30.7142016,0.0516701006451631
2022-12-19T16:54:30.7144960,-0.0845281146659889
2022-12-19T16:54:30.7147904,0.0427876075277508
2022-12-19T16:54:30.7150464,-0.0289302956653566
2022-12-19T16:54:30.7242752,-0.0151130855336409
2022-12-19T16:54:30.7246848,2.00496854250026E-05
2022-12-19T16:54:30.7250304,0.0164691100798168
2022-12-19T16:54:30.7252736,0.0394977952914403
2022-12-19T16:54:30.7254656,-0.0384707501219167
2022-12-19T16:54:30.7364992,0.0635134249825725
2022-12-19T16:54:30.7367680,-0.0200478034690322
2022-12-19T16:54:30.7369344,-0.0180739162990437
2022-12-19T16:54:30.7370624,0.0398267765143575
2022-12-19T16:54:30.7371776,0.00890254224987264
2022-12-19T16:54:30.7372928,0.00298088052760892
2022-12-19T16:54:30.7470464,-0.000966893925833531
2022-12-19T16:54:30.7473152,0.0125213355495117
2022-12-19T16:54:30.7475584,-0.0078754991654702
2022-12-19T16:54:30.7478144,0.0121923543396712
2022-12-19T16:54:30.7479808,0.0171270725037292
2022-12-19T16:54:30.7580544,-0.0055726307598683
2022-12-19T16:54:30.7583616,-0.0282723332842885
2022-12-19T16:54:30.7586048,0.0121923543396712
2022-12-19T16:54:30.7588352,-0.0292592768556604
2022-12-19T16:54:30.7590016,-0.0253115025618754
2022-12-19T16:54:30.7591552,0.0414716826313227
2022-12-19T16:54:30.7730560,-0.0690659997562243
2022-12-19T16:54:30.7733632,0.0592366689479383
2022-12-19T16:54:30.7735168,-0.0243245589849698
2022-12-19T16:54:30.7736448,-0.0223506718270028
2022-12-19T16:54:30.7737728,0.00363884293869718
2022-12-19T16:54:30.7870464,0.00659967379631543
2022-12-19T16:54:30.7873664,0.0214038282744669
2022-12-19T16:54:30.7876480,-0.0309041828048764
2022-12-19T16:54:30.7878016,0.0582497252514792
2022-12-19T16:54:30.7879424,-0.0180739162990437
2022-12-19T16:54:30.7880576,-0.0193898410796531
2022-12-19T16:54:30.7881728,0.0447614948771567
2022-12-19T16:54:30.7882752,0.011205410711089
2022-12-19T16:54:30.7969920,-0.0078754991654702
2022-12-19T16:54:30.7973248,0.00133597450261574
2022-12-19T16:54:30.7975552,-0.00458568715513909
2022-12-19T16:54:30.7977216,-0.018731878689657
2022-12-19T16:54:30.7978496,0.0263385465044908
2022-12-19T16:54:30.7979520,0.00758661741833119
2022-12-19T16:54:30.7980672,-0.0124812359538841
2022-12-19T16:54:30.8092160,-0.0167579915159647
2022-12-19T16:54:30.8094336,0.0144952228118434
2022-12-19T16:54:30.8095488,-0.04044463723479
2022-12-19T16:54:30.8096640,-0.0105073487625675
2022-12-19T16:54:30.8097920,0.0322602084273265
2022-12-19T16:54:30.8187904,-0.0578806398269743
2022-12-19T16:54:30.8190336,0.0477223259119937
2022-12-19T16:54:30.8191744,-0.0272853897115341
2022-12-19T16:54:30.8192896,-0.016429010319809
2022-12-19T16:54:30.8194048,0.0207458658464715
2022-12-19T16:54:30.8195328,0.00758661741833119
2022-12-19T16:54:30.8300544,0.0365369642923159
2022-12-19T16:54:30.8304128,-0.0325490887502571
2022-12-19T16:54:30.8306432,0.0302863211140333
2022-12-19T16:54:30.8309120,-0.0157710479270339
2022-12-19T16:54:30.8311552,-0.0154420667304147
2022-12-19T16:54:30.8401536,0.0441035324267193
2022-12-19T16:54:30.8404608,-0.00590161196113415
2022-12-19T16:54:30.8407040,0.00659967379631543
2022-12-19T16:54:30.8408704,0.005941711382419
2022-12-19T16:54:30.8409984,0.000349030889489121
2022-12-19T16:54:30.8518272,-0.0039277247512097
2022-12-19T16:54:30.8523520,-0.000308931518483477
2022-12-19T16:54:30.8526848,-0.000308931518483477
2022-12-19T16:54:30.8529280,-0.000308931518483477
2022-12-19T16:54:30.8531840,-0.000637912722236303
2022-12-19T16:54:30.8645248,-0.000308931518483477
2022-12-19T16:54:30.8648192,-0.000966893925833531
2022-12-19T16:54:30.8650496,-0.000637912722236303
2022-12-19T16:54:30.8653312,-0.000308931518483477
2022-12-19T16:54:30.8654848,-0.000308931518483477
2022-12-19T16:54:30.8656000,-0.000308931518483477
2022-12-19T16:54:30.8742656,-0.000637912722236303
2022-12-19T16:54:30.8745728,-0.000308931518483477
2022-12-19T16:54:30.8747648,-0.000308931518483477
2022-12-19T16:54:30.8749056,-0.000308931518483477
2022-12-19T16:54:30.8750208,-0.000308931518483477
2022-12-19T16:54:30.8751360,2.00496854250026E-05
2022-12-19T16:54:30.8752512,-0.000637912722236303
2022-12-19T16:54:30.8881792,-0.000966893925833531
2022-12-19T16:54:30.8884608,2.00496854250026E-05
2022-12-19T16:54:30.8886528,-0.000308931518483477
2022-12-19T16:54:30.8887808,-0.000308931518483477
2022-12-19T16:54:30.9021312,-0.000308931518483477
2022-12-19T16:54:30.9024128,-0.000308931518483477
2022-12-19T16:54:30.9025664,-0.000637912722236303
2022-12-19T16:54:30.9028224,-0.000637912722236303
2022-12-19T16:54:30.9030016,-0.000966893925833531
2022-12-19T16:54:30.9031168,2.00496854250026E-05
2022-12-19T16:54:30.9032192,-0.000637912722236303
2022-12-19T16:54:30.9156608,-0.000308931518483477
2022-12-19T16:54:30.9159040,-0.000308931518483477
2022-12-19T16:54:30.9160192,2.00496854250026E-05
2022-12-19T16:54:30.9161472,-0.000637912722236303
2022-12-19T16:54:30.9162496,-0.000637912722236303
2022-12-19T16:54:30.9163648,-0.000308931518483477
2022-12-19T16:54:30.9164800,-0.00129587512927513
2022-12-19T16:54:30.9311232,-0.000637912722236303
2022-12-19T16:54:30.9314816,-0.000637912722236303
2022-12-19T16:54:30.9317248,-0.000637912722236303
2022-12-19T16:54:30.9318656,-0.000308931518483477
2022-12-19T16:54:30.9319936,2.00496854250026E-05
2022-12-19T16:54:30.9321088,-0.000308931518483477
2022-12-19T16:54:30.9322240,-0.000308931518483477
2022-12-19T16:54:30.9450624,-0.000308931518483477
2022-12-19T16:54:30.9453568,-0.000637912722236303
2022-12-19T16:54:30.9455872,-0.000637912722236303
2022-12-19T16:54:30.9457664,-0.000308931518483477
2022-12-19T16:54:30.9458944,-0.000308931518483477
2022-12-19T16:54:30.9460096,-0.000966893925833531
2022-12-19T16:54:30.9461120,-0.000308931518483477
2022-12-19T16:54:30.9462272,-0.000637912722236303
2022-12-19T16:54:30.9591296,-0.000966893925833531
2022-12-19T16:54:30.9593472,-0.000308931518483477
2022-12-19T16:54:30.9594752,-0.000637912722236303
2022-12-19T16:54:30.9595904,-0.000637912722236303
2022-12-19T16:54:30.9597056,-0.000637912722236303
2022-12-19T16:54:30.9598208,-0.000308931518483477
2022-12-19T16:54:30.9599232,-0.000966893925833531
2022-12-19T16:54:30.9742592,-0.000966893925833531
2022-12-19T16:54:30.9744768,-0.000637912722236303
2022-12-19T16:54:30.9746176,-0.000637912722236303
2022-12-19T16:54:30.9747200,-0.000966893925833531
2022-12-19T16:54:30.9748480,-0.000637912722236303
2022-12-19T16:54:30.9749632,-0.000637912722236303
2022-12-19T16:54:30.9750656,-0.000308931518483477
2022-12-19T16:54:30.9880960,-0.000637912722236303
2022-12-19T16:54:30.9883904,-0.000637912722236303
2022-12-19T16:54:30.9885696,-0.000637912722236303
2022-12-19T16:54:30.9887104,-0.000637912722236303
2022-12-19T16:54:30.9888256,2.00496854250026E-05
2022-12-19T16:54:30.9889280,2.00496854250026E-05
2022-12-19T16:54:30.9890432,-0.000308931518483477
2022-12-19T16:54:31.0021504,-0.000308931518483477
2022-12-19T16:54:31.0023936,-0.000637912722236303
2022-12-19T16:54:31.0025344,-0.000637912722236303
2022-12-19T16:54:31.0027008,-0.000637912722236303
2022-12-19T16:54:31.0030336,-0.000637912722236303
2022-12-19T16:54:31.0033536,-0.000637912722236303
2022-12-19T16:54:31.0035840,-0.000637912722236303
2022-12-19T16:54:31.0166784,-0.000308931518483477
2022-12-19T16:54:31.0171264,-0.000308931518483477
2022-12-19T16:54:31.0175104,-0.000308931518483477
2022-12-19T16:54:31.0178048,-0.000637912722236303
2022-12-19T16:54:31.0179584,-0.000966893925833531
2022-12-19T16:54:31.0180736,-0.000308931518483477
2022-12-19T16:54:31.0181888,-0.000637912722236303
2022-12-19T16:54:31.0182912,-0.000637912722236303
2022-12-19T16:54:31.0308608,-0.000308931518483477
2022-12-19T16:54:31.0311424,-0.000308931518483477
2022-12-19T16:54:31.0312960,-0.000637912722236303
2022-12-19T16:54:31.0314496,-0.000308931518483477
2022-12-19T16:54:31.0316032,-0.000308931518483477
2022-12-19T16:54:31.0317312,-0.000308931518483477
2022-12-19T16:54:31.0318848,-0.000966893925833531
2022-12-19T16:54:31.0450688,-0.000308931518483477
2022-12-19T16:54:31.0453632,-0.000308931518483477
2022-12-19T16:54:31.0455296,-0.000637912722236303
2022-12-19T16:54:31.0456448,-0.000308931518483477
2022-12-19T16:54:31.0457728,-0.000308931518483477
2022-12-19T16:54:31.0458880,-0.000308931518483477
2022-12-19T16:54:31.0460032,-0.000637912722236303
2022-12-19T16:54:31.0601600,-0.000637912722236303
2022-12-19T16:54:31.0604160,-0.000637912722236303
2022-12-19T16:54:31.0605824,-0.000637912722236303
2022-12-19T16:54:31.0607360,-0.000308931518483477
2022-12-19T16:54:31.0608768,-0.000308931518483477
2022-12-19T16:54:31.0610176,-0.000637912722236303
2022-12-19T16:54:31.0611584,-0.000637912722236303
2022-12-19T16:54:31.0739968,-0.000637912722236303
2022-12-19T16:54:31.0743552,-0.000966893925833531
2022-12-19T16:54:31.0745984,-0.000637912722236303
2022-12-19T16:54:31.0748032,2.00496854250026E-05
2022-12-19T16:54:31.0750080,-0.000966893925833531
2022-12-19T16:54:31.0752128,2.00496854250026E-05
2022-12-19T16:54:31.0753920,2.00496854250026E-05
2022-12-19T16:54:31.0871424,-0.000966893925833531
2022-12-19T16:54:31.0874496,-0.000966893925833531
2022-12-19T16:54:31.0876672,-0.00129587512927513
2022-12-19T16:54:31.0878848,-0.000637912722236303
2022-12-19T16:54:31.0881024,-0.000308931518483477
2022-12-19T16:54:31.0882816,-0.000637912722236303
2022-12-19T16:54:31.0884736,-0.000637912722236303
2022-12-19T16:54:31.0886656,-0.000308931518483477
2022-12-19T16:54:31.0968960,-0.000308931518483477
2022-12-19T16:54:31.0972160,-0.000637912722236303
2022-12-19T16:54:31.0974592,-0.000966893925833531
2022-12-19T16:54:31.0976128,-0.000308931518483477
2022-12-19T16:54:31.0977280,-0.000637912722236303
2022-12-19T16:54:31.0978432,-0.000308931518483477
2022-12-19T16:54:31.1101696,-0.000966893925833531
2022-12-19T16:54:31.1103744,-0.000966893925833531
2022-12-19T16:54:31.1105024,2.00496854250026E-05
2022-12-19T16:54:31.1106304,-0.000966893925833531
2022-12-19T16:54:31.1107584,-0.000637912722236303
2022-12-19T16:54:31.1241472,-0.00129587512927513
2022-12-19T16:54:31.1244416,2.00496854250026E-05
2022-12-19T16:54:31.1246208,-0.000308931518483477
2022-12-19T16:54:31.1247360,-0.000308931518483477
2022-12-19T16:54:31.1249280,-0.000308931518483477
2022-12-19T16:54:31.1250816,-0.000308931518483477
2022-12-19T16:54:31.1392768,-0.000308931518483477
2022-12-19T16:54:31.1395968,-0.000308931518483477
2022-12-19T16:54:31.1398528,-0.000308931518483477
2022-12-19T16:54:31.1400192,2.00496854250026E-05
2022-12-19T16:54:31.1401216,-0.000308931518483477
2022-12-19T16:54:31.1402496,-0.000308931518483477
2022-12-19T16:54:31.1403520,2.00496854250026E-05
2022-12-19T16:54:31.1492224,-0.000637912722236303
2022-12-19T16:54:31.1495424,-0.000637912722236303
2022-12-19T16:54:31.1497216,-0.000637912722236303
2022-12-19T16:54:31.1498496,-0.000308931518483477
2022-12-19T16:54:31.1499648,-0.000637912722236303
2022-12-19T16:54:31.1500800,2.00496854250026E-05
2022-12-19T16:54:31.1501824,-0.000308931518483477
2022-12-19T16:54:31.1502976,-0.000308931518483477
2022-12-19T16:54:31.1601920,-0.000637912722236303
2022-12-19T16:54:31.1604864,-0.000637912722236303
2022-12-19T16:54:31.1607168,-0.000637912722236303
2022-12-19T16:54:31.1608960,-0.000308931518483477
2022-12-19T16:54:31.1610112,-0.000308931518483477
2022-12-19T16:54:31.1751936,-0.000308931518483477
2022-12-19T16:54:31.1754880,-0.000637912722236303
2022-12-19T16:54:31.1757184,-0.000637912722236303
2022-12-19T16:54:31.1758848,-0.000308931518483477
2022-12-19T16:54:31.1760000,-0.000637912722236303
2022-12-19T16:54:31.1892864,2.00496854250026E-05
2022-12-19T16:54:31.1896576,-0.000637912722236303
2022-12-19T16:54:31.1899392,-0.000637912722236303
2022-12-19T16:54:31.1901184,-0.000308931518483477
2022-12-19T16:54:31.1902592,2.00496854250026E-05
2022-12-19T16:54:31.1903616,-0.000637912722236303
2022-12-19T16:54:31.1904768,-0.000637912722236303
2022-12-19T16:54:31.1905792,-0.000966893925833531
2022-12-19T16:54:31.2030720,-0.000637912722236303
2022-12-19T16:54:31.2032768,-0.000637912722236303
2022-12-19T16:54:31.2034048,-0.000637912722236303
2022-12-19T16:54:31.2035200,-0.000637912722236303
2022-12-19T16:54:31.2036224,-0.000308931518483477
2022-12-19T16:54:31.2037376,-0.000966893925833531
2022-12-19T16:54:31.2038400,-0.000966893925833531
2022-12-19T16:54:31.2143744,-0.000637912722236303
2022-12-19T16:54:31.2146688,2.00496854250026E-05
2022-12-19T16:54:31.2148480,-0.000966893925833531
2022-12-19T16:54:31.2150016,-0.000637912722236303
2022-12-19T16:54:31.2151168,2.00496854250026E-05
2022-12-19T16:54:31.2152448,-0.000637912722236303
2022-12-19T16:54:31.2153600,-0.000308931518483477
2022-12-19T16:54:31.2252416,-0.000637912722236303
2022-12-19T16:54:31.2257024,-0.000637912722236303
2022-12-19T16:54:31.2260096,-0.000966893925833531
2022-12-19T16:54:31.2262784,-0.000637912722236303
2022-12-19T16:54:31.2264704,-0.000637912722236303
2022-12-19T16:54:31.2392192,-0.000966893925833531
2022-12-19T16:54:31.2395136,-0.000637912722236303
2022-12-19T16:54:31.2397568,-0.000966893925833531
2022-12-19T16:54:31.2399744,-0.000966893925833531
2022-12-19T16:54:31.2400896,-0.000637912722236303
2022-12-19T16:54:31.2402048,-0.000308931518483477
2022-12-19T16:54:31.2529408,-0.000637912722236303
2022-12-19T16:54:31.2534528,-0.000966893925833531
2022-12-19T16:54:31.2537600,-0.000966893925833531
2022-12-19T16:54:31.2540032,-0.000308931518483477
2022-12-19T16:54:31.2542464,-0.000308931518483477
2022-12-19T16:54:31.2544768,-0.000308931518483477
2022-12-19T16:54:31.2547456,-0.000637912722236303
2022-12-19T16:54:31.2644992,-0.000637912722236303
2022-12-19T16:54:31.2647168,-0.000966893925833531
2022-12-19T16:54:31.2648320,-0.000637912722236303
2022-12-19T16:54:31.2649472,-0.000308931518483477
2022-12-19T16:54:31.2650496,-0.000308931518483477
2022-12-19T16:54:31.2652288,-0.000308931518483477
2022-12-19T16:54:31.2654464,-0.000637912722236303
2022-12-19T16:54:31.2752256,2.00496854250026E-05
2022-12-19T16:54:31.2754432,-0.000308931518483477
2022-12-19T16:54:31.2755712,-0.000637912722236303
2022-12-19T16:54:31.2756864,-0.000637912722236303
2022-12-19T16:54:31.2757888,-0.000308931518483477
2022-12-19T16:54:31.2889984,-0.000637912722236303
2022-12-19T16:54:31.2893184,-0.000637912722236303
2022-12-19T16:54:31.2894720,-0.000308931518483477
2022-12-19T16:54:31.2896000,-0.000637912722236303
2022-12-19T16:54:31.2897152,-0.000308931518483477
2022-12-19T16:54:31.2898304,-0.000308931518483477
2022-12-19T16:54:31.3071104,-0.000966893925833531
2022-12-19T16:54:31.3074560,-0.000637912722236303
2022-12-19T16:54:31.3077504,-0.000308931518483477
2022-12-19T16:54:31.3079040,-0.000637912722236303
2022-12-19T16:54:31.3080192,-0.000637912722236303
2022-12-19T16:54:31.3081216,-0.000308931518483477
2022-12-19T16:54:31.3082240,2.00496854250026E-05
2022-12-19T16:54:31.3193600,-0.000308931518483477
2022-12-19T16:54:31.3197056,-0.000637912722236303
2022-12-19T16:54:31.3198848,-0.000637912722236303
2022-12-19T16:54:31.3200000,-0.000308931518483477
2022-12-19T16:54:31.3201024,-0.000637912722236303
2022-12-19T16:54:31.3202048,-0.000637912722236303
2022-12-19T16:54:31.3203200,-0.000966893925833531
2022-12-19T16:54:31.3204224,-0.000308931518483477
2022-12-19T16:54:31.3205248,-0.000637912722236303
2022-12-19T16:54:31.3301120,-0.000966893925833531
2022-12-19T16:54:31.3304448,-0.000308931518483477
2022-12-19T16:54:31.3306624,-0.000637912722236303
2022-12-19T16:54:31.3309568,-0.000308931518483477
2022-12-19T16:54:31.3311872,-0.000308931518483477
2022-12-19T16:54:31.3313408,-0.000308931518483477
2022-12-19T16:54:31.3428480,-0.000308931518483477
2022-12-19T16:54:31.3431552,-0.000308931518483477
2022-12-19T16:54:31.3433984,-0.000637912722236303
2022-12-19T16:54:31.3435520,-0.000966893925833531
2022-12-19T16:54:31.3436800,-0.000308931518483477
2022-12-19T16:54:31.3559040,-0.000308931518483477
2022-12-19T16:54:31.3561216,-0.000966893925833531
2022-12-19T16:54:31.3562496,-0.000637912722236303
2022-12-19T16:54:31.3563520,-0.000308931518483477
2022-12-19T16:54:31.3564544,-0.000308931518483477
2022-12-19T16:54:31.3565824,2.00496854250026E-05
2022-12-19T16:54:31.3566976,-0.000637912722236303
2022-12-19T16:54:31.3679744,-0.000308931518483477
2022-12-19T16:54:31.3682176,-0.000308931518483477
2022-12-19T16:54:31.3683456,-0.000308931518483477
2022-12-19T16:54:31.3684608,-0.000637912722236303
2022-12-19T16:54:31.3685632,-0.000966893925833531
2022-12-19T16:54:31.3686784,-0.000637912722236303
2022-12-19T16:54:31.3803136,-0.000308931518483477
2022-12-19T16:54:31.3806208,-0.000966893925833531
2022-12-19T16:54:31.3808000,-0.000308931518483477
2022-12-19T16:54:31.3809920,-0.000637912722236303
2022-12-19T16:54:31.3812608,-0.000637912722236303
2022-12-19T16:54:31.3815168,-0.000637912722236303
2022-12-19T16:54:31.3928448,0.0401557577374334
2022-12-19T16:54:31.3933056,-0.00491466835687079
2022-12-19T16:54:31.3935616,-0.0443924114440477
2022-12-19T16:54:31.3936896,0.0121923543396712
2022-12-19T16:54:31.3938176,0.027654471371815
2022-12-19T16:54:31.3939200,-0.0503140727167894
2022-12-19T16:54:31.3940608,0.0227197531323445
2022-12-19T16:54:31.4049024,-0.0085334615656746
2022-12-19T16:54:31.4052096,-0.00261179994148619
2022-12-19T16:54:31.4054016,-0.00326976234665881
2022-12-19T16:54:31.4055424,0.0174560537159208
2022-12-19T16:54:31.4056576,-0.0299172392358072
2022-12-19T16:54:31.4057728,-0.0286013144748993
2022-12-19T16:54:31.4145664,-0.00261179994148619
2022-12-19T16:54:31.4148480,0.0414716826313227
2022-12-19T16:54:31.4150912,-0.0184028974944275
2022-12-19T16:54:31.4152448,0.0519990818739629
2022-12-19T16:54:31.4153728,0.005941711382419
2022-12-19T16:54:31.4154752,-0.0453793549929307
2022-12-19T16:54:31.4249344,0.0862131305441633
2022-12-19T16:54:31.4252544,-0.0239955777923602
2022-12-19T16:54:31.4254336,0.0467353822322834
2022-12-19T16:54:31.4255616,0.0151531852338741
2022-12-19T16:54:31.4256768,-0.00590161196113415
2022-12-19T16:54:31.4381824,-0.0197188222744198
2022-12-19T16:54:31.4384896,-0.0318911263725649
2022-12-19T16:54:31.4387456,0.0398267765143575
2022-12-19T16:54:31.4389120,-0.0305752016153402
2022-12-19T16:54:31.4390272,0.00561273017570495
2022-12-19T16:54:31.4497792,0.0200879034191048
2022-12-19T16:54:31.4500864,-0.070052943271019
2022-12-19T16:54:31.4502528,-0.00294078114415022
2022-12-19T16:54:31.4503680,-0.0078754991654702
2022-12-19T16:54:31.4504704,0.000349030889489121
2022-12-19T16:54:31.4506112,-0.0039277247512097
2022-12-19T16:54:31.4615680,0.00561273017570495
2022-12-19T16:54:31.4619776,-0.0118232735573979
2022-12-19T16:54:31.4621824,-0.00491466835687079
2022-12-19T16:54:31.4623232,-0.0134681795474529
2022-12-19T16:54:31.4624256,0.0243646592082312
2022-12-19T16:54:31.4625792,-0.0473532420865835
2022-12-19T16:54:31.4744832,0.0842392430735338
2022-12-19T16:54:31.4747904,0.0200879034191048
2022-12-19T16:54:31.4749824,-0.0269564085203087
2022-12-19T16:54:31.4750976,0.0802914681497422
2022-12-19T16:54:31.4752128,-0.0628153574643467
2022-12-19T16:54:31.4753280,0.00199393691214557
2022-12-19T16:54:31.4844672,0.00265189932229863
2022-12-19T16:54:31.4847104,-0.0470242609046887
2022-12-19T16:54:31.4848256,-0.00129587512927513
2022-12-19T16:54:31.4849408,-0.0355099194422867
2022-12-19T16:54:31.4850432,0.0447614948771567
2022-12-19T16:54:31.4851712,-0.0302462204256504
2022-12-19T16:54:31.4962176,0.00561273017570495
2022-12-19T16:54:31.4965376,0.0214038282744669
2022-12-19T16:54:31.4967296,-0.0559067527624882
2022-12-19T16:54:31.4968576,-0.00162485633256119
2022-12-19T16:54:31.4969728,0.00429680535040913
2022-12-19T16:54:31.5093632,0.000678012093708949
2022-12-19T16:54:31.5096960,-0.0075465179651354
2022-12-19T16:54:31.5099776,0.0138372603904395
2022-12-19T16:54:31.5101568,-0.0114942923589225
2022-12-19T16:54:31.5102720,-0.00590161196113415
2022-12-19T16:54:31.5103744,0.000678012093708949
2022-12-19T16:54:31.5202176,0.0365369642923159
2022-12-19T16:54:31.5204608,-0.0351809382548961
2022-12-19T16:54:31.5206016,0.0621975000459563
2022-12-19T16:54:31.5207040,-0.00261179994148619
2022-12-19T16:54:31.5208320,-0.0361678818166088
2022-12-19T16:54:31.5209344,0.0835812805846185
2022-12-19T16:54:31.5210496,-0.0493271291747564
2022-12-19T16:54:31.5317632,0.0339051145260825
2022-12-19T16:54:31.5319808,0.0263385465044908
2022-12-19T16:54:31.5320960,-0.0246535401774255
2022-12-19T16:54:31.5322240,-0.0118232735573979
2022-12-19T16:54:31.5323264,-0.0272853897115341
2022-12-19T16:54:31.5446656,0.0457484385540046
2022-12-19T16:54:31.5448960,-0.0414315807891646
2022-12-19T16:54:31.5450240,0.00528374896914695
2022-12-19T16:54:31.5451392,0.0296283586775321
2022-12-19T16:54:31.5452544,-0.0572226774727517
2022-12-19T16:54:31.5453696,0.00758661741833119
2022-12-19T16:54:31.5593344,2.00496854250026E-05
2022-12-19T16:54:31.5595520,2.00496854250026E-05
2022-12-19T16:54:31.5596672,-0.000637912722236303
2022-12-19T16:54:31.5597824,-0.000308931518483477
2022-12-19T16:54:31.5598848,-0.000637912722236303
2022-12-19T16:54:31.5600000,-0.000637912722236303
2022-12-19T16:54:31.5691648,-0.000308931518483477
2022-12-19T16:54:31.5696384,-0.000308931518483477
2022-12-19T16:54:31.5699456,-0.000637912722236303
2022-12-19T16:54:31.5701760,-0.000308931518483477
2022-12-19T16:54:31.5704064,-0.000637912722236303
2022-12-19T16:54:31.5706752,-0.000637912722236303
2022-12-19T16:54:31.5709696,-0.000637912722236303
2022-12-19T16:54:31.5712256,-0.000308931518483477
2022-12-19T16:54:31.5825920,-0.000637912722236303
2022-12-19T16:54:31.5828352,-0.000637912722236303
2022-12-19T16:54:31.5829760,-0.000308931518483477
2022-12-19T16:54:31.5830912,-0.000637912722236303
2022-12-19T16:54:31.5832320,-0.000308931518483477
2022-12-19T16:54:31.5924736,-0.000308931518483477
2022-12-19T16:54:31.5927808,-0.000308931518483477
2022-12-19T16:54:31.5929600,-0.000308931518483477
2022-12-19T16:54:31.5930880,-0.000637912722236303
2022-12-19T16:54:31.5932032,-0.000308931518483477
2022-12-19T16:54:31.5933184,-0.000637912722236303
2022-12-19T16:54:31.6053376,-0.000637912722236303
2022-12-19T16:54:31.6056320,-0.000637912722236303
2022-12-19T16:54:31.6058880,-0.000308931518483477
2022-12-19T16:54:31.6060672,-0.000637912722236303
2022-12-19T16:54:31.6061952,-0.000637912722236303
2022-12-19T16:54:31.6191872,-0.000966893925833531
2022-12-19T16:54:31.6194688,-0.000308931518483477
2022-12-19T16:54:31.6196608,2.00496854250026E-05
2022-12-19T16:54:31.6198016,-0.000308931518483477
2022-12-19T16:54:31.6199040,-0.000308931518483477
2022-12-19T16:54:31.6200192,-0.000637912722236303
2022-12-19T16:54:31.6201344,-0.000966893925833531
2022-12-19T16:54:31.6337152,-0.000637912722236303
2022-12-19T16:54:31.6340352,-0.000308931518483477
2022-12-19T16:54:31.6342656,-0.000308931518483477
2022-12-19T16:54:31.6344448,-0.000637912722236303
2022-12-19T16:54:31.6345600,-0.000308931518483477
2022-12-19T16:54:31.6346752,-0.000637912722236303
2022-12-19T16:54:31.6347776,-0.00129587512927513
2022-12-19T16:54:31.6479232,2.00496854250026E-05
2022-12-19T16:54:31.6482304,-0.000308931518483477
2022-12-19T16:54:31.6484480,-0.000637912722236303
2022-12-19T16:54:31.6486016,-0.000308931518483477
2022-12-19T16:54:31.6487168,-0.000308931518483477
2022-12-19T16:54:31.6488320,-0.000637912722236303
2022-12-19T16:54:31.6489344,-0.000308931518483477
2022-12-19T16:54:31.6619008,-0.000637912722236303
2022-12-19T16:54:31.6622592,2.00496854250026E-05
2022-12-19T16:54:31.6624640,-0.000308931518483477
2022-12-19T16:54:31.6627456,2.00496854250026E-05
2022-12-19T16:54:31.6630144,-0.000308931518483477
2022-12-19T16:54:31.6633216,-0.000308931518483477
2022-12-19T16:54:31.6636288,-0.000308931518483477
2022-12-19T16:54:31.6771328,-0.000308931518483477
2022-12-19T16:54:31.6774784,-0.000966893925833531
2022-12-19T16:54:31.6777984,-0.000637912722236303
2022-12-19T16:54:31.6780288,-0.000308931518483477
2022-12-19T16:54:31.6782720,-0.000308931518483477
2022-12-19T16:54:31.6785408,-0.000308931518483477
2022-12-19T16:54:31.6787328,-0.000308931518483477
2022-12-19T16:54:31.6788480,-0.000308931518483477
2022-12-19T16:54:31.6867968,-0.000637912722236303
2022-12-19T16:54:31.6870656,-0.000308931518483477
2022-12-19T16:54:31.6872192,-0.000637912722236303
2022-12-19T16:54:31.6873600,2.00496854250026E-05
2022-12-19T16:54:31.6875136,-0.000637912722236303
2022-12-19T16:54:31.6876672,-0.000637912722236303
2022-12-19T16:54:31.6877952,-0.000637912722236303
2022-12-19T16:54:31.6974592,-0.000637912722236303
2022-12-19T16:54:31.6977792,-0.000308931518483477
2022-12-19T16:54:31.6980352,-0.000308931518483477
2022-12-19T16:54:31.6982784,-0.000637912722236303
2022-12-19T16:54:31.6984704,-0.000308931518483477
2022-12-19T16:54:31.7083904,-0.000308931518483477
2022-12-19T16:54:31.7086336,-0.000637912722236303
2022-12-19T16:54:31.7088128,-0.000308931518483477
2022-12-19T16:54:31.7089536,-0.000966893925833531
2022-12-19T16:54:31.7091072,-0.000308931518483477
2022-12-19T16:54:31.7185536,-0.000308931518483477
2022-12-19T16:54:31.7188352,-0.000308931518483477
2022-12-19T16:54:31.7190912,-0.000637912722236303
2022-12-19T16:54:31.7193216,-0.000308931518483477
2022-12-19T16:54:31.7195520,-0.000966893925833531
2022-12-19T16:54:31.7280384,-0.000637912722236303
2022-12-19T16:54:31.7282688,-0.000637912722236303
2022-12-19T16:54:31.7283968,-0.000637912722236303
2022-12-19T16:54:31.7285120,-0.000637912722236303
2022-12-19T16:54:31.7286272,-0.000637912722236303
2022-12-19T16:54:31.7287552,-0.000637912722236303
2022-12-19T16:54:31.7412608,-0.000637912722236303
2022-12-19T16:54:31.7415552,-0.000308931518483477
2022-12-19T16:54:31.7417472,-0.000308931518483477
2022-12-19T16:54:31.7418752,-0.000308931518483477
2022-12-19T16:54:31.7508736,-0.000637912722236303
2022-12-19T16:54:31.7511680,-0.000637912722236303
2022-12-19T16:54:31.7513216,-0.000966893925833531
2022-12-19T16:54:31.7514368,-0.000308931518483477
2022-12-19T16:54:31.7515648,-0.000308931518483477
2022-12-19T16:54:31.7516800,-0.000637912722236303
2022-12-19T16:54:31.7517952,-0.000637912722236303
2022-12-19T16:54:31.7632128,-0.000308931518483477
2022-12-19T16:54:31.7635968,-0.000637912722236303
2022-12-19T16:54:31.7638528,2.00496854250026E-05
2022-12-19T16:54:31.7640320,-0.000637912722236303
2022-12-19T16:54:31.7641984,2.00496854250026E-05
2022-12-19T16:54:31.7766784,-0.000966893925833531
2022-12-19T16:54:31.7770496,-0.000637912722236303
2022-12-19T16:54:31.7773440,-0.000308931518483477
2022-12-19T16:54:31.7775104,-0.000308931518483477
2022-12-19T16:54:31.7776384,-0.000637912722236303
2022-12-19T16:54:31.7777536,-0.000637912722236303
2022-12-19T16:54:31.7864448,-0.000637912722236303
2022-12-19T16:54:31.7866240,-0.000966893925833531
2022-12-19T16:54:31.7867520,-0.000966893925833531
2022-12-19T16:54:31.7868544,-0.000637912722236303
2022-12-19T16:54:31.7869952,-0.000637912722236303
2022-12-19T16:54:31.7871104,-0.000308931518483477
2022-12-19T16:54:31.7872128,-0.000637912722236303
2022-12-19T16:54:31.7962880,-0.000308931518483477
2022-12-19T16:54:31.7966464,-0.000308931518483477
2022-12-19T16:54:31.7969024,-0.000637912722236303
2022-12-19T16:54:31.7970432,-0.000637912722236303
2022-12-19T16:54:31.8065536,-0.000308931518483477
2022-12-19T16:54:31.8069632,-0.000637912722236303
2022-12-19T16:54:31.8072448,-0.000308931518483477
2022-12-19T16:54:31.8073984,-0.000308931518483477
2022-12-19T16:54:31.8075136,-0.000308931518483477
2022-12-19T16:54:31.8163456,-0.000637912722236303
2022-12-19T16:54:31.8165120,-0.000308931518483477
2022-12-19T16:54:31.8166400,-0.000637912722236303
2022-12-19T16:54:31.8167552,-0.000637912722236303
2022-12-19T16:54:31.8168576,2.00496854250026E-05
2022-12-19T16:54:31.8263296,2.00496854250026E-05
2022-12-19T16:54:31.8265984,2.00496854250026E-05
2022-12-19T16:54:31.8268416,-0.000637912722236303
2022-12-19T16:54:31.8270848,-0.000637912722236303
2022-12-19T16:54:31.8273408,-0.000637912722236303
2022-12-19T16:54:31.8378624,2.00496854250026E-05
2022-12-19T16:54:31.8382208,-0.000637912722236303
2022-12-19T16:54:31.8384768,-0.000637912722236303
2022-12-19T16:54:31.8386688,-0.000637912722236303
2022-12-19T16:54:31.8388224,-0.000966893925833531
2022-12-19T16:54:31.8481280,-0.000308931518483477
2022-12-19T16:54:31.8483840,-0.000637912722236303
2022-12-19T16:54:31.8485504,-0.000308931518483477
2022-12-19T16:54:31.8486912,-0.000637912722236303
2022-12-19T16:54:31.8488448,-0.000637912722236303
2022-12-19T16:54:31.8489984,-0.000308931518483477
2022-12-19T16:54:31.8584192,-0.000308931518483477
2022-12-19T16:54:31.8587776,-0.000308931518483477
2022-12-19T16:54:31.8590208,-0.000637912722236303
2022-12-19T16:54:31.8592384,-0.000637912722236303
2022-12-19T16:54:31.8594304,-0.000308931518483477
2022-12-19T16:54:31.8706048,-0.000966893925833531
2022-12-19T16:54:31.8708480,-0.000637912722236303
2022-12-19T16:54:31.8709760,-0.000308931518483477
2022-12-19T16:54:31.8710784,-0.000637912722236303
2022-12-19T16:54:31.8711808,-0.000966893925833531
2022-12-19T16:54:31.8807040,2.00496854250026E-05
2022-12-19T16:54:31.8810496,-0.000308931518483477
2022-12-19T16:54:31.8813056,-0.000637912722236303
2022-12-19T16:54:31.8815232,-0.000966893925833531
2022-12-19T16:54:31.8816640,-0.000308931518483477
2022-12-19T16:54:31.8817920,-0.000966893925833531
2022-12-19T16:54:31.8915072,-0.000637912722236303
2022-12-19T16:54:31.8918784,2.00496854250026E-05
2022-12-19T16:54:31.8921344,-0.000308931518483477
2022-12-19T16:54:31.8923008,-0.000308931518483477
2022-12-19T16:54:31.8924160,-0.000308931518483477
2022-12-19T16:54:31.8925312,-0.000637912722236303
2022-12-19T16:54:31.9052416,-0.000308931518483477
2022-12-19T16:54:31.9054720,-0.000637912722236303
2022-12-19T16:54:31.9056000,-0.000308931518483477
2022-12-19T16:54:31.9057280,-0.000637912722236303
2022-12-19T16:54:31.9058432,-0.000308931518483477
2022-12-19T16:54:31.9205632,-0.000308931518483477
2022-12-19T16:54:31.9207936,-0.000637912722236303
2022-12-19T16:54:31.9209600,-0.000966893925833531
2022-12-19T16:54:31.9211264,-0.000637912722236303
2022-12-19T16:54:31.9213824,-0.000637912722236303
2022-12-19T16:54:31.9216128,-0.000637912722236303
2022-12-19T16:54:31.9217664,-0.000637912722236303
2022-12-19T16:54:31.9311104,-0.000308931518483477
2022-12-19T16:54:31.9312896,-0.000637912722236303
2022-12-19T16:54:31.9314176,-0.000637912722236303
2022-12-19T16:54:31.9315200,-0.000637912722236303
2022-12-19T16:54:31.9316480,-0.000966893925833531
2022-12-19T16:54:31.9317632,-0.000966893925833531
2022-12-19T16:54:31.9318784,-0.000966893925833531
2022-12-19T16:54:31.9319808,-0.000966893925833531
2022-12-19T16:54:31.9415040,-0.000637912722236303
2022-12-19T16:54:31.9416832,-0.000637912722236303
2022-12-19T16:54:31.9417984,-0.000308931518483477
2022-12-19T16:54:31.9419136,-0.000308931518483477
2022-12-19T16:54:31.9420160,-0.000308931518483477
2022-12-19T16:54:31.9571200,-0.000637912722236303
2022-12-19T16:54:31.9574016,-0.000308931518483477
2022-12-19T16:54:31.9576192,-0.000966893925833531
2022-12-19T16:54:31.9577984,-0.000637912722236303
2022-12-19T16:54:31.9579520,-0.000308931518483477
2022-12-19T16:54:31.9753216,-0.000637912722236303
2022-12-19T16:54:31.9756928,-0.000966893925833531
2022-12-19T16:54:31.9759616,-0.000308931518483477
2022-12-19T16:54:31.9761408,-0.000966893925833531
2022-12-19T16:54:31.9762560,-0.000637912722236303
2022-12-19T16:54:31.9763840,-0.000308931518483477
2022-12-19T16:54:31.9764992,-0.000308931518483477
2022-12-19T16:54:31.9766016,-0.000308931518483477
2022-12-19T16:54:31.9906560,-0.000637912722236303
2022-12-19T16:54:31.9909248,-0.000308931518483477
2022-12-19T16:54:31.9911680,2.00496854250026E-05
2022-12-19T16:54:31.9913216,-0.000637912722236303
2022-12-19T16:54:31.9914368,-0.000637912722236303
2022-12-19T16:54:31.9915520,-0.000637912722236303
2022-12-19T16:54:31.9916544,-0.000637912722236303
2022-12-19T16:54:31.9917696,-0.000966893925833531
2022-12-19T16:54:31.9918720,-0.000308931518483477
2022-12-19T16:54:32.0084480,-0.000308931518483477
2022-12-19T16:54:32.0086912,-0.000308931518483477
2022-12-19T16:54:32.0088704,-0.000637912722236303
2022-12-19T16:54:32.0090496,-0.000637912722236303
2022-12-19T16:54:32.0092032,-0.000308931518483477
2022-12-19T16:54:32.0093952,-0.000637912722236303
2022-12-19T16:54:32.0095232,-0.000966893925833531
2022-12-19T16:54:32.0096512,2.00496854250026E-05
2022-12-19T16:54:32.0193024,-0.000308931518483477
2022-12-19T16:54:32.0196992,-0.000637912722236303
2022-12-19T16:54:32.0200192,-0.000308931518483477
2022-12-19T16:54:32.0202624,-0.000637912722236303
2022-12-19T16:54:32.0204288,-0.000637912722236303
2022-12-19T16:54:32.0205440,2.00496854250026E-05
2022-12-19T16:54:32.0206464,-0.000637912722236303
2022-12-19T16:54:32.0207616,-0.000637912722236303
2022-12-19T16:54:32.0208640,-0.000308931518483477
2022-12-19T16:54:32.0306304,-0.000637912722236303
2022-12-19T16:54:32.0308992,-0.000308931518483477
2022-12-19T16:54:32.0310528,2.00496854250026E-05
2022-12-19T16:54:32.0311680,-0.000637912722236303
2022-12-19T16:54:32.0312832,-0.000966893925833531
2022-12-19T16:54:32.0433536,-0.000308931518483477
2022-12-19T16:54:32.0435328,-0.000308931518483477
2022-12-19T16:54:32.0436736,-0.000308931518483477
2022-12-19T16:54:32.0437888,-0.000308931518483477
2022-12-19T16:54:32.0438912,-0.000308931518483477
2022-12-19T16:54:32.0550272,2.00496854250026E-05
2022-12-19T16:54:32.0552704,-0.000966893925833531
2022-12-19T16:54:32.0554240,-0.000308931518483477
2022-12-19T16:54:32.0555392,-0.000637912722236303
2022-12-19T16:54:32.0556544,-0.000308931518483477
2022-12-19T16:54:32.0557696,-0.000966893925833531
2022-12-19T16:54:32.0558848,-0.000637912722236303
2022-12-19T16:54:32.0652160,-0.000637912722236303
2022-12-19T16:54:32.0653952,-0.000637912722236303
2022-12-19T16:54:32.0655488,-0.000637912722236303
2022-12-19T16:54:32.0656640,-0.000308931518483477
2022-12-19T16:54:32.0657536,-0.000308931518483477
2022-12-19T16:54:32.0658304,-0.000637912722236303
2022-12-19T16:54:32.0751872,-0.000637912722236303
2022-12-19T16:54:32.0754048,-0.000308931518483477
2022-12-19T16:54:32.0755712,-0.000308931518483477
2022-12-19T16:54:32.0756608,-0.000637912722236303
2022-12-19T16:54:32.0757248,-0.000637912722236303
2022-12-19T16:54:32.0854016,-0.000308931518483477
2022-12-19T16:54:32.0855936,-0.000637912722236303
2022-12-19T16:54:32.0857472,-0.000308931518483477
2022-12-19T16:54:32.0858752,-0.000966893925833531
2022-12-19T16:54:32.0860032,-0.000966893925833531
2022-12-19T16:54:32.0951808,-0.000308931518483477
2022-12-19T16:54:32.0954240,-0.000637912722236303
2022-12-19T16:54:32.0955264,-0.000966893925833531
2022-12-19T16:54:32.0956160,-0.000637912722236303
2022-12-19T16:54:32.0956800,-0.000966893925833531
2022-12-19T16:54:32.1066880,-0.000637912722236303
2022-12-19T16:54:32.1068672,-0.000308931518483477
2022-12-19T16:54:32.1069696,-0.000637912722236303
2022-12-19T16:54:32.1070464,-0.000308931518483477
2022-12-19T16:54:32.1071104,-0.000637912722236303
2022-12-19T16:54:32.1219200,-0.000637912722236303
2022-12-19T16:54:32.1220864,-0.000308931518483477
2022-12-19T16:54:32.1221632,-0.000637912722236303
2022-12-19T16:54:32.1222272,-0.000637912722236303
2022-12-19T16:54:32.1222912,-0.000308931518483477
2022-12-19T16:54:32.1314688,2.00496854250026E-05
2022-12-19T16:54:32.1316224,-0.000637912722236303
2022-12-19T16:54:32.1319296,-0.000308931518483477
2022-12-19T16:54:32.1320064,-0.000966893925833531
2022-12-19T16:54:32.1320704,-0.000637912722236303
2022-12-19T16:54:32.1321344,-0.000637912722236303
2022-12-19T16:54:32.1321984,-0.000637912722236303
2022-12-19T16:54:32.1322752,-0.000637912722236303
2022-12-19T16:54:32.1412864,-0.000308931518483477
2022-12-19T16:54:32.1415168,-0.000308931518483477
2022-12-19T16:54:32.1416704,-0.000308931518483477
2022-12-19T16:54:32.1417984,-0.000308931518483477
2022-12-19T16:54:32.1419648,-0.000966893925833531
2022-12-19T16:54:32.1571712,-0.000308931518483477
2022-12-19T16:54:32.1575680,-0.000637912722236303
2022-12-19T16:54:32.1579008,-0.000308931518483477
2022-12-19T16:54:32.1581184,-0.000637912722236303
2022-12-19T16:54:32.1583488,2.00496854250026E-05
2022-12-19T16:54:32.1672704,-0.000637912722236303
2022-12-19T16:54:32.1675648,-0.000966893925833531
2022-12-19T16:54:32.1677568,-0.000308931518483477
2022-12-19T16:54:32.1678976,-0.000308931518483477
2022-12-19T16:54:32.1680128,-0.000637912722236303
2022-12-19T16:54:32.1681152,2.00496854250026E-05
2022-12-19T16:54:32.1682176,-0.000966893925833531
2022-12-19T16:54:32.1683328,-0.000966893925833531
2022-12-19T16:54:32.1792512,-0.000308931518483477
2022-12-19T16:54:32.1795072,-0.000308931518483477
2022-12-19T16:54:32.1796224,-0.000966893925833531
2022-12-19T16:54:32.1797760,-0.000637912722236303
2022-12-19T16:54:32.1799168,-0.000637912722236303
2022-12-19T16:54:32.1932928,-0.000308931518483477
2022-12-19T16:54:32.1936000,-0.000308931518483477
2022-12-19T16:54:32.1938688,-0.000637912722236303
2022-12-19T16:54:32.1940224,-0.000308931518483477
2022-12-19T16:54:32.1941376,-0.000308931518483477
2022-12-19T16:54:32.1942400,-0.000308931518483477
2022-12-19T16:54:32.2083968,-0.000966893925833531
2022-12-19T16:54:32.2088576,-0.000637912722236303
2022-12-19T16:54:32.2091392,-0.000308931518483477
2022-12-19T16:54:32.2093824,2.00496854250026E-05
2022-12-19T16:54:32.2095360,-0.000308931518483477
2022-12-19T16:54:32.2097408,-0.000966893925833531
2022-12-19T16:54:32.2098816,-0.000637912722236303
2022-12-19T16:54:32.2223872,-0.000966893925833531
2022-12-19T16:54:32.2226688,-0.000637912722236303
2022-12-19T16:54:32.2228480,-0.000308931518483477
2022-12-19T16:54:32.2229888,-0.000637912722236303
2022-12-19T16:54:32.2231040,-0.000637912722236303
2022-12-19T16:54:32.2232320,-0.000637912722236303
2022-12-19T16:54:32.2233472,-0.000966893925833531
2022-12-19T16:54:32.2234624,-0.000966893925833531
2022-12-19T16:54:32.2326400,-0.000308931518483477
2022-12-19T16:54:32.2329088,-0.000308931518483477
2022-12-19T16:54:32.2330624,-0.000637912722236303
2022-12-19T16:54:32.2332032,-0.000966893925833531
2022-12-19T16:54:32.2333184,-0.000966893925833531
2022-12-19T16:54:32.2334336,-0.000637912722236303
