bird,session,cluster_id,shank,ml,ap,dv,avg_fr,sess_idx,rm_rank,n_ev_check_occ,n_used_check_occ,n_ev_check_empty,n_used_check_empty,n_ev_ret_cached,n_used_ret_cached,n_ev_ret_baited,n_used_ret_baited,shank_name,bird_shank,bird_session,shank_ap,label
LMN88,260720,44,0,410.0,1109.416748046875,6091.97412109375,2.2749706755420966,0,,83,81,575,574,34,34,2,2,A,LMN88 A,LMN88 260720,1227.3422974752723,
LMN88,260720,48,0,410.0,1101.53515625,6115.69921875,1.4211769942867416,0,,83,74,575,549,34,32,2,2,A,LMN88 A,LMN88 260720,1227.3422974752723,
LMN88,260720,49,0,410.0,1092.2144775390625,6072.41650390625,0.856630597820512,0,,83,44,575,436,34,18,2,2,A,LMN88 A,LMN88 260720,1227.3422974752723,
LMN88,260720,56,0,410.0,1125.179931640625,6044.52392578125,8.548811659386653,0,,83,83,575,575,34,34,2,2,A,LMN88 A,LMN88 260720,1227.3422974752723,
LMN88,260720,57,0,410.0,1133.0615234375,6020.798828125,5.342504916474911,0,,83,83,575,575,34,34,2,2,A,LMN88 A,LMN88 260720,1227.3422974752723,
LMN88,260720,59,0,410.0,1133.0615234375,6020.798828125,1.3145562133795936,0,,83,37,575,494,34,29,2,2,A,LMN88 A,LMN88 260720,1227.3422974752723,
LMN88,260720,61,0,410.0,1140.9429931640625,5997.07373046875,0.6145470509271205,0,,83,38,575,480,34,29,2,1,A,LMN88 A,LMN88 260720,1227.3422974752723,
LMN88,260720,66,0,410.0,1148.8245849609375,5973.3486328125,6.180104532337495,0,,83,70,575,541,34,29,2,2,A,LMN88 A,LMN88 260720,1227.3422974752723,
LMN88,260720,68,0,410.0,1148.8245849609375,5973.3486328125,0.4222277487808568,0,,83,83,575,575,34,34,2,2,A,LMN88 A,LMN88 260720,1227.3422974752723,
LMN88,260720,84,0,410.0,1139.50390625,5930.06591796875,2.043407360911162,0,,83,83,575,575,34,34,2,2,A,LMN88 A,LMN88 260720,1227.3422974752723,
LMN88,260720,90,0,410.0,1249.8458251953125,5597.9140625,1.566450763394153,0,,83,83,575,575,34,34,2,2,A,LMN88 A,LMN88 260720,1227.3422974752723,
LMN88,260720,91,0,410.0,1180.350830078125,5878.4482421875,1.6455298126479023,0,,83,83,575,575,34,34,2,2,A,LMN88 A,LMN88 260720,1227.3422974752723,
LMN88,260720,96,0,410.0,1196.114013671875,5830.998046875,15.922667041370806,0,,83,83,575,575,34,34,2,2,A,LMN88 A,LMN88 260720,1227.3422974752723,
LMN88,260720,97,0,410.0,1171.0301513671875,5835.16552734375,7.112622648275956,0,,83,83,575,575,34,34,2,2,A,LMN88 A,LMN88 260720,1227.3422974752723,
LMN88,260720,98,0,410.0,1186.7933349609375,5787.71484375,5.857405273050895,0,,83,83,575,575,34,34,2,2,A,LMN88 A,LMN88 260720,1227.3422974752723,
LMN88,260720,102,0,410.0,1178.9117431640625,5811.43994140625,1.4507282085071262,0,,83,83,575,575,34,34,2,2,A,LMN88 A,LMN88 260720,1227.3422974752723,
LMN88,260720,105,0,410.0,1211.877197265625,5783.5478515625,0.5757758578699758,0,,83,83,575,575,34,34,2,2,A,LMN88 A,LMN88 260720,1227.3422974752723,
LMN88,260720,107,0,410.0,1194.6749267578125,5763.98974609375,3.609385304877789,0,,83,83,575,575,34,34,2,2,A,LMN88 A,LMN88 260720,1227.3422974752723,
LMN88,260720,108,0,410.0,1219.7586669921875,5759.82275390625,1.5201144594965896,0,,83,83,575,567,34,34,2,2,A,LMN88 A,LMN88 260720,1227.3422974752723,
LMN88,260720,109,0,410.0,1194.6749267578125,5763.98974609375,8.79574160541219,0,,83,83,575,575,34,34,2,2,A,LMN88 A,LMN88 260720,1227.3422974752723,
LMN88,260720,110,0,410.0,1194.6749267578125,5763.98974609375,0.6130103877876605,0,,83,83,575,575,34,34,2,2,A,LMN88 A,LMN88 260720,1227.3422974752723,
LMN88,260720,111,0,410.0,1194.6749267578125,5763.98974609375,11.117521404279374,0,,83,83,575,575,34,34,2,2,A,LMN88 A,LMN88 260720,1227.3422974752723,
LMN88,260720,116,0,410.0,1210.43798828125,5716.53955078125,0.9241255710998707,0,,83,83,575,575,34,34,2,2,A,LMN88 A,LMN88 260720,1227.3422974752723,
LMN88,260720,122,0,410.0,1243.4034423828125,5688.6474609375,2.033950972360639,0,,83,83,575,575,34,34,2,2,A,LMN88 A,LMN88 260720,1227.3422974752723,
LMN88,260720,125,0,410.0,1226.201171875,5669.08935546875,5.441796996255404,0,,83,83,575,575,34,34,2,2,A,LMN88 A,LMN88 260720,1227.3422974752723,
LMN88,260720,126,0,410.0,1218.319580078125,5692.814453125,16.78272558004089,0,,83,83,575,575,34,34,2,2,A,LMN88 A,LMN88 260720,1227.3422974752723,
LMN88,260720,127,0,410.0,1218.319580078125,5692.814453125,0.7803884651319195,0,,83,83,575,573,34,34,2,2,A,LMN88 A,LMN88 260720,1227.3422974752723,
LMN88,260720,129,0,410.0,1251.2850341796875,5664.92236328125,24.301972935989337,0,,83,83,575,575,34,34,2,2,A,LMN88 A,LMN88 260720,1227.3422974752723,
LMN88,260720,131,0,410.0,1251.2850341796875,5664.92236328125,9.082861202777448,0,,83,83,575,575,34,34,2,2,A,LMN88 A,LMN88 260720,1227.3422974752723,
LMN88,260720,132,0,410.0,1251.2850341796875,5664.92236328125,25.183899373182495,0,,83,83,575,575,34,34,2,2,A,LMN88 A,LMN88 260720,1227.3422974752723,
LMN88,260720,135,0,410.0,1259.16650390625,5641.197265625,1.1853583048080716,0,,83,83,575,445,34,34,2,0,A,LMN88 A,LMN88 260720,1227.3422974752723,
LMN88,260720,136,0,410.0,1259.16650390625,5641.197265625,4.740014760949707,0,,83,83,575,575,34,34,2,2,A,LMN88 A,LMN88 260720,1227.3422974752723,
LMN88,260720,142,0,410.0,1267.048095703125,5617.47216796875,17.38888008612942,0,,83,83,575,575,34,34,2,2,A,LMN88 A,LMN88 260720,1227.3422974752723,
LMN88,260720,144,0,410.0,1241.9642333984375,5621.63916015625,7.247967209405317,0,,83,83,575,575,34,34,2,2,A,LMN88 A,LMN88 260720,1227.3422974752723,
LMN88,260720,145,0,410.0,1241.9642333984375,5621.63916015625,1.6117232235797823,0,,83,83,575,575,34,34,2,2,A,LMN88 A,LMN88 260720,1227.3422974752723,
LMN88,260720,146,0,410.0,1249.8458251953125,5597.9140625,25.256949974735285,0,,83,83,575,575,34,34,2,2,A,LMN88 A,LMN88 260720,1227.3422974752723,
LMN88,260720,147,0,410.0,1249.8458251953125,5597.9140625,0.5692745907414911,0,,83,83,575,575,34,34,2,2,A,LMN88 A,LMN88 260720,1227.3422974752723,
LMN88,260720,148,0,410.0,1249.8458251953125,5597.9140625,15.12691194484429,0,,83,83,575,550,34,34,2,0,A,LMN88 A,LMN88 260720,1227.3422974752723,
LMN88,260720,151,0,410.0,1290.69287109375,5546.296875,27.194682193594357,0,,83,83,575,575,34,34,2,2,A,LMN88 A,LMN88 260720,1227.3422974752723,
LMN88,260720,152,0,410.0,1290.69287109375,5546.296875,12.985276347864568,0,,83,83,575,575,34,34,2,2,A,LMN88 A,LMN88 260720,1227.3422974752723,
LMN88,260720,159,0,410.0,1115.8592529296875,6001.2412109375,1.0380750531336742,0,,83,24,575,153,34,2,2,2,A,LMN88 A,LMN88 260720,1227.3422974752723,
LMN88,260722,0,0,410.0,1155.1298828125,5954.36865234375,0.1602480397925207,1,,10,10,492,492,89,89,3,3,A,LMN88 A,LMN88 260722,1227.3422974752723,
LMN88,260722,14,0,410.0,1115.7220458984375,6072.994140625,2.4043289797268104,1,,10,10,492,492,89,89,3,3,A,LMN88 A,LMN88 260722,1227.3422974752723,
LMN88,260722,32,0,410.0,1200.9801025390625,5745.009765625,1.917744385094851,1,,10,10,492,492,89,89,3,3,A,LMN88 A,LMN88 260722,1227.3422974752723,
LMN88,260722,71,0,410.0,1200.9801025390625,5745.009765625,19.030458557046185,1,,10,10,492,492,89,89,3,3,A,LMN88 A,LMN88 260722,1227.3422974752723,
LMN88,260722,83,0,410.0,1249.7086181640625,5669.66748046875,2.517366511212954,1,,10,10,492,492,89,89,3,3,A,LMN88 A,LMN88 260722,1227.3422974752723,
LMN88,260722,84,0,410.0,1066.9935302734375,6148.3369140625,4.5470533386837495,1,,10,10,492,492,89,89,3,3,A,LMN88 A,LMN88 260722,1227.3422974752723,
LMN88,260722,92,0,410.0,1271.9141845703125,5531.48388671875,9.17356147614086,1,,10,10,492,489,89,89,3,3,A,LMN88 A,LMN88 260722,1227.3422974752723,
LMN88,260722,94,0,410.0,1271.9141845703125,5531.48388671875,9.920412249296891,1,,10,10,492,395,89,89,3,1,A,LMN88 A,LMN88 260722,1227.3422974752723,
LMN88,260722,101,0,410.0,1208.8616943359375,5721.28466796875,9.992931483705656,1,,10,10,492,492,89,89,3,3,A,LMN88 A,LMN88 260722,1227.3422974752723,
LMN88,260722,104,0,410.0,1271.9141845703125,5531.48388671875,2.369894511039427,1,,10,10,492,492,89,89,3,3,A,LMN88 A,LMN88 260722,1227.3422974752723,
LMN88,260722,105,0,410.0,1328.5242919921875,5432.416015625,1.1909702456258107,1,,10,10,492,492,89,89,3,3,A,LMN88 A,LMN88 260722,1227.3422974752723,
LMN88,260722,107,0,410.0,1271.9141845703125,5531.48388671875,13.206287962734265,1,,10,10,492,492,89,89,3,3,A,LMN88 A,LMN88 260722,1227.3422974752723,
LMN88,260722,108,0,410.0,1271.9141845703125,5531.48388671875,1.0823130705804644,1,,10,10,492,492,89,89,3,3,A,LMN88 A,LMN88 260722,1227.3422974752723,
LMN88,260722,109,0,410.0,1312.76123046875,5479.8662109375,26.37217930495895,1,,10,10,492,492,89,89,3,3,A,LMN88 A,LMN88 260722,1227.3422974752723,
LMN88,260722,124,0,410.0,1248.26953125,5602.6591796875,8.277535230862103,1,,10,10,492,492,89,89,3,3,A,LMN88 A,LMN88 260722,1227.3422974752723,
LMN88,260722,132,0,410.0,1200.9801025390625,5745.009765625,21.17525141765572,1,,10,10,492,492,89,89,3,3,A,LMN88 A,LMN88 260722,1227.3422974752723,
LMN88,260722,134,0,410.0,1271.9141845703125,5531.48388671875,36.64703539625706,1,,10,10,492,492,89,89,3,3,A,LMN88 A,LMN88 260722,1227.3422974752723,
LMN88,260722,136,0,410.0,1271.9141845703125,5531.48388671875,1.2963421533405586,1,,10,10,492,492,89,89,3,3,A,LMN88 A,LMN88 260722,1227.3422974752723,
LMN88,260722,140,0,410.0,1200.9801025390625,5745.009765625,81.31121816828434,1,,10,10,492,492,89,89,3,3,A,LMN88 A,LMN88 260722,1227.3422974752723,
LMN88,260722,143,0,410.0,1200.9801025390625,5745.009765625,14.518934776160012,1,,10,10,492,492,89,89,3,3,A,LMN88 A,LMN88 260722,1227.3422974752723,
LMN88,260722,148,0,410.0,1200.9801025390625,5745.009765625,1.541642114025237,1,,10,8,492,362,89,85,3,0,A,LMN88 A,LMN88 260722,1227.3422974752723,
LMN88,260722,150,0,410.0,1279.7957763671875,5507.7587890625,0.19808945237830197,1,,10,7,492,339,89,70,3,0,A,LMN88 A,LMN88 260722,1227.3422974752723,
LMN88,260722,153,0,410.0,1200.9801025390625,5745.009765625,0.9102624037113496,1,,10,8,492,479,89,87,3,3,A,LMN88 A,LMN88 260722,1227.3422974752723,
LMN88,260722,162,0,410.0,1200.9801025390625,5745.009765625,24.10631825938847,1,,10,10,492,492,89,89,3,3,A,LMN88 A,LMN88 260722,1227.3422974752723,
LMN88,260722,164,0,410.0,1289.116455078125,5551.04150390625,5.848870937575304,1,,10,10,492,492,89,89,3,3,A,LMN88 A,LMN88 260722,1227.3422974752723,
LMN88,260724,21,0,410.0,1065.280029296875,6224.8349609375,0.11828733608007673,2,,7,7,511,503,95,93,3,3,A,LMN88 A,LMN88 260724,1227.3422974752723,
LMN88,260724,50,0,410.0,1095.3670654296875,6062.92626953125,0.2566973602961881,2,,7,6,511,509,95,95,3,3,A,LMN88 A,LMN88 260724,1227.3422974752723,
LMN88,260724,56,0,410.0,1136.214111328125,6011.30908203125,3.8054239119478868,2,,7,7,511,511,95,95,3,3,A,LMN88 A,LMN88 260724,1227.3422974752723,
LMN88,260724,57,0,410.0,1111.1302490234375,6015.47607421875,1.5116504029387303,2,,7,6,511,394,95,81,3,2,A,LMN88 A,LMN88 260724,1227.3422974752723,
LMN88,260724,69,0,410.0,1151.977294921875,5963.85888671875,21.17545607407228,2,,7,7,511,459,95,95,3,2,A,LMN88 A,LMN88 260724,1227.3422974752723,
LMN88,260724,94,0,410.0,1207.148193359375,5797.78271484375,1.2937078494230534,2,,7,7,511,419,95,94,3,1,A,LMN88 A,LMN88 260724,1227.3422974752723,
LMN88,260724,100,0,410.0,1189.9459228515625,5778.22509765625,1.1377303990564356,2,,7,7,511,511,95,95,3,3,A,LMN88 A,LMN88 260724,1227.3422974752723,
LMN88,260724,104,0,410.0,1189.9459228515625,5778.22509765625,0.8207714436015404,2,,7,5,511,429,95,75,3,3,A,LMN88 A,LMN88 260724,1227.3422974752723,
LMN88,260724,110,0,410.0,1197.8275146484375,5754.5,15.021001112678183,2,,7,7,511,511,95,95,3,3,A,LMN88 A,LMN88 260724,1227.3422974752723,
LMN88,260724,125,0,410.0,1229.353759765625,5659.599609375,0.28576346538157144,2,,7,7,511,475,95,95,3,0,A,LMN88 A,LMN88 260724,1227.3422974752723,
LMN88,260727,6,0,410.0,1229.353759765625,5659.599609375,3.080754065319455,3,,4,4,286,286,31,31,3,3,A,LMN88 A,LMN88 260727,1227.3422974752723,
LMN88,260727,9,0,410.0,1237.2353515625,5635.87451171875,1.1890206452516605,3,,4,4,286,286,31,31,3,3,A,LMN88 A,LMN88 260727,1227.3422974752723,
LMN88,260727,12,0,410.0,1237.2353515625,5635.87451171875,1.3705993604638904,3,,4,4,286,286,31,31,3,3,A,LMN88 A,LMN88 260727,1227.3422974752723,
LMN88,260727,13,0,410.0,1262.3192138671875,5631.70703125,15.591538033258104,3,,4,4,286,286,31,31,3,3,A,LMN88 A,LMN88 260727,1227.3422974752723,
LMN88,260727,25,0,410.0,1285.9638671875,5560.53173828125,0.9782802415189226,3,,4,4,286,251,31,29,3,2,A,LMN88 A,LMN88 260727,1227.3422974752723,
LMN88,260727,34,0,410.0,1309.6085205078125,5489.3564453125,0.40385791656099634,3,,4,4,286,266,31,31,3,2,A,LMN88 A,LMN88 260727,1227.3422974752723,
LMN88,260727,39,0,410.0,1325.3717041015625,5441.90625,31.681132530888057,3,,4,4,286,286,31,31,3,3,A,LMN88 A,LMN88 260727,1227.3422974752723,
LMN88,260727,64,0,410.0,1347.5772705078125,5303.72265625,0.3166875454799085,3,,4,4,286,264,31,26,3,3,A,LMN88 A,LMN88 260727,1227.3422974752723,
LMN88,260727,67,0,410.0,1380.542724609375,5275.83056640625,0.2467204726627178,3,,4,3,286,154,31,20,3,2,A,LMN88 A,LMN88 260727,1227.3422974752723,
LMN88,260727,72,0,410.0,1388.4241943359375,5252.10546875,10.232081235093313,3,,4,4,286,286,31,31,3,3,A,LMN88 A,LMN88 260727,1227.3422974752723,
LMN88,260727,75,0,410.0,1396.3057861328125,5228.38037109375,4.7293335501694855,3,,4,4,286,286,31,31,3,3,A,LMN88 A,LMN88 260727,1227.3422974752723,
LMN88,260727,77,0,410.0,1404.1873779296875,5204.6552734375,31.691517448742474,3,,4,4,286,286,31,31,3,3,A,LMN88 A,LMN88 260727,1227.3422974752723,
LMN88,260727,89,0,410.0,1386.985107421875,5185.09716796875,2.130062039918855,3,,4,4,286,232,31,31,3,2,A,LMN88 A,LMN88 260727,1227.3422974752723,
LMN88,260727,97,0,410.0,1402.748291015625,5137.64697265625,5.022733704097047,3,,4,4,286,286,31,31,3,3,A,LMN88 A,LMN88 260727,1227.3422974752723,
LMN88,260727,100,0,410.0,1427.83203125,5133.47998046875,1.4715113905240667,3,,4,4,286,286,31,31,3,3,A,LMN88 A,LMN88 260727,1227.3422974752723,
LMN88,260727,101,0,410.0,1427.83203125,5133.47998046875,1.1152772386692242,3,,4,4,286,286,31,31,3,3,A,LMN88 A,LMN88 260727,1227.3422974752723,
LMN88,260727,102,0,410.0,1402.748291015625,5137.64697265625,28.000990378495985,3,,4,4,286,286,31,31,3,3,A,LMN88 A,LMN88 260727,1227.3422974752723,
LMN88,260727,105,0,410.0,1435.713623046875,5109.7548828125,1.9687286696147477,3,,4,4,286,284,31,31,3,3,A,LMN88 A,LMN88 260727,1227.3422974752723,
LMN88,260727,106,0,410.0,1418.5113525390625,5090.19677734375,1.3007371858068453,3,,4,4,286,256,31,29,3,3,A,LMN88 A,LMN88 260727,1227.3422974752723,
LMN88,260727,108,0,410.0,1443.59521484375,5086.029296875,13.240560468072374,3,,4,4,286,286,31,31,3,3,A,LMN88 A,LMN88 260727,1227.3422974752723,
LMN88,260727,109,0,410.0,1443.59521484375,5086.029296875,7.371613306079858,3,,4,4,286,286,31,31,3,3,A,LMN88 A,LMN88 260727,1227.3422974752723,
LMN88,260727,116,0,410.0,1404.1873779296875,5204.6552734375,1.6085083876743682,3,,4,4,286,286,31,31,3,3,A,LMN88 A,LMN88 260727,1227.3422974752723,
LMN88,260727,119,0,410.0,1339.6956787109375,5327.44775390625,1.57640955066978,3,,4,4,286,271,31,31,3,2,A,LMN88 A,LMN88 260727,1227.3422974752723,
LMN88,260729,9,0,410.0,1062.12744140625,6234.32470703125,1.013368391280588,4,,156,153,653,620,184,178,4,4,A,LMN88 A,LMN88 260729,1227.3422974752723,
LMN88,260729,20,0,410.0,1044.925048828125,6214.76708984375,1.2627163049284131,4,,156,146,653,471,184,171,4,0,A,LMN88 A,LMN88 260729,1227.3422974752723,
LMN88,260729,21,0,410.0,1044.925048828125,6214.76708984375,12.307074209023627,4,,156,151,653,530,184,172,4,1,A,LMN88 A,LMN88 260729,1227.3422974752723,
LMN88,260729,26,0,410.0,1052.806640625,6191.0419921875,0.18931971221408964,4,,156,156,653,650,184,183,4,4,A,LMN88 A,LMN88 260729,1227.3422974752723,
LMN88,260729,55,0,410.0,1084.3328857421875,6096.1416015625,0.11017483740068727,4,,156,11,653,181,184,20,4,4,A,LMN88 A,LMN88 260729,1227.3422974752723,
LMN88,260729,122,0,410.0,1210.43798828125,5716.53955078125,3.513866209772632,4,,156,156,653,653,184,184,4,4,A,LMN88 A,LMN88 260729,1227.3422974752723,
LMN88,260729,152,0,410.0,1219.7586669921875,5759.82275390625,0.2392816460227835,4,,156,156,653,653,184,184,4,4,A,LMN88 A,LMN88 260729,1227.3422974752723,
LMN88,260729,166,0,410.0,1060.688232421875,6167.31689453125,0.8881403279819022,4,,156,148,653,481,184,167,4,1,A,LMN88 A,LMN88 260729,1227.3422974752723,
LMN88,260729,168,0,410.0,1052.806640625,6191.0419921875,0.7765802243942826,4,,156,156,653,653,184,184,4,4,A,LMN88 A,LMN88 260729,1227.3422974752723,
LMN88,260729,170,0,410.0,1037.04345703125,6238.4921875,0.2779767481777608,4,,156,155,653,565,184,180,4,2,A,LMN88 A,LMN88 260729,1227.3422974752723,
TRQ82,260806,2,0,-786.739990234375,247.615966796875,6262.92041015625,18.940601220070988,5,,0,0,372,372,1,1,2,2,A,TRQ82 A,TRQ82 260806,460.91996856972025,
TRQ82,260806,5,0,-777.8941650390625,268.762939453125,6218.484375,16.31331089691826,5,,0,0,372,275,1,1,2,2,A,TRQ82 A,TRQ82 260806,460.91996856972025,
TRQ82,260806,6,0,-782.3170166015625,258.189453125,6240.7021484375,4.4770541509742445,5,,0,0,372,330,1,0,2,2,A,TRQ82 A,TRQ82 260806,460.91996856972025,
TRQ82,260806,7,0,-780.1055908203125,284.6191711425781,6237.28857421875,7.637374554857613,5,,0,0,372,372,1,1,2,2,A,TRQ82 A,TRQ82 260806,460.91996856972025,
TRQ82,260806,12,0,-777.8941650390625,268.762939453125,6218.484375,4.84429693182904,5,,0,0,372,372,1,1,2,2,A,TRQ82 A,TRQ82 260806,460.91996856972025,
TRQ82,260806,14,0,-766.8370361328125,316.3396301269531,6170.63427734375,30.060106863066167,5,,0,0,372,372,1,1,2,2,A,TRQ82 A,TRQ82 260806,460.91996856972025,
TRQ82,260806,16,0,-769.0484619140625,289.90966796875,6174.04833984375,8.792704800867433,5,,0,0,372,372,1,1,2,2,A,TRQ82 A,TRQ82 260806,460.91996856972025,
TRQ82,260806,17,0,-766.8370361328125,316.3396301269531,6170.63427734375,2.761394713557107,5,,0,0,372,372,1,1,2,2,A,TRQ82 A,TRQ82 260806,460.91996856972025,
TRQ82,260806,25,0,-757.9913330078125,337.4866027832031,6126.1982421875,4.495386400479747,5,,0,0,372,372,1,1,2,2,A,TRQ82 A,TRQ82 260806,460.91996856972025,
TRQ82,260806,26,0,-760.2027587890625,311.056640625,6129.6123046875,1.5008532964722276,5,,0,0,372,99,1,1,2,2,A,TRQ82 A,TRQ82 260806,460.91996856972025,
TRQ82,260806,34,0,-749.1455078125,358.6333312988281,6081.76220703125,1.419753018768537,5,,0,0,372,372,1,1,2,2,A,TRQ82 A,TRQ82 260806,460.91996856972025,
TRQ82,260806,38,0,-744.72265625,369.2068176269531,6059.54443359375,1.9505912001017838,5,,0,0,372,246,1,1,2,2,A,TRQ82 A,TRQ82 260806,460.91996856972025,
TRQ82,260806,43,0,-738.08837890625,363.924072265625,6018.52197265625,0.95447255577562,5,,0,0,372,372,1,1,2,2,A,TRQ82 A,TRQ82 260806,460.91996856972025,
TRQ82,260806,46,0,-731.4541015625,400.9272766113281,5992.89013671875,1.0208273284422757,5,,0,0,372,372,1,1,2,2,A,TRQ82 A,TRQ82 260806,460.91996856972025,
TRQ82,260806,53,0,-722.6082763671875,422.0742492675781,5948.4541015625,1.0409529501820123,5,,0,0,372,212,1,1,2,2,A,TRQ82 A,TRQ82 260806,460.91996856972025,
TRQ82,260806,62,0,-715.9739990234375,416.791259765625,5907.43212890625,1.0479271755373665,5,,0,0,372,367,1,0,2,1,A,TRQ82 A,TRQ82 260806,460.91996856972025,
TRQ82,260806,63,0,-720.3968505859375,406.2177734375,5929.64990234375,5.836828831686734,5,,0,0,372,372,1,1,2,2,A,TRQ82 A,TRQ82 260806,460.91996856972025,
TRQ82,260806,65,0,-715.9739990234375,416.791259765625,5907.43212890625,4.086298267492826,5,,0,0,372,372,1,1,2,2,A,TRQ82 A,TRQ82 260806,460.91996856972025,
TRQ82,260806,69,0,-711.5511474609375,427.36474609375,5885.2138671875,1.0678535336955215,5,,0,0,372,329,1,1,2,2,A,TRQ82 A,TRQ82 260806,460.91996856972025,
TRQ82,260806,76,0,-698.282470703125,459.085205078125,5818.56005859375,2.6129433452788526,5,,0,0,372,334,1,1,2,1,A,TRQ82 A,TRQ82 260806,460.91996856972025,
TRQ82,260806,78,0,-696.071044921875,485.5149230957031,5815.14599609375,7.873302635450168,5,,0,0,372,372,1,1,2,2,A,TRQ82 A,TRQ82 260806,460.91996856972025,
TRQ82,260806,79,0,-696.071044921875,485.5149230957031,5815.14599609375,3.865713482682052,5,,0,0,372,372,1,1,2,2,A,TRQ82 A,TRQ82 260806,460.91996856972025,
TRQ82,260806,80,0,-698.282470703125,459.085205078125,5818.56005859375,1.2886375820878777,5,,0,0,372,370,1,1,2,2,A,TRQ82 A,TRQ82 260806,460.91996856972025,
TRQ82,260806,83,0,-693.859619140625,469.658447265625,5796.341796875,9.751760419019428,5,,0,0,372,372,1,1,2,2,A,TRQ82 A,TRQ82 260806,460.91996856972025,
TRQ82,260806,84,0,-698.282470703125,459.085205078125,5818.56005859375,5.545704738996092,5,,0,0,372,372,1,1,2,2,A,TRQ82 A,TRQ82 260806,460.91996856972025,
TRQ82,260806,86,0,-693.859619140625,469.658447265625,5796.341796875,2.0135584918815534,5,,0,0,372,372,1,1,2,2,A,TRQ82 A,TRQ82 260806,460.91996856972025,
TRQ82,260806,87,0,-691.648193359375,496.0884094238281,5792.92822265625,1.2188953285343356,5,,0,0,372,310,1,1,2,2,A,TRQ82 A,TRQ82 260806,460.91996856972025,
TRQ82,260806,88,0,-693.859619140625,469.658447265625,5796.341796875,1.673017030958686,5,,0,0,372,367,1,0,2,2,A,TRQ82 A,TRQ82 260806,460.91996856972025,
TRQ82,260806,89,0,-691.648193359375,496.0884094238281,5792.92822265625,5.172085523530686,5,,0,0,372,372,1,1,2,2,A,TRQ82 A,TRQ82 260806,460.91996856972025,
TRQ82,260806,90,0,-691.648193359375,496.0884094238281,5792.92822265625,6.284374835918896,5,,0,0,372,371,1,1,2,2,A,TRQ82 A,TRQ82 260806,460.91996856972025,
TRQ82,260806,91,0,-691.648193359375,496.0884094238281,5792.92822265625,8.401948917386017,5,,0,0,372,114,1,0,2,0,A,TRQ82 A,TRQ82 260806,460.91996856972025,
TRQ82,260806,92,0,-691.648193359375,496.0884094238281,5792.92822265625,31.063199732747687,5,,0,0,372,243,1,0,2,0,A,TRQ82 A,TRQ82 260806,460.91996856972025,
TRQ82,260806,93,0,-687.225341796875,506.6618957519531,5770.7099609375,12.163049019737755,5,,0,0,372,372,1,1,2,2,A,TRQ82 A,TRQ82 260806,460.91996856972025,
TRQ82,260806,98,0,-685.013916015625,490.805419921875,5751.90576171875,1.351804137449229,5,,0,0,372,372,1,1,2,2,A,TRQ82 A,TRQ82 260806,460.91996856972025,
TRQ82,260806,99,0,-685.013916015625,490.805419921875,5751.90576171875,3.976703297622975,5,,0,0,372,370,1,1,2,2,A,TRQ82 A,TRQ82 260806,460.91996856972025,
TRQ82,260806,100,0,-680.591064453125,501.37890625,5729.68798828125,1.7840068458996088,5,,0,0,372,372,1,1,2,2,A,TRQ82 A,TRQ82 260806,460.91996856972025,
TRQ82,260806,104,0,-678.379638671875,527.80859375,5726.27392578125,3.7820227784178018,5,,0,0,372,372,1,1,2,2,A,TRQ82 A,TRQ82 260806,460.91996856972025,
TRQ82,260806,105,0,-680.591064453125,501.37890625,5729.68798828125,9.464621597960416,5,,0,0,372,372,1,1,2,2,A,TRQ82 A,TRQ82 260806,460.91996856972025,
TRQ82,260806,107,0,-678.379638671875,527.80859375,5726.27392578125,13.693791853447213,5,,0,0,372,372,1,1,2,2,A,TRQ82 A,TRQ82 260806,460.91996856972025,
TRQ82,260806,109,0,-676.168212890625,511.952392578125,5707.4697265625,0.6388390425504463,5,,0,0,372,372,1,1,2,2,A,TRQ82 A,TRQ82 260806,460.91996856972025,
TRQ82,260806,110,0,-676.168212890625,511.952392578125,5707.4697265625,1.846177083353052,5,,0,0,372,372,1,1,2,2,A,TRQ82 A,TRQ82 260806,460.91996856972025,
TRQ82,260806,112,0,-671.745361328125,522.52587890625,5685.251953125,7.015472916741599,5,,0,0,372,372,1,1,2,2,A,TRQ82 A,TRQ82 260806,460.91996856972025,
TRQ82,260806,118,0,-662.8995361328125,543.6728515625,5640.81591796875,0.36285898206000083,5,,0,0,372,221,1,1,2,2,A,TRQ82 A,TRQ82 260806,460.91996856972025,
TRQ82,260806,119,0,-662.8995361328125,543.6728515625,5640.81591796875,1.5925145439997401,5,,0,0,372,204,1,1,2,2,A,TRQ82 A,TRQ82 260806,460.91996856972025,
TRQ82,260806,120,0,-660.6881103515625,570.1025390625,5637.40185546875,5.749551382954017,5,,0,0,372,372,1,1,2,2,A,TRQ82 A,TRQ82 260806,460.91996856972025,
TRQ82,260806,121,0,-660.6881103515625,570.1025390625,5637.40185546875,1.2176997470448463,5,,0,0,372,372,1,1,2,2,A,TRQ82 A,TRQ82 260806,460.91996856972025,
TRQ82,260806,125,0,-658.4766845703125,554.24609375,5618.59765625,0.40071906256049517,5,,0,0,372,371,1,1,2,2,A,TRQ82 A,TRQ82 260806,460.91996856972025,
TRQ82,260806,126,0,-656.2652587890625,580.676025390625,5615.18408203125,2.511119655090681,5,,0,0,372,368,1,1,2,2,A,TRQ82 A,TRQ82 260806,460.91996856972025,
TRQ82,260806,128,0,-654.0538330078125,564.819580078125,5596.3798828125,2.1014337313590166,5,,0,0,372,372,1,1,2,2,A,TRQ82 A,TRQ82 260806,460.91996856972025,
TRQ82,260806,130,0,-651.8424072265625,591.24951171875,5592.9658203125,4.715971185290522,5,,0,0,372,372,1,1,2,2,A,TRQ82 A,TRQ82 260806,460.91996856972025,
TRQ82,260806,132,0,-651.8424072265625,591.24951171875,5592.9658203125,0.38836472050243914,5,,0,0,372,303,1,0,2,2,A,TRQ82 A,TRQ82 260806,460.91996856972025,
TRQ82,260806,134,0,-647.4195556640625,601.822998046875,5570.748046875,0.8998743344222756,5,,0,0,372,372,1,1,2,2,A,TRQ82 A,TRQ82 260806,460.91996856972025,
TRQ82,260806,139,0,-649.6309814453125,575.39306640625,5574.16162109375,2.510322600764355,5,,0,0,372,372,1,1,2,2,A,TRQ82 A,TRQ82 260806,460.91996856972025,
TRQ82,260806,140,0,-647.4195556640625,601.822998046875,5570.748046875,5.754931499656719,5,,0,0,372,292,1,0,2,0,A,TRQ82 A,TRQ82 260806,460.91996856972025,
TRQ82,260806,152,1,-851.915771484375,771.1533203125,6213.48779296875,0.44296294185578355,5,,0,0,372,191,1,1,2,2,B,TRQ82 B,TRQ82 260806,890.1846854357216,
TRQ82,260806,167,1,-830.0989990234375,824.743896484375,6102.68603515625,3.029603494365872,5,,0,0,372,372,1,1,2,2,B,TRQ82 B,TRQ82 260806,890.1846854357216,
TRQ82,260806,171,1,-825.735595703125,835.4619140625,6080.525390625,3.986068685957308,5,,0,0,372,361,1,0,2,2,B,TRQ82 B,TRQ82 260806,890.1846854357216,
TRQ82,260806,177,1,-814.8271484375,841.1142578125,6017.42919921875,7.144994244769604,5,,0,0,372,372,1,1,2,2,B,TRQ82 B,TRQ82 260806,890.1846854357216,
TRQ82,260806,178,1,-817.0089111328125,856.898193359375,6036.20458984375,10.431049968630932,5,,0,0,372,372,1,1,2,2,B,TRQ82 B,TRQ82 260806,890.1846854357216,
TRQ82,260806,180,1,-808.2821044921875,878.33447265625,5991.8837890625,12.954324702198083,5,,0,0,372,372,1,1,2,2,B,TRQ82 B,TRQ82 260806,890.1846854357216,
TRQ82,260806,182,1,-810.4638671875,851.832275390625,5995.26904296875,6.695256341140048,5,,0,0,372,344,1,1,2,2,B,TRQ82 B,TRQ82 260806,890.1846854357216,
TRQ82,260806,185,1,-810.4638671875,851.832275390625,5995.26904296875,18.929442459502418,5,,0,0,372,372,1,1,2,2,B,TRQ82 B,TRQ82 260806,890.1846854357216,
TRQ82,260806,187,1,-803.9188232421875,889.052490234375,5969.7236328125,0.5101147688487656,5,,0,0,372,362,1,1,2,2,B,TRQ82 B,TRQ82 260806,890.1846854357216,
TRQ82,260806,194,1,-797.3736572265625,883.986572265625,5928.78759765625,2.6657481943979633,5,,0,0,372,372,1,1,2,2,B,TRQ82 B,TRQ82 260806,890.1846854357216,
TRQ82,260806,195,1,-797.3736572265625,883.986572265625,5928.78759765625,2.0137577554631347,5,,0,0,372,240,1,1,2,2,B,TRQ82 B,TRQ82 260806,890.1846854357216,
TRQ82,260806,197,1,-797.3736572265625,883.986572265625,5928.78759765625,0.3285856460279744,5,,0,0,372,270,1,0,2,2,B,TRQ82 B,TRQ82 260806,890.1846854357216,
TRQ82,260806,200,1,-793.0103759765625,894.704833984375,5906.62744140625,6.519505862185122,5,,0,0,372,372,1,1,2,2,B,TRQ82 B,TRQ82 260806,890.1846854357216,
TRQ82,260806,201,1,-797.3736572265625,883.986572265625,5928.78759765625,2.9919426774469593,5,,0,0,372,372,1,1,2,2,B,TRQ82 B,TRQ82 260806,890.1846854357216,
TRQ82,260806,202,1,-788.64697265625,905.4228515625,5884.466796875,1.2079358315473505,5,,0,0,372,372,1,1,2,2,B,TRQ82 B,TRQ82 260806,890.1846854357216,
TRQ82,260806,206,1,-788.64697265625,905.4228515625,5884.466796875,22.902160485493763,5,,0,0,372,372,1,1,2,2,B,TRQ82 B,TRQ82 260806,890.1846854357216,
TRQ82,260806,209,1,-782.1019287109375,942.64306640625,5858.92138671875,5.310772976311446,5,,0,0,372,372,1,1,2,2,B,TRQ82 B,TRQ82 260806,890.1846854357216,
TRQ82,260806,210,1,-784.2835693359375,916.14111328125,5862.306640625,6.436213685084035,5,,0,0,372,372,1,1,2,2,B,TRQ82 B,TRQ82 260806,890.1846854357216,
TRQ82,260806,211,1,-777.738525390625,953.361328125,5836.76123046875,1.939033912370054,5,,0,0,372,372,1,1,2,2,B,TRQ82 B,TRQ82 260806,890.1846854357216,
TRQ82,260806,212,1,-777.738525390625,953.361328125,5836.76123046875,0.5573402376835928,5,,0,0,372,372,1,1,2,2,B,TRQ82 B,TRQ82 260806,890.1846854357216,
TRQ82,260806,214,1,-775.556884765625,937.5771484375,5817.98583984375,13.505687032434233,5,,0,0,372,372,1,1,2,2,B,TRQ82 B,TRQ82 260806,890.1846854357216,
TRQ82,260806,215,1,-775.556884765625,937.5771484375,5817.98583984375,0.5955988453472502,5,,0,0,372,226,1,1,2,2,B,TRQ82 B,TRQ82 260806,890.1846854357216,
TRQ82,260806,216,1,-773.375244140625,964.079345703125,5814.60107421875,7.551691214777546,5,,0,0,372,370,1,0,2,2,B,TRQ82 B,TRQ82 260806,890.1846854357216,
TRQ82,260806,217,1,-773.375244140625,964.079345703125,5814.60107421875,1.1597140448046155,5,,0,0,372,372,1,1,2,2,B,TRQ82 B,TRQ82 260806,890.1846854357216,
TRQ82,260806,218,1,-775.556884765625,937.5771484375,5817.98583984375,7.564045556835603,5,,0,0,372,333,1,0,2,0,B,TRQ82 B,TRQ82 260806,890.1846854357216,
TRQ82,260806,219,1,-771.1934814453125,948.29541015625,5795.8251953125,0.3943426279498856,5,,0,0,372,255,1,1,2,2,B,TRQ82 B,TRQ82 260806,890.1846854357216,
TRQ82,260806,221,1,-769.0118408203125,974.797607421875,5792.4404296875,15.80279760090633,5,,0,0,372,360,1,1,2,0,B,TRQ82 B,TRQ82 260806,890.1846854357216,
TRQ82,260806,226,1,-760.28515625,996.233642578125,5748.11962890625,2.8970932126141418,5,,0,0,372,372,1,1,2,2,B,TRQ82 B,TRQ82 260806,890.1846854357216,
TRQ82,260806,227,1,-762.466796875,969.731689453125,5751.50439453125,1.7796230471048147,5,,0,0,372,372,1,1,2,2,B,TRQ82 B,TRQ82 260806,890.1846854357216,
TRQ82,260806,228,1,-760.28515625,996.233642578125,5748.11962890625,14.844937564243821,5,,0,0,372,372,1,1,2,2,B,TRQ82 B,TRQ82 260806,890.1846854357216,
TRQ82,260806,235,1,-749.376708984375,1001.885986328125,5685.0234375,0.6426250506004957,5,,0,0,372,372,1,1,2,2,B,TRQ82 B,TRQ82 260806,890.1846854357216,
TRQ82,260806,240,1,-742.8316650390625,1039.106201171875,5659.47802734375,3.348823752059514,5,,0,0,372,372,1,1,2,2,B,TRQ82 B,TRQ82 260806,890.1846854357216,
TRQ82,260806,241,1,-745.0133056640625,1012.60400390625,5662.86279296875,1.0859865196194425,5,,0,0,372,336,1,1,2,2,B,TRQ82 B,TRQ82 260806,890.1846854357216,
TRQ82,260806,244,1,-740.6500244140625,1023.322265625,5640.70263671875,9.307601895674157,5,,0,0,372,372,1,1,2,2,B,TRQ82 B,TRQ82 260806,890.1846854357216,
TRQ82,260806,245,1,-738.46826171875,1049.824462890625,5637.31787109375,2.011167328902575,5,,0,0,372,372,1,1,2,1,B,TRQ82 B,TRQ82 260806,890.1846854357216,
TRQ82,260806,247,1,-734.10498046875,1060.54248046875,5615.1572265625,0.948693911909755,5,,0,0,372,372,1,1,2,2,B,TRQ82 B,TRQ82 260806,890.1846854357216,
TRQ82,260806,248,1,-734.10498046875,1060.54248046875,5615.1572265625,40.075493000517994,5,,0,0,372,372,1,1,2,2,B,TRQ82 B,TRQ82 260806,890.1846854357216,
TRQ82,260806,249,1,-736.28662109375,1034.040283203125,5618.5419921875,0.7502273846545322,5,,0,0,372,170,1,1,2,2,B,TRQ82 B,TRQ82 260806,890.1846854357216,
TRQ82,260806,250,1,-729.7415771484375,1071.260498046875,5592.9970703125,21.16876658931587,5,,0,0,372,367,1,1,2,2,B,TRQ82 B,TRQ82 260806,890.1846854357216,
TRQ82,260806,251,1,-731.9232177734375,1044.758544921875,5596.3818359375,7.861346820555274,5,,0,0,372,372,1,1,2,2,B,TRQ82 B,TRQ82 260806,890.1846854357216,
TRQ82,260806,253,1,-731.9232177734375,1044.758544921875,5596.3818359375,7.98070570592262,5,,0,0,372,372,1,1,2,2,B,TRQ82 B,TRQ82 260806,890.1846854357216,
TRQ82,260806,259,0,-665.1109619140625,559.529052734375,5659.6201171875,2.473259574590187,5,,0,0,372,370,1,1,2,2,A,TRQ82 A,TRQ82 260806,460.91996856972025,
TRQ82,260806,261,0,-711.5511474609375,427.36474609375,5885.2138671875,0.8036300245183874,5,,0,0,372,351,1,1,2,2,A,TRQ82 A,TRQ82 260806,460.91996856972025,
TRQ82,260806,265,0,-647.4195556640625,601.822998046875,5570.748046875,12.382438223059038,5,,0,0,372,372,1,1,2,2,A,TRQ82 A,TRQ82 260806,460.91996856972025,
TRQ82,260810,2,0,-818.142333984375,193.68751525878906,6428.36328125,4.746501794238816,6,,0,0,645,645,2,2,5,5,A,TRQ82 A,TRQ82 260810,460.91996856972025,
TRQ82,260810,8,0,-815.930908203125,177.8310546875,6409.55908203125,5.219118050887713,6,,0,0,645,628,2,2,5,3,A,TRQ82 A,TRQ82 260810,460.91996856972025,
TRQ82,260810,13,0,-800.4508056640625,235.98121643066406,6339.4912109375,79.89573606383493,6,,0,0,645,645,2,2,5,5,A,TRQ82 A,TRQ82 260810,460.91996856972025,
TRQ82,260810,14,0,-802.6622314453125,209.551513671875,6342.9052734375,15.247681186624725,6,,0,0,645,645,2,2,5,5,A,TRQ82 A,TRQ82 260810,460.91996856972025,
TRQ82,260810,20,0,-784.9708251953125,251.84521484375,6254.033203125,45.22288887150227,6,,0,0,645,645,2,2,5,5,A,TRQ82 A,TRQ82 260810,460.91996856972025,
TRQ82,260810,34,0,-762.8564453125,304.712646484375,6142.94287109375,19.173633544186142,6,,0,0,645,645,2,2,5,5,A,TRQ82 A,TRQ82 260810,460.91996856972025,
TRQ82,260810,51,0,-740.7420654296875,357.579833984375,6031.85302734375,1.3139863229163873,6,,0,0,645,645,2,2,5,5,A,TRQ82 A,TRQ82 260810,460.91996856972025,
TRQ82,260810,57,0,-738.5306396484375,384.0097961425781,6028.43896484375,17.13561885355909,6,,0,0,645,644,2,2,5,5,A,TRQ82 A,TRQ82 260810,460.91996856972025,
TRQ82,260810,59,0,-729.6849365234375,405.1565246582031,5984.0029296875,10.228465249893832,6,,0,0,645,645,2,2,5,5,A,TRQ82 A,TRQ82 260810,460.91996856972025,
TRQ82,260810,61,0,-729.6849365234375,405.1565246582031,5984.0029296875,0.18425655434923877,6,,0,0,645,623,2,2,5,5,A,TRQ82 A,TRQ82 260810,460.91996856972025,
TRQ82,260810,62,0,-729.6849365234375,405.1565246582031,5984.0029296875,10.821793017981191,6,,0,0,645,598,2,2,5,2,A,TRQ82 A,TRQ82 260810,460.91996856972025,
TRQ82,260810,64,0,-729.6849365234375,405.1565246582031,5984.0029296875,9.368681563237422,6,,0,0,645,645,2,2,5,5,A,TRQ82 A,TRQ82 260810,460.91996856972025,
TRQ82,260810,69,0,-725.2620849609375,415.7300109863281,5961.78515625,0.9197182157654361,6,,0,0,645,457,2,2,5,1,A,TRQ82 A,TRQ82 260810,460.91996856972025,
TRQ82,260810,71,0,-720.839111328125,426.3034973144531,5939.56689453125,0.6870807764727657,6,,0,0,645,452,2,2,5,2,A,TRQ82 A,TRQ82 260810,460.91996856972025,
TRQ82,260810,72,0,-720.839111328125,426.3034973144531,5939.56689453125,1.0211736535945728,6,,0,0,645,636,2,2,5,5,A,TRQ82 A,TRQ82 260810,460.91996856972025,
TRQ82,260810,75,0,-723.0506591796875,399.873779296875,5942.98095703125,0.8909544558115053,6,,0,0,645,645,2,2,5,5,A,TRQ82 A,TRQ82 260810,460.91996856972025,
TRQ82,260810,79,0,-723.0506591796875,399.873779296875,5942.98095703125,17.90598214839219,6,,0,0,645,645,2,2,5,5,A,TRQ82 A,TRQ82 260810,460.91996856972025,
TRQ82,260810,80,0,-723.0506591796875,399.873779296875,5942.98095703125,20.515300472915936,6,,0,0,645,645,2,2,5,5,A,TRQ82 A,TRQ82 260810,460.91996856972025,
TRQ82,260810,81,0,-718.627685546875,410.447265625,5920.7626953125,0.7087438592832574,6,,0,0,645,614,2,2,5,2,A,TRQ82 A,TRQ82 260810,460.91996856972025,
TRQ82,260810,83,0,-716.416259765625,436.8769836425781,5917.34912109375,0.1093985681929837,6,,0,0,645,387,2,2,5,0,A,TRQ82 A,TRQ82 260810,460.91996856972025,
TRQ82,260810,86,0,-714.204833984375,421.020751953125,5898.544921875,0.31411470075213144,6,,0,0,645,482,2,2,5,5,A,TRQ82 A,TRQ82 260810,460.91996856972025,
TRQ82,260810,87,0,-711.993408203125,447.4504699707031,5895.130859375,0.35659841315270707,6,,0,0,645,475,2,2,5,1,A,TRQ82 A,TRQ82 260810,460.91996856972025,
TRQ82,260810,90,0,-711.993408203125,447.4504699707031,5895.130859375,4.074585175733395,6,,0,0,645,645,2,2,5,5,A,TRQ82 A,TRQ82 260810,460.91996856972025,
TRQ82,260810,91,0,-714.204833984375,421.020751953125,5898.544921875,15.192199624537857,6,,0,0,645,573,2,2,5,2,A,TRQ82 A,TRQ82 260810,460.91996856972025,
TRQ82,260810,92,0,-709.781982421875,431.593994140625,5876.32666015625,0.5761176522990242,6,,0,0,645,574,2,2,5,3,A,TRQ82 A,TRQ82 260810,460.91996856972025,
TRQ82,260810,95,0,-703.147705078125,468.5974426269531,5850.69482421875,2.036931536486523,6,,0,0,645,628,2,2,5,4,A,TRQ82 A,TRQ82 260810,460.91996856972025,
TRQ82,260810,97,0,-703.147705078125,468.5974426269531,5850.69482421875,36.71543520044196,6,,0,0,645,645,2,2,5,5,A,TRQ82 A,TRQ82 260810,460.91996856972025,
TRQ82,260810,98,0,-705.359130859375,442.16748046875,5854.10888671875,0.5244873049340186,6,,0,0,645,629,2,2,5,5,A,TRQ82 A,TRQ82 260810,460.91996856972025,
TRQ82,260810,99,0,-703.147705078125,468.5974426269531,5850.69482421875,0.12949709502271778,6,,0,0,645,394,2,2,5,0,A,TRQ82 A,TRQ82 260810,460.91996856972025,
TRQ82,260810,100,0,-705.359130859375,442.16748046875,5854.10888671875,8.231851117526833,6,,0,0,645,645,2,2,5,5,A,TRQ82 A,TRQ82 260810,460.91996856972025,
TRQ82,260810,103,0,-698.724853515625,479.1709289550781,5828.47705078125,3.600885764943974,6,,0,0,645,619,2,2,5,4,A,TRQ82 A,TRQ82 260810,460.91996856972025,
TRQ82,260810,104,0,-700.936279296875,452.740966796875,5831.890625,11.64968383272215,6,,0,0,645,645,2,2,5,5,A,TRQ82 A,TRQ82 260810,460.91996856972025,
TRQ82,260810,105,0,-698.724853515625,479.1709289550781,5828.47705078125,2.136100315574552,6,,0,0,645,645,2,2,5,5,A,TRQ82 A,TRQ82 260810,460.91996856972025,
TRQ82,260810,107,0,-700.936279296875,452.740966796875,5831.890625,7.226563724659956,6,,0,0,645,645,2,2,5,5,A,TRQ82 A,TRQ82 260810,460.91996856972025,
TRQ82,260810,108,0,-694.302001953125,489.7444152832031,5806.2587890625,0.9980663652633815,6,,0,0,645,645,2,2,5,5,A,TRQ82 A,TRQ82 260810,460.91996856972025,
TRQ82,260810,110,0,-694.302001953125,489.7444152832031,5806.2587890625,1.914174067227069,6,,0,0,645,645,2,2,5,5,A,TRQ82 A,TRQ82 260810,460.91996856972025,
TRQ82,260810,114,0,-696.513427734375,463.314453125,5809.6728515625,26.36758229417029,6,,0,0,645,645,2,2,5,5,A,TRQ82 A,TRQ82 260810,460.91996856972025,
TRQ82,260810,115,0,-692.0904541015625,473.887939453125,5787.45458984375,0.7548380854855817,6,,0,0,645,642,2,2,5,5,A,TRQ82 A,TRQ82 260810,460.91996856972025,
TRQ82,260810,118,0,-692.0904541015625,473.887939453125,5787.45458984375,0.3008761501457198,6,,0,0,645,645,2,2,5,5,A,TRQ82 A,TRQ82 260810,460.91996856972025,
TRQ82,260810,122,0,-687.6676025390625,484.46142578125,5765.23681640625,1.434216432514617,6,,0,0,645,607,2,2,5,2,A,TRQ82 A,TRQ82 260810,460.91996856972025,
TRQ82,260810,124,0,-687.6676025390625,484.46142578125,5765.23681640625,16.012388009835085,6,,0,0,645,313,2,0,5,5,A,TRQ82 A,TRQ82 260810,460.91996856972025,
TRQ82,260810,127,0,-683.2447509765625,495.034912109375,5743.0185546875,2.209634446670166,6,,0,0,645,548,2,2,5,4,A,TRQ82 A,TRQ82 260810,460.91996856972025,
TRQ82,260810,128,0,-681.0333251953125,521.464599609375,5739.60498046875,22.901729745411718,6,,0,0,645,645,2,2,5,5,A,TRQ82 A,TRQ82 260810,460.91996856972025,
TRQ82,260810,129,0,-683.2447509765625,495.034912109375,5743.0185546875,7.455590650150876,6,,0,0,645,645,2,2,5,5,A,TRQ82 A,TRQ82 260810,460.91996856972025,
TRQ82,260810,131,1,-900.34912109375,631.0390625,6451.77294921875,35.74360523547127,6,,0,0,645,645,2,2,5,5,B,TRQ82 B,TRQ82 260810,890.1846854357216,
TRQ82,260810,136,1,-889.440673828125,678.977294921875,6404.0673828125,31.468877244660952,6,,0,0,645,645,2,2,5,5,B,TRQ82 B,TRQ82 260810,890.1846854357216,
TRQ82,260810,152,1,-869.8055419921875,706.06591796875,6296.650390625,79.89922622717665,6,,0,0,645,645,2,2,5,5,B,TRQ82 B,TRQ82 260810,890.1846854357216,
TRQ82,260810,162,1,-852.35205078125,748.938232421875,6208.0087890625,0.30075579968566146,6,,0,0,645,546,2,2,5,1,B,TRQ82 B,TRQ82 260810,890.1846854357216,
TRQ82,260810,166,1,-850.17041015625,775.4404296875,6204.62353515625,0.1670464385609036,6,,0,0,645,642,2,2,5,4,B,TRQ82 B,TRQ82 260810,890.1846854357216,
TRQ82,260810,173,1,-843.6253662109375,770.37451171875,6163.68798828125,0.9832632586762121,6,,0,0,645,359,2,2,5,5,B,TRQ82 B,TRQ82 260810,890.1846854357216,
TRQ82,260810,190,1,-828.3536376953125,829.031005859375,6093.82177734375,1.2084389694452689,6,,0,0,645,645,2,2,5,5,B,TRQ82 B,TRQ82 260810,890.1846854357216,
TRQ82,260810,209,1,-821.80859375,823.965087890625,6052.8857421875,2.3606742740433173,6,,0,0,645,645,2,2,5,5,B,TRQ82 B,TRQ82 260810,890.1846854357216,
TRQ82,260810,212,1,-817.4451904296875,834.683349609375,6030.7255859375,4.827377303397985,6,,0,0,645,645,2,2,5,5,B,TRQ82 B,TRQ82 260810,890.1846854357216,
TRQ82,260810,213,1,-815.2635498046875,861.185546875,6027.3408203125,0.5319490334576326,6,,0,0,645,645,2,2,5,5,B,TRQ82 B,TRQ82 260810,890.1846854357216,
TRQ82,260810,215,1,-815.2635498046875,861.185546875,6027.3408203125,1.6976635895822092,6,,0,0,645,644,2,2,5,5,B,TRQ82 B,TRQ82 260810,890.1846854357216,
TRQ82,260810,217,1,-815.2635498046875,861.185546875,6027.3408203125,1.671306838829444,6,,0,0,645,597,2,2,5,2,B,TRQ82 B,TRQ82 260810,890.1846854357216,
TRQ82,260810,222,1,-810.900146484375,871.903564453125,6005.18017578125,0.35780191775328996,6,,0,0,645,645,2,2,5,5,B,TRQ82 B,TRQ82 260810,890.1846854357216,
TRQ82,260810,223,1,-810.900146484375,871.903564453125,6005.18017578125,2.1826759436171095,6,,0,0,645,637,2,2,5,4,B,TRQ82 B,TRQ82 260810,890.1846854357216,
TRQ82,260810,226,1,-808.718505859375,856.11962890625,5986.40478515625,5.320212437336674,6,,0,0,645,645,2,2,5,5,B,TRQ82 B,TRQ82 260810,890.1846854357216,
TRQ82,260810,227,1,-808.718505859375,856.11962890625,5986.40478515625,1.3657370207414512,6,,0,0,645,645,2,2,5,5,B,TRQ82 B,TRQ82 260810,890.1846854357216,
TRQ82,260810,228,1,-808.718505859375,856.11962890625,5986.40478515625,3.2191341056390845,6,,0,0,645,645,2,2,5,5,B,TRQ82 B,TRQ82 260810,890.1846854357216,
TRQ82,260810,232,1,-806.5367431640625,882.62158203125,5983.02001953125,47.295323793706,6,,0,0,645,645,2,2,5,5,B,TRQ82 B,TRQ82 260810,890.1846854357216,
TRQ82,260810,233,1,-808.718505859375,856.11962890625,5986.40478515625,6.603389042478141,6,,0,0,645,645,2,2,5,5,B,TRQ82 B,TRQ82 260810,890.1846854357216,
TRQ82,260810,237,1,-802.1734619140625,893.33984375,5960.859375,0.6309974620856035,6,,0,0,645,607,2,2,5,4,B,TRQ82 B,TRQ82 260810,890.1846854357216,
TRQ82,260810,238,1,-802.1734619140625,893.33984375,5960.859375,0.5645640081334286,6,,0,0,645,645,2,2,5,5,B,TRQ82 B,TRQ82 260810,890.1846854357216,
TRQ82,260810,240,1,-802.1734619140625,893.33984375,5960.859375,3.0802496747318204,6,,0,0,645,645,2,2,5,5,B,TRQ82 B,TRQ82 260810,890.1846854357216,
TRQ82,260810,243,1,-797.81005859375,904.057861328125,5938.69921875,15.517627268535463,6,,0,0,645,645,2,2,5,5,B,TRQ82 B,TRQ82 260810,890.1846854357216,
TRQ82,260810,244,1,-797.81005859375,904.057861328125,5938.69921875,21.092621629815543,6,,0,0,645,645,2,2,5,5,B,TRQ82 B,TRQ82 260810,890.1846854357216,
TRQ82,260810,245,1,-799.99169921875,877.555908203125,5942.083984375,5.530946092898738,6,,0,0,645,645,2,2,5,5,B,TRQ82 B,TRQ82 260810,890.1846854357216,
TRQ82,260810,246,1,-799.99169921875,877.555908203125,5942.083984375,5.3452453330287995,6,,0,0,645,622,2,2,5,5,B,TRQ82 B,TRQ82 260810,890.1846854357216,
TRQ82,260810,248,1,-795.62841796875,888.27392578125,5919.92333984375,2.8331701802321554,6,,0,0,645,567,2,2,5,1,B,TRQ82 B,TRQ82 260810,890.1846854357216,
TRQ82,260810,249,1,-795.62841796875,888.27392578125,5919.92333984375,0.833547286363702,6,,0,0,645,574,2,2,5,2,B,TRQ82 B,TRQ82 260810,890.1846854357216,
TRQ82,260810,252,1,-793.4466552734375,914.776123046875,5916.53857421875,7.690635098644713,6,,0,0,645,636,2,2,5,5,B,TRQ82 B,TRQ82 260810,890.1846854357216,
TRQ82,260810,256,1,-793.4466552734375,914.776123046875,5916.53857421875,8.993910230615914,6,,0,0,645,423,2,2,5,0,B,TRQ82 B,TRQ82 260810,890.1846854357216,
TRQ82,260810,258,1,-789.0833740234375,925.494140625,5894.37841796875,9.310191239649093,6,,0,0,645,645,2,2,5,5,B,TRQ82 B,TRQ82 260810,890.1846854357216,
TRQ82,260810,259,1,-791.2650146484375,898.991943359375,5897.76318359375,0.2030312261183317,6,,0,0,645,531,2,2,5,0,B,TRQ82 B,TRQ82 260810,890.1846854357216,
TRQ82,260810,260,1,-789.0833740234375,925.494140625,5894.37841796875,0.6701113616045471,6,,0,0,645,540,2,2,5,4,B,TRQ82 B,TRQ82 260810,890.1846854357216,
TRQ82,260810,262,1,-791.2650146484375,898.991943359375,5897.76318359375,0.8771141529048022,6,,0,0,645,562,2,2,5,5,B,TRQ82 B,TRQ82 260810,890.1846854357216,
TRQ82,260810,271,1,-782.538330078125,920.42822265625,5853.4423828125,18.763599526767546,6,,0,0,645,645,2,2,5,5,B,TRQ82 B,TRQ82 260810,890.1846854357216,
TRQ82,260810,280,1,-773.8115234375,941.864501953125,5809.12158203125,0.42724413320692206,6,,0,0,645,645,2,2,5,5,B,TRQ82 B,TRQ82 260810,890.1846854357216,
TRQ82,260810,284,1,-767.2664794921875,979.084716796875,5783.576171875,5.744929210882373,6,,0,0,645,645,2,2,5,5,B,TRQ82 B,TRQ82 260810,890.1846854357216,
TRQ82,260810,288,1,-762.9031982421875,989.802978515625,5761.416015625,2.6493950277231497,6,,0,0,645,645,2,2,5,5,B,TRQ82 B,TRQ82 260810,890.1846854357216,
TRQ82,260810,289,1,-765.0848388671875,963.30078125,5764.80078125,0.5808113202412974,6,,0,0,645,542,2,2,5,0,B,TRQ82 B,TRQ82 260810,890.1846854357216,
TRQ82,260810,291,1,-762.9031982421875,989.802978515625,5761.416015625,4.840134452164165,6,,0,0,645,645,2,2,5,5,B,TRQ82 B,TRQ82 260810,890.1846854357216,
TRQ82,260810,292,0,-694.302001953125,489.7444152832031,5806.2587890625,1.4527504033635932,6,,0,0,645,641,2,2,5,5,A,TRQ82 A,TRQ82 260810,460.91996856972025,
TRQ82,260810,293,0,-692.0904541015625,473.887939453125,5787.45458984375,2.368617404407164,6,,0,0,645,639,2,2,5,4,A,TRQ82 A,TRQ82 260810,460.91996856972025,
TRQ82,260810,298,0,-700.936279296875,452.740966796875,5831.890625,1.4817548642376406,6,,0,0,645,645,2,2,5,5,A,TRQ82 A,TRQ82 260810,460.91996856972025,
TRQ82,260810,299,0,-696.513427734375,463.314453125,5809.6728515625,20.986472524044128,6,,0,0,645,645,2,2,5,5,A,TRQ82 A,TRQ82 260810,460.91996856972025,
TRQ82,260810,310,1,-802.1734619140625,893.33984375,5960.859375,0.42387432032529,6,,0,0,645,645,2,2,5,5,B,TRQ82 B,TRQ82 260810,890.1846854357216,
TRQ82,260810,321,1,-817.4451904296875,834.683349609375,6030.7255859375,0.23119323377197104,6,,0,0,645,188,2,0,5,5,B,TRQ82 B,TRQ82 260810,890.1846854357216,
TRQ82,260810,322,1,-808.718505859375,856.11962890625,5986.40478515625,4.298557381901869,6,,0,0,645,584,2,2,5,1,B,TRQ82 B,TRQ82 260810,890.1846854357216,
TRQ82,260810,327,1,-830.5352783203125,802.529052734375,6097.20654296875,0.995298304682041,6,,0,0,645,294,2,0,5,5,B,TRQ82 B,TRQ82 260810,890.1846854357216,
TRQ82,260813,31,0,-678.379638671875,527.80859375,5726.27392578125,4.198134830206251,7,,56,56,1150,1088,6,6,5,5,A,TRQ82 A,TRQ82 260813,460.91996856972025,
TRQ82,260813,39,0,-673.956787109375,538.382080078125,5704.05615234375,11.909118557966835,7,,56,36,1150,514,6,4,5,0,A,TRQ82 A,TRQ82 260813,460.91996856972025,
TRQ82,260813,44,0,-665.1109619140625,559.529052734375,5659.6201171875,61.511899512614775,7,,56,56,1150,1150,6,6,5,5,A,TRQ82 A,TRQ82 260813,460.91996856972025,
TRQ82,260813,52,0,-667.3223876953125,533.099365234375,5663.03369140625,21.388515812875024,7,,56,55,1150,897,6,5,5,1,A,TRQ82 A,TRQ82 260813,460.91996856972025,
TRQ82,260813,53,0,-662.8995361328125,543.6728515625,5640.81591796875,16.000085708045425,7,,56,56,1150,1150,6,6,5,5,A,TRQ82 A,TRQ82 260813,460.91996856972025,
TRQ82,260813,63,0,-651.8424072265625,591.24951171875,5592.9658203125,0.9435649352609504,7,,56,56,1150,1146,6,6,5,4,A,TRQ82 A,TRQ82 260813,460.91996856972025,
TRQ82,260813,82,0,-627.5166015625,628.260498046875,5463.07177734375,0.6463336617014124,7,,56,56,1150,1150,6,6,5,5,A,TRQ82 A,TRQ82 260813,460.91996856972025,
TRQ82,260813,96,0,-605.4022216796875,681.127685546875,5351.9814453125,0.6415380303532341,7,,56,45,1150,906,6,6,5,2,A,TRQ82 A,TRQ82 260813,460.91996856972025,
TRQ82,260813,98,0,-605.4022216796875,681.127685546875,5351.9814453125,1.9032784250616848,7,,56,9,1150,686,6,4,5,5,A,TRQ82 A,TRQ82 260813,460.91996856972025,
TRQ82,260813,111,1,-808.2821044921875,878.33447265625,5991.8837890625,0.2829422495425171,7,,56,56,1150,1138,6,6,5,5,B,TRQ82 B,TRQ82 260813,890.1846854357216,
TRQ82,260813,112,1,-812.6455078125,867.6162109375,6014.04443359375,0.7847218806059849,7,,56,56,1150,1146,6,6,5,5,B,TRQ82 B,TRQ82 260813,890.1846854357216,
TRQ82,260813,114,1,-810.4638671875,851.832275390625,5995.26904296875,1.5597546284880994,7,,56,56,1150,1030,6,6,5,3,B,TRQ82 B,TRQ82 260813,890.1846854357216,
TRQ82,260813,122,1,-799.555419921875,899.770751953125,5947.56298828125,2.7028765498497735,7,,56,49,1150,380,6,1,5,0,B,TRQ82 B,TRQ82 260813,890.1846854357216,
TRQ82,260813,125,1,-795.1920166015625,910.48876953125,5925.40283203125,0.5023668512285508,7,,56,56,1150,1150,6,6,5,5,B,TRQ82 B,TRQ82 260813,890.1846854357216,
TRQ82,260813,133,1,-801.737060546875,873.2685546875,5950.9482421875,2.1103714032809746,7,,56,56,1150,1150,6,6,5,5,B,TRQ82 B,TRQ82 260813,890.1846854357216,
TRQ82,260813,136,1,-799.555419921875,899.770751953125,5947.56298828125,2.0676022012574253,7,,56,56,1150,1150,6,6,5,5,B,TRQ82 B,TRQ82 260813,890.1846854357216,
TRQ82,260813,150,1,-782.1019287109375,942.64306640625,5858.92138671875,7.970828650809831,7,,56,56,1150,1150,6,6,5,5,B,TRQ82 B,TRQ82 260813,890.1846854357216,
TRQ82,260813,155,1,-779.9202880859375,926.859130859375,5840.14599609375,0.580858613294652,7,,56,55,1150,846,6,5,5,4,B,TRQ82 B,TRQ82 260813,890.1846854357216,
TRQ82,260813,164,1,-769.0118408203125,974.797607421875,5792.4404296875,7.670465536369852,7,,56,56,1150,1150,6,6,5,5,B,TRQ82 B,TRQ82 260813,890.1846854357216,
TRQ82,260813,167,1,-771.1934814453125,948.29541015625,5795.8251953125,0.20963759893464953,7,,56,46,1150,945,6,6,5,5,B,TRQ82 B,TRQ82 260813,890.1846854357216,
TRQ82,260813,172,1,-758.1033935546875,980.44970703125,5729.34423828125,0.24858986988515858,7,,56,56,1150,1143,6,6,5,5,B,TRQ82 B,TRQ82 260813,890.1846854357216,
TRQ82,260813,176,1,-760.28515625,996.233642578125,5748.11962890625,1.6619309372125506,7,,56,56,1150,1150,6,6,5,5,B,TRQ82 B,TRQ82 260813,890.1846854357216,
TRQ82,260813,181,1,-758.1033935546875,980.44970703125,5729.34423828125,20.55495678853963,7,,56,56,1150,1150,6,6,5,5,B,TRQ82 B,TRQ82 260813,890.1846854357216,
TRQ82,260813,182,1,-753.7401123046875,991.16796875,5707.18359375,15.826953629373442,7,,56,56,1150,1150,6,6,5,5,B,TRQ82 B,TRQ82 260813,890.1846854357216,
TRQ82,260813,188,1,-747.195068359375,1028.38818359375,5681.638671875,1.7391503889209718,7,,56,56,1150,1150,6,6,5,5,B,TRQ82 B,TRQ82 260813,890.1846854357216,
TRQ82,260813,193,1,-740.6500244140625,1023.322265625,5640.70263671875,2.102443931052353,7,,56,56,1150,1150,6,6,5,5,B,TRQ82 B,TRQ82 260813,890.1846854357216,
TRQ82,260813,201,1,-725.378173828125,1081.978759765625,5570.83642578125,0.16471525630579603,7,,56,55,1150,825,6,5,5,1,B,TRQ82 B,TRQ82 260813,890.1846854357216,
TRQ82,260813,210,1,-731.9232177734375,1044.758544921875,5596.3818359375,20.36861225615328,7,,56,56,1150,1150,6,6,5,5,B,TRQ82 B,TRQ82 260813,890.1846854357216,
TRQ82,260813,211,1,-725.378173828125,1081.978759765625,5570.83642578125,0.4926777185046805,7,,56,56,1150,1150,6,6,5,5,B,TRQ82 B,TRQ82 260813,890.1846854357216,
TRQ82,260813,219,1,-716.6514892578125,1103.4150390625,5526.515625,0.44364483472024563,7,,56,56,1150,1150,6,6,5,5,B,TRQ82 B,TRQ82 260813,890.1846854357216,
TRQ82,260813,221,1,-710.1064453125,1098.34912109375,5485.580078125,1.1808018819545034,7,,56,56,1150,1054,6,5,5,2,B,TRQ82 B,TRQ82 260813,890.1846854357216,
TRQ82,260813,227,1,-707.9248046875,1124.851318359375,5482.19482421875,3.4808453985573036,7,,56,56,1150,1150,6,6,5,5,B,TRQ82 B,TRQ82 260813,890.1846854357216,
TRQ82,260813,228,1,-707.9248046875,1124.851318359375,5482.19482421875,0.8669327037176122,7,,56,56,1150,1150,6,6,5,5,B,TRQ82 B,TRQ82 260813,890.1846854357216,
TRQ82,260813,238,1,-699.197998046875,1146.287353515625,5437.8740234375,0.8898342901558511,7,,56,56,1150,1150,6,6,5,4,B,TRQ82 B,TRQ82 260813,890.1846854357216,
TRQ82,260813,239,1,-697.016357421875,1130.50341796875,5419.0986328125,3.288139314382549,7,,56,56,1150,994,6,5,5,1,B,TRQ82 B,TRQ82 260813,890.1846854357216,
TRQ82,260813,241,1,-694.834716796875,1157.005615234375,5415.7138671875,1.8954488228605775,7,,56,56,1150,1150,6,6,5,5,B,TRQ82 B,TRQ82 260813,890.1846854357216,
TRQ82,260813,251,1,-690.4713134765625,1167.7236328125,5393.55322265625,2.122213676610149,7,,56,37,1150,996,6,5,5,5,B,TRQ82 B,TRQ82 260813,890.1846854357216,
TRQ82,260813,256,1,-686.10791015625,1178.44189453125,5371.39306640625,0.26248741379212415,7,,56,12,1150,740,6,3,5,5,B,TRQ82 B,TRQ82 260813,890.1846854357216,
TRQ82,260813,259,1,-686.10791015625,1178.44189453125,5371.39306640625,0.3987224920913922,7,,56,18,1150,765,6,5,5,2,B,TRQ82 B,TRQ82 260813,890.1846854357216,
TRQ82,260813,270,0,-618.6708984375,649.4072265625,5418.6357421875,3.5645242720816386,7,,56,56,1150,993,6,6,5,2,A,TRQ82 A,TRQ82 260813,460.91996856972025,
TRQ82,260813,272,0,-627.5166015625,628.260498046875,5463.07177734375,0.1528729829766212,7,,56,56,1150,1139,6,6,5,5,A,TRQ82 A,TRQ82 260813,460.91996856972025,
TRQ82,260813,278,0,-620.88232421875,665.263671875,5437.43994140625,1.2487236810491098,7,,56,46,1150,497,6,3,5,1,A,TRQ82 A,TRQ82 260813,460.91996856972025,
TRQ82,260813,286,0,-634.15087890625,633.543212890625,5504.09423828125,0.932114142041831,7,,56,56,1150,826,6,5,5,3,A,TRQ82 A,TRQ82 260813,460.91996856972025,
TRQ82,260813,291,0,-636.3623046875,607.113525390625,5507.5078125,0.1745022590571802,7,,56,41,1150,764,6,4,5,1,A,TRQ82 A,TRQ82 260813,460.91996856972025,
TRQ82,260813,307,0,-658.4766845703125,554.24609375,5618.59765625,0.11441006216368128,7,,56,56,1150,983,6,6,5,1,A,TRQ82 A,TRQ82 260813,460.91996856972025,
TRQ82,260813,311,0,-665.1109619140625,559.529052734375,5659.6201171875,0.41937306789681283,7,,56,53,1150,914,6,4,5,2,A,TRQ82 A,TRQ82 260813,460.91996856972025,
TRQ82,260813,321,0,-665.1109619140625,559.529052734375,5659.6201171875,1.2504853415443589,7,,56,56,1150,938,6,5,5,4,A,TRQ82 A,TRQ82 260813,460.91996856972025,
TRQ82,260813,323,0,-673.956787109375,538.382080078125,5704.05615234375,2.96898515465991,7,,56,23,1150,212,6,0,5,0,A,TRQ82 A,TRQ82 260813,460.91996856972025,
TRQ82,260817,41,0,-715.0894775390625,418.906005859375,5902.98828125,26.327282782756168,8,,0,0,836,836,2,2,4,4,A,TRQ82 A,TRQ82 260817,460.91996856972025,
TRQ82,260817,54,0,-706.24365234375,440.052978515625,5858.55224609375,11.72939116551985,8,,0,0,836,830,2,2,4,4,A,TRQ82 A,TRQ82 260817,460.91996856972025,
TRQ82,260817,77,0,-670.8607177734375,524.640625,5680.80810546875,0.2305490562925165,8,,0,0,836,586,2,2,4,4,A,TRQ82 A,TRQ82 260817,460.91996856972025,
TRQ82,260817,78,0,-670.8607177734375,524.640625,5680.80810546875,1.508161214804341,8,,0,0,836,836,2,2,4,4,A,TRQ82 A,TRQ82 260817,460.91996856972025,
TRQ82,260817,122,1,-851.0430908203125,773.296875,6209.0556640625,0.5493699013338754,8,,0,0,836,794,2,1,4,4,B,TRQ82 B,TRQ82 260817,890.1846854357216,
TRQ82,260817,127,1,-848.8614501953125,757.512939453125,6190.2802734375,5.115660661774932,8,,0,0,836,836,2,2,4,4,B,TRQ82 B,TRQ82 260817,890.1846854357216,
TRQ82,260817,131,1,-846.6796875,784.014892578125,6186.8955078125,1.7985931428611477,8,,0,0,836,766,2,2,4,0,B,TRQ82 B,TRQ82 260817,890.1846854357216,
TRQ82,260817,132,1,-848.8614501953125,757.512939453125,6190.2802734375,1.1915582539024003,8,,0,0,836,836,2,2,4,4,B,TRQ82 B,TRQ82 260817,890.1846854357216,
TRQ82,260817,137,1,-842.31640625,794.733154296875,6164.73486328125,4.450628102570399,8,,0,0,836,836,2,2,4,4,B,TRQ82 B,TRQ82 260817,890.1846854357216,
TRQ82,260817,142,1,-840.1346435546875,778.948974609375,6145.95947265625,0.9146554190960445,8,,0,0,836,836,2,2,4,4,B,TRQ82 B,TRQ82 260817,890.1846854357216,
TRQ82,260817,143,1,-837.9530029296875,805.451171875,6142.57470703125,0.9846296636946871,8,,0,0,836,836,2,2,4,4,B,TRQ82 B,TRQ82 260817,890.1846854357216,
TRQ82,260817,147,1,-840.1346435546875,778.948974609375,6145.95947265625,2.6933984989093998,8,,0,0,836,836,2,2,4,4,B,TRQ82 B,TRQ82 260817,890.1846854357216,
TRQ82,260817,150,1,-840.1346435546875,778.948974609375,6145.95947265625,1.6755005731234405,8,,0,0,836,836,2,2,4,4,B,TRQ82 B,TRQ82 260817,890.1846854357216,
TRQ82,260817,154,1,-833.589599609375,816.16943359375,6120.4140625,0.352200001339602,8,,0,0,836,834,2,1,4,4,B,TRQ82 B,TRQ82 260817,890.1846854357216,
TRQ82,260817,156,1,-833.589599609375,816.16943359375,6120.4140625,1.8237661278435435,8,,0,0,836,836,2,2,4,4,B,TRQ82 B,TRQ82 260817,890.1846854357216,
TRQ82,260817,160,1,-831.407958984375,800.38525390625,6101.638671875,0.11876769566584185,8,,0,0,836,724,2,1,4,3,B,TRQ82 B,TRQ82 260817,890.1846854357216,
TRQ82,260817,175,1,-816.13623046875,859.041748046875,6031.7724609375,3.0691080721268342,8,,0,0,836,836,2,2,4,4,B,TRQ82 B,TRQ82 260817,890.1846854357216,
TRQ82,260817,184,1,-807.409423828125,880.47802734375,5987.45166015625,0.8410216656673619,8,,0,0,836,836,2,2,4,4,B,TRQ82 B,TRQ82 260817,890.1846854357216,
TRQ82,260817,193,1,-798.6827392578125,901.914306640625,5943.13134765625,8.893826293273747,8,,0,0,836,836,2,2,4,4,B,TRQ82 B,TRQ82 260817,890.1846854357216,
TRQ82,260817,207,1,-785.5926513671875,934.068603515625,5876.64990234375,0.11011794752211107,8,,0,0,836,654,2,2,4,1,B,TRQ82 B,TRQ82 260817,890.1846854357216,
TRQ82,260817,210,1,-781.229248046875,944.786865234375,5854.48974609375,31.983109126686376,8,,0,0,836,836,2,2,4,4,B,TRQ82 B,TRQ82 260817,890.1846854357216,
TRQ82,260817,258,1,-726.687255859375,1057.6201171875,5569.78955078125,0.7708256326547775,8,,0,0,836,748,2,1,4,4,B,TRQ82 B,TRQ82 260817,890.1846854357216,
TRQ82,260817,263,0,-681.91796875,519.349853515625,5744.04833984375,0.5148818029659232,8,,0,0,836,819,2,2,4,1,A,TRQ82 A,TRQ82 260817,460.91996856972025,
TRQ82,260817,269,1,-798.6827392578125,901.914306640625,5943.13134765625,0.863644083889427,8,,0,0,836,793,2,1,4,3,B,TRQ82 B,TRQ82 260817,890.1846854357216,
TRQ82,260819,40,0,-755.8682861328125,342.5617980957031,6115.53369140625,0.23202144254112655,9,,1,1,600,600,2,2,6,6,A,TRQ82 A,TRQ82 260819,460.91996856972025,
TRQ82,260819,42,0,-755.8682861328125,342.5617980957031,6115.53369140625,4.295364978386633,9,,1,1,600,600,2,2,6,6,A,TRQ82 A,TRQ82 260819,460.91996856972025,
TRQ82,260819,43,0,-753.6568603515625,326.705322265625,6096.7294921875,0.8624123234750934,9,,1,1,600,412,2,2,6,3,A,TRQ82 A,TRQ82 260819,460.91996856972025,
TRQ82,260819,50,0,-742.5997314453125,374.2820129394531,6048.8798828125,4.797377257317568,9,,1,1,600,600,2,2,6,6,A,TRQ82 A,TRQ82 260819,460.91996856972025,
TRQ82,260819,59,0,-729.3310546875,406.0024719238281,5982.2255859375,1.4968846050507754,9,,1,1,600,600,2,2,6,6,A,TRQ82 A,TRQ82 260819,460.91996856972025,
TRQ82,260819,60,0,-729.3310546875,406.0024719238281,5982.2255859375,4.823720843277727,9,,1,1,600,600,2,2,6,6,A,TRQ82 A,TRQ82 260819,460.91996856972025,
TRQ82,260819,61,0,-727.11962890625,390.146240234375,5963.42138671875,17.745929990176442,9,,1,1,600,600,2,2,6,6,A,TRQ82 A,TRQ82 260819,460.91996856972025,
TRQ82,260819,63,0,-724.908203125,416.5759582519531,5960.0078125,30.34694527445292,9,,1,1,600,600,2,2,6,6,A,TRQ82 A,TRQ82 260819,460.91996856972025,
TRQ82,260819,67,0,-716.0625,437.7229309082031,5915.57177734375,3.508149369764954,9,,1,1,600,600,2,2,6,6,A,TRQ82 A,TRQ82 260819,460.91996856972025,
TRQ82,260819,70,0,-711.6396484375,448.2964172363281,5893.353515625,9.271952827517685,9,,1,1,600,600,2,2,6,6,A,TRQ82 A,TRQ82 260819,460.91996856972025,
TRQ82,260819,71,0,-716.0625,437.7229309082031,5915.57177734375,13.58005672305876,9,,1,1,600,600,2,2,6,6,A,TRQ82 A,TRQ82 260819,460.91996856972025,
TRQ82,260819,72,0,-711.6396484375,448.2964172363281,5893.353515625,9.695305384990112,9,,1,1,600,600,2,2,6,6,A,TRQ82 A,TRQ82 260819,460.91996856972025,
TRQ82,260819,75,0,-711.6396484375,448.2964172363281,5893.353515625,1.1003703487678054,9,,1,1,600,600,2,2,6,6,A,TRQ82 A,TRQ82 260819,460.91996856972025,
TRQ82,260819,78,0,-705.0052490234375,443.013427734375,5852.3310546875,2.1214625820404818,9,,1,1,600,275,2,2,6,1,A,TRQ82 A,TRQ82 260819,460.91996856972025,
TRQ82,260819,83,0,-705.0052490234375,443.013427734375,5852.3310546875,18.99607537461445,9,,1,1,600,600,2,2,6,6,A,TRQ82 A,TRQ82 260819,460.91996856972025,
TRQ82,260819,85,0,-705.0052490234375,443.013427734375,5852.3310546875,2.9002680317640817,9,,1,1,600,600,2,2,6,6,A,TRQ82 A,TRQ82 260819,460.91996856972025,
TRQ82,260819,88,0,-698.3709716796875,480.0166320800781,5826.69970703125,0.172779293832598,9,,1,1,600,600,2,2,6,6,A,TRQ82 A,TRQ82 260819,460.91996856972025,
TRQ82,260819,89,0,-702.7938232421875,469.4431457519531,5848.91748046875,1.6768372697082055,9,,1,1,600,600,2,2,6,6,A,TRQ82 A,TRQ82 260819,460.91996856972025,
TRQ82,260819,90,0,-700.5823974609375,453.5869140625,5830.11328125,4.306372392238531,9,,1,1,600,600,2,2,6,6,A,TRQ82 A,TRQ82 260819,460.91996856972025,
TRQ82,260819,91,0,-698.3709716796875,480.0166320800781,5826.69970703125,2.114041853601,9,,1,1,600,600,2,2,6,6,A,TRQ82 A,TRQ82 260819,460.91996856972025,
TRQ82,260819,93,0,-700.5823974609375,453.5869140625,5830.11328125,24.132579921616333,9,,1,1,600,600,2,2,6,6,A,TRQ82 A,TRQ82 260819,460.91996856972025,
TRQ82,260819,96,0,-696.1595458984375,464.160400390625,5807.89501953125,4.678769281093187,9,,1,1,600,529,2,2,6,1,A,TRQ82 A,TRQ82 260819,460.91996856972025,
TRQ82,260819,101,0,-702.7938232421875,469.4431457519531,5848.91748046875,0.3728916040839534,9,,1,1,600,600,2,2,6,6,A,TRQ82 A,TRQ82 260819,460.91996856972025,
TRQ82,260819,102,0,-689.5252685546875,501.1636047363281,5782.263671875,5.481197383015803,9,,1,1,600,600,2,2,6,6,A,TRQ82 A,TRQ82 260819,460.91996856972025,
TRQ82,260819,103,0,-689.5252685546875,501.1636047363281,5782.263671875,0.6161678180916271,9,,1,1,600,600,2,2,6,6,A,TRQ82 A,TRQ82 260819,460.91996856972025,
TRQ82,260819,105,0,-685.1024169921875,511.7370910644531,5760.04541015625,7.583118713498982,9,,1,1,600,398,2,2,6,1,A,TRQ82 A,TRQ82 260819,460.91996856972025,
TRQ82,260819,106,0,-691.7366943359375,474.73388671875,5785.67724609375,14.2328334681185,9,,1,1,600,600,2,2,6,6,A,TRQ82 A,TRQ82 260819,460.91996856972025,
TRQ82,260819,109,0,-687.3138427734375,485.307373046875,5763.458984375,1.0720479018904503,9,,1,1,600,600,2,2,6,6,A,TRQ82 A,TRQ82 260819,460.91996856972025,
TRQ82,260819,110,0,-687.3138427734375,485.307373046875,5763.458984375,1.6438150281525121,9,,1,1,600,600,2,2,6,6,A,TRQ82 A,TRQ82 260819,460.91996856972025,
TRQ82,260819,135,1,-869.45654296875,706.92333984375,6294.87744140625,1.0522592927184993,9,,1,1,600,600,2,2,6,6,B,TRQ82 B,TRQ82 260819,890.1846854357216,
TRQ82,260819,146,1,-862.9114990234375,744.1435546875,6269.33203125,2.6462317615191595,9,,1,1,600,600,2,2,6,6,B,TRQ82 B,TRQ82 260819,890.1846854357216,
TRQ82,260819,147,1,-862.9114990234375,744.1435546875,6269.33203125,8.513925417424632,9,,1,1,600,600,2,2,6,6,B,TRQ82 B,TRQ82 260819,890.1846854357216,
TRQ82,260819,159,1,-860.729736328125,728.359619140625,6250.556640625,0.2086461479567593,9,,1,1,600,593,2,2,6,5,B,TRQ82 B,TRQ82 260819,890.1846854357216,
TRQ82,260819,161,1,-858.548095703125,754.861572265625,6247.171875,0.9801545480482025,9,,1,1,600,600,2,2,6,6,B,TRQ82 B,TRQ82 260819,890.1846854357216,
TRQ82,260819,163,1,-860.729736328125,728.359619140625,6250.556640625,3.0886308553195914,9,,1,1,600,600,2,2,6,6,B,TRQ82 B,TRQ82 260819,890.1846854357216,
TRQ82,260819,165,1,-856.366455078125,739.07763671875,6228.39599609375,0.28124560785635483,9,,1,1,600,596,2,2,6,6,B,TRQ82 B,TRQ82 260819,890.1846854357216,
TRQ82,260819,170,1,-854.1846923828125,765.579833984375,6225.01123046875,0.7058349534020305,9,,1,1,600,600,2,2,6,6,B,TRQ82 B,TRQ82 260819,890.1846854357216,
TRQ82,260819,173,1,-854.1846923828125,765.579833984375,6225.01123046875,0.565212149473853,9,,1,1,600,600,2,2,6,6,B,TRQ82 B,TRQ82 260819,890.1846854357216,
TRQ82,260819,177,1,-854.1846923828125,765.579833984375,6225.01123046875,10.724436740738893,9,,1,1,600,600,2,2,6,6,B,TRQ82 B,TRQ82 260819,890.1846854357216,
TRQ82,260819,184,1,-847.6396484375,760.513916015625,6184.0751953125,0.5420842125041352,9,,1,1,600,600,2,2,6,6,B,TRQ82 B,TRQ82 260819,890.1846854357216,
TRQ82,260819,185,1,-847.6396484375,760.513916015625,6184.0751953125,0.8880138365913052,9,,1,1,600,584,2,2,6,6,B,TRQ82 B,TRQ82 260819,890.1846854357216,
TRQ82,260819,191,1,-843.2763671875,771.23193359375,6161.9150390625,0.16424545612719404,9,,1,1,600,591,2,2,6,6,B,TRQ82 B,TRQ82 260819,890.1846854357216,
TRQ82,260819,192,1,-841.0946044921875,797.734130859375,6158.5302734375,0.18267359841857347,9,,1,1,600,573,2,2,6,5,B,TRQ82 B,TRQ82 260819,890.1846854357216,
TRQ82,260819,194,1,-847.6396484375,760.513916015625,6184.0751953125,22.835683948009585,9,,1,1,600,600,2,2,6,6,B,TRQ82 B,TRQ82 260819,890.1846854357216,
TRQ82,260819,197,1,-847.6396484375,760.513916015625,6184.0751953125,0.22707429024813877,9,,1,1,600,527,2,2,6,6,B,TRQ82 B,TRQ82 260819,890.1846854357216,
TRQ82,260819,200,1,-847.6396484375,760.513916015625,6184.0751953125,0.20963557841535688,9,,1,1,600,599,2,2,6,6,B,TRQ82 B,TRQ82 260819,890.1846854357216,
TRQ82,260819,203,1,-845.4580078125,787.01611328125,6180.6904296875,1.2090840204062117,9,,1,1,600,600,2,2,6,6,B,TRQ82 B,TRQ82 260819,890.1846854357216,
TRQ82,260819,206,1,-845.4580078125,787.01611328125,6180.6904296875,1.7746672063020388,9,,1,1,600,600,2,2,6,6,B,TRQ82 B,TRQ82 260819,890.1846854357216,
TRQ82,260819,208,1,-836.731201171875,808.452392578125,6136.36962890625,1.820675722626825,9,,1,1,600,600,2,2,6,6,B,TRQ82 B,TRQ82 260819,890.1846854357216,
TRQ82,260819,209,1,-841.0946044921875,797.734130859375,6158.5302734375,0.6653919834068555,9,,1,1,600,600,2,2,6,6,B,TRQ82 B,TRQ82 260819,890.1846854357216,
TRQ82,260819,214,1,-843.2763671875,771.23193359375,6161.9150390625,0.8220930322872432,9,,1,1,600,600,2,2,6,6,B,TRQ82 B,TRQ82 260819,890.1846854357216,
TRQ82,260819,216,1,-843.2763671875,771.23193359375,6161.9150390625,0.8922189160403448,9,,1,1,600,600,2,2,6,6,B,TRQ82 B,TRQ82 260819,890.1846854357216,
TRQ82,260819,218,1,-838.9129638671875,781.9501953125,6139.75439453125,0.6911171753303919,9,,1,1,600,600,2,2,6,6,B,TRQ82 B,TRQ82 260819,890.1846854357216,
TRQ82,260819,219,1,-841.0946044921875,797.734130859375,6158.5302734375,0.6131995267158344,9,,1,1,600,600,2,2,6,6,B,TRQ82 B,TRQ82 260819,890.1846854357216,
TRQ82,260819,220,1,-843.2763671875,771.23193359375,6161.9150390625,0.6234648677237841,9,,1,1,600,600,2,2,6,6,B,TRQ82 B,TRQ82 260819,890.1846854357216,
TRQ82,260819,221,1,-841.0946044921875,797.734130859375,6158.5302734375,1.3054298113121485,9,,1,1,600,600,2,2,6,6,B,TRQ82 B,TRQ82 260819,890.1846854357216,
TRQ82,260819,222,1,-843.2763671875,771.23193359375,6161.9150390625,1.3053061325048239,9,,1,1,600,600,2,2,6,6,B,TRQ82 B,TRQ82 260819,890.1846854357216,
TRQ82,260819,225,1,-843.2763671875,771.23193359375,6161.9150390625,7.55850663084137,9,,1,1,600,600,2,2,6,6,B,TRQ82 B,TRQ82 260819,890.1846854357216,
TRQ82,260819,226,1,-836.731201171875,808.452392578125,6136.36962890625,1.2058683714157696,9,,1,1,600,600,2,2,6,6,B,TRQ82 B,TRQ82 260819,890.1846854357216,
TRQ82,260819,229,1,-838.9129638671875,781.9501953125,6139.75439453125,1.249403311594062,9,,1,1,600,600,2,2,6,6,B,TRQ82 B,TRQ82 260819,890.1846854357216,
TRQ82,260819,237,1,-834.549560546875,792.668212890625,6117.59423828125,4.416941245986808,9,,1,1,600,600,2,2,6,6,B,TRQ82 B,TRQ82 260819,890.1846854357216,
TRQ82,260819,238,1,-832.367919921875,819.17041015625,6114.20947265625,0.49916766636246623,9,,1,1,600,600,2,2,6,6,B,TRQ82 B,TRQ82 260819,890.1846854357216,
TRQ82,260819,240,1,-836.731201171875,808.452392578125,6136.36962890625,0.11576336365591389,9,,1,1,600,600,2,2,6,6,B,TRQ82 B,TRQ82 260819,890.1846854357216,
TRQ82,260819,243,1,-830.1861572265625,803.386474609375,6095.43359375,0.6031815433225342,9,,1,1,600,600,2,2,6,6,B,TRQ82 B,TRQ82 260819,890.1846854357216,
TRQ82,260819,244,1,-834.549560546875,792.668212890625,6117.59423828125,0.4109846767399592,9,,1,1,600,550,2,2,6,5,B,TRQ82 B,TRQ82 260819,890.1846854357216,
TRQ82,260819,250,1,-823.64111328125,840.606689453125,6069.888671875,5.149367142963649,9,,1,1,600,600,2,2,6,6,B,TRQ82 B,TRQ82 260819,890.1846854357216,
TRQ82,260819,251,1,-823.64111328125,840.606689453125,6069.888671875,0.44338852425902914,9,,1,1,600,600,2,2,6,6,B,TRQ82 B,TRQ82 260819,890.1846854357216,
TRQ82,260819,255,1,-825.8228759765625,814.1044921875,6073.2734375,26.246374417602677,9,,1,1,600,600,2,2,6,6,B,TRQ82 B,TRQ82 260819,890.1846854357216,
TRQ82,260819,257,1,-819.27783203125,851.32470703125,6047.72802734375,5.065512911597505,9,,1,1,600,600,2,2,6,6,B,TRQ82 B,TRQ82 260819,890.1846854357216,
TRQ82,260819,264,1,-814.9144287109375,862.04296875,6025.56787109375,0.3983694383928404,9,,1,1,600,600,2,2,6,6,B,TRQ82 B,TRQ82 260819,890.1846854357216,
TRQ82,260819,275,1,-806.187744140625,883.479248046875,5981.2470703125,8.243068829383551,9,,1,1,600,584,2,2,6,5,B,TRQ82 B,TRQ82 260819,890.1846854357216,
TRQ82,260819,282,1,-804.0059814453125,867.695068359375,5962.4716796875,0.9157178894320367,9,,1,1,600,600,2,2,6,6,B,TRQ82 B,TRQ82 260819,890.1846854357216,
TRQ82,260819,285,1,-797.4609375,904.915283203125,5936.92626953125,0.7445464200946598,9,,1,1,600,600,2,2,6,6,B,TRQ82 B,TRQ82 260819,890.1846854357216,
TRQ82,260819,294,1,-784.370849609375,937.06982421875,5870.44482421875,0.6524057086377625,9,,1,1,600,600,2,2,6,6,B,TRQ82 B,TRQ82 260819,890.1846854357216,
TRQ82,260819,296,1,-786.5526123046875,910.567626953125,5873.830078125,3.840350646239083,9,,1,1,600,600,2,2,6,6,B,TRQ82 B,TRQ82 260819,890.1846854357216,
TRQ82,260819,297,1,-784.370849609375,937.06982421875,5870.44482421875,9.575707978307133,9,,1,1,600,600,2,2,6,6,B,TRQ82 B,TRQ82 260819,890.1846854357216,
TRQ82,260819,300,1,-775.6441650390625,958.505859375,5826.1240234375,4.948512759868344,9,,1,1,600,600,2,2,6,6,B,TRQ82 B,TRQ82 260819,890.1846854357216,
TRQ82,260819,301,1,-775.6441650390625,958.505859375,5826.1240234375,2.4002346137503427,9,,1,1,600,600,2,2,6,6,B,TRQ82 B,TRQ82 260819,890.1846854357216,
TRQ82,260819,302,1,-777.8258056640625,932.00390625,5829.50927734375,10.286366405194826,9,,1,1,600,600,2,2,6,6,B,TRQ82 B,TRQ82 260819,890.1846854357216,
TRQ82,260819,303,1,-775.6441650390625,958.505859375,5826.1240234375,4.564613741932493,9,,1,1,600,599,2,2,6,6,B,TRQ82 B,TRQ82 260819,890.1846854357216,
TRQ82,260819,304,1,-777.8258056640625,932.00390625,5829.50927734375,18.28257233515829,9,,1,1,600,600,2,2,6,6,B,TRQ82 B,TRQ82 260819,890.1846854357216,
TRQ82,260819,306,1,-773.4625244140625,942.721923828125,5807.3486328125,1.1764328152724923,9,,1,1,600,600,2,2,6,6,B,TRQ82 B,TRQ82 260819,890.1846854357216,
TRQ82,260819,311,1,-773.4625244140625,942.721923828125,5807.3486328125,15.68482266611041,9,,1,1,600,600,2,2,6,6,B,TRQ82 B,TRQ82 260819,890.1846854357216,
TRQ82,260819,313,1,-762.5540771484375,990.660400390625,5759.64306640625,21.07857913234765,9,,1,1,600,600,2,2,6,6,B,TRQ82 B,TRQ82 260819,890.1846854357216,
TRQ82,260819,314,1,-762.5540771484375,990.660400390625,5759.64306640625,2.2056878498285983,9,,1,1,600,208,2,2,6,1,B,TRQ82 B,TRQ82 260819,890.1846854357216,
TRQ82,260819,326,1,-865.0931396484375,717.641357421875,6272.716796875,0.79908877412485,9,,1,0,600,380,2,0,6,5,B,TRQ82 B,TRQ82 260819,890.1846854357216,
TRQ82,260819,327,1,-884.728271484375,690.552978515625,6380.1337890625,0.46490863673352595,9,,1,1,600,599,2,2,6,6,B,TRQ82 B,TRQ82 260819,890.1846854357216,
TRQ82,260819,328,1,-847.6396484375,760.513916015625,6184.0751953125,0.39206181921928096,9,,1,1,600,242,2,2,6,4,B,TRQ82 B,TRQ82 260819,890.1846854357216,
TRQ82,260821,14,0,-738.08837890625,363.924072265625,6018.52197265625,0.4661455872706894,10,,3,3,1143,1143,6,6,5,5,A,TRQ82 A,TRQ82 260821,460.91996856972025,
TRQ82,260821,41,0,-698.282470703125,459.085205078125,5818.56005859375,0.200106475359664,10,,3,3,1143,1137,6,6,5,5,A,TRQ82 A,TRQ82 260821,460.91996856972025,
TRQ82,260821,48,0,-693.859619140625,469.658447265625,5796.341796875,2.575435901144914,10,,3,3,1143,1143,6,6,5,5,A,TRQ82 A,TRQ82 260821,460.91996856972025,
TRQ82,260821,62,0,-669.5338134765625,548.95556640625,5681.837890625,12.66876219382482,10,,3,3,1143,1143,6,6,5,5,A,TRQ82 A,TRQ82 260821,460.91996856972025,
TRQ82,260821,64,0,-671.745361328125,522.52587890625,5685.251953125,0.8513990322178597,10,,3,3,1143,1060,6,6,5,0,A,TRQ82 A,TRQ82 260821,460.91996856972025,
TRQ82,260821,65,0,-669.5338134765625,548.95556640625,5681.837890625,4.195217942807981,10,,3,3,1143,1143,6,6,5,5,A,TRQ82 A,TRQ82 260821,460.91996856972025,
TRQ82,260821,67,0,-667.3223876953125,533.099365234375,5663.03369140625,3.3770622567504716,10,,3,3,1143,946,6,5,5,0,A,TRQ82 A,TRQ82 260821,460.91996856972025,
TRQ82,260821,68,0,-667.3223876953125,533.099365234375,5663.03369140625,4.745949377531116,10,,3,3,1143,1143,6,6,5,5,A,TRQ82 A,TRQ82 260821,460.91996856972025,
TRQ82,260821,69,0,-667.3223876953125,533.099365234375,5663.03369140625,0.23732055453361167,10,,3,3,1143,1143,6,6,5,5,A,TRQ82 A,TRQ82 260821,460.91996856972025,
TRQ82,260821,70,0,-669.5338134765625,548.95556640625,5681.837890625,1.2028550752353406,10,,3,3,1143,1143,6,6,5,5,A,TRQ82 A,TRQ82 260821,460.91996856972025,
TRQ82,260821,71,0,-665.1109619140625,559.529052734375,5659.6201171875,10.500003227374854,10,,3,3,1143,1143,6,6,5,5,A,TRQ82 A,TRQ82 260821,460.91996856972025,
TRQ82,260821,74,0,-662.8995361328125,543.6728515625,5640.81591796875,17.17933021201501,10,,3,3,1143,1143,6,6,5,5,A,TRQ82 A,TRQ82 260821,460.91996856972025,
TRQ82,260821,75,0,-662.8995361328125,543.6728515625,5640.81591796875,5.911221003079618,10,,3,3,1143,1143,6,6,5,5,A,TRQ82 A,TRQ82 260821,460.91996856972025,
TRQ82,260821,76,0,-660.6881103515625,570.1025390625,5637.40185546875,12.863512796747536,10,,3,3,1143,1143,6,6,5,5,A,TRQ82 A,TRQ82 260821,460.91996856972025,
TRQ82,260821,79,0,-656.2652587890625,580.676025390625,5615.18408203125,11.981733039844247,10,,3,3,1143,1143,6,6,5,5,A,TRQ82 A,TRQ82 260821,460.91996856972025,
TRQ82,260821,80,0,-654.0538330078125,564.819580078125,5596.3798828125,3.587603449099357,10,,3,3,1143,1074,6,6,5,5,A,TRQ82 A,TRQ82 260821,460.91996856972025,
TRQ82,260821,81,0,-654.0538330078125,564.819580078125,5596.3798828125,40.22177091780535,10,,3,3,1143,1143,6,6,5,5,A,TRQ82 A,TRQ82 260821,460.91996856972025,
TRQ82,260821,83,0,-654.0538330078125,564.819580078125,5596.3798828125,0.31100997185572143,10,,3,3,1143,1143,6,6,5,5,A,TRQ82 A,TRQ82 260821,460.91996856972025,
TRQ82,260821,88,0,-645.2081298828125,585.966552734375,5551.94384765625,7.01092936258965,10,,3,3,1143,1143,6,6,5,5,A,TRQ82 A,TRQ82 260821,460.91996856972025,
TRQ82,260821,89,0,-640.78515625,596.5400390625,5529.7255859375,4.550552376210836,10,,3,3,1143,1143,6,6,5,5,A,TRQ82 A,TRQ82 260821,460.91996856972025,
TRQ82,260821,91,0,-640.78515625,596.5400390625,5529.7255859375,5.6870131017537,10,,3,3,1143,1143,6,6,5,5,A,TRQ82 A,TRQ82 260821,460.91996856972025,
TRQ82,260821,94,0,-634.15087890625,633.543212890625,5504.09423828125,0.542605283439495,10,,3,3,1143,1120,6,6,5,5,A,TRQ82 A,TRQ82 260821,460.91996856972025,
TRQ82,260821,96,0,-629.72802734375,644.11669921875,5481.8759765625,3.8779286722330824,10,,3,3,1143,1143,6,6,5,5,A,TRQ82 A,TRQ82 260821,460.91996856972025,
TRQ82,260821,101,0,-627.5166015625,628.260498046875,5463.07177734375,5.380066205539799,10,,3,3,1143,821,6,4,5,0,A,TRQ82 A,TRQ82 260821,460.91996856972025,
TRQ82,260821,102,0,-620.88232421875,665.263671875,5437.43994140625,0.6527700389097668,10,,3,3,1143,973,6,5,5,2,A,TRQ82 A,TRQ82 260821,460.91996856972025,
TRQ82,260821,103,0,-623.09375,638.833984375,5440.853515625,7.124787823188849,10,,3,3,1143,1143,6,6,5,5,A,TRQ82 A,TRQ82 260821,460.91996856972025,
TRQ82,260821,104,0,-627.5166015625,628.260498046875,5463.07177734375,10.418741714538445,10,,3,3,1143,1143,6,6,5,5,A,TRQ82 A,TRQ82 260821,460.91996856972025,
TRQ82,260821,131,1,-810.4638671875,851.832275390625,5995.26904296875,0.11311971957341413,10,,3,3,1143,1040,6,4,5,4,B,TRQ82 B,TRQ82 260821,890.1846854357216,
TRQ82,260821,132,1,-810.4638671875,851.832275390625,5995.26904296875,0.17221900163625906,10,,3,2,1143,1000,6,5,5,0,B,TRQ82 B,TRQ82 260821,890.1846854357216,
TRQ82,260821,136,1,-803.9188232421875,889.052490234375,5969.7236328125,1.4824685534951758,10,,3,3,1143,1143,6,6,5,5,B,TRQ82 B,TRQ82 260821,890.1846854357216,
TRQ82,260821,138,1,-803.9188232421875,889.052490234375,5969.7236328125,0.18884067471643418,10,,3,3,1143,1143,6,6,5,5,B,TRQ82 B,TRQ82 260821,890.1846854357216,
TRQ82,260821,139,1,-806.1004638671875,862.550537109375,5973.1083984375,0.18994878625511252,10,,3,3,1143,1014,6,6,5,5,B,TRQ82 B,TRQ82 260821,890.1846854357216,
TRQ82,260821,143,1,-806.1004638671875,862.550537109375,5973.1083984375,0.808459710094074,10,,3,3,1143,1143,6,6,5,5,B,TRQ82 B,TRQ82 260821,890.1846854357216,
TRQ82,260821,144,1,-803.9188232421875,889.052490234375,5969.7236328125,0.7512996232239162,10,,3,3,1143,1143,6,6,5,5,B,TRQ82 B,TRQ82 260821,890.1846854357216,
TRQ82,260821,145,1,-806.1004638671875,862.550537109375,5973.1083984375,0.3104559160863823,10,,3,3,1143,1110,6,6,5,5,B,TRQ82 B,TRQ82 260821,890.1846854357216,
TRQ82,260821,146,1,-806.1004638671875,862.550537109375,5973.1083984375,1.6129486871745506,10,,3,3,1143,1143,6,6,5,5,B,TRQ82 B,TRQ82 260821,890.1846854357216,
TRQ82,260821,147,1,-803.9188232421875,889.052490234375,5969.7236328125,2.39555246136613,10,,3,3,1143,1143,6,6,5,5,B,TRQ82 B,TRQ82 260821,890.1846854357216,
TRQ82,260821,151,1,-799.555419921875,899.770751953125,5947.56298828125,1.3385063960952144,10,,3,3,1143,1143,6,6,5,5,B,TRQ82 B,TRQ82 260821,890.1846854357216,
TRQ82,260821,152,1,-801.737060546875,873.2685546875,5950.9482421875,2.0428959641817475,10,,3,3,1143,1143,6,6,5,5,B,TRQ82 B,TRQ82 260821,890.1846854357216,
TRQ82,260821,156,1,-799.555419921875,899.770751953125,5947.56298828125,3.3829721849567562,10,,3,3,1143,1143,6,6,5,5,B,TRQ82 B,TRQ82 260821,890.1846854357216,
TRQ82,260821,160,1,-801.737060546875,873.2685546875,5950.9482421875,2.4942667309367255,10,,3,3,1143,1143,6,6,5,5,B,TRQ82 B,TRQ82 260821,890.1846854357216,
TRQ82,260821,161,1,-795.1920166015625,910.48876953125,5925.40283203125,1.4839460355467469,10,,3,3,1143,1143,6,6,5,5,B,TRQ82 B,TRQ82 260821,890.1846854357216,
TRQ82,260821,165,1,-799.555419921875,899.770751953125,5947.56298828125,0.8751310876712209,10,,3,3,1143,1136,6,6,5,4,B,TRQ82 B,TRQ82 260821,890.1846854357216,
TRQ82,260821,167,1,-797.3736572265625,883.986572265625,5928.78759765625,1.5144191028604013,10,,3,3,1143,1143,6,6,5,5,B,TRQ82 B,TRQ82 260821,890.1846854357216,
TRQ82,260821,170,1,-795.1920166015625,910.48876953125,5925.40283203125,0.44730769111315755,10,,3,3,1143,1139,6,6,5,5,B,TRQ82 B,TRQ82 260821,890.1846854357216,
TRQ82,260821,171,1,-793.0103759765625,894.704833984375,5906.62744140625,1.6569961208370148,10,,3,3,1143,1143,6,6,5,5,B,TRQ82 B,TRQ82 260821,890.1846854357216,
TRQ82,260821,175,1,-793.0103759765625,894.704833984375,5906.62744140625,1.2228010829315508,10,,3,3,1143,1143,6,6,5,5,B,TRQ82 B,TRQ82 260821,890.1846854357216,
TRQ82,260821,179,1,-782.1019287109375,942.64306640625,5858.92138671875,0.9759692376909501,10,,3,3,1143,1143,6,6,5,5,B,TRQ82 B,TRQ82 260821,890.1846854357216,
TRQ82,260821,183,1,-784.2835693359375,916.14111328125,5862.306640625,0.39273319783324917,10,,3,3,1143,1043,6,5,5,4,B,TRQ82 B,TRQ82 260821,890.1846854357216,
TRQ82,260821,184,1,-784.2835693359375,916.14111328125,5862.306640625,0.8644193427973302,10,,3,3,1143,1142,6,6,5,5,B,TRQ82 B,TRQ82 260821,890.1846854357216,
TRQ82,260821,187,1,-784.2835693359375,916.14111328125,5862.306640625,2.077247421880776,10,,3,3,1143,1143,6,6,5,5,B,TRQ82 B,TRQ82 260821,890.1846854357216,
TRQ82,260821,189,1,-779.9202880859375,926.859130859375,5840.14599609375,0.42191346835177884,10,,3,3,1143,1143,6,6,5,5,B,TRQ82 B,TRQ82 260821,890.1846854357216,
TRQ82,260821,193,1,-782.1019287109375,942.64306640625,5858.92138671875,0.5849905497939416,10,,3,3,1143,1138,6,6,5,5,B,TRQ82 B,TRQ82 260821,890.1846854357216,
TRQ82,260821,207,1,-769.0118408203125,974.797607421875,5792.4404296875,0.7049436238558722,10,,3,3,1143,1143,6,6,5,5,B,TRQ82 B,TRQ82 260821,890.1846854357216,
TRQ82,260821,214,1,-760.28515625,996.233642578125,5748.11962890625,15.2560179513823,10,,3,3,1143,983,6,5,5,3,B,TRQ82 B,TRQ82 260821,890.1846854357216,
TRQ82,260821,215,1,-755.9217529296875,1006.951904296875,5725.95947265625,6.367024215989309,10,,3,3,1143,1143,6,6,5,5,B,TRQ82 B,TRQ82 260821,890.1846854357216,
TRQ82,260821,224,1,-749.376708984375,1001.885986328125,5685.0234375,1.2128280790834458,10,,3,3,1143,1130,6,6,5,4,B,TRQ82 B,TRQ82 260821,890.1846854357216,
TRQ82,260821,226,1,-745.0133056640625,1012.60400390625,5662.86279296875,10.278473262267411,10,,3,3,1143,946,6,5,5,0,B,TRQ82 B,TRQ82 260821,890.1846854357216,
TRQ82,260821,230,1,-740.6500244140625,1023.322265625,5640.70263671875,38.67604766397729,10,,3,3,1143,894,6,5,5,1,B,TRQ82 B,TRQ82 260821,890.1846854357216,
TRQ82,260821,232,1,-736.28662109375,1034.040283203125,5618.5419921875,0.41083235296499543,10,,3,3,1143,1143,6,6,5,5,B,TRQ82 B,TRQ82 260821,890.1846854357216,
TRQ82,260821,233,1,-731.9232177734375,1044.758544921875,5596.3818359375,20.437085793101115,10,,3,3,1143,1143,6,6,5,5,B,TRQ82 B,TRQ82 260821,890.1846854357216,
TRQ82,260821,234,1,-729.7415771484375,1071.260498046875,5592.9970703125,20.440317785088926,10,,3,3,1143,1143,6,6,5,5,B,TRQ82 B,TRQ82 260821,890.1846854357216,
TRQ82,260821,237,1,-727.5599365234375,1055.4765625,5574.22119140625,2.2954530523721863,10,,3,3,1143,1086,6,6,5,1,B,TRQ82 B,TRQ82 260821,890.1846854357216,
TRQ82,260821,238,1,-731.9232177734375,1044.758544921875,5596.3818359375,15.047323611597879,10,,3,3,1143,1143,6,6,5,5,B,TRQ82 B,TRQ82 260821,890.1846854357216,
TRQ82,260821,254,0,-642.9967041015625,612.396484375,5548.5302734375,3.697398834056736,10,,3,3,1143,1143,6,6,5,5,A,TRQ82 A,TRQ82 260821,460.91996856972025,
TRQ82,260825,0,0,-820.353759765625,167.257568359375,6431.77685546875,16.536102663835628,11,,10,10,1128,1128,7,7,5,5,A,TRQ82 A,TRQ82 260825,460.91996856972025,
TRQ82,260825,3,0,-815.930908203125,177.8310546875,6409.55908203125,5.291792167138846,11,,10,10,1128,1128,7,7,5,5,A,TRQ82 A,TRQ82 260825,460.91996856972025,
TRQ82,260825,8,0,-811.508056640625,188.404541015625,6387.34130859375,8.711925731942687,11,,10,10,1128,1128,7,7,5,5,A,TRQ82 A,TRQ82 260825,460.91996856972025,
TRQ82,260825,13,0,-800.4508056640625,235.98121643066406,6339.4912109375,33.548985500519926,11,,10,10,1128,1128,7,7,5,5,A,TRQ82 A,TRQ82 260825,460.91996856972025,
TRQ82,260825,14,0,-798.2393798828125,220.125,6320.68701171875,2.1789604477143136,11,,10,10,1128,1124,7,7,5,5,A,TRQ82 A,TRQ82 260825,460.91996856972025,
TRQ82,260825,17,0,-793.8165283203125,230.698486328125,6298.46923828125,17.533501113493283,11,,10,10,1128,1128,7,7,5,5,A,TRQ82 A,TRQ82 260825,460.91996856972025,
TRQ82,260825,19,0,-789.3936767578125,241.271728515625,6276.2509765625,11.357876205219254,11,,10,10,1128,1128,7,7,5,5,A,TRQ82 A,TRQ82 260825,460.91996856972025,
TRQ82,260825,23,0,-787.1822509765625,267.7016906738281,6272.83740234375,4.3633598661433055,11,,10,10,1128,1128,7,7,5,5,A,TRQ82 A,TRQ82 260825,460.91996856972025,
TRQ82,260825,26,0,-778.3365478515625,288.8486633300781,6228.4013671875,25.84163765957827,11,,10,10,1128,1128,7,7,5,5,A,TRQ82 A,TRQ82 260825,460.91996856972025,
TRQ82,260825,29,0,-762.8564453125,304.712646484375,6142.94287109375,25.722524200926816,11,,10,10,1128,1128,7,7,5,5,A,TRQ82 A,TRQ82 260825,460.91996856972025,
TRQ82,260825,30,0,-762.8564453125,304.712646484375,6142.94287109375,0.6041608669864359,11,,10,10,1128,1071,7,7,5,5,A,TRQ82 A,TRQ82 260825,460.91996856972025,
TRQ82,260825,50,0,-736.3192138671875,368.1533203125,6009.634765625,12.046776235940374,11,,10,10,1128,1128,7,7,5,5,A,TRQ82 A,TRQ82 260825,460.91996856972025,
TRQ82,260825,51,0,-729.6849365234375,405.1565246582031,5984.0029296875,20.22633551433038,11,,10,10,1128,1128,7,7,5,5,A,TRQ82 A,TRQ82 260825,460.91996856972025,
TRQ82,260825,57,0,-727.4735107421875,389.30029296875,5965.19873046875,11.386920308835636,11,,10,10,1128,1128,7,7,5,5,A,TRQ82 A,TRQ82 260825,460.91996856972025,
TRQ82,260825,66,0,-720.839111328125,426.3034973144531,5939.56689453125,14.241727257555846,11,,10,10,1128,1128,7,7,5,5,A,TRQ82 A,TRQ82 260825,460.91996856972025,
TRQ82,260825,69,0,-709.781982421875,431.593994140625,5876.32666015625,79.77305713393984,11,,10,10,1128,1128,7,7,5,5,A,TRQ82 A,TRQ82 260825,460.91996856972025,
TRQ82,260825,82,0,-705.359130859375,442.16748046875,5854.10888671875,2.5805740452861397,11,,10,10,1128,1128,7,7,5,5,A,TRQ82 A,TRQ82 260825,460.91996856972025,
TRQ82,260825,85,0,-700.936279296875,452.740966796875,5831.890625,1.5391199328395897,11,,10,10,1128,1128,7,7,5,5,A,TRQ82 A,TRQ82 260825,460.91996856972025,
TRQ82,260825,89,0,-698.724853515625,479.1709289550781,5828.47705078125,10.323601534116081,11,,10,10,1128,903,7,6,5,5,A,TRQ82 A,TRQ82 260825,460.91996856972025,
TRQ82,260825,94,0,-689.8790283203125,500.3176574707031,5784.041015625,0.11465350266541292,11,,10,10,1128,1125,7,7,5,5,A,TRQ82 A,TRQ82 260825,460.91996856972025,
TRQ82,260825,95,0,-694.302001953125,489.7444152832031,5806.2587890625,44.06066664194958,11,,10,10,1128,1128,7,7,5,5,A,TRQ82 A,TRQ82 260825,460.91996856972025,
TRQ82,260825,99,0,-689.8790283203125,500.3176574707031,5784.041015625,0.9259303744667883,11,,10,10,1128,1041,7,6,5,3,A,TRQ82 A,TRQ82 260825,460.91996856972025,
TRQ82,260825,100,0,-687.6676025390625,484.46142578125,5765.23681640625,25.14294748157073,11,,10,10,1128,1128,7,7,5,5,A,TRQ82 A,TRQ82 260825,460.91996856972025,
TRQ82,260825,128,1,-863.260498046875,743.2861328125,6271.10498046875,1.3072022215657184,11,,10,10,1128,1093,7,7,5,5,B,TRQ82 B,TRQ82 260825,890.1846854357216,
TRQ82,260825,129,1,-861.078857421875,727.502197265625,6252.32958984375,3.1291486315685657,11,,10,10,1128,898,7,7,5,2,B,TRQ82 B,TRQ82 260825,890.1846854357216,
TRQ82,260825,130,1,-858.8970947265625,754.004150390625,6248.9443359375,1.6672620828774043,11,,10,10,1128,1128,7,7,5,5,B,TRQ82 B,TRQ82 260825,890.1846854357216,
TRQ82,260825,148,1,-839.261962890625,781.0927734375,6141.52734375,0.48841957017808735,11,,10,1,1128,255,7,0,5,3,B,TRQ82 B,TRQ82 260825,890.1846854357216,
TRQ82,260825,150,1,-837.080322265625,807.5947265625,6138.142578125,6.891611013154242,11,,10,10,1128,1128,7,7,5,5,B,TRQ82 B,TRQ82 260825,890.1846854357216,
TRQ82,260825,163,1,-828.3536376953125,829.031005859375,6093.82177734375,25.69794005329647,11,,10,10,1128,1083,7,7,5,4,B,TRQ82 B,TRQ82 260825,890.1846854357216,
TRQ82,260825,169,1,-815.2635498046875,861.185546875,6027.3408203125,10.978562387577611,11,,10,10,1128,1128,7,7,5,5,B,TRQ82 B,TRQ82 260825,890.1846854357216,
TRQ82,260825,170,1,-821.80859375,823.965087890625,6052.8857421875,9.452060866796073,11,,10,10,1128,1128,7,7,5,5,B,TRQ82 B,TRQ82 260825,890.1846854357216,
TRQ82,260825,180,1,-804.3551025390625,866.837646484375,5964.244140625,10.05817976323979,11,,10,10,1128,1128,7,7,5,5,B,TRQ82 B,TRQ82 260825,890.1846854357216,
TRQ82,260825,181,1,-806.5367431640625,882.62158203125,5983.02001953125,23.13270390542573,11,,10,10,1128,1128,7,7,5,5,B,TRQ82 B,TRQ82 260825,890.1846854357216,
TRQ82,260825,183,1,-799.99169921875,877.555908203125,5942.083984375,6.305289970111951,11,,10,10,1128,1128,7,7,5,5,B,TRQ82 B,TRQ82 260825,890.1846854357216,
TRQ82,260825,214,0,-696.513427734375,463.314453125,5809.6728515625,6.017894757548363,11,,10,10,1128,1118,7,7,5,5,A,TRQ82 A,TRQ82 260825,460.91996856972025,
TRQ82,260825,215,0,-698.724853515625,479.1709289550781,5828.47705078125,0.8247655191737769,11,,10,10,1128,761,7,4,5,5,A,TRQ82 A,TRQ82 260825,460.91996856972025,
TRQ82,260825,217,0,-698.724853515625,479.1709289550781,5828.47705078125,2.926601362153956,11,,10,10,1128,1128,7,7,5,5,A,TRQ82 A,TRQ82 260825,460.91996856972025,
TRQ82,260825,219,0,-700.936279296875,452.740966796875,5831.890625,0.19961022522868382,11,,10,9,1128,924,7,6,5,5,A,TRQ82 A,TRQ82 260825,460.91996856972025,
TRQ82,260825,223,1,-804.3551025390625,866.837646484375,5964.244140625,2.1262024317819366,11,,10,10,1128,1087,7,6,5,5,B,TRQ82 B,TRQ82 260825,890.1846854357216,
TRQ82,260825,227,0,-729.6849365234375,405.1565246582031,5984.0029296875,0.838362945960472,11,,10,10,1128,1127,7,7,5,5,A,TRQ82 A,TRQ82 260825,460.91996856972025,
TRQ82,260825,231,0,-727.4735107421875,389.30029296875,5965.19873046875,9.530599603916023,11,,10,10,1128,1128,7,7,5,5,A,TRQ82 A,TRQ82 260825,460.91996856972025,
TRQ82,260825,232,0,-716.416259765625,436.8769836425781,5917.34912109375,5.021148984376467,11,,10,10,1128,1128,7,7,5,5,A,TRQ82 A,TRQ82 260825,460.91996856972025,
TRQ82,260825,233,0,-736.3192138671875,368.1533203125,6009.634765625,2.6188643991174727,11,,10,10,1128,1128,7,7,5,5,A,TRQ82 A,TRQ82 260825,460.91996856972025,
TRQ82,260825,241,1,-830.5352783203125,802.529052734375,6097.20654296875,0.33275622832400203,11,,10,10,1128,1087,7,7,5,5,B,TRQ82 B,TRQ82 260825,890.1846854357216,
TRQ82,260825,249,1,-839.261962890625,781.0927734375,6141.52734375,0.10769162015062504,11,,10,6,1128,728,7,6,5,4,B,TRQ82 B,TRQ82 260825,890.1846854357216,
TRQ82,260825,251,1,-839.261962890625,781.0927734375,6141.52734375,1.5114899616090254,11,,10,10,1128,1094,7,7,5,5,B,TRQ82 B,TRQ82 260825,890.1846854357216,
TRQ82,260825,255,1,-843.6253662109375,770.37451171875,6163.68798828125,0.1667588421120285,11,,10,10,1128,1101,7,7,5,4,B,TRQ82 B,TRQ82 260825,890.1846854357216,
LIM64,260817,114,1,-136.985595703125,1396.662109375,5002.5859375,0.33480261517616094,12,,0,0,217,217,1,1,4,4,B,LIM64 B,LIM64 260817,1238.4127180989583,
LIM64,260817,118,1,-134.2421875,1407.738525390625,4980.341796875,8.838966263031864,12,,0,0,217,217,1,1,4,4,B,LIM64 B,LIM64 260817,1238.4127180989583,
LIM64,260817,119,1,-130.1270751953125,1445.49609375,4954.67138671875,1.832922477702397,12,,0,0,217,217,1,1,4,4,B,LIM64 B,LIM64 260817,1238.4127180989583,
LIM64,260817,121,1,-131.498779296875,1418.81494140625,4958.09814453125,0.2662766277735414,12,,0,0,217,205,1,1,4,4,B,LIM64 B,LIM64 260817,1238.4127180989583,
LIM64,260817,128,1,-128.75537109375,1429.89111328125,4935.8544921875,0.34041465724792724,12,,0,0,217,217,1,1,4,4,B,LIM64 B,LIM64 260817,1238.4127180989583,
LIM64,260817,132,1,-124.6402587890625,1467.648681640625,4910.18359375,6.072377206968775,12,,0,0,217,217,1,1,4,4,B,LIM64 B,LIM64 260817,1238.4127180989583,
LIM64,260817,133,1,-126.011962890625,1440.967529296875,4913.6103515625,0.3763021894436957,12,,0,0,217,217,1,1,4,4,B,LIM64 B,LIM64 260817,1238.4127180989583,
LIM64,260817,141,1,-116.4100341796875,1500.877685546875,4843.4521484375,0.7790400507517641,12,,0,0,217,217,1,1,4,4,B,LIM64 B,LIM64 260817,1238.4127180989583,
LIM64,260817,145,1,-117.78173828125,1474.196533203125,4846.87890625,0.44615734470541785,12,,0,0,217,211,1,1,4,4,B,LIM64 B,LIM64 260817,1238.4127180989583,
LIM64,260817,146,1,-113.6666259765625,1511.9541015625,4821.20849609375,0.488690716196699,12,,0,0,217,217,1,1,4,4,B,LIM64 B,LIM64 260817,1238.4127180989583,
LIM64,260817,154,1,-110.9232177734375,1523.0302734375,4798.96435546875,7.167463837551586,12,,0,0,217,217,1,1,4,4,B,LIM64 B,LIM64 260817,1238.4127180989583,
LIM64,260817,156,1,-109.551513671875,1507.42529296875,4780.1474609375,0.7251349097992723,12,,0,0,217,217,1,1,4,4,B,LIM64 B,LIM64 260817,1238.4127180989583,
LIM64,260817,159,1,-109.551513671875,1507.42529296875,4780.1474609375,5.194387993372709,12,,0,0,217,217,1,1,4,4,B,LIM64 B,LIM64 260817,1238.4127180989583,
LIM64,260817,164,1,-102.6929931640625,1556.25927734375,4732.23291015625,3.3156830671901143,12,,0,0,217,217,1,1,4,4,B,LIM64 B,LIM64 260817,1238.4127180989583,
LIM64,260817,166,1,-99.9495849609375,1567.335693359375,4709.9892578125,10.783538840898869,12,,0,0,217,217,1,1,4,4,B,LIM64 B,LIM64 260817,1238.4127180989583,
LIM64,260817,167,1,-99.9495849609375,1567.335693359375,4709.9892578125,0.29153081709648954,12,,0,0,217,216,1,1,4,4,B,LIM64 B,LIM64 260817,1238.4127180989583,
LIM64,260817,168,1,-99.9495849609375,1567.335693359375,4709.9892578125,1.0606759515638235,12,,0,0,217,217,1,1,4,4,B,LIM64 B,LIM64 260817,1238.4127180989583,
LIM64,260817,174,1,-94.4627685546875,1589.48828125,4665.50146484375,3.953240583606298,12,,0,0,217,217,1,1,4,4,B,LIM64 B,LIM64 260817,1238.4127180989583,
LIM64,260817,177,1,-94.4627685546875,1589.48828125,4665.50146484375,4.992502164106803,12,,0,0,217,217,1,1,4,4,B,LIM64 B,LIM64 260817,1238.4127180989583,
LIM64,260817,180,1,-91.7193603515625,1600.564453125,4643.2578125,1.907651248447495,12,,0,0,217,211,1,1,4,3,B,LIM64 B,LIM64 260817,1238.4127180989583,
LIM64,260817,182,1,-91.7193603515625,1600.564453125,4643.2578125,7.1891735792502605,12,,0,0,217,217,1,1,4,4,B,LIM64 B,LIM64 260817,1238.4127180989583,
LIM64,260817,185,1,-91.7193603515625,1600.564453125,4643.2578125,0.4087929593328688,12,,0,0,217,217,1,1,4,4,B,LIM64 B,LIM64 260817,1238.4127180989583,
LIM64,260817,187,1,-93.091064453125,1573.88330078125,4646.68408203125,6.0333882831017664,12,,0,0,217,217,1,1,4,4,B,LIM64 B,LIM64 260817,1238.4127180989583,
LIM64,260817,192,1,-87.604248046875,1596.035888671875,4602.1962890625,10.582096067585997,12,,0,0,217,217,1,1,4,4,B,LIM64 B,LIM64 260817,1238.4127180989583,
LIM64,260817,196,1,-86.2325439453125,1622.71728515625,4598.77001953125,30.456700008793185,12,,0,0,217,217,1,1,4,4,B,LIM64 B,LIM64 260817,1238.4127180989583,
LIM64,260817,197,1,-83.4891357421875,1633.79345703125,4576.52587890625,9.783413869583054,12,,0,0,217,217,1,1,4,4,B,LIM64 B,LIM64 260817,1238.4127180989583,
LIM64,260817,202,1,-84.86083984375,1607.1123046875,4579.95263671875,8.888736215089368,12,,0,0,217,217,1,1,4,4,B,LIM64 B,LIM64 260817,1238.4127180989583,
LIM64,260817,205,1,-84.86083984375,1607.1123046875,4579.95263671875,4.065629110359301,12,,0,0,217,217,1,1,4,4,B,LIM64 B,LIM64 260817,1238.4127180989583,
LIM64,260817,206,1,-82.117431640625,1618.1884765625,4557.708984375,0.18194831137936934,12,,0,0,217,217,1,1,4,4,B,LIM64 B,LIM64 260817,1238.4127180989583,
LIM64,260817,207,1,-80.7457275390625,1644.869873046875,4554.2822265625,18.97150822360585,12,,0,0,217,217,1,1,4,4,B,LIM64 B,LIM64 260817,1238.4127180989583,
LIM64,260817,213,1,-83.4891357421875,1633.79345703125,4576.52587890625,0.2916785024141676,12,,0,0,217,217,1,1,4,4,B,LIM64 B,LIM64 260817,1238.4127180989583,
LIM64,260817,214,1,-83.4891357421875,1633.79345703125,4576.52587890625,0.5078898074948467,12,,0,0,217,217,1,1,4,4,B,LIM64 B,LIM64 260817,1238.4127180989583,
LIM64,260819,45,1,-288.20220947265625,786.135498046875,6228.6669921875,0.47852510790674985,13,,0,0,45,45,2,2,0,0,B,LIM64 B,LIM64 260819,1238.4127180989583,
LIM64,260819,51,1,-284.08709716796875,823.89306640625,6202.99658203125,0.12278287683929959,13,,0,0,45,33,2,1,0,0,B,LIM64 B,LIM64 260819,1238.4127180989583,
LIM64,260819,54,1,-282.71539306640625,808.2880859375,6184.17919921875,0.18046147158518716,13,,0,0,45,45,2,2,0,0,B,LIM64 B,LIM64 260819,1238.4127180989583,
LIM64,260819,60,1,-279.97198486328125,819.364501953125,6161.93505859375,2.595882144371802,13,,0,0,45,45,2,2,0,0,B,LIM64 B,LIM64 260819,1238.4127180989583,
LIM64,260819,63,1,-278.60028076171875,846.045654296875,6158.5087890625,1.417097450553154,13,,0,0,45,45,2,2,0,0,B,LIM64 B,LIM64 260819,1238.4127180989583,
LIM64,260819,64,1,-281.34368896484375,834.96923828125,6180.75244140625,10.625640523097195,13,,0,0,45,45,2,2,0,0,B,LIM64 B,LIM64 260819,1238.4127180989583,
LIM64,260819,66,1,-275.85687255859375,857.1220703125,6136.2646484375,2.8421386596641245,13,,0,0,45,45,2,2,0,0,B,LIM64 B,LIM64 260819,1238.4127180989583,
LIM64,260819,69,1,-275.85687255859375,857.1220703125,6136.2646484375,0.6525970345649974,13,,0,0,45,45,2,2,0,0,B,LIM64 B,LIM64 260819,1238.4127180989583,
LIM64,260819,70,1,-271.74176025390625,852.593505859375,6095.20361328125,0.1975578215248365,13,,0,0,45,45,2,2,0,0,B,LIM64 B,LIM64 260819,1238.4127180989583,
LIM64,260819,73,1,-273.11346435546875,868.1982421875,6114.02099609375,4.585620972701493,13,,0,0,45,45,2,2,0,0,B,LIM64 B,LIM64 260819,1238.4127180989583,
LIM64,260819,75,1,-268.99835205078125,863.669677734375,6072.9599609375,0.1416061308132569,13,,0,0,45,39,2,1,0,0,B,LIM64 B,LIM64 260819,1238.4127180989583,
LIM64,260819,77,1,-270.37005615234375,879.274658203125,6091.77734375,1.203306731105822,13,,0,0,45,45,2,2,0,0,B,LIM64 B,LIM64 260819,1238.4127180989583,
LIM64,260819,84,1,-259.39642333984375,923.579833984375,6002.8017578125,4.475271804909211,13,,0,0,45,45,2,2,0,0,B,LIM64 B,LIM64 260819,1238.4127180989583,
LIM64,260819,112,1,-222.36041259765625,1051.967041015625,5694.814453125,0.6964603970364208,13,,0,0,45,45,2,2,0,0,B,LIM64 B,LIM64 260819,1238.4127180989583,
LIM64,260819,113,1,-222.36041259765625,1051.967041015625,5694.814453125,3.4025190187970744,13,,0,0,45,45,2,2,0,0,B,LIM64 B,LIM64 260819,1238.4127180989583,
LIM64,260819,119,1,-214.13018798828125,1085.196044921875,5628.0830078125,2.9656122981171475,13,,0,0,45,45,2,2,0,0,B,LIM64 B,LIM64 260819,1238.4127180989583,
LIM64,260819,120,1,-215.50189208984375,1100.801025390625,5646.89990234375,0.2343408774555971,13,,0,0,45,45,2,2,0,0,B,LIM64 B,LIM64 260819,1238.4127180989583,
LIM64,260819,121,1,-215.50189208984375,1100.801025390625,5646.89990234375,3.0975477663382796,13,,0,0,45,45,2,2,0,0,B,LIM64 B,LIM64 260819,1238.4127180989583,
LIM64,260819,122,1,-215.50189208984375,1100.801025390625,5646.89990234375,11.962609626458452,13,,0,0,45,45,2,2,0,0,B,LIM64 B,LIM64 260819,1238.4127180989583,
LIM64,260819,123,1,-212.75848388671875,1111.87744140625,5624.65625,5.251860549137524,13,,0,0,45,45,2,2,0,0,B,LIM64 B,LIM64 260819,1238.4127180989583,
LIM64,260819,127,1,-210.01507568359375,1122.95361328125,5602.41259765625,3.5417074839622993,13,,0,0,45,45,2,2,0,0,B,LIM64 B,LIM64 260819,1238.4127180989583,
LIM64,260821,51,1,-246.1732177734375,955.82470703125,5887.89111328125,1.1708981566132988,14,,5,5,252,252,29,29,5,5,B,LIM64 B,LIM64 260821,1238.4127180989583,
LIM64,260821,52,1,-248.9166259765625,944.748291015625,5910.134765625,1.2940389643466315,14,,5,5,252,252,29,29,5,5,B,LIM64 B,LIM64 260821,1238.4127180989583,
LIM64,260821,54,1,-244.801513671875,982.505859375,5884.46435546875,3.9955262083687693,14,,5,5,252,252,29,29,5,5,B,LIM64 B,LIM64 260821,1238.4127180989583,
LIM64,260821,58,1,-246.1732177734375,955.82470703125,5887.89111328125,7.961109363185359,14,,5,5,252,252,29,29,5,5,B,LIM64 B,LIM64 260821,1238.4127180989583,
LIM64,260821,62,1,-242.05810546875,993.582275390625,5862.220703125,9.280724685774475,14,,5,5,252,252,29,29,5,5,B,LIM64 B,LIM64 260821,1238.4127180989583,
LIM64,260821,64,1,-242.05810546875,993.582275390625,5862.220703125,0.7485763388044532,14,,5,4,252,232,29,27,5,5,B,LIM64 B,LIM64 260821,1238.4127180989583,
LIM64,260821,68,1,-239.314697265625,1004.658447265625,5839.9765625,1.7396914113815491,14,,5,5,252,252,29,29,5,5,B,LIM64 B,LIM64 260821,1238.4127180989583,
LIM64,260821,69,1,-237.9429931640625,989.0537109375,5821.15966796875,5.018954826237589,14,,5,5,252,252,29,29,5,5,B,LIM64 B,LIM64 260821,1238.4127180989583,
LIM64,260821,70,1,-237.9429931640625,989.0537109375,5821.15966796875,13.178935970098669,14,,5,5,252,252,29,29,5,5,B,LIM64 B,LIM64 260821,1238.4127180989583,
LIM64,260821,77,1,-229.7127685546875,1022.28271484375,5754.427734375,7.70734198433065,14,,5,5,252,252,29,29,5,5,B,LIM64 B,LIM64 260821,1238.4127180989583,
LIM64,260821,107,1,-181.703125,1237.26123046875,5372.85595703125,5.1720386875231,14,,5,5,252,196,29,29,5,1,B,LIM64 B,LIM64 260821,1238.4127180989583,
LIM64,260821,109,1,-180.3314208984375,1221.65625,5354.03857421875,8.263534204062358,14,,5,5,252,252,29,29,5,5,B,LIM64 B,LIM64 260821,1238.4127180989583,
LIM64,260821,111,1,-178.959716796875,1248.337646484375,5350.61181640625,0.5766533063256971,14,,5,5,252,234,29,29,5,4,B,LIM64 B,LIM64 260821,1238.4127180989583,
LIM64,260821,113,1,-176.21630859375,1259.413818359375,5328.3681640625,0.7155142171739232,14,,5,5,252,239,29,25,5,5,B,LIM64 B,LIM64 260821,1238.4127180989583,
LIM64,260821,114,1,-176.21630859375,1259.413818359375,5328.3681640625,1.1685276648737515,14,,5,5,252,252,29,29,5,5,B,LIM64 B,LIM64 260821,1238.4127180989583,
LIM64,260821,115,1,-174.8446044921875,1243.80908203125,5309.55078125,1.5912237708519994,14,,5,5,252,184,29,28,5,1,B,LIM64 B,LIM64 260821,1238.4127180989583,
LIM64,260821,120,1,-170.7294921875,1281.566650390625,5283.88037109375,0.20523467955555424,14,,5,5,252,247,29,28,5,5,B,LIM64 B,LIM64 260821,1238.4127180989583,
LIM64,260821,122,1,-170.7294921875,1281.566650390625,5283.88037109375,0.2641226848748379,14,,5,5,252,211,29,29,5,4,B,LIM64 B,LIM64 260821,1238.4127180989583,
LIM64,260821,125,1,-244.801513671875,982.505859375,5884.46435546875,0.36567954150597537,14,,5,5,252,239,29,28,5,5,B,LIM64 B,LIM64 260821,1238.4127180989583,
LIM64,260821,126,1,-240.6864013671875,977.977294921875,5843.4033203125,2.031636183515286,14,,5,5,252,252,29,29,5,5,B,LIM64 B,LIM64 260821,1238.4127180989583,
LIM64,260821,127,1,-251.6600341796875,933.672119140625,5932.37890625,0.2105994766503195,14,,5,5,252,228,29,27,5,5,B,LIM64 B,LIM64 260821,1238.4127180989583,
LIM64,260821,128,1,-251.6600341796875,933.672119140625,5932.37890625,9.230195782905176,14,,5,5,252,252,29,29,5,5,B,LIM64 B,LIM64 260821,1238.4127180989583,
ROS107,260917,8,0,467.0581359863281,973.729248046875,5567.13330078125,0.9922264050015971,15,,0,0,35,35,0,0,4,4,A,ROS107 A,ROS107 260917,1091.0371816814568,
ROS107,260917,10,0,467.0581359863281,973.729248046875,5567.13330078125,0.4014174794908696,15,,0,0,35,32,0,0,4,4,A,ROS107 A,ROS107 260917,1091.0371816814568,
ROS107,260917,11,0,467.4080810546875,982.2789306640625,5543.64306640625,2.8404097599417226,15,,0,0,35,35,0,0,4,4,A,ROS107 A,ROS107 260917,1091.0371816814568,
ROS107,260917,15,0,467.4080810546875,982.2789306640625,5543.64306640625,6.177394652740389,15,,0,0,35,35,0,0,4,4,A,ROS107 A,ROS107 260917,1091.0371816814568,
ROS107,260917,20,0,468.1080322265625,999.3782958984375,5496.6630859375,3.2062586020093513,15,,0,0,35,35,0,0,4,4,A,ROS107 A,ROS107 260917,1091.0371816814568,
ROS107,260917,21,0,468.28302001953125,1024.796142578125,5492.61328125,5.934419285407597,15,,0,0,35,35,0,0,4,4,A,ROS107 A,ROS107 260917,1091.0371816814568,
ROS107,260917,22,0,468.4579772949219,1007.9278564453125,5473.1728515625,81.1320619624141,15,,0,0,35,35,0,0,4,4,A,ROS107 A,ROS107 260917,1091.0371816814568,
ROS107,260917,23,0,468.6329650878906,1033.3458251953125,5469.12353515625,62.02061733758585,15,,0,0,35,35,0,0,4,4,A,ROS107 A,ROS107 260917,1091.0371816814568,
ROS107,260917,27,0,468.9829406738281,1041.8955078125,5445.63330078125,15.825734001561788,15,,0,0,35,35,0,0,4,4,A,ROS107 A,ROS107 260917,1091.0371816814568,
ROS107,260917,29,0,469.1579284667969,1025.0272216796875,5426.19287109375,11.729335603259104,15,,0,0,35,35,0,0,4,4,A,ROS107 A,ROS107 260917,1091.0371816814568,
ROS107,260917,31,0,469.50787353515625,1033.576904296875,5402.703125,0.5787987362509316,15,,0,0,35,35,0,0,4,4,A,ROS107 A,ROS107 260917,1091.0371816814568,
ROS107,260917,34,0,469.85784912109375,1042.1265869140625,5379.212890625,53.212529306594014,15,,0,0,35,35,0,0,4,4,A,ROS107 A,ROS107 260917,1091.0371816814568,
ROS107,260917,41,0,470.7327575683594,1084.643798828125,5328.18310546875,11.822183604844444,15,,0,0,35,35,0,0,4,4,A,ROS107 A,ROS107 260917,1091.0371816814568,
ROS107,260917,42,0,470.7327575683594,1084.643798828125,5328.18310546875,1.1599071242825933,15,,0,0,35,35,0,0,4,4,A,ROS107 A,ROS107 260917,1091.0371816814568,
ROS107,260917,45,0,470.55780029296875,1059.2259521484375,5332.23291015625,7.231519725465551,15,,0,0,35,35,0,0,4,4,A,ROS107 A,ROS107 260917,1091.0371816814568,
ROS107,260917,49,0,471.0827331542969,1093.1934814453125,5304.693359375,1.8218533246398039,15,,0,0,35,35,0,0,4,4,A,ROS107 A,ROS107 260917,1091.0371816814568,
ROS107,260917,50,0,470.9077453613281,1067.7755126953125,5308.7431640625,8.34246223199667,15,,0,0,35,35,0,0,4,4,A,ROS107 A,ROS107 260917,1091.0371816814568,
ROS107,260917,51,0,470.9077453613281,1067.7755126953125,5308.7431640625,3.428447103315574,15,,0,0,35,35,0,0,4,4,A,ROS107 A,ROS107 260917,1091.0371816814568,
ROS107,260917,52,0,471.2577209472656,1076.3251953125,5285.2529296875,25.09713817976805,15,,0,0,35,35,0,0,4,4,A,ROS107 A,ROS107 260917,1091.0371816814568,
ROS107,260917,55,0,471.2577209472656,1076.3251953125,5285.2529296875,1.9895340439208,15,,0,0,35,35,0,0,4,4,A,ROS107 A,ROS107 260917,1091.0371816814568,
ROS107,260917,61,0,472.13262939453125,1118.8424072265625,5234.22314453125,20.9850341493564,15,,0,0,35,35,0,0,4,4,A,ROS107 A,ROS107 260917,1091.0371816814568,
ROS107,260917,65,0,472.48260498046875,1127.39208984375,5210.7333984375,7.6103026175052655,15,,0,0,35,35,0,0,4,4,A,ROS107 A,ROS107 260917,1091.0371816814568,
ROS107,260917,66,0,472.3076171875,1101.9742431640625,5214.78271484375,3.067217564809406,15,,0,0,35,35,0,0,4,4,A,ROS107 A,ROS107 260917,1091.0371816814568,
ROS107,260917,68,0,472.6575927734375,1110.52392578125,5191.29296875,6.596365485764807,15,,0,0,35,35,0,0,4,4,A,ROS107 A,ROS107 260917,1091.0371816814568,
ROS107,260917,70,0,472.6575927734375,1110.52392578125,5191.29296875,3.1632990788877726,15,,0,0,35,35,0,0,4,4,A,ROS107 A,ROS107 260917,1091.0371816814568,
ROS107,260917,72,0,473.0075378417969,1119.0736083984375,5167.802734375,1.7641120301215547,15,,0,0,35,35,0,0,4,4,A,ROS107 A,ROS107 260917,1091.0371816814568,
ROS107,260917,77,0,473.0075378417969,1119.0736083984375,5167.802734375,1.4061160041084086,15,,0,0,35,35,0,0,4,4,A,ROS107 A,ROS107 260917,1091.0371816814568,
ROS107,260917,78,0,473.1825256347656,1144.491455078125,5163.75341796875,1.278623225812114,15,,0,0,35,35,0,0,4,4,A,ROS107 A,ROS107 260917,1091.0371816814568,
ROS107,260917,82,0,473.70745849609375,1136.1728515625,5120.82275390625,0.20093970492350782,15,,0,0,35,35,0,0,4,4,A,ROS107 A,ROS107 260917,1091.0371816814568,
ROS107,260917,85,0,473.8824462890625,1161.5908203125,5116.77294921875,0.6970529074243064,15,,0,0,35,35,0,0,4,4,A,ROS107 A,ROS107 260917,1091.0371816814568,
ROS107,260917,86,0,473.70745849609375,1136.1728515625,5120.82275390625,2.1304228025453287,15,,0,0,35,35,0,0,4,4,A,ROS107 A,ROS107 260917,1091.0371816814568,
ROS107,260917,87,0,474.232421875,1170.1405029296875,5093.283203125,1.2934049972087858,15,,0,0,35,35,0,0,4,4,A,ROS107 A,ROS107 260917,1091.0371816814568,
ROS107,260917,88,0,474.40740966796875,1153.272216796875,5073.8427734375,25.56461170018779,15,,0,0,35,35,0,0,4,4,A,ROS107 A,ROS107 260917,1091.0371816814568,
ROS107,260917,90,0,474.05743408203125,1144.7225341796875,5097.3330078125,2.117950682929387,15,,0,0,35,35,0,0,4,4,A,ROS107 A,ROS107 260917,1091.0371816814568,
ROS107,260917,95,0,474.75738525390625,1161.8218994140625,5050.35302734375,1.8458737031593957,15,,0,0,35,35,0,0,4,4,A,ROS107 A,ROS107 260917,1091.0371816814568,
ROS107,260917,96,0,474.932373046875,1187.23974609375,5046.30322265625,6.5765024804505305,15,,0,0,35,35,0,0,4,4,A,ROS107 A,ROS107 260917,1091.0371816814568,
ROS107,260917,97,0,474.932373046875,1187.23974609375,5046.30322265625,25.243570102666332,15,,0,0,35,35,0,0,4,4,A,ROS107 A,ROS107 260917,1091.0371816814568,
ROS107,260917,99,0,475.1073303222656,1170.37158203125,5026.86279296875,3.767042054370589,15,,0,0,35,35,0,0,4,4,A,ROS107 A,ROS107 260917,1091.0371816814568,
ROS107,260917,101,0,475.2823181152344,1195.7894287109375,5022.81298828125,2.181235141721388,15,,0,0,35,35,0,0,4,4,A,ROS107 A,ROS107 260917,1091.0371816814568,
ROS107,260917,103,0,475.1073303222656,1170.37158203125,5026.86279296875,5.5842760754489325,15,,0,0,35,35,0,0,4,4,A,ROS107 A,ROS107 260917,1091.0371816814568,
ROS107,260917,108,0,475.8072509765625,1187.4708251953125,4979.8828125,17.425398824895364,15,,0,0,35,35,0,0,4,4,A,ROS107 A,ROS107 260917,1091.0371816814568,
ROS107,260917,109,0,476.1572265625,1196.0205078125,4956.392578125,5.850347960589025,15,,0,0,35,35,0,0,4,4,A,ROS107 A,ROS107 260917,1091.0371816814568,
ROS107,260917,112,0,476.5072021484375,1204.5701904296875,4932.90283203125,1.9886101832085081,15,,0,0,35,35,0,0,4,4,A,ROS107 A,ROS107 260917,1091.0371816814568,
ROS107,260917,113,0,476.1572265625,1196.0205078125,4956.392578125,18.55481854567232,15,,0,0,35,35,0,0,4,4,A,ROS107 A,ROS107 260917,1091.0371816814568,
ROS107,260917,115,0,477.03216552734375,1238.5377197265625,4905.36328125,1.910082022663689,15,,0,0,35,35,0,0,4,4,A,ROS107 A,ROS107 260917,1091.0371816814568,
ROS107,260917,124,1,467.4080810546875,1482.2789306640625,5543.64306640625,28.932083996492096,15,,0,0,35,35,0,0,4,4,B,ROS107 B,ROS107 260917,1594.9388053200462,
ROS107,260917,125,1,467.758056640625,1490.82861328125,5520.1533203125,13.320685680182057,15,,0,0,35,35,0,0,4,4,B,ROS107 B,ROS107 260917,1594.9388053200462,
ROS107,260917,150,1,471.0827331542969,1593.1934814453125,5304.693359375,0.35060514031481016,15,,0,0,35,33,0,0,4,4,B,ROS107 B,ROS107 260917,1594.9388053200462,
ROS107,260917,173,1,473.0075378417969,1619.0736083984375,5167.802734375,0.42266627587358535,15,,0,0,35,30,0,0,4,4,B,ROS107 B,ROS107 260917,1594.9388053200462,
ROS107,260917,175,1,473.1825256347656,1644.491455078125,5163.75341796875,0.20555900848496775,15,,0,0,35,35,0,0,4,4,B,ROS107 B,ROS107 260917,1594.9388053200462,
ROS107,260917,176,1,473.5325012207031,1653.0411376953125,5140.26318359375,1.8846758530756593,15,,0,0,35,35,0,0,4,4,B,ROS107 B,ROS107 260917,1594.9388053200462,
ROS107,260917,179,1,473.8824462890625,1661.5908203125,5116.77294921875,1.5308372002678272,15,,0,0,35,35,0,0,4,4,B,ROS107 B,ROS107 260917,1594.9388053200462,
ROS107,260917,189,1,474.932373046875,1687.23974609375,5046.30322265625,0.11086328547503878,15,,0,0,35,15,0,0,4,1,B,ROS107 B,ROS107 260917,1594.9388053200462,
ROS107,260917,191,1,475.1073303222656,1670.37158203125,5026.86279296875,2.453312121491379,15,,0,0,35,35,0,0,4,4,B,ROS107 B,ROS107 260917,1594.9388053200462,
ROS107,260917,197,1,475.8072509765625,1687.4708251953125,4979.8828125,0.6517837325219988,15,,0,0,35,35,0,0,4,4,B,ROS107 B,ROS107 260917,1594.9388053200462,
ROS107,260917,198,1,475.8072509765625,1687.4708251953125,4979.8828125,0.4674735204197469,15,,0,0,35,34,0,0,4,4,B,ROS107 B,ROS107 260917,1594.9388053200462,
ROS107,260917,200,1,475.8072509765625,1687.4708251953125,4979.8828125,0.31365071182313053,15,,0,0,35,26,0,0,4,4,B,ROS107 B,ROS107 260917,1594.9388053200462,
ROS107,260917,201,1,475.8072509765625,1687.4708251953125,4979.8828125,2.478256360723263,15,,0,0,35,35,0,0,4,4,B,ROS107 B,ROS107 260917,1594.9388053200462,
ROS107,260917,212,1,476.5072021484375,1704.5701904296875,4932.90283203125,1.5751825144578426,15,,0,0,35,35,0,0,4,4,B,ROS107 B,ROS107 260917,1594.9388053200462,
ROS107,260917,215,1,477.03216552734375,1738.5377197265625,4905.36328125,16.85168132256204,15,,0,0,35,35,0,0,4,4,B,ROS107 B,ROS107 260917,1594.9388053200462,
ROS107,260917,223,1,470.0328369140625,1567.54443359375,5375.1630859375,0.8578046713631126,15,,0,0,35,34,0,0,4,4,B,ROS107 B,ROS107 260917,1594.9388053200462,
ROS107,260921,2,0,464.6083679199219,913.881591796875,5731.56298828125,12.116069309871197,16,,0,0,268,268,1,1,3,3,A,ROS107 A,ROS107 260921,1091.0371816814568,
ROS107,260921,3,0,464.2583923339844,905.33203125,5755.05322265625,30.550289255437743,16,,0,0,268,268,1,1,3,3,A,ROS107 A,ROS107 260921,1091.0371816814568,
ROS107,260921,5,0,464.7833557128906,939.299560546875,5727.513671875,21.549020202859367,16,,0,0,268,268,1,1,3,3,A,ROS107 A,ROS107 260921,1091.0371816814568,
ROS107,260921,6,0,464.7833557128906,939.299560546875,5727.513671875,1.0165852386948109,16,,0,0,268,268,1,1,3,3,A,ROS107 A,ROS107 260921,1091.0371816814568,
ROS107,260921,12,0,465.833251953125,964.948486328125,5657.04345703125,26.705821076023266,16,,0,0,268,268,1,1,3,3,A,ROS107 A,ROS107 260921,1091.0371816814568,
ROS107,260921,15,0,466.1832275390625,973.4981689453125,5633.5537109375,1.1717966869320418,16,,0,0,268,268,1,1,3,3,A,ROS107 A,ROS107 260921,1091.0371816814568,
ROS107,260921,17,0,466.5331726074219,982.0478515625,5610.0634765625,9.171031574087847,16,,0,0,268,268,1,1,3,3,A,ROS107 A,ROS107 260921,1091.0371816814568,
ROS107,260921,20,0,466.7081604003906,965.1795654296875,5590.623046875,11.119134238501298,16,,0,0,268,268,1,1,3,3,A,ROS107 A,ROS107 260921,1091.0371816814568,
ROS107,260921,21,0,466.8831481933594,990.597412109375,5586.5732421875,0.8199591972981268,16,,0,0,268,268,1,1,3,3,A,ROS107 A,ROS107 260921,1091.0371816814568,
ROS107,260921,32,0,468.28302001953125,1024.796142578125,5492.61328125,36.647188956506476,16,,0,0,268,268,1,1,3,3,A,ROS107 A,ROS107 260921,1091.0371816814568,
ROS107,260921,33,0,468.1080322265625,999.3782958984375,5496.6630859375,13.721288991279803,16,,0,0,268,268,1,1,3,3,A,ROS107 A,ROS107 260921,1091.0371816814568,
ROS107,260921,34,0,468.4579772949219,1007.9278564453125,5473.1728515625,6.276487306240645,16,,0,0,268,266,1,1,3,3,A,ROS107 A,ROS107 260921,1091.0371816814568,
ROS107,260921,35,0,468.4579772949219,1007.9278564453125,5473.1728515625,4.51667801733294,16,,0,0,268,268,1,1,3,3,A,ROS107 A,ROS107 260921,1091.0371816814568,
ROS107,260921,36,0,468.6329650878906,1033.3458251953125,5469.12353515625,18.79973793143932,16,,0,0,268,268,1,1,3,3,A,ROS107 A,ROS107 260921,1091.0371816814568,
ROS107,260921,42,0,469.3328857421875,1050.4451904296875,5422.1435546875,0.9950695491555154,16,,0,0,268,268,1,1,3,3,A,ROS107 A,ROS107 260921,1091.0371816814568,
ROS107,260921,43,0,469.50787353515625,1033.576904296875,5402.703125,1.4498838650237469,16,,0,0,268,268,1,1,3,3,A,ROS107 A,ROS107 260921,1091.0371816814568,
ROS107,260921,46,0,469.682861328125,1058.9947509765625,5398.6533203125,11.769952755028081,16,,0,0,268,268,1,1,3,3,A,ROS107 A,ROS107 260921,1091.0371816814568,
ROS107,260921,49,0,469.85784912109375,1042.1265869140625,5379.212890625,1.889525266881608,16,,0,0,268,268,1,1,3,3,A,ROS107 A,ROS107 260921,1091.0371816814568,
ROS107,260921,54,0,470.7327575683594,1084.643798828125,5328.18310546875,8.62505540600977,16,,0,0,268,268,1,1,3,3,A,ROS107 A,ROS107 260921,1091.0371816814568,
ROS107,260921,60,0,471.43267822265625,1101.7431640625,5281.203125,5.673799262845115,16,,0,0,268,268,1,1,3,3,A,ROS107 A,ROS107 260921,1091.0371816814568,
ROS107,260921,68,0,472.3076171875,1101.9742431640625,5214.78271484375,44.79056652676079,16,,0,0,268,268,1,1,3,3,A,ROS107 A,ROS107 260921,1091.0371816814568,
ROS107,260921,69,0,472.8325500488281,1135.9417724609375,5187.2431640625,97.81878167967642,16,,0,0,268,268,1,1,3,3,A,ROS107 A,ROS107 260921,1091.0371816814568,
ROS107,260921,70,0,472.6575927734375,1110.52392578125,5191.29296875,1.47488186269657,16,,0,0,268,268,1,1,3,3,A,ROS107 A,ROS107 260921,1091.0371816814568,
ROS107,260921,73,0,473.5325012207031,1153.0411376953125,5140.26318359375,5.024100059646964,16,,0,0,268,268,1,1,3,3,A,ROS107 A,ROS107 260921,1091.0371816814568,
ROS107,260921,77,0,473.8824462890625,1161.5908203125,5116.77294921875,86.15615863604957,16,,0,0,268,268,1,1,3,3,A,ROS107 A,ROS107 260921,1091.0371816814568,
ROS107,260921,78,0,472.8325500488281,1135.9417724609375,5187.2431640625,1.8777102928571392,16,,0,0,268,268,1,1,3,3,A,ROS107 A,ROS107 260921,1091.0371816814568,
ROS107,260921,80,0,473.8824462890625,1161.5908203125,5116.77294921875,6.958149123378673,16,,0,0,268,268,1,1,3,3,A,ROS107 A,ROS107 260921,1091.0371816814568,
ROS107,260921,81,0,473.8824462890625,1161.5908203125,5116.77294921875,9.21829147018572,16,,0,0,268,268,1,1,3,3,A,ROS107 A,ROS107 260921,1091.0371816814568,
ROS107,260921,85,0,474.40740966796875,1153.272216796875,5073.8427734375,13.515335338811173,16,,0,0,268,268,1,1,3,3,A,ROS107 A,ROS107 260921,1091.0371816814568,
ROS107,260921,86,0,473.8824462890625,1161.5908203125,5116.77294921875,0.5962208997189777,16,,0,0,268,268,1,1,3,3,A,ROS107 A,ROS107 260921,1091.0371816814568,
ROS107,260921,88,0,474.75738525390625,1161.8218994140625,5050.35302734375,1.6077070443611232,16,,0,0,268,268,1,1,3,3,A,ROS107 A,ROS107 260921,1091.0371816814568,
ROS107,260921,91,0,475.2823181152344,1195.7894287109375,5022.81298828125,4.647886413078354,16,,0,0,268,268,1,1,3,3,A,ROS107 A,ROS107 260921,1091.0371816814568,
ROS107,260921,92,0,475.1073303222656,1170.37158203125,5026.86279296875,54.20411598871931,16,,0,0,268,268,1,1,3,3,A,ROS107 A,ROS107 260921,1091.0371816814568,
ROS107,260921,93,0,475.1073303222656,1170.37158203125,5026.86279296875,68.72036617962443,16,,0,0,268,268,1,1,3,3,A,ROS107 A,ROS107 260921,1091.0371816814568,
ROS107,260921,111,1,466.1832275390625,1473.4981689453125,5633.5537109375,3.5946125708338785,16,,0,0,268,268,1,1,3,3,B,ROS107 B,ROS107 260921,1594.9388053200462,
ROS107,260921,123,1,467.4080810546875,1482.2789306640625,5543.64306640625,6.893726422908412,16,,0,0,268,268,1,1,3,3,B,ROS107 B,ROS107 260921,1594.9388053200462,
ROS107,260921,130,1,467.758056640625,1490.82861328125,5520.1533203125,6.028248483579175,16,,0,0,268,268,1,1,3,3,B,ROS107 B,ROS107 260921,1594.9388053200462,
ROS107,260921,131,1,467.758056640625,1490.82861328125,5520.1533203125,5.191002113761037,16,,0,0,268,266,1,1,3,3,B,ROS107 B,ROS107 260921,1594.9388053200462,
ROS107,260921,132,1,467.758056640625,1490.82861328125,5520.1533203125,7.244942071804198,16,,0,0,268,268,1,1,3,3,B,ROS107 B,ROS107 260921,1594.9388053200462,
ROS107,260921,134,1,468.28302001953125,1524.796142578125,5492.61328125,0.21117711466892453,16,,0,0,268,267,1,1,3,3,B,ROS107 B,ROS107 260921,1594.9388053200462,
ROS107,260921,136,1,468.1080322265625,1499.3782958984375,5496.6630859375,22.36935250460038,16,,0,0,268,268,1,1,3,3,B,ROS107 B,ROS107 260921,1594.9388053200462,
ROS107,260921,137,1,468.1080322265625,1499.3782958984375,5496.6630859375,16.222581176333637,16,,0,0,268,268,1,1,3,3,B,ROS107 B,ROS107 260921,1594.9388053200462,
ROS107,260921,140,1,468.4579772949219,1507.9278564453125,5473.1728515625,1.5587059941964847,16,,0,0,268,268,1,1,3,3,B,ROS107 B,ROS107 260921,1594.9388053200462,
ROS107,260921,141,1,468.4579772949219,1507.9278564453125,5473.1728515625,0.5069245697235196,16,,0,0,268,251,1,1,3,3,B,ROS107 B,ROS107 260921,1594.9388053200462,
ROS107,260921,142,1,468.6329650878906,1533.3458251953125,5469.12353515625,1.6079557806563753,16,,0,0,268,268,1,1,3,3,B,ROS107 B,ROS107 260921,1594.9388053200462,
ROS107,260921,145,1,468.6329650878906,1533.3458251953125,5469.12353515625,5.505902263550034,16,,0,0,268,268,1,1,3,3,B,ROS107 B,ROS107 260921,1594.9388053200462,
ROS107,260921,148,1,468.8079528808594,1516.4775390625,5449.68310546875,5.062405449115767,16,,0,0,268,268,1,1,3,3,B,ROS107 B,ROS107 260921,1594.9388053200462,
ROS107,260921,149,1,468.8079528808594,1516.4775390625,5449.68310546875,33.73473567540112,16,,0,0,268,268,1,1,3,3,B,ROS107 B,ROS107 260921,1594.9388053200462,
ROS107,260921,150,1,469.1579284667969,1525.0272216796875,5426.19287109375,0.9556448463580778,16,,0,0,268,268,1,1,3,3,B,ROS107 B,ROS107 260921,1594.9388053200462,
ROS107,260921,152,1,469.1579284667969,1525.0272216796875,5426.19287109375,10.74988520819974,16,,0,0,268,268,1,1,3,3,B,ROS107 B,ROS107 260921,1594.9388053200462,
ROS107,260921,162,1,469.85784912109375,1542.1265869140625,5379.212890625,2.6831184168830258,16,,0,0,268,268,1,1,3,3,B,ROS107 B,ROS107 260921,1594.9388053200462,
ROS107,260921,172,1,470.20782470703125,1550.67626953125,5355.72314453125,8.195114719666734,16,,0,0,268,210,1,0,3,0,B,ROS107 B,ROS107 260921,1594.9388053200462,
ROS107,260921,174,1,470.7327575683594,1584.643798828125,5328.18310546875,3.5931201530623667,16,,0,0,268,268,1,1,3,3,B,ROS107 B,ROS107 260921,1594.9388053200462,
ROS107,260921,178,1,470.7327575683594,1584.643798828125,5328.18310546875,5.346959770884023,16,,0,0,268,268,1,1,3,3,B,ROS107 B,ROS107 260921,1594.9388053200462,
ROS107,260921,179,1,470.7327575683594,1584.643798828125,5328.18310546875,4.541054174267633,16,,0,0,268,267,1,1,3,3,B,ROS107 B,ROS107 260921,1594.9388053200462,
ROS107,260921,182,1,470.9077453613281,1567.7755126953125,5308.7431640625,21.60050861597653,16,,0,0,268,268,1,1,3,3,B,ROS107 B,ROS107 260921,1594.9388053200462,
ROS107,260921,188,1,471.0827331542969,1593.1934814453125,5304.693359375,5.399318761034563,16,,0,0,268,268,1,1,3,3,B,ROS107 B,ROS107 260921,1594.9388053200462,
ROS107,260921,200,1,471.607666015625,1584.8748779296875,5261.76318359375,1.53035005653776,16,,0,0,268,268,1,1,3,3,B,ROS107 B,ROS107 260921,1594.9388053200462,
ROS107,260921,202,1,472.13262939453125,1618.8424072265625,5234.22314453125,6.3113103875759204,16,,0,0,268,268,1,1,3,3,B,ROS107 B,ROS107 260921,1594.9388053200462,
ROS107,260921,213,1,472.8325500488281,1635.9417724609375,5187.2431640625,1.0594922496257762,16,,0,0,268,259,1,1,3,3,B,ROS107 B,ROS107 260921,1594.9388053200462,
ROS107,260921,227,1,473.3575134277344,1627.6231689453125,5144.31298828125,21.69453093558178,16,,0,0,268,268,1,1,3,3,B,ROS107 B,ROS107 260921,1594.9388053200462,
ROS107,260921,231,1,473.70745849609375,1636.1728515625,5120.82275390625,0.3487282859432652,16,,0,0,268,268,1,1,3,3,B,ROS107 B,ROS107 260921,1594.9388053200462,
ROS107,260921,233,1,474.05743408203125,1644.7225341796875,5097.3330078125,0.512023663776185,16,,0,0,268,268,1,1,3,3,B,ROS107 B,ROS107 260921,1594.9388053200462,
ROS107,260921,238,1,474.40740966796875,1653.272216796875,5073.8427734375,1.222414523015818,16,,0,0,268,266,1,1,3,3,B,ROS107 B,ROS107 260921,1594.9388053200462,
ROS107,260921,246,1,475.2823181152344,1695.7894287109375,5022.81298828125,18.638805548411298,16,,0,0,268,268,1,1,3,3,B,ROS107 B,ROS107 260921,1594.9388053200462,
ROS107,260921,247,1,475.1073303222656,1670.37158203125,5026.86279296875,1.5956433340414027,16,,0,0,268,268,1,1,3,3,B,ROS107 B,ROS107 260921,1594.9388053200462,
ROS107,260921,249,1,475.2823181152344,1695.7894287109375,5022.81298828125,7.016975257205765,16,,0,0,268,268,1,1,3,3,B,ROS107 B,ROS107 260921,1594.9388053200462,
ROS107,260921,250,1,475.2823181152344,1695.7894287109375,5022.81298828125,7.719655291292588,16,,0,0,268,268,1,1,3,3,B,ROS107 B,ROS107 260921,1594.9388053200462,
ROS107,260921,255,0,467.4080810546875,982.2789306640625,5543.64306640625,0.17113057113335697,16,,0,0,268,268,1,1,3,3,A,ROS107 A,ROS107 260921,1091.0371816814568,
ROS107,260921,256,0,466.5331726074219,982.0478515625,5610.0634765625,34.623346090188804,16,,0,0,268,268,1,1,3,3,A,ROS107 A,ROS107 260921,1091.0371816814568,
ROS107,260921,259,0,467.4080810546875,982.2789306640625,5543.64306640625,32.102279369662426,16,,0,0,268,268,1,1,3,3,A,ROS107 A,ROS107 260921,1091.0371816814568,
ROS107,260923,1,0,464.2583923339844,905.33203125,5755.05322265625,3.3494206901448274,17,,4,4,404,404,10,10,3,3,A,ROS107 A,ROS107 260923,1091.0371816814568,
ROS107,260923,6,0,465.13330078125,947.84912109375,5704.0234375,8.516413758706257,17,,4,4,404,404,10,10,3,3,A,ROS107 A,ROS107 260923,1091.0371816814568,
ROS107,260923,7,0,465.4832763671875,956.39892578125,5680.53369140625,7.57596254548373,17,,4,4,404,404,10,10,3,3,A,ROS107 A,ROS107 260923,1091.0371816814568,
ROS107,260923,10,0,465.833251953125,964.948486328125,5657.04345703125,12.83182878144508,17,,4,4,404,404,10,10,3,3,A,ROS107 A,ROS107 260923,1091.0371816814568,
ROS107,260923,15,0,466.00823974609375,948.080322265625,5637.60302734375,16.136285137489715,17,,4,4,404,404,10,10,3,3,A,ROS107 A,ROS107 260923,1091.0371816814568,
ROS107,260923,25,0,467.0581359863281,973.729248046875,5567.13330078125,16.00339758671001,17,,4,4,404,404,10,10,3,3,A,ROS107 A,ROS107 260923,1091.0371816814568,
ROS107,260923,30,0,467.93304443359375,1016.2464599609375,5516.103515625,3.6990025552618877,17,,4,4,404,399,10,10,3,3,A,ROS107 A,ROS107 260923,1091.0371816814568,
ROS107,260923,31,0,467.758056640625,990.82861328125,5520.1533203125,88.54511775114155,17,,4,4,404,404,10,10,3,3,A,ROS107 A,ROS107 260923,1091.0371816814568,
ROS107,260923,32,0,468.28302001953125,1024.796142578125,5492.61328125,0.5064292840675286,17,,4,4,404,403,10,10,3,3,A,ROS107 A,ROS107 260923,1091.0371816814568,
ROS107,260923,33,0,468.1080322265625,999.3782958984375,5496.6630859375,5.597004094674621,17,,4,4,404,404,10,10,3,3,A,ROS107 A,ROS107 260923,1091.0371816814568,
ROS107,260923,34,0,468.28302001953125,1024.796142578125,5492.61328125,1.073655414242372,17,,4,4,404,403,10,10,3,3,A,ROS107 A,ROS107 260923,1091.0371816814568,
ROS107,260923,35,0,468.28302001953125,1024.796142578125,5492.61328125,8.699437597508483,17,,4,4,404,404,10,10,3,3,A,ROS107 A,ROS107 260923,1091.0371816814568,
ROS107,260923,37,0,468.4579772949219,1007.9278564453125,5473.1728515625,11.640801678189982,17,,4,4,404,404,10,10,3,3,A,ROS107 A,ROS107 260923,1091.0371816814568,
ROS107,260923,38,0,468.6329650878906,1033.3458251953125,5469.12353515625,0.44151598483836435,17,,4,4,404,404,10,10,3,3,A,ROS107 A,ROS107 260923,1091.0371816814568,
ROS107,260923,39,0,468.4579772949219,1007.9278564453125,5473.1728515625,7.889235183064477,17,,4,4,404,404,10,10,3,3,A,ROS107 A,ROS107 260923,1091.0371816814568,
ROS107,260923,40,0,468.9829406738281,1041.8955078125,5445.63330078125,4.603250091028149,17,,4,4,404,404,10,10,3,3,A,ROS107 A,ROS107 260923,1091.0371816814568,
ROS107,260923,42,0,468.8079528808594,1016.4775390625,5449.68310546875,2.9916059187840687,17,,4,4,404,402,10,10,3,3,A,ROS107 A,ROS107 260923,1091.0371816814568,
ROS107,260923,44,0,469.3328857421875,1050.4451904296875,5422.1435546875,12.477286062565794,17,,4,4,404,404,10,10,3,3,A,ROS107 A,ROS107 260923,1091.0371816814568,
ROS107,260923,45,0,468.9829406738281,1041.8955078125,5445.63330078125,1.3876669023834511,17,,4,4,404,404,10,10,3,3,A,ROS107 A,ROS107 260923,1091.0371816814568,
ROS107,260923,46,0,469.3328857421875,1050.4451904296875,5422.1435546875,4.885807655315096,17,,4,4,404,404,10,10,3,3,A,ROS107 A,ROS107 260923,1091.0371816814568,
ROS107,260923,47,0,468.9829406738281,1041.8955078125,5445.63330078125,1.7594142843104699,17,,4,4,404,404,10,10,3,3,A,ROS107 A,ROS107 260923,1091.0371816814568,
ROS107,260923,48,0,469.1579284667969,1025.0272216796875,5426.19287109375,8.21739038193191,17,,4,4,404,404,10,10,3,3,A,ROS107 A,ROS107 260923,1091.0371816814568,
ROS107,260923,49,0,469.1579284667969,1025.0272216796875,5426.19287109375,1.5251986566852413,17,,4,4,404,404,10,10,3,3,A,ROS107 A,ROS107 260923,1091.0371816814568,
ROS107,260923,52,0,468.8079528808594,1016.4775390625,5449.68310546875,29.174992075827742,17,,4,4,404,404,10,10,3,3,A,ROS107 A,ROS107 260923,1091.0371816814568,
ROS107,260923,54,0,469.3328857421875,1050.4451904296875,5422.1435546875,13.293188181332368,17,,4,4,404,404,10,10,3,3,A,ROS107 A,ROS107 260923,1091.0371816814568,
ROS107,260923,61,0,470.3828125,1076.0941162109375,5351.67333984375,3.32926062485577,17,,4,4,404,404,10,10,3,3,A,ROS107 A,ROS107 260923,1091.0371816814568,
ROS107,260923,62,0,470.3828125,1076.0941162109375,5351.67333984375,35.60225310015538,17,,4,4,404,404,10,10,3,3,A,ROS107 A,ROS107 260923,1091.0371816814568,
ROS107,260923,64,0,470.3828125,1076.0941162109375,5351.67333984375,6.788981148650155,17,,4,4,404,404,10,10,3,3,A,ROS107 A,ROS107 260923,1091.0371816814568,
ROS107,260923,65,0,470.55780029296875,1059.2259521484375,5332.23291015625,5.364055068009963,17,,4,4,404,404,10,10,3,3,A,ROS107 A,ROS107 260923,1091.0371816814568,
ROS107,260923,66,0,471.0827331542969,1093.1934814453125,5304.693359375,15.306872608477073,17,,4,4,404,404,10,10,3,3,A,ROS107 A,ROS107 260923,1091.0371816814568,
ROS107,260923,67,0,470.9077453613281,1067.7755126953125,5308.7431640625,9.93870108734526,17,,4,4,404,404,10,10,3,3,A,ROS107 A,ROS107 260923,1091.0371816814568,
ROS107,260923,68,0,470.9077453613281,1067.7755126953125,5308.7431640625,7.7816796514961535,17,,4,4,404,404,10,10,3,3,A,ROS107 A,ROS107 260923,1091.0371816814568,
ROS107,260923,74,0,471.607666015625,1084.8748779296875,5261.76318359375,2.3863817597921537,17,,4,4,404,404,10,10,3,3,A,ROS107 A,ROS107 260923,1091.0371816814568,
ROS107,260923,81,0,472.48260498046875,1127.39208984375,5210.7333984375,15.819845997507544,17,,4,4,404,404,10,10,3,3,A,ROS107 A,ROS107 260923,1091.0371816814568,
ROS107,260923,83,0,473.1825256347656,1144.491455078125,5163.75341796875,0.4531264936435807,17,,4,4,404,404,10,10,3,3,A,ROS107 A,ROS107 260923,1091.0371816814568,
ROS107,260923,84,0,473.0075378417969,1119.0736083984375,5167.802734375,3.040370055765978,17,,4,4,404,404,10,10,3,3,A,ROS107 A,ROS107 260923,1091.0371816814568,
ROS107,260923,86,0,473.3575134277344,1127.6231689453125,5144.31298828125,5.464116543894918,17,,4,4,404,404,10,10,3,3,A,ROS107 A,ROS107 260923,1091.0371816814568,
ROS107,260923,89,0,473.3575134277344,1127.6231689453125,5144.31298828125,5.089730409966714,17,,4,4,404,404,10,10,3,3,A,ROS107 A,ROS107 260923,1091.0371816814568,
ROS107,260923,91,0,473.8824462890625,1161.5908203125,5116.77294921875,3.2806020379539085,17,,4,4,404,404,10,10,3,3,A,ROS107 A,ROS107 260923,1091.0371816814568,
ROS107,260923,97,0,474.5823974609375,1178.6900634765625,5069.79296875,0.5944580508270781,17,,4,4,404,389,10,10,3,3,A,ROS107 A,ROS107 260923,1091.0371816814568,
ROS107,260923,98,0,474.40740966796875,1153.272216796875,5073.8427734375,3.705018909824591,17,,4,4,404,404,10,10,3,3,A,ROS107 A,ROS107 260923,1091.0371816814568,
ROS107,260923,100,0,474.75738525390625,1161.8218994140625,5050.35302734375,11.887155565020663,17,,4,4,404,404,10,10,3,3,A,ROS107 A,ROS107 260923,1091.0371816814568,
ROS107,260923,101,0,474.40740966796875,1153.272216796875,5073.8427734375,11.600270447451766,17,,4,4,404,404,10,10,3,3,A,ROS107 A,ROS107 260923,1091.0371816814568,
ROS107,260923,102,0,474.75738525390625,1161.8218994140625,5050.35302734375,0.7648158800236166,17,,4,4,404,404,10,10,3,3,A,ROS107 A,ROS107 260923,1091.0371816814568,
ROS107,260923,103,0,475.2823181152344,1195.7894287109375,5022.81298828125,115.97008949978306,17,,4,4,404,404,10,10,3,3,A,ROS107 A,ROS107 260923,1091.0371816814568,
ROS107,260923,105,0,475.2823181152344,1195.7894287109375,5022.81298828125,0.36773647888521666,17,,4,4,404,404,10,10,3,3,A,ROS107 A,ROS107 260923,1091.0371816814568,
ROS107,260923,119,1,465.13330078125,1447.84912109375,5704.0234375,5.428757267079033,17,,4,4,404,335,10,10,3,3,B,ROS107 B,ROS107 260923,1594.9388053200462,
ROS107,260923,122,1,465.13330078125,1447.84912109375,5704.0234375,0.30102882829524624,17,,4,1,404,235,10,2,3,2,B,ROS107 B,ROS107 260923,1594.9388053200462,
ROS107,260923,124,1,465.13330078125,1447.84912109375,5704.0234375,5.191480687132428,17,,4,4,404,404,10,10,3,3,B,ROS107 B,ROS107 260923,1594.9388053200462,
ROS107,260923,126,1,465.30828857421875,1430.98095703125,5684.5830078125,18.05602999339222,17,,4,4,404,404,10,10,3,3,B,ROS107 B,ROS107 260923,1594.9388053200462,
ROS107,260923,130,1,465.65826416015625,1439.530517578125,5661.09326171875,12.21341086244724,17,,4,4,404,404,10,10,3,3,B,ROS107 B,ROS107 260923,1594.9388053200462,
ROS107,260923,131,1,465.833251953125,1464.948486328125,5657.04345703125,0.6259119746812097,17,,4,3,404,267,10,5,3,2,B,ROS107 B,ROS107 260923,1594.9388053200462,
ROS107,260923,133,1,465.30828857421875,1430.98095703125,5684.5830078125,4.092071053358486,17,,4,4,404,404,10,10,3,3,B,ROS107 B,ROS107 260923,1594.9388053200462,
ROS107,260923,147,1,467.23309326171875,1499.1470947265625,5563.08349609375,0.4333886286747129,17,,4,4,404,347,10,10,3,3,B,ROS107 B,ROS107 260923,1594.9388053200462,
ROS107,260923,148,1,467.23309326171875,1499.1470947265625,5563.08349609375,1.2263863800709909,17,,4,0,404,216,10,7,3,1,B,ROS107 B,ROS107 260923,1594.9388053200462,
ROS107,260923,149,1,467.23309326171875,1499.1470947265625,5563.08349609375,5.243516876595808,17,,4,4,404,404,10,10,3,3,B,ROS107 B,ROS107 260923,1594.9388053200462,
ROS107,260923,156,1,467.58306884765625,1507.69677734375,5539.59326171875,12.635083432236687,17,,4,4,404,404,10,10,3,3,B,ROS107 B,ROS107 260923,1594.9388053200462,
ROS107,260923,157,1,467.93304443359375,1516.2464599609375,5516.103515625,4.380117221807899,17,,4,4,404,404,10,10,3,3,B,ROS107 B,ROS107 260923,1594.9388053200462,
ROS107,260923,158,1,467.93304443359375,1516.2464599609375,5516.103515625,9.33168257699254,17,,4,4,404,404,10,10,3,3,B,ROS107 B,ROS107 260923,1594.9388053200462,
ROS107,260923,160,1,467.93304443359375,1516.2464599609375,5516.103515625,1.6329652884136587,17,,4,4,404,392,10,10,3,3,B,ROS107 B,ROS107 260923,1594.9388053200462,
ROS107,260923,164,1,468.1080322265625,1499.3782958984375,5496.6630859375,2.2684823203791837,17,,4,4,404,400,10,10,3,3,B,ROS107 B,ROS107 260923,1594.9388053200462,
ROS107,260923,168,1,468.6329650878906,1533.3458251953125,5469.12353515625,4.33546953794784,17,,4,4,404,404,10,10,3,3,B,ROS107 B,ROS107 260923,1594.9388053200462,
ROS107,260923,170,1,468.9829406738281,1541.8955078125,5445.63330078125,0.9193411972130416,17,,4,4,404,317,10,10,3,1,B,ROS107 B,ROS107 260923,1594.9388053200462,
ROS107,260923,171,1,468.8079528808594,1516.4775390625,5449.68310546875,8.059698562341062,17,,4,4,404,404,10,10,3,3,B,ROS107 B,ROS107 260923,1594.9388053200462,
ROS107,260923,172,1,468.9829406738281,1541.8955078125,5445.63330078125,18.732606006496187,17,,4,4,404,319,10,10,3,1,B,ROS107 B,ROS107 260923,1594.9388053200462,
ROS107,260923,173,1,469.1579284667969,1525.0272216796875,5426.19287109375,7.611849572699852,17,,4,4,404,404,10,10,3,3,B,ROS107 B,ROS107 260923,1594.9388053200462,
ROS107,260923,174,1,469.3328857421875,1550.4451904296875,5422.1435546875,6.489218921315477,17,,4,4,404,404,10,10,3,3,B,ROS107 B,ROS107 260923,1594.9388053200462,
ROS107,260923,175,1,469.1579284667969,1525.0272216796875,5426.19287109375,5.024078260177218,17,,4,4,404,399,10,10,3,3,B,ROS107 B,ROS107 260923,1594.9388053200462,
ROS107,260923,176,1,469.3328857421875,1550.4451904296875,5422.1435546875,0.32794409870733876,17,,4,4,404,392,10,10,3,3,B,ROS107 B,ROS107 260923,1594.9388053200462,
ROS107,260923,177,1,468.8079528808594,1516.4775390625,5449.68310546875,10.8375655690291,17,,4,4,404,404,10,10,3,3,B,ROS107 B,ROS107 260923,1594.9388053200462,
ROS107,260923,178,1,469.1579284667969,1525.0272216796875,5426.19287109375,1.5967616109573932,17,,4,4,404,404,10,10,3,3,B,ROS107 B,ROS107 260923,1594.9388053200462,
ROS107,260923,180,1,469.3328857421875,1550.4451904296875,5422.1435546875,13.896090238563238,17,,4,4,404,364,10,10,3,2,B,ROS107 B,ROS107 260923,1594.9388053200462,
ROS107,260923,181,1,469.50787353515625,1533.576904296875,5402.703125,8.809420780917897,17,,4,4,404,404,10,10,3,3,B,ROS107 B,ROS107 260923,1594.9388053200462,
ROS107,260923,182,1,469.682861328125,1558.9947509765625,5398.6533203125,0.6346726313251457,17,,4,4,404,404,10,10,3,3,B,ROS107 B,ROS107 260923,1594.9388053200462,
ROS107,260923,183,1,469.682861328125,1558.9947509765625,5398.6533203125,0.6926196252711802,17,,4,4,404,397,10,10,3,3,B,ROS107 B,ROS107 260923,1594.9388053200462,
ROS107,260923,185,1,469.682861328125,1558.9947509765625,5398.6533203125,24.54830986702906,17,,4,4,404,325,10,10,3,1,B,ROS107 B,ROS107 260923,1594.9388053200462,
ROS107,260923,187,1,470.0328369140625,1567.54443359375,5375.1630859375,0.33533260431065826,17,,4,4,404,404,10,10,3,3,B,ROS107 B,ROS107 260923,1594.9388053200462,
ROS107,260923,188,1,469.85784912109375,1542.1265869140625,5379.212890625,5.02566151137793,17,,4,4,404,398,10,10,3,3,B,ROS107 B,ROS107 260923,1594.9388053200462,
ROS107,260923,190,1,470.0328369140625,1567.54443359375,5375.1630859375,0.2615530983575106,17,,4,3,404,402,10,10,3,3,B,ROS107 B,ROS107 260923,1594.9388053200462,
ROS107,260923,193,1,470.20782470703125,1550.67626953125,5355.72314453125,5.185780982809868,17,,4,4,404,404,10,10,3,3,B,ROS107 B,ROS107 260923,1594.9388053200462,
ROS107,260923,195,1,470.3828125,1576.0941162109375,5351.67333984375,1.4976500857928643,17,,4,4,404,404,10,10,3,3,B,ROS107 B,ROS107 260923,1594.9388053200462,
ROS107,260923,196,1,470.20782470703125,1550.67626953125,5355.72314453125,15.071073729651136,17,,4,4,404,404,10,10,3,3,B,ROS107 B,ROS107 260923,1594.9388053200462,
ROS107,260923,197,1,470.20782470703125,1550.67626953125,5355.72314453125,34.34282954502954,17,,4,4,404,404,10,10,3,3,B,ROS107 B,ROS107 260923,1594.9388053200462,
ROS107,260923,198,1,470.55780029296875,1559.2259521484375,5332.23291015625,4.9917799356827075,17,,4,4,404,404,10,10,3,3,B,ROS107 B,ROS107 260923,1594.9388053200462,
ROS107,260923,200,1,470.3828125,1576.0941162109375,5351.67333984375,0.5486493160864973,17,,4,4,404,404,10,10,3,3,B,ROS107 B,ROS107 260923,1594.9388053200462,
ROS107,260923,201,1,470.7327575683594,1584.643798828125,5328.18310546875,7.148906921611863,17,,4,4,404,404,10,10,3,3,B,ROS107 B,ROS107 260923,1594.9388053200462,
ROS107,260923,202,1,470.55780029296875,1559.2259521484375,5332.23291015625,13.241468642109128,17,,4,4,404,404,10,10,3,3,B,ROS107 B,ROS107 260923,1594.9388053200462,
ROS107,260923,203,1,470.9077453613281,1567.7755126953125,5308.7431640625,3.231943451052048,17,,4,4,404,404,10,10,3,3,B,ROS107 B,ROS107 260923,1594.9388053200462,
ROS107,260923,205,1,470.9077453613281,1567.7755126953125,5308.7431640625,1.922489157983736,17,,4,4,404,404,10,10,3,3,B,ROS107 B,ROS107 260923,1594.9388053200462,
ROS107,260923,206,1,471.0827331542969,1593.1934814453125,5304.693359375,0.9004477328845533,17,,4,4,404,404,10,10,3,3,B,ROS107 B,ROS107 260923,1594.9388053200462,
ROS107,260923,209,1,470.9077453613281,1567.7755126953125,5308.7431640625,12.966088483265402,17,,4,4,404,404,10,10,3,3,B,ROS107 B,ROS107 260923,1594.9388053200462,
ROS107,260923,215,1,471.43267822265625,1601.7431640625,5281.203125,3.1420147828516445,17,,4,4,404,404,10,10,3,3,B,ROS107 B,ROS107 260923,1594.9388053200462,
ROS107,260923,216,1,471.2577209472656,1576.3251953125,5285.2529296875,4.359957156518842,17,,4,4,404,337,10,10,3,2,B,ROS107 B,ROS107 260923,1594.9388053200462,
ROS107,260923,221,1,471.78265380859375,1610.2928466796875,5257.71337890625,1.734398915339231,17,,4,4,404,404,10,10,3,3,B,ROS107 B,ROS107 260923,1594.9388053200462,
ROS107,260923,223,1,471.78265380859375,1610.2928466796875,5257.71337890625,10.384227975225429,17,,4,4,404,404,10,10,3,3,B,ROS107 B,ROS107 260923,1594.9388053200462,
ROS107,260923,228,1,472.13262939453125,1618.8424072265625,5234.22314453125,8.974923306432254,17,,4,4,404,404,10,10,3,3,B,ROS107 B,ROS107 260923,1594.9388053200462,
ROS107,260923,233,1,472.6575927734375,1610.52392578125,5191.29296875,1.1392020139518209,17,,4,4,404,388,10,10,3,2,B,ROS107 B,ROS107 260923,1594.9388053200462,
ROS107,260923,237,1,473.0075378417969,1619.0736083984375,5167.802734375,17.20096879492805,17,,4,4,404,404,10,10,3,3,B,ROS107 B,ROS107 260923,1594.9388053200462,
ROS107,260923,239,1,472.8325500488281,1635.9417724609375,5187.2431640625,6.868038158605673,17,,4,4,404,404,10,10,3,3,B,ROS107 B,ROS107 260923,1594.9388053200462,
ROS107,260923,243,1,473.1825256347656,1644.491455078125,5163.75341796875,8.531507420153035,17,,4,4,404,345,10,10,3,1,B,ROS107 B,ROS107 260923,1594.9388053200462,
ROS107,260923,253,1,473.70745849609375,1636.1728515625,5120.82275390625,1.666108013548549,17,,4,4,404,402,10,10,3,3,B,ROS107 B,ROS107 260923,1594.9388053200462,
ROS107,260923,254,1,473.70745849609375,1636.1728515625,5120.82275390625,18.258475046923174,17,,4,4,404,404,10,10,3,3,B,ROS107 B,ROS107 260923,1594.9388053200462,
ROS107,260923,256,1,474.232421875,1670.1405029296875,5093.283203125,14.176642351329287,17,,4,4,404,404,10,10,3,3,B,ROS107 B,ROS107 260923,1594.9388053200462,
ROS107,260923,257,1,474.05743408203125,1644.7225341796875,5097.3330078125,33.000443626986446,17,,4,4,404,403,10,10,3,3,B,ROS107 B,ROS107 260923,1594.9388053200462,
ROS107,260923,258,1,474.232421875,1670.1405029296875,5093.283203125,8.562961344007167,17,,4,4,404,404,10,10,3,3,B,ROS107 B,ROS107 260923,1594.9388053200462,
ROS107,260923,261,1,474.40740966796875,1653.272216796875,5073.8427734375,17.62433016599826,17,,4,4,404,404,10,10,3,3,B,ROS107 B,ROS107 260923,1594.9388053200462,
ROS107,260923,268,1,475.1073303222656,1670.37158203125,5026.86279296875,18.463242202215163,17,,4,4,404,404,10,10,3,3,B,ROS107 B,ROS107 260923,1594.9388053200462,
ROS107,260923,269,1,475.2823181152344,1695.7894287109375,5022.81298828125,20.244294252935358,17,,4,4,404,404,10,10,3,3,B,ROS107 B,ROS107 260923,1594.9388053200462,
ROS107,260923,272,1,470.9077453613281,1567.7755126953125,5308.7431640625,37.25949490697994,17,,4,4,404,404,10,10,3,3,B,ROS107 B,ROS107 260923,1594.9388053200462,
ROS107,260923,276,1,471.0827331542969,1593.1934814453125,5304.693359375,7.504505141291625,17,,4,0,404,286,10,10,3,1,B,ROS107 B,ROS107 260923,1594.9388053200462,
ROS107,260925,1,0,469.2209167480469,1047.709228515625,5429.66015625,1.4220595717585616,18,,0,0,403,403,0,0,6,6,A,ROS107 A,ROS107 260925,1091.0371816814568,
ROS107,260925,2,0,469.3959045410156,1030.841064453125,5410.2197265625,1.5664676132452102,18,,0,0,403,403,0,0,6,6,A,ROS107 A,ROS107 260925,1091.0371816814568,
ROS107,260925,3,0,469.3959045410156,1030.841064453125,5410.2197265625,2.2874012456479047,18,,0,0,403,403,0,0,6,6,A,ROS107 A,ROS107 260925,1091.0371816814568,
ROS107,260925,6,0,469.57086181640625,1056.2589111328125,5406.169921875,16.82503070948582,18,,0,0,403,403,0,0,6,6,A,ROS107 A,ROS107 260925,1091.0371816814568,
ROS107,260925,7,0,469.57086181640625,1056.2589111328125,5406.169921875,3.5423679877935625,18,,0,0,403,403,0,0,6,6,A,ROS107 A,ROS107 260925,1091.0371816814568,
ROS107,260925,9,0,469.745849609375,1039.390625,5386.72998046875,9.639264433609567,18,,0,0,403,403,0,0,6,6,A,ROS107 A,ROS107 260925,1091.0371816814568,
ROS107,260925,10,0,469.92083740234375,1064.80859375,5382.68017578125,4.312765524061799,18,,0,0,403,403,0,0,6,6,A,ROS107 A,ROS107 260925,1091.0371816814568,
ROS107,260925,11,0,469.92083740234375,1064.80859375,5382.68017578125,6.504005399554993,18,,0,0,403,403,0,0,6,6,A,ROS107 A,ROS107 260925,1091.0371816814568,
ROS107,260925,15,0,469.745849609375,1039.390625,5386.72998046875,1.3452632646384586,18,,0,0,403,403,0,0,6,6,A,ROS107 A,ROS107 260925,1091.0371816814568,
ROS107,260925,16,0,469.92083740234375,1064.80859375,5382.68017578125,5.91353696325403,18,,0,0,403,403,0,0,6,6,A,ROS107 A,ROS107 260925,1091.0371816814568,
ROS107,260925,19,0,469.745849609375,1039.390625,5386.72998046875,4.119336208721828,18,,0,0,403,403,0,0,6,6,A,ROS107 A,ROS107 260925,1091.0371816814568,
ROS107,260925,20,0,469.92083740234375,1064.80859375,5382.68017578125,9.990270033299721,18,,0,0,403,403,0,0,6,6,A,ROS107 A,ROS107 260925,1091.0371816814568,
ROS107,260925,23,0,470.0958251953125,1047.9403076171875,5363.23974609375,0.9731220818648191,18,,0,0,403,403,0,0,6,6,A,ROS107 A,ROS107 260925,1091.0371816814568,
ROS107,260925,24,0,470.27081298828125,1073.3582763671875,5359.18994140625,4.434599434925247,18,,0,0,403,403,0,0,6,6,A,ROS107 A,ROS107 260925,1091.0371816814568,
ROS107,260925,25,0,470.0958251953125,1047.9403076171875,5363.23974609375,4.2047638010802135,18,,0,0,403,403,0,0,6,6,A,ROS107 A,ROS107 260925,1091.0371816814568,
ROS107,260925,27,0,470.27081298828125,1073.3582763671875,5359.18994140625,15.197590812057356,18,,0,0,403,403,0,0,6,6,A,ROS107 A,ROS107 260925,1091.0371816814568,
ROS107,260925,28,0,470.44580078125,1056.489990234375,5339.75,6.297407841351489,18,,0,0,403,403,0,0,6,6,A,ROS107 A,ROS107 260925,1091.0371816814568,
ROS107,260925,29,0,470.62078857421875,1081.907958984375,5335.7001953125,4.488268323906875,18,,0,0,403,403,0,0,6,6,A,ROS107 A,ROS107 260925,1091.0371816814568,
ROS107,260925,32,0,470.44580078125,1056.489990234375,5339.75,1.8562796137460018,18,,0,0,403,403,0,0,6,6,A,ROS107 A,ROS107 260925,1091.0371816814568,
ROS107,260925,33,0,470.7957763671875,1065.0396728515625,5316.259765625,1.0770294772333733,18,,0,0,403,403,0,0,6,6,A,ROS107 A,ROS107 260925,1091.0371816814568,
ROS107,260925,34,0,470.7957763671875,1065.0396728515625,5316.259765625,3.520568459691746,18,,0,0,403,403,0,0,6,6,A,ROS107 A,ROS107 260925,1091.0371816814568,
ROS107,260925,36,0,470.9707336425781,1090.45751953125,5312.2099609375,1.743962248145275,18,,0,0,403,403,0,0,6,6,A,ROS107 A,ROS107 260925,1091.0371816814568,
ROS107,260925,38,0,470.9707336425781,1090.45751953125,5312.2099609375,8.505025027296808,18,,0,0,403,403,0,0,6,6,A,ROS107 A,ROS107 260925,1091.0371816814568,
ROS107,260925,39,0,471.3207092285156,1099.0072021484375,5288.72021484375,0.17207241725037453,18,,0,0,403,403,0,0,6,6,A,ROS107 A,ROS107 260925,1091.0371816814568,
ROS107,260925,42,0,471.1457214355469,1073.58935546875,5292.76953125,13.453628563912085,18,,0,0,403,403,0,0,6,6,A,ROS107 A,ROS107 260925,1091.0371816814568,
ROS107,260925,43,0,471.1457214355469,1073.58935546875,5292.76953125,2.5323969574114606,18,,0,0,403,403,0,0,6,6,A,ROS107 A,ROS107 260925,1091.0371816814568,
ROS107,260925,44,0,471.1457214355469,1073.58935546875,5292.76953125,0.3867479731768868,18,,0,0,403,403,0,0,6,6,A,ROS107 A,ROS107 260925,1091.0371816814568,
ROS107,260925,46,0,471.1457214355469,1073.58935546875,5292.76953125,4.198235008399974,18,,0,0,403,403,0,0,6,6,A,ROS107 A,ROS107 260925,1091.0371816814568,
ROS107,260925,47,0,471.3207092285156,1099.0072021484375,5288.72021484375,10.877964522806149,18,,0,0,403,403,0,0,6,6,A,ROS107 A,ROS107 260925,1091.0371816814568,
ROS107,260925,49,0,471.3207092285156,1099.0072021484375,5288.72021484375,9.460995196188119,18,,0,0,403,403,0,0,6,6,A,ROS107 A,ROS107 260925,1091.0371816814568,
ROS107,260925,50,0,471.3207092285156,1099.0072021484375,5288.72021484375,10.314828489759753,18,,0,0,403,403,0,0,6,6,A,ROS107 A,ROS107 260925,1091.0371816814568,
ROS107,260925,51,0,471.4956970214844,1082.1390380859375,5269.27978515625,5.256452710114013,18,,0,0,403,403,0,0,6,6,A,ROS107 A,ROS107 260925,1091.0371816814568,
ROS107,260925,52,0,471.84564208984375,1090.688720703125,5245.78955078125,1.90408365506572,18,,0,0,403,403,0,0,6,6,A,ROS107 A,ROS107 260925,1091.0371816814568,
ROS107,260925,54,0,471.6706848144531,1107.556884765625,5265.22998046875,6.272288588158025,18,,0,0,403,403,0,0,6,6,A,ROS107 A,ROS107 260925,1091.0371816814568,
ROS107,260925,55,0,471.4956970214844,1082.1390380859375,5269.27978515625,1.1123292207078874,18,,0,0,403,403,0,0,6,6,A,ROS107 A,ROS107 260925,1091.0371816814568,
ROS107,260925,58,0,472.0206298828125,1116.1065673828125,5241.740234375,1.3863171982718279,18,,0,0,403,403,0,0,6,6,A,ROS107 A,ROS107 260925,1091.0371816814568,
ROS107,260925,59,0,472.0206298828125,1116.1065673828125,5241.740234375,5.7500958312419375,18,,0,0,403,403,0,0,6,6,A,ROS107 A,ROS107 260925,1091.0371816814568,
ROS107,260925,60,0,471.84564208984375,1090.688720703125,5245.78955078125,7.454221378287446,18,,0,0,403,403,0,0,6,6,A,ROS107 A,ROS107 260925,1091.0371816814568,
ROS107,260925,61,0,471.84564208984375,1090.688720703125,5245.78955078125,0.4336667544721658,18,,0,0,403,403,0,0,6,6,A,ROS107 A,ROS107 260925,1091.0371816814568,
ROS107,260925,63,0,472.37060546875,1124.65625,5218.25,0.41540826646810675,18,,0,0,403,403,0,0,6,6,A,ROS107 A,ROS107 260925,1091.0371816814568,
ROS107,260925,65,0,472.19561767578125,1099.23828125,5222.2998046875,1.1329115162760994,18,,0,0,403,403,0,0,6,6,A,ROS107 A,ROS107 260925,1091.0371816814568,
ROS107,260925,66,0,472.37060546875,1124.65625,5218.25,0.1912161652788728,18,,0,0,403,385,0,0,6,4,A,ROS107 A,ROS107 260925,1091.0371816814568,
ROS107,260925,68,0,472.19561767578125,1099.23828125,5222.2998046875,3.663759268644792,18,,0,0,403,403,0,0,6,6,A,ROS107 A,ROS107 260925,1091.0371816814568,
ROS107,260925,70,0,472.37060546875,1124.65625,5218.25,6.565530971253518,18,,0,0,403,403,0,0,6,6,A,ROS107 A,ROS107 260925,1091.0371816814568,
ROS107,260925,72,0,472.54559326171875,1107.7879638671875,5198.8095703125,17.626301689106377,18,,0,0,403,403,0,0,6,6,A,ROS107 A,ROS107 260925,1091.0371816814568,
ROS107,260925,73,0,472.7205810546875,1133.2059326171875,5194.76025390625,8.416609682355938,18,,0,0,403,403,0,0,6,6,A,ROS107 A,ROS107 260925,1091.0371816814568,
ROS107,260925,77,0,472.54559326171875,1107.7879638671875,5198.8095703125,2.7625645637656593,18,,0,0,403,403,0,0,6,6,A,ROS107 A,ROS107 260925,1091.0371816814568,
ROS107,260925,79,0,472.89556884765625,1116.337646484375,5175.31982421875,5.4029632441587045,18,,0,0,403,403,0,0,6,6,A,ROS107 A,ROS107 260925,1091.0371816814568,
ROS107,260925,80,0,473.0705261230469,1141.755615234375,5171.27001953125,111.84353017264564,18,,0,0,403,403,0,0,6,6,A,ROS107 A,ROS107 260925,1091.0371816814568,
ROS107,260925,81,0,472.89556884765625,1116.337646484375,5175.31982421875,2.818667917814495,18,,0,0,403,403,0,0,6,6,A,ROS107 A,ROS107 260925,1091.0371816814568,
ROS107,260925,82,0,473.2455139160156,1124.8873291015625,5151.82958984375,0.7094252520849846,18,,0,0,403,403,0,0,6,6,A,ROS107 A,ROS107 260925,1091.0371816814568,
ROS107,260925,83,0,473.4205017089844,1150.30517578125,5147.77978515625,0.31847229379201153,18,,0,0,403,403,0,0,6,6,A,ROS107 A,ROS107 260925,1091.0371816814568,
ROS107,260925,84,0,473.4205017089844,1150.30517578125,5147.77978515625,1.1782810925286098,18,,0,0,403,403,0,0,6,6,A,ROS107 A,ROS107 260925,1091.0371816814568,
ROS107,260925,92,0,473.4205017089844,1150.30517578125,5147.77978515625,0.3413783969243765,18,,0,0,403,403,0,0,6,6,A,ROS107 A,ROS107 260925,1091.0371816814568,
ROS107,260925,95,0,474.29541015625,1150.536376953125,5081.35986328125,14.48075150726769,18,,0,0,403,403,0,0,6,6,A,ROS107 A,ROS107 260925,1091.0371816814568,
ROS107,260925,97,0,474.29541015625,1150.536376953125,5081.35986328125,0.2731027175395012,18,,0,0,403,403,0,0,6,6,A,ROS107 A,ROS107 260925,1091.0371816814568,
ROS107,260925,99,0,474.47039794921875,1175.9542236328125,5077.31005859375,0.41208854137645967,18,,0,0,403,403,0,0,6,6,A,ROS107 A,ROS107 260925,1091.0371816814568,
ROS107,260925,101,0,474.82037353515625,1184.50390625,5053.81982421875,12.268265391187956,18,,0,0,403,403,0,0,6,6,A,ROS107 A,ROS107 260925,1091.0371816814568,
ROS107,260925,102,0,475.17034912109375,1193.0535888671875,5030.330078125,1.1464117316487976,18,,0,0,403,403,0,0,6,6,A,ROS107 A,ROS107 260925,1091.0371816814568,
ROS107,260925,106,0,475.3453063964844,1176.185302734375,5010.8896484375,2.7680974389184043,18,,0,0,403,403,0,0,6,6,A,ROS107 A,ROS107 260925,1091.0371816814568,
ROS107,260925,107,0,475.5202941894531,1201.603271484375,5006.83984375,18.674781530551584,18,,0,0,403,403,0,0,6,6,A,ROS107 A,ROS107 260925,1091.0371816814568,
ROS107,260925,110,0,475.8702697753906,1210.15283203125,4983.35009765625,1.511692149233033,18,,0,0,403,403,0,0,6,6,A,ROS107 A,ROS107 260925,1091.0371816814568,
ROS107,260925,111,0,475.6952819824219,1184.7349853515625,4987.3994140625,14.225132675210869,18,,0,0,403,403,0,0,6,6,A,ROS107 A,ROS107 260925,1091.0371816814568,
ROS107,260925,113,0,476.22021484375,1218.7025146484375,4959.85986328125,2.0271347984627726,18,,0,0,403,403,0,0,6,6,A,ROS107 A,ROS107 260925,1091.0371816814568,
ROS107,260925,117,0,476.5701904296875,1227.252197265625,4936.3701171875,23.493141186071227,18,,0,0,403,403,0,0,6,6,A,ROS107 A,ROS107 260925,1091.0371816814568,
ROS107,260925,122,0,477.2701416015625,1244.3515625,4889.3896484375,2.305327761142799,18,,0,0,403,403,0,0,6,6,A,ROS107 A,ROS107 260925,1091.0371816814568,
ROS107,260925,130,0,479.01995849609375,1287.099853515625,4771.93994140625,0.45546628257398175,18,,0,0,403,217,0,0,6,6,A,ROS107 A,ROS107 260925,1091.0371816814568,
ROS107,260925,134,0,479.1949462890625,1270.231689453125,4752.49951171875,5.4716815535558005,18,,0,0,403,403,0,0,6,6,A,ROS107 A,ROS107 260925,1091.0371816814568,
ROS107,260925,135,0,479.36993408203125,1295.6495361328125,4748.44970703125,2.821323697887813,18,,0,0,403,403,0,0,6,6,A,ROS107 A,ROS107 260925,1091.0371816814568,
ROS107,260925,145,1,469.0459289550781,1522.2913818359375,5433.7099609375,2.850758593700417,18,,0,0,403,403,0,0,6,6,B,ROS107 B,ROS107 260925,1594.9388053200462,
ROS107,260925,146,1,469.2209167480469,1547.709228515625,5429.66015625,7.922413273712743,18,,0,0,403,403,0,0,6,6,B,ROS107 B,ROS107 260925,1594.9388053200462,
ROS107,260925,147,1,469.57086181640625,1556.2589111328125,5406.169921875,0.7360937103212164,18,,0,0,403,392,0,0,6,6,B,ROS107 B,ROS107 260925,1594.9388053200462,
ROS107,260925,151,1,469.92083740234375,1564.80859375,5382.68017578125,0.1980769304682768,18,,0,0,403,403,0,0,6,6,B,ROS107 B,ROS107 260925,1594.9388053200462,
ROS107,260925,153,1,469.57086181640625,1556.2589111328125,5406.169921875,4.446329130249067,18,,0,0,403,403,0,0,6,6,B,ROS107 B,ROS107 260925,1594.9388053200462,
ROS107,260925,154,1,469.57086181640625,1556.2589111328125,5406.169921875,12.243588768006715,18,,0,0,403,403,0,0,6,6,B,ROS107 B,ROS107 260925,1594.9388053200462,
ROS107,260925,157,1,469.92083740234375,1564.80859375,5382.68017578125,2.2949259558556383,18,,0,0,403,403,0,0,6,6,B,ROS107 B,ROS107 260925,1594.9388053200462,
ROS107,260925,158,1,469.745849609375,1539.390625,5386.72998046875,3.054479056824494,18,,0,0,403,385,0,0,6,5,B,ROS107 B,ROS107 260925,1594.9388053200462,
ROS107,260925,160,1,469.92083740234375,1564.80859375,5382.68017578125,25.48364835102283,18,,0,0,403,403,0,0,6,6,B,ROS107 B,ROS107 260925,1594.9388053200462,
ROS107,260925,164,1,470.44580078125,1556.489990234375,5339.75,1.7379867429803102,18,,0,0,403,403,0,0,6,6,B,ROS107 B,ROS107 260925,1594.9388053200462,
ROS107,260925,165,1,470.44580078125,1556.489990234375,5339.75,0.8527267185410844,18,,0,0,403,403,0,0,6,6,B,ROS107 B,ROS107 260925,1594.9388053200462,
ROS107,260925,166,1,470.44580078125,1556.489990234375,5339.75,0.5158852792419589,18,,0,0,403,273,0,0,6,4,B,ROS107 B,ROS107 260925,1594.9388053200462,
ROS107,260925,167,1,470.62078857421875,1581.907958984375,5335.7001953125,20.474183187727363,18,,0,0,403,403,0,0,6,6,B,ROS107 B,ROS107 260925,1594.9388053200462,
ROS107,260925,169,1,470.62078857421875,1581.907958984375,5335.7001953125,12.77563004269469,18,,0,0,403,366,0,0,6,2,B,ROS107 B,ROS107 260925,1594.9388053200462,
ROS107,260925,173,1,470.7957763671875,1565.0396728515625,5316.259765625,4.965202162073508,18,,0,0,403,401,0,0,6,6,B,ROS107 B,ROS107 260925,1594.9388053200462,
ROS107,260925,175,1,471.1457214355469,1573.58935546875,5292.76953125,0.3165911162400782,18,,0,0,403,403,0,0,6,6,B,ROS107 B,ROS107 260925,1594.9388053200462,
ROS107,260925,176,1,471.3207092285156,1599.0072021484375,5288.72021484375,16.47015209718875,18,,0,0,403,403,0,0,6,6,B,ROS107 B,ROS107 260925,1594.9388053200462,
ROS107,260925,179,1,471.1457214355469,1573.58935546875,5292.76953125,2.225433043937159,18,,0,0,403,403,0,0,6,6,B,ROS107 B,ROS107 260925,1594.9388053200462,
ROS107,260925,180,1,471.3207092285156,1599.0072021484375,5288.72021484375,2.4168705242221415,18,,0,0,403,403,0,0,6,6,B,ROS107 B,ROS107 260925,1594.9388053200462,
ROS107,260925,181,1,471.3207092285156,1599.0072021484375,5288.72021484375,4.043646476632273,18,,0,0,403,403,0,0,6,6,B,ROS107 B,ROS107 260925,1594.9388053200462,
ROS107,260925,182,1,471.4956970214844,1582.1390380859375,5269.27978515625,3.370848858058462,18,,0,0,403,403,0,0,6,6,B,ROS107 B,ROS107 260925,1594.9388053200462,
ROS107,260925,189,1,471.3207092285156,1599.0072021484375,5288.72021484375,10.146407770110185,18,,0,0,403,403,0,0,6,6,B,ROS107 B,ROS107 260925,1594.9388053200462,
ROS107,260925,190,1,472.0206298828125,1616.1065673828125,5241.740234375,0.4058917212053851,18,,0,0,403,335,0,0,6,6,B,ROS107 B,ROS107 260925,1594.9388053200462,
ROS107,260925,191,1,471.84564208984375,1590.688720703125,5245.78955078125,0.2684551024111953,18,,0,0,403,385,0,0,6,6,B,ROS107 B,ROS107 260925,1594.9388053200462,
ROS107,260925,194,1,472.0206298828125,1616.1065673828125,5241.740234375,2.054135229208169,18,,0,0,403,403,0,0,6,6,B,ROS107 B,ROS107 260925,1594.9388053200462,
ROS107,260925,195,1,472.0206298828125,1616.1065673828125,5241.740234375,31.29017950882277,18,,0,0,403,403,0,0,6,6,B,ROS107 B,ROS107 260925,1594.9388053200462,
ROS107,260925,197,1,472.37060546875,1624.65625,5218.25,0.7986151995472367,18,,0,0,403,403,0,0,6,6,B,ROS107 B,ROS107 260925,1594.9388053200462,
ROS107,260925,198,1,472.37060546875,1624.65625,5218.25,8.87561700502768,18,,0,0,403,403,0,0,6,6,B,ROS107 B,ROS107 260925,1594.9388053200462,
ROS107,260925,199,1,472.7205810546875,1633.2059326171875,5194.76025390625,5.58090050907099,18,,0,0,403,403,0,0,6,6,B,ROS107 B,ROS107 260925,1594.9388053200462,
ROS107,260925,203,1,473.0705261230469,1641.755615234375,5171.27001953125,4.530539490073848,18,,0,0,403,403,0,0,6,6,B,ROS107 B,ROS107 260925,1594.9388053200462,
ROS107,260925,204,1,473.0705261230469,1641.755615234375,5171.27001953125,8.207356344079118,18,,0,0,403,403,0,0,6,6,B,ROS107 B,ROS107 260925,1594.9388053200462,
ROS107,260925,205,1,472.89556884765625,1616.337646484375,5175.31982421875,6.77500562453645,18,,0,0,403,403,0,0,6,6,B,ROS107 B,ROS107 260925,1594.9388053200462,
ROS107,260925,207,1,473.2455139160156,1624.8873291015625,5151.82958984375,9.80093504557278,18,,0,0,403,403,0,0,6,6,B,ROS107 B,ROS107 260925,1594.9388053200462,
ROS107,260925,208,1,473.2455139160156,1624.8873291015625,5151.82958984375,7.14305247969706,18,,0,0,403,403,0,0,6,6,B,ROS107 B,ROS107 260925,1594.9388053200462,
ROS107,260925,209,1,473.4205017089844,1650.30517578125,5147.77978515625,12.169669555966038,18,,0,0,403,403,0,0,6,6,B,ROS107 B,ROS107 260925,1594.9388053200462,
ROS107,260925,215,1,474.12042236328125,1667.404541015625,5100.7998046875,52.54317020305054,18,,0,0,403,403,0,0,6,6,B,ROS107 B,ROS107 260925,1594.9388053200462,
ROS107,260925,216,1,474.12042236328125,1667.404541015625,5100.7998046875,1.607964176890799,18,,0,0,403,403,0,0,6,6,B,ROS107 B,ROS107 260925,1594.9388053200462,
ROS107,260925,217,1,474.12042236328125,1667.404541015625,5100.7998046875,23.854880563557714,18,,0,0,403,403,0,0,6,6,B,ROS107 B,ROS107 260925,1594.9388053200462,
ROS107,260925,218,1,474.47039794921875,1675.9542236328125,5077.31005859375,8.729327785989097,18,,0,0,403,403,0,0,6,6,B,ROS107 B,ROS107 260925,1594.9388053200462,
ROS107,260925,219,1,474.29541015625,1650.536376953125,5081.35986328125,88.01210899973562,18,,0,0,403,403,0,0,6,6,B,ROS107 B,ROS107 260925,1594.9388053200462,
ROS107,260925,221,1,474.82037353515625,1684.50390625,5053.81982421875,0.8519521160197,18,,0,0,403,403,0,0,6,6,B,ROS107 B,ROS107 260925,1594.9388053200462,
ROS107,260925,224,1,475.3453063964844,1676.185302734375,5010.8896484375,0.7561227183741538,18,,0,0,403,403,0,0,6,6,B,ROS107 B,ROS107 260925,1594.9388053200462,
ROS107,260925,236,1,476.39520263671875,1701.8343505859375,4940.41943359375,2.9933961151381876,18,,0,0,403,403,0,0,6,6,B,ROS107 B,ROS107 260925,1594.9388053200462,
ROS107,260925,242,1,476.5701904296875,1727.252197265625,4936.3701171875,1.9708101294078266,18,,0,0,403,355,0,0,6,6,B,ROS107 B,ROS107 260925,1594.9388053200462,
ROS107,260925,243,1,476.74517822265625,1710.384033203125,4916.9296875,69.98400991703689,18,,0,0,403,403,0,0,6,6,B,ROS107 B,ROS107 260925,1594.9388053200462,
ROS107,260925,244,1,476.920166015625,1735.8018798828125,4912.8798828125,101.08640364317546,18,,0,0,403,403,0,0,6,6,B,ROS107 B,ROS107 260925,1594.9388053200462,
ROS107,260925,246,1,477.2701416015625,1744.3515625,4889.3896484375,0.43864634210963643,18,,0,0,403,180,0,0,6,3,B,ROS107 B,ROS107 260925,1594.9388053200462,
ROS107,260925,247,1,477.2701416015625,1744.3515625,4889.3896484375,4.169796030114865,18,,0,0,403,403,0,0,6,6,B,ROS107 B,ROS107 260925,1594.9388053200462,
ROS107,260925,248,1,476.920166015625,1735.8018798828125,4912.8798828125,7.420913469867921,18,,0,0,403,403,0,0,6,6,B,ROS107 B,ROS107 260925,1594.9388053200462,
ROS107,260925,250,1,477.4450988769531,1727.4832763671875,4869.94970703125,5.815715730553495,18,,0,0,403,403,0,0,6,6,B,ROS107 B,ROS107 260925,1594.9388053200462,
ROS107,260925,251,1,477.7950744628906,1736.032958984375,4846.45947265625,5.819478085657361,18,,0,0,403,403,0,0,6,6,B,ROS107 B,ROS107 260925,1594.9388053200462,
ROS107,260925,252,1,477.2701416015625,1744.3515625,4889.3896484375,13.636766731467945,18,,0,0,403,403,0,0,6,6,B,ROS107 B,ROS107 260925,1594.9388053200462,
ROS107,260925,255,1,478.1450500488281,1744.5826416015625,4822.9697265625,0.7564546908833185,18,,0,0,403,350,0,0,6,6,B,ROS107 B,ROS107 260925,1594.9388053200462,
ROS107,260925,258,1,478.1450500488281,1744.5826416015625,4822.9697265625,5.872372372117605,18,,0,0,403,403,0,0,6,6,B,ROS107 B,ROS107 260925,1594.9388053200462,
ROS107,260925,259,1,478.66998291015625,1778.5501708984375,4795.4296875,0.2988859157512937,18,,0,0,403,403,0,0,6,6,B,ROS107 B,ROS107 260925,1594.9388053200462,
ROS107,260925,262,1,478.4949951171875,1753.13232421875,4799.4794921875,0.8452020083333509,18,,0,0,403,403,0,0,6,6,B,ROS107 B,ROS107 260925,1594.9388053200462,
ROS107,260925,265,1,479.01995849609375,1787.099853515625,4771.93994140625,4.546252855507645,18,,0,0,403,403,0,0,6,6,B,ROS107 B,ROS107 260925,1594.9388053200462,
ROS107,260925,266,1,478.844970703125,1761.6820068359375,4775.9892578125,9.193978641316635,18,,0,0,403,403,0,0,6,6,B,ROS107 B,ROS107 260925,1594.9388053200462,
ROS107,260925,277,1,480.0698547363281,1812.7489013671875,4701.4697265625,3.6934154794635052,18,,0,0,403,403,0,0,6,6,B,ROS107 B,ROS107 260925,1594.9388053200462,
ROS107,260925,280,0,479.8948669433594,1287.3309326171875,4705.51953125,4.888627169959515,18,,0,0,403,403,0,0,6,6,A,ROS107 A,ROS107 260925,1091.0371816814568,
ROS107,260928,2,0,472.69256591796875,1132.52197265625,5196.63916015625,4.627030181633566,19,,4,4,148,148,11,11,9,9,A,ROS107 A,ROS107 260928,1091.0371816814568,
ROS107,260928,7,0,472.8675537109375,1115.6536865234375,5177.19873046875,14.910173633131201,19,,4,4,148,148,11,11,9,9,A,ROS107 A,ROS107 260928,1091.0371816814568,
ROS107,260928,8,0,473.5675048828125,1132.7530517578125,5130.21875,11.342173098544968,19,,4,4,148,148,11,11,9,9,A,ROS107 A,ROS107 260928,1091.0371816814568,
ROS107,260928,9,0,473.39251708984375,1149.6212158203125,5149.6591796875,3.8324711019149547,19,,4,4,148,148,11,11,9,9,A,ROS107 A,ROS107 260928,1091.0371816814568,
ROS107,260928,10,0,473.217529296875,1124.203369140625,5153.708984375,20.970049127042895,19,,4,4,148,148,11,11,9,9,A,ROS107 A,ROS107 260928,1091.0371816814568,
ROS107,260928,11,0,473.7424621582031,1158.1708984375,5126.1689453125,0.3018750814064501,19,,4,4,148,147,11,11,9,9,A,ROS107 A,ROS107 260928,1091.0371816814568,
ROS107,260928,13,0,473.5675048828125,1132.7530517578125,5130.21875,43.94582926817403,19,,4,4,148,148,11,11,9,9,A,ROS107 A,ROS107 260928,1091.0371816814568,
ROS107,260928,16,0,474.0924377441406,1166.7205810546875,5102.67919921875,2.3420274274680573,19,,4,4,148,148,11,11,9,9,A,ROS107 A,ROS107 260928,1091.0371816814568,
ROS107,260928,17,0,473.9174499511719,1141.302734375,5106.72900390625,1.9085481201500916,19,,4,4,148,148,11,11,9,9,A,ROS107 A,ROS107 260928,1091.0371816814568,
ROS107,260928,18,0,474.0924377441406,1166.7205810546875,5102.67919921875,13.6076704312589,19,,4,4,148,148,11,11,9,9,A,ROS107 A,ROS107 260928,1091.0371816814568,
ROS107,260928,19,0,474.4424133300781,1175.270263671875,5079.18896484375,8.72064445545315,19,,4,4,148,148,11,11,9,9,A,ROS107 A,ROS107 260928,1091.0371816814568,
ROS107,260928,22,0,474.2674255371094,1149.852294921875,5083.23876953125,4.764027082887576,19,,4,4,148,148,11,11,9,9,A,ROS107 A,ROS107 260928,1091.0371816814568,
ROS107,260928,31,0,475.4923095703125,1200.919189453125,5008.71923828125,0.8266856562270897,19,,4,4,148,146,11,11,9,9,A,ROS107 A,ROS107 260928,1091.0371816814568,
ROS107,260928,32,0,475.4923095703125,1200.919189453125,5008.71923828125,6.385386556606521,19,,4,4,148,148,11,11,9,9,A,ROS107 A,ROS107 260928,1091.0371816814568,
ROS107,260928,34,0,475.8422546386719,1209.4688720703125,4985.22900390625,0.3708324831264336,19,,4,4,148,148,11,11,9,9,A,ROS107 A,ROS107 260928,1091.0371816814568,
ROS107,260928,36,0,475.66729736328125,1184.051025390625,4989.27880859375,22.763974211721663,19,,4,4,148,148,11,11,9,9,A,ROS107 A,ROS107 260928,1091.0371816814568,
ROS107,260928,37,0,475.8422546386719,1209.4688720703125,4985.22900390625,0.19711949443416238,19,,4,4,148,148,11,11,9,9,A,ROS107 A,ROS107 260928,1091.0371816814568,
ROS107,260928,40,0,476.1922302246094,1218.0185546875,4961.7392578125,1.5365682592912122,19,,4,4,148,144,11,11,9,7,A,ROS107 A,ROS107 260928,1091.0371816814568,
ROS107,260928,45,0,476.3672180175781,1201.150390625,4942.298828125,29.46890546681429,19,,4,4,148,148,11,11,9,9,A,ROS107 A,ROS107 260928,1091.0371816814568,
ROS107,260928,46,0,476.5422058105469,1226.5682373046875,4938.2490234375,3.1373896715993808,19,,4,4,148,145,11,11,9,9,A,ROS107 A,ROS107 260928,1091.0371816814568,
ROS107,260928,47,0,476.5422058105469,1226.5682373046875,4938.2490234375,9.479175874372968,19,,4,4,148,148,11,11,9,9,A,ROS107 A,ROS107 260928,1091.0371816814568,
ROS107,260928,50,0,476.7171630859375,1209.699951171875,4918.80859375,0.19230050795789064,19,,4,4,148,148,11,11,9,9,A,ROS107 A,ROS107 260928,1091.0371816814568,
ROS107,260928,54,0,477.067138671875,1218.2496337890625,4895.31884765625,7.4799849133596705,19,,4,4,148,148,11,11,9,9,A,ROS107 A,ROS107 260928,1091.0371816814568,
ROS107,260928,56,0,477.4171142578125,1226.79931640625,4871.82861328125,4.526060941178348,19,,4,4,148,148,11,11,9,9,A,ROS107 A,ROS107 260928,1091.0371816814568,
ROS107,260928,58,0,477.59210205078125,1252.21728515625,4867.77880859375,155.93850128786266,19,,4,4,148,148,11,11,9,9,A,ROS107 A,ROS107 260928,1091.0371816814568,
ROS107,260928,63,0,478.1170349121094,1243.898681640625,4824.8486328125,12.569178845622345,19,,4,4,148,148,11,11,9,9,A,ROS107 A,ROS107 260928,1091.0371816814568,
ROS107,260928,64,0,478.2920227050781,1269.3165283203125,4820.798828125,5.296066137422624,19,,4,4,148,148,11,11,9,9,A,ROS107 A,ROS107 260928,1091.0371816814568,
ROS107,260928,66,0,478.1170349121094,1243.898681640625,4824.8486328125,2.9329269596775664,19,,4,4,148,148,11,11,9,9,A,ROS107 A,ROS107 260928,1091.0371816814568,
ROS107,260928,70,0,478.4670104980469,1252.4483642578125,4801.35888671875,6.996594674680319,19,,4,4,148,148,11,11,9,9,A,ROS107 A,ROS107 260928,1091.0371816814568,
ROS107,260928,72,0,478.1170349121094,1243.898681640625,4824.8486328125,0.11921254640110288,19,,4,4,148,148,11,11,9,9,A,ROS107 A,ROS107 260928,1091.0371816814568,
ROS107,260928,74,0,478.81695556640625,1260.998046875,4777.86865234375,24.710156321495973,19,,4,4,148,148,11,11,9,9,A,ROS107 A,ROS107 260928,1091.0371816814568,
ROS107,260928,75,0,479.16693115234375,1269.5477294921875,4754.37890625,5.7278243781419205,19,,4,4,148,148,11,11,9,9,A,ROS107 A,ROS107 260928,1091.0371816814568,
ROS107,260928,78,0,479.16693115234375,1269.5477294921875,4754.37890625,4.488197476007643,19,,4,4,148,148,11,11,9,9,A,ROS107 A,ROS107 260928,1091.0371816814568,
ROS107,260928,83,0,480.3918151855469,1320.6146240234375,4679.85888671875,13.71827764466666,19,,4,4,148,148,11,11,9,9,A,ROS107 A,ROS107 260928,1091.0371816814568,
ROS107,260928,86,0,480.5668029785156,1303.746337890625,4660.41845703125,10.55771094287188,19,,4,4,148,148,11,11,9,9,A,ROS107 A,ROS107 260928,1091.0371816814568,
ROS107,260928,90,0,481.2667236328125,1320.845703125,4613.4384765625,1.3738700968304194,19,,4,4,148,148,11,11,9,9,A,ROS107 A,ROS107 260928,1091.0371816814568,
ROS107,260928,96,0,482.3166198730469,1346.49462890625,4542.96875,0.2180017691646732,19,,4,4,148,148,11,11,9,9,A,ROS107 A,ROS107 260928,1091.0371816814568,
ROS107,260928,98,0,482.6665954589844,1355.0443115234375,4519.478515625,0.4847670919582865,19,,4,4,148,148,11,11,9,9,A,ROS107 A,ROS107 260928,1091.0371816814568,
ROS107,260928,101,1,472.34259033203125,1623.9722900390625,5220.12939453125,2.385857256847481,19,,4,4,148,148,11,11,9,9,B,ROS107 B,ROS107 260928,1594.9388053200462,
ROS107,260928,102,1,472.34259033203125,1623.9722900390625,5220.12939453125,19.532843779381473,19,,4,4,148,148,11,11,9,9,B,ROS107 B,ROS107 260928,1594.9388053200462,
ROS107,260928,106,1,472.34259033203125,1623.9722900390625,5220.12939453125,9.361340181250803,19,,4,4,148,148,11,11,9,9,B,ROS107 B,ROS107 260928,1594.9388053200462,
ROS107,260928,119,1,472.69256591796875,1632.52197265625,5196.63916015625,12.298512438538413,19,,4,4,148,148,11,11,9,9,B,ROS107 B,ROS107 260928,1594.9388053200462,
ROS107,260928,125,1,472.8675537109375,1615.6536865234375,5177.19873046875,5.59082747688791,19,,4,4,148,148,11,11,9,9,B,ROS107 B,ROS107 260928,1594.9388053200462,
ROS107,260928,128,1,472.8675537109375,1615.6536865234375,5177.19873046875,6.388713952030614,19,,4,4,148,148,11,11,9,9,B,ROS107 B,ROS107 260928,1594.9388053200462,
ROS107,260928,132,1,473.5675048828125,1632.7530517578125,5130.21875,0.11026300008802682,19,,4,1,148,49,11,7,9,0,B,ROS107 B,ROS107 260928,1594.9388053200462,
ROS107,260928,133,1,473.217529296875,1624.203369140625,5153.708984375,1.3804101499053596,19,,4,4,148,148,11,11,9,9,B,ROS107 B,ROS107 260928,1594.9388053200462,
ROS107,260928,134,1,473.5675048828125,1632.7530517578125,5130.21875,19.771613085503414,19,,4,4,148,148,11,11,9,9,B,ROS107 B,ROS107 260928,1594.9388053200462,
ROS107,260928,138,1,473.217529296875,1624.203369140625,5153.708984375,0.27823910011806974,19,,4,4,148,120,11,9,9,7,B,ROS107 B,ROS107 260928,1594.9388053200462,
ROS107,260928,140,1,473.9174499511719,1641.302734375,5106.72900390625,1.7950724624112169,19,,4,4,148,148,11,11,9,9,B,ROS107 B,ROS107 260928,1594.9388053200462,
ROS107,260928,146,1,474.4424133300781,1675.270263671875,5079.18896484375,5.801600766338177,19,,4,4,148,113,11,11,9,2,B,ROS107 B,ROS107 260928,1594.9388053200462,
ROS107,260928,155,1,475.142333984375,1692.36962890625,5032.208984375,2.311507179785003,19,,4,4,148,148,11,11,9,9,B,ROS107 B,ROS107 260928,1594.9388053200462,
ROS107,260928,156,1,475.142333984375,1692.36962890625,5032.208984375,5.704991561266253,19,,4,4,148,148,11,11,9,9,B,ROS107 B,ROS107 260928,1594.9388053200462,
ROS107,260928,161,1,475.4923095703125,1700.919189453125,5008.71923828125,4.693922303435148,19,,4,4,148,148,11,11,9,9,B,ROS107 B,ROS107 260928,1594.9388053200462,
ROS107,260928,162,1,475.4923095703125,1700.919189453125,5008.71923828125,0.6135028735386882,19,,4,4,148,148,11,11,9,9,B,ROS107 B,ROS107 260928,1594.9388053200462,
ROS107,260928,165,1,475.31732177734375,1675.5013427734375,5012.76904296875,18.46968357249734,19,,4,4,148,148,11,11,9,9,B,ROS107 B,ROS107 260928,1594.9388053200462,
ROS107,260928,167,1,474.96734619140625,1666.95166015625,5036.2587890625,3.3019236384320867,19,,4,4,148,148,11,11,9,9,B,ROS107 B,ROS107 260928,1594.9388053200462,
ROS107,260928,175,1,475.8422546386719,1709.4688720703125,4985.22900390625,3.9161149386102427,19,,4,4,148,148,11,11,9,9,B,ROS107 B,ROS107 260928,1594.9388053200462,
ROS107,260928,176,1,475.66729736328125,1684.051025390625,4989.27880859375,0.3629155767725586,19,,4,4,148,145,11,10,9,8,B,ROS107 B,ROS107 260928,1594.9388053200462,
ROS107,260928,177,1,475.66729736328125,1684.051025390625,4989.27880859375,2.9706756870750284,19,,4,4,148,148,11,11,9,9,B,ROS107 B,ROS107 260928,1594.9388053200462,
ROS107,260928,179,1,476.1922302246094,1718.0185546875,4961.7392578125,0.42716872978951487,19,,4,4,148,148,11,11,9,9,B,ROS107 B,ROS107 260928,1594.9388053200462,
ROS107,260928,185,1,476.0172424316406,1692.6007080078125,4965.78857421875,4.939002187085537,19,,4,4,148,148,11,11,9,9,B,ROS107 B,ROS107 260928,1594.9388053200462,
ROS107,260928,187,1,476.0172424316406,1692.6007080078125,4965.78857421875,4.688644365865898,19,,4,4,148,148,11,11,9,9,B,ROS107 B,ROS107 260928,1594.9388053200462,
ROS107,260928,188,1,476.1922302246094,1718.0185546875,4961.7392578125,5.40759125301634,19,,4,4,148,148,11,11,9,9,B,ROS107 B,ROS107 260928,1594.9388053200462,
ROS107,260928,192,1,476.3672180175781,1701.150390625,4942.298828125,1.4232073393255822,19,,4,4,148,148,11,11,9,9,B,ROS107 B,ROS107 260928,1594.9388053200462,
ROS107,260928,194,1,476.5422058105469,1726.5682373046875,4938.2490234375,2.3241283348419053,19,,4,4,148,148,11,11,9,9,B,ROS107 B,ROS107 260928,1594.9388053200462,
ROS107,260928,195,1,476.3672180175781,1701.150390625,4942.298828125,0.9168695459973176,19,,4,4,148,148,11,11,9,9,B,ROS107 B,ROS107 260928,1594.9388053200462,
ROS107,260928,197,1,476.0172424316406,1692.6007080078125,4965.78857421875,4.299568576793578,19,,4,4,148,148,11,11,9,9,B,ROS107 B,ROS107 260928,1594.9388053200462,
ROS107,260928,199,1,476.3672180175781,1701.150390625,4942.298828125,5.123615264236043,19,,4,4,148,148,11,11,9,9,B,ROS107 B,ROS107 260928,1594.9388053200462,
ROS107,260928,201,1,476.7171630859375,1709.699951171875,4918.80859375,1.3431203736008759,19,,4,4,148,148,11,11,9,9,B,ROS107 B,ROS107 260928,1594.9388053200462,
ROS107,260928,202,1,476.7171630859375,1709.699951171875,4918.80859375,1.0534074961583497,19,,4,4,148,148,11,11,9,9,B,ROS107 B,ROS107 260928,1594.9388053200462,
ROS107,260928,204,1,476.7171630859375,1709.699951171875,4918.80859375,40.28328480843426,19,,4,4,148,148,11,11,9,9,B,ROS107 B,ROS107 260928,1594.9388053200462,
ROS107,260928,206,1,477.4171142578125,1726.79931640625,4871.82861328125,2.54970279704072,19,,4,4,148,148,11,11,9,9,B,ROS107 B,ROS107 260928,1594.9388053200462,
ROS107,260928,209,1,477.067138671875,1718.2496337890625,4895.31884765625,16.829277628419792,19,,4,4,148,148,11,11,9,9,B,ROS107 B,ROS107 260928,1594.9388053200462,
ROS107,260928,211,1,477.4171142578125,1726.79931640625,4871.82861328125,18.05100543792792,19,,4,4,148,148,11,11,9,9,B,ROS107 B,ROS107 260928,1594.9388053200462,
ROS107,260928,213,1,477.76708984375,1735.3489990234375,4848.3388671875,1.5143091312817667,19,,4,4,148,148,11,11,9,9,B,ROS107 B,ROS107 260928,1594.9388053200462,
ROS107,260928,216,1,477.76708984375,1735.3489990234375,4848.3388671875,2.176919771769129,19,,4,4,148,148,11,11,9,9,B,ROS107 B,ROS107 260928,1594.9388053200462,
ROS107,260928,219,1,478.1170349121094,1743.898681640625,4824.8486328125,0.5166641929202754,19,,4,4,148,148,11,11,9,9,B,ROS107 B,ROS107 260928,1594.9388053200462,
ROS107,260928,224,1,479.16693115234375,1769.5477294921875,4754.37890625,8.309539013917874,19,,4,4,148,148,11,11,9,9,B,ROS107 B,ROS107 260928,1594.9388053200462,
ROS107,260928,225,1,479.16693115234375,1769.5477294921875,4754.37890625,8.485776233621527,19,,4,4,148,148,11,11,9,9,B,ROS107 B,ROS107 260928,1594.9388053200462,
ROS107,260928,226,1,479.16693115234375,1769.5477294921875,4754.37890625,5.3250947940534985,19,,4,4,148,148,11,11,9,9,B,ROS107 B,ROS107 260928,1594.9388053200462,
ROS107,260928,228,1,479.51690673828125,1778.0972900390625,4730.888671875,12.360356098317236,19,,4,4,148,148,11,11,9,9,B,ROS107 B,ROS107 260928,1594.9388053200462,
ROS107,260928,229,1,479.86688232421875,1786.64697265625,4707.3984375,2.9276490221083162,19,,4,4,148,148,11,11,9,9,B,ROS107 B,ROS107 260928,1594.9388053200462,
ROS107,260928,238,1,481.2667236328125,1820.845703125,4613.4384765625,0.1942510501030483,19,,4,4,148,148,11,11,9,9,B,ROS107 B,ROS107 260928,1594.9388053200462,
ROS107,260928,241,1,482.3166198730469,1846.49462890625,4542.96875,0.6622664271676283,19,,4,4,148,148,11,11,9,9,B,ROS107 B,ROS107 260928,1594.9388053200462,
ROS107,260928,249,1,477.4171142578125,1726.79931640625,4871.82861328125,0.24289986595874377,19,,4,4,148,132,11,11,9,8,B,ROS107 B,ROS107 260928,1594.9388053200462,
ROS107,260928,255,1,475.142333984375,1692.36962890625,5032.208984375,8.774226995558362,19,,4,4,148,126,11,11,9,5,B,ROS107 B,ROS107 260928,1594.9388053200462,
ROS107,260928,258,1,472.34259033203125,1623.9722900390625,5220.12939453125,1.267737656579197,19,,4,4,148,127,11,8,9,9,B,ROS107 B,ROS107 260928,1594.9388053200462,
ROS107,260928,267,0,477.4171142578125,1226.79931640625,4871.82861328125,7.451415207821773,19,,4,4,148,148,11,11,9,9,A,ROS107 A,ROS107 260928,1091.0371816814568,
ROS107,261001,10,0,466.043212890625,970.078369140625,5642.94970703125,5.701815414054035,20,,1,0,445,367,13,7,9,1,A,ROS107 A,ROS107 261001,1091.0371816814568,
ROS107,261001,12,0,466.21820068359375,953.2100830078125,5623.50927734375,2.0084841221520966,20,,1,1,445,444,13,13,9,9,A,ROS107 A,ROS107 261001,1091.0371816814568,
ROS107,261001,15,0,466.21820068359375,953.2100830078125,5623.50927734375,2.6524621184400248,20,,1,1,445,445,13,13,9,9,A,ROS107 A,ROS107 261001,1091.0371816814568,
ROS107,261001,16,0,466.3931884765625,978.6279296875,5619.45947265625,18.353638693279862,20,,1,1,445,445,13,13,9,9,A,ROS107 A,ROS107 261001,1091.0371816814568,
ROS107,261001,17,0,466.7431640625,987.1776123046875,5595.96923828125,2.3698645430506713,20,,1,1,445,445,13,13,9,9,A,ROS107 A,ROS107 261001,1091.0371816814568,
ROS107,261001,19,0,466.7431640625,987.1776123046875,5595.96923828125,18.83771196669888,20,,1,1,445,445,13,13,9,9,A,ROS107 A,ROS107 261001,1091.0371816814568,
ROS107,261001,24,0,467.0931396484375,995.727294921875,5572.4794921875,22.966847420196363,20,,1,1,445,445,13,13,9,9,A,ROS107 A,ROS107 261001,1091.0371816814568,
ROS107,261001,26,0,467.0931396484375,995.727294921875,5572.4794921875,3.530768578293842,20,,1,1,445,424,13,13,9,4,A,ROS107 A,ROS107 261001,1091.0371816814568,
ROS107,261001,27,0,466.91815185546875,970.309326171875,5576.529296875,13.61975718680472,20,,1,1,445,445,13,13,9,9,A,ROS107 A,ROS107 261001,1091.0371816814568,
ROS107,261001,30,0,467.2680969238281,978.8590087890625,5553.0390625,0.2711150553961065,20,,1,1,445,402,13,11,9,2,A,ROS107 A,ROS107 261001,1091.0371816814568,
ROS107,261001,31,0,467.2680969238281,978.8590087890625,5553.0390625,8.373096106927436,20,,1,1,445,445,13,13,9,9,A,ROS107 A,ROS107 261001,1091.0371816814568,
ROS107,261001,45,0,468.3179931640625,1004.508056640625,5482.56884765625,0.32087264203350946,20,,1,1,445,445,13,13,9,9,A,ROS107 A,ROS107 261001,1091.0371816814568,
ROS107,261001,55,0,468.84295654296875,1038.4755859375,5455.029296875,6.287423933709625,20,,1,1,445,445,13,13,9,9,A,ROS107 A,ROS107 261001,1091.0371816814568,
ROS107,261001,57,0,468.84295654296875,1038.4755859375,5455.029296875,3.0580715052385132,20,,1,1,445,445,13,13,9,9,A,ROS107 A,ROS107 261001,1091.0371816814568,
ROS107,261001,58,0,469.19293212890625,1047.0252685546875,5431.53955078125,4.881346832684721,20,,1,1,445,445,13,13,9,9,A,ROS107 A,ROS107 261001,1091.0371816814568,
ROS107,261001,61,0,469.19293212890625,1047.0252685546875,5431.53955078125,6.842837678568158,20,,1,1,445,445,13,13,9,9,A,ROS107 A,ROS107 261001,1091.0371816814568,
ROS107,261001,62,0,469.3678894042969,1030.156982421875,5412.09912109375,47.8992258321997,20,,1,1,445,445,13,13,9,9,A,ROS107 A,ROS107 261001,1091.0371816814568,
ROS107,261001,64,0,469.5428771972656,1055.574951171875,5408.04931640625,3.635280774158302,20,,1,1,445,423,13,12,9,9,A,ROS107 A,ROS107 261001,1091.0371816814568,
ROS107,261001,66,0,469.5428771972656,1055.574951171875,5408.04931640625,0.35861611052983017,20,,1,0,445,379,13,7,9,3,A,ROS107 A,ROS107 261001,1091.0371816814568,
ROS107,261001,67,0,469.7178649902344,1038.7066650390625,5388.60888671875,5.574019219314381,20,,1,1,445,445,13,13,9,9,A,ROS107 A,ROS107 261001,1091.0371816814568,
ROS107,261001,68,0,469.7178649902344,1038.7066650390625,5388.60888671875,0.6480181422114779,20,,1,1,445,445,13,13,9,9,A,ROS107 A,ROS107 261001,1091.0371816814568,
ROS107,261001,69,0,469.7178649902344,1038.7066650390625,5388.60888671875,3.466657841664881,20,,1,1,445,432,13,13,9,7,A,ROS107 A,ROS107 261001,1091.0371816814568,
ROS107,261001,70,0,470.2427978515625,1072.67431640625,5361.0693359375,0.9254060557520432,20,,1,1,445,445,13,13,9,9,A,ROS107 A,ROS107 261001,1091.0371816814568,
ROS107,261001,71,0,470.0678405761719,1047.25634765625,5365.119140625,5.065811389983639,20,,1,1,445,445,13,13,9,9,A,ROS107 A,ROS107 261001,1091.0371816814568,
ROS107,261001,72,0,470.2427978515625,1072.67431640625,5361.0693359375,3.8777958492008584,20,,1,1,445,445,13,13,9,9,A,ROS107 A,ROS107 261001,1091.0371816814568,
ROS107,261001,77,0,470.2427978515625,1072.67431640625,5361.0693359375,59.68677684267458,20,,1,1,445,445,13,13,9,9,A,ROS107 A,ROS107 261001,1091.0371816814568,
ROS107,261001,80,0,470.9427490234375,1089.7735595703125,5314.08935546875,9.252465763076925,20,,1,1,445,445,13,13,9,9,A,ROS107 A,ROS107 261001,1091.0371816814568,
ROS107,261001,82,0,471.11773681640625,1072.9053955078125,5294.64892578125,41.758416667663106,20,,1,1,445,445,13,13,9,9,A,ROS107 A,ROS107 261001,1091.0371816814568,
ROS107,261001,88,0,472.34259033203125,1123.9722900390625,5220.12939453125,1.3685462717877184,20,,1,1,445,445,13,13,9,9,A,ROS107 A,ROS107 261001,1091.0371816814568,
ROS107,261001,94,0,472.8675537109375,1115.6536865234375,5177.19873046875,25.74072655560201,20,,1,1,445,445,13,13,9,9,A,ROS107 A,ROS107 261001,1091.0371816814568,
ROS107,261001,102,0,473.9174499511719,1141.302734375,5106.72900390625,3.916177235474582,20,,1,1,445,445,13,13,9,9,A,ROS107 A,ROS107 261001,1091.0371816814568,
ROS107,261001,103,0,474.0924377441406,1166.7205810546875,5102.67919921875,42.33211738880719,20,,1,1,445,445,13,13,9,9,A,ROS107 A,ROS107 261001,1091.0371816814568,
ROS107,261001,108,0,474.2674255371094,1149.852294921875,5083.23876953125,0.4466487638113894,20,,1,1,445,445,13,13,9,9,A,ROS107 A,ROS107 261001,1091.0371816814568,
ROS107,261001,111,0,474.2674255371094,1149.852294921875,5083.23876953125,7.768456373579336,20,,1,1,445,445,13,13,9,9,A,ROS107 A,ROS107 261001,1091.0371816814568,
ROS107,261001,112,0,474.61737060546875,1158.4019775390625,5059.7490234375,1.6734709693861627,20,,1,1,445,445,13,13,9,9,A,ROS107 A,ROS107 261001,1091.0371816814568,
ROS107,261001,115,0,474.61737060546875,1158.4019775390625,5059.7490234375,25.24602131922629,20,,1,1,445,445,13,13,9,9,A,ROS107 A,ROS107 261001,1091.0371816814568,
ROS107,261001,118,0,475.31732177734375,1175.5013427734375,5012.76904296875,3.8282509018225896,20,,1,1,445,445,13,13,9,9,A,ROS107 A,ROS107 261001,1091.0371816814568,
ROS107,261001,120,0,475.31732177734375,1175.5013427734375,5012.76904296875,2.03293763695253,20,,1,1,445,445,13,13,9,9,A,ROS107 A,ROS107 261001,1091.0371816814568,
ROS107,261001,123,0,475.66729736328125,1184.051025390625,4989.27880859375,5.081121416641303,20,,1,1,445,445,13,13,9,9,A,ROS107 A,ROS107 261001,1091.0371816814568,
ROS107,261001,129,1,465.1683044433594,1427.56103515625,5693.97900390625,37.55230580235905,20,,1,1,445,445,13,13,9,9,B,ROS107 B,ROS107 261001,1594.9388053200462,
ROS107,261001,132,1,465.5182800292969,1436.110595703125,5670.4892578125,8.16364643668025,20,,1,1,445,445,13,13,9,9,B,ROS107 B,ROS107 261001,1594.9388053200462,
ROS107,261001,133,1,465.5182800292969,1436.110595703125,5670.4892578125,10.568064859340229,20,,1,1,445,445,13,13,9,9,B,ROS107 B,ROS107 261001,1594.9388053200462,
ROS107,261001,149,1,468.49298095703125,1529.9259033203125,5478.51953125,0.572105926700568,20,,1,0,445,414,13,11,9,8,B,ROS107 B,ROS107 261001,1594.9388053200462,
ROS107,261001,156,1,469.0179443359375,1521.607421875,5435.5888671875,3.14801791185228,20,,1,1,445,445,13,13,9,9,B,ROS107 B,ROS107 261001,1594.9388053200462,
ROS107,261001,179,1,470.5927734375,1581.223876953125,5337.5791015625,2.8722247927552216,20,,1,1,445,445,13,13,9,9,B,ROS107 B,ROS107 261001,1594.9388053200462,
ROS107,261001,180,1,470.41778564453125,1555.8060302734375,5341.62890625,2.6821252950892456,20,,1,1,445,376,13,13,9,9,B,ROS107 B,ROS107 261001,1594.9388053200462,
ROS107,261001,182,1,470.9427490234375,1589.7735595703125,5314.08935546875,20.106955704470927,20,,1,1,445,445,13,13,9,9,B,ROS107 B,ROS107 261001,1594.9388053200462,
ROS107,261001,183,1,470.76776123046875,1564.355712890625,5318.13916015625,1.771072389328761,20,,1,1,445,441,13,13,9,9,B,ROS107 B,ROS107 261001,1594.9388053200462,
ROS107,261001,187,1,471.11773681640625,1572.9053955078125,5294.64892578125,1.5233476524374168,20,,1,1,445,433,13,13,9,8,B,ROS107 B,ROS107 261001,1594.9388053200462,
ROS107,261001,189,1,471.11773681640625,1572.9053955078125,5294.64892578125,5.11567529625061,20,,1,1,445,431,13,13,9,9,B,ROS107 B,ROS107 261001,1594.9388053200462,
ROS107,261001,190,1,471.46771240234375,1581.455078125,5271.1591796875,5.814088942876894,20,,1,1,445,445,13,13,9,9,B,ROS107 B,ROS107 261001,1594.9388053200462,
ROS107,261001,195,1,471.8176574707031,1590.004638671875,5247.6689453125,8.461979317245532,20,,1,1,445,443,13,12,9,8,B,ROS107 B,ROS107 261001,1594.9388053200462,
ROS107,261001,199,1,471.9926452636719,1615.422607421875,5243.619140625,8.848025892203676,20,,1,1,445,445,13,13,9,9,B,ROS107 B,ROS107 261001,1594.9388053200462,
ROS107,261001,201,1,471.9926452636719,1615.422607421875,5243.619140625,7.310006130885999,20,,1,1,445,341,13,12,9,8,B,ROS107 B,ROS107 261001,1594.9388053200462,
ROS107,261001,212,1,473.217529296875,1624.203369140625,5153.708984375,0.4178361441987052,20,,1,1,445,395,13,11,9,7,B,ROS107 B,ROS107 261001,1594.9388053200462,
ROS107,261001,213,1,473.39251708984375,1649.6212158203125,5149.6591796875,8.066895573774186,20,,1,1,445,445,13,13,9,9,B,ROS107 B,ROS107 261001,1594.9388053200462,
ROS107,261001,218,1,473.7424621582031,1658.1708984375,5126.1689453125,4.047694617249085,20,,1,1,445,443,13,13,9,8,B,ROS107 B,ROS107 261001,1594.9388053200462,
ROS107,261001,224,1,474.7923583984375,1683.8199462890625,5055.69921875,5.314174044652388,20,,1,1,445,445,13,13,9,9,B,ROS107 B,ROS107 261001,1594.9388053200462,
ROS107,261001,226,1,475.142333984375,1692.36962890625,5032.208984375,4.594390152483117,20,,1,1,445,445,13,13,9,9,B,ROS107 B,ROS107 261001,1594.9388053200462,
ROS107,261001,228,1,474.96734619140625,1666.95166015625,5036.2587890625,3.052968163019292,20,,1,1,445,445,13,13,9,9,B,ROS107 B,ROS107 261001,1594.9388053200462,
ROS107,261001,230,1,475.4923095703125,1700.919189453125,5008.71923828125,5.425171737920439,20,,1,1,445,445,13,13,9,9,B,ROS107 B,ROS107 261001,1594.9388053200462,
ROS107,261001,231,1,475.66729736328125,1684.051025390625,4989.27880859375,6.01811631201616,20,,1,1,445,445,13,13,9,9,B,ROS107 B,ROS107 261001,1594.9388053200462,
ROS107,261001,235,1,476.0172424316406,1692.6007080078125,4965.78857421875,1.449668149147416,20,,1,1,445,445,13,13,9,9,B,ROS107 B,ROS107 261001,1594.9388053200462,
ROS107,261004,22,1,455.33428955078125,1187.3154296875,6354.04833984375,0.42898850044464926,21,,10,10,290,290,39,39,9,9,B,ROS107 B,ROS107 261004,1594.9388053200462,
ROS107,261004,28,0,455.8592224121094,700.139892578125,6318.8134765625,6.093241885324731,21,,10,10,290,290,39,39,9,9,A,ROS107 A,ROS107 261004,1091.0371816814568,
ROS107,261004,32,1,456.3841552734375,1212.96435546875,6283.57861328125,0.19332705447670048,21,,10,10,290,283,39,37,9,9,B,ROS107 B,ROS107 261004,1594.9388053200462,
ROS107,261004,36,0,456.55914306640625,717.2392578125,6271.83349609375,2.653043396767166,21,,10,10,290,290,39,39,9,9,A,ROS107 A,ROS107 261004,1091.0371816814568,
ROS107,261004,53,1,457.7840270996094,1247.1630859375,6189.61865234375,1.6537753642758262,21,,10,10,290,290,39,39,9,9,B,ROS107 B,ROS107 261004,1594.9388053200462,
ROS107,261004,54,0,457.60906982421875,742.88818359375,6201.36328125,0.9359428385523475,21,,10,8,290,167,39,30,9,2,A,ROS107 A,ROS107 261004,1091.0371816814568,
ROS107,261004,55,1,457.7840270996094,1247.1630859375,6189.61865234375,8.12732119983027,21,,10,10,290,184,39,38,9,2,B,ROS107 B,ROS107 261004,1594.9388053200462,
ROS107,261004,67,1,458.48394775390625,1264.262451171875,6142.638671875,1.4744715769806016,21,,10,10,290,188,39,38,9,2,B,ROS107 B,ROS107 261004,1594.9388053200462,
ROS107,261004,68,1,458.48394775390625,1264.262451171875,6142.638671875,64.01577370019321,21,,10,10,290,290,39,39,9,9,B,ROS107 B,ROS107 261004,1594.9388053200462,
ROS107,261004,72,0,458.658935546875,768.537353515625,6130.8935546875,7.052733229144084,21,,10,10,290,290,39,39,9,9,A,ROS107 A,ROS107 261004,1091.0371816814568,
ROS107,261004,79,1,459.53387451171875,1289.911376953125,6072.16845703125,3.464099780420331,21,,10,10,290,290,39,39,9,9,B,ROS107 B,ROS107 261004,1594.9388053200462,
ROS107,261004,81,1,459.53387451171875,1289.911376953125,6072.16845703125,13.596395400605903,21,,10,10,290,218,39,33,9,4,B,ROS107 B,ROS107 261004,1594.9388053200462,
ROS107,261004,83,1,459.8838195800781,1298.461181640625,6048.67822265625,10.276585337851579,21,,10,10,290,290,39,39,9,9,B,ROS107 B,ROS107 261004,1594.9388053200462,
ROS107,261004,84,0,459.7088623046875,794.186279296875,6060.42333984375,18.05597075761315,21,,10,10,290,290,39,39,9,9,A,ROS107 A,ROS107 261004,1091.0371816814568,
ROS107,261004,89,1,460.2337951660156,1307.0107421875,6025.1884765625,0.14199660479356194,21,,10,10,290,290,39,39,9,9,B,ROS107 B,ROS107 261004,1594.9388053200462,
ROS107,261004,91,0,460.0588073730469,802.73583984375,6036.93359375,0.18662410915725283,21,,10,10,290,289,39,37,9,9,A,ROS107 A,ROS107 261004,1091.0371816814568,
ROS107,261004,93,1,459.8838195800781,1298.461181640625,6048.67822265625,1.2238167006928358,21,,10,10,290,277,39,39,9,8,B,ROS107 B,ROS107 261004,1594.9388053200462,
ROS107,261004,95,0,460.4087829589844,811.28564453125,6013.443359375,2.192921479246661,21,,10,10,290,290,39,39,9,9,A,ROS107 A,ROS107 261004,1091.0371816814568,
ROS107,261004,100,1,461.28369140625,1332.65966796875,5954.71826171875,4.81394949244857,21,,10,10,290,290,39,39,9,9,B,ROS107 B,ROS107 261004,1594.9388053200462,
ROS107,261004,102,1,461.28369140625,1332.65966796875,5954.71826171875,4.399337045781158,21,,10,10,290,290,39,39,9,9,B,ROS107 B,ROS107 261004,1594.9388053200462,
ROS107,261004,103,0,461.45867919921875,836.9345703125,5942.97314453125,2.5046084366009764,21,,10,10,290,290,39,39,9,9,A,ROS107 A,ROS107 261004,1091.0371816814568,
ROS107,261004,107,1,462.3335876464844,1358.308837890625,5884.24853515625,6.605576219017773,21,,10,10,290,290,39,39,9,9,B,ROS107 B,ROS107 261004,1594.9388053200462,
ROS107,261004,110,0,462.1585998535156,854.033935546875,5895.9931640625,61.08041283016877,21,,10,10,290,290,39,39,9,9,A,ROS107 A,ROS107 261004,1091.0371816814568,
ROS107,261004,120,1,464.4333801269531,1409.606689453125,5743.30810546875,1.0570368375471055,21,,10,10,290,290,39,39,9,9,B,ROS107 B,ROS107 261004,1594.9388053200462,
ROS107,261004,122,1,464.7833557128906,1418.156494140625,5719.818359375,11.866418131645831,21,,10,10,290,290,39,39,9,9,B,ROS107 B,ROS107 261004,1594.9388053200462,
ROS107,261004,129,0,460.4087829589844,811.28564453125,6013.443359375,1.3743683804335876,21,,10,10,290,290,39,39,9,9,A,ROS107 A,ROS107 261004,1091.0371816814568,
ROS107,261004,131,1,460.2337951660156,1307.0107421875,6025.1884765625,1.301958931653765,21,,10,10,290,290,39,39,9,9,B,ROS107 B,ROS107 261004,1594.9388053200462,
ROS107,261004,145,1,459.8838195800781,1298.461181640625,6048.67822265625,1.3603451132521116,21,,10,10,290,290,39,39,9,9,B,ROS107 B,ROS107 261004,1594.9388053200462,
ROS107,261004,150,0,460.0588073730469,802.73583984375,6036.93359375,0.7664288792894741,21,,10,10,290,290,39,39,9,9,A,ROS107 A,ROS107 261004,1091.0371816814568,
